{"bbox_annotations": {"bboxes_as_x1y1x2y2": [[549.0740356445312, 949.505615234375, 690.2158203125, 1051.0106201171875], [330.6923828125, 928.0112915039062, 459.7811584472656, 1132.20361328125], [374.0221862792969, 816.8535766601562, 552.1777954101562, 1134.1292724609375], [29.205656051635742, 128.9208984375, 378.74044609069824, 461.5074768066406], [286.83587646484375, 101.85791015625, 629.8828125, 463.19854736328125], [255.0504150390625, 863.0068969726562, 367.66033935546875, 1131.517333984375], [133.37689208984375, 529.7494506835938, 290.28924560546875, 729.1288452148438], [453.9436950683594, 500.1983947753906, 716.5095825195312, 733.4057006835938], [33.59321975708008, 771.7567749023438, 209.9630470275879, 1135.4700927734375], [29, 121, 175, 274], [218, 862, 314, 1132], [269.9333801269531, 303.0699157714844, 336.94012451171875, 422.84112548828125], [59.71250534057617, 264.2738952636719, 104.12688446044922, 403.10791015625], [652.737060546875, 505.6549072265625, 717.1444702148438, 632.2164916992188], [400.30517578125, 621.4232177734375, 438.05780029296875, 708.8480224609375], [105.95533752441406, 573.2615356445312, 155.52792358398438, 597.4212036132812], [554.3978271484375, 803.8428344726562, 587.3456420898438, 823.8014526367188], [340.6294250488281, 797.2363891601562, 456.71142578125, 894.507080078125], [260.3303527832031, 803.6331787109375, 294.40655517578125, 824.0291137695312], [140.708251953125, 1031.008056640625, 251.5829620361328, 1089.634521484375], [25.936389923095703, 58.20139694213867, 718.2592163085938, 465.76336669921875], [392.34600830078125, 491.7694091796875, 721.2680053710938, 742.4095458984375], [27.823400497436523, 489.876953125, 388.8876037597656, 738.9259643554688], [536.9667358398438, 772.7994995117188, 718.4017944335938, 1139.47607421875], [221.728271484375, 764.5528564453125, 549.5153198242188, 1134.777587890625], [25.93073272705078, 763.7255859375, 219.4916229248047, 1136.702392578125], [539, 842, 560, 866], [279, 834, 297, 856], [398, 908, 417, 930]], "labels": [0, 0, 0, 0, 0, 0, 0, 0, 0, 0, 0, 1, 1, 1, 1, 1, 1, 1, 1, 1, 2, 2, 2, 2, 2, 2, 3, 3, 3], "image_id": 955}, "character_clusters": [0, 1, 2, 0, 2, 3, 2, 0, 2, 4, 5], "text_char_matches": [[5, 2], [6, 1], [7, 5]], "text_tail_matches": [[5, 0], [6, 2], [7, 1]], "text_classification": [1, 1, 1, 1, 0, 1, 1, 1, 1], "character_names": ["none", "none", "Yamada Asaemon Sagiri", "none", "Yamada Asaemon Sagiri", "Yamada Asaemon Eizen", "Yamada Asaemon Sagiri", "none", "Yamada Asaemon Sagiri", "none", "none"]}