{"bbox_annotations": {"bboxes_as_x1y1x2y2": [[120.28791809082031, 695.2576904296875, 202.53363037109375, 854.4882202148438], [398.9128723144531, 796.665771484375, 528.0038452148438, 956.1114501953125], [88.04083251953125, 716.9029541015625, 322.879638671875, 977.666015625], [574.3244018554688, 714.1271362304688, 739.283935546875, 1128.985107421875], [338.33612060546875, 493.2817077636719, 581.82080078125, 629.5328979492188], [595.4246826171875, 127.36495971679688, 738.1303100585938, 222.78057861328125], [623.8275756835938, 607.8403930664062, 742.5249633789062, 681.75537109375], [498.35382080078125, 682.7415771484375, 625.0387573242188, 773.98876953125], [199.13160705566406, 857.6947631835938, 300.5171203613281, 935.2389526367188], [112.563232421875, 969.324462890625, 244.91114807128906, 1084.899169921875], [80.43344116210938, 61.20547103881836, 770.822998046875, 458.6455383300781], [79.74514770507812, 484.0511779785156, 771.1564331054688, 642.0972900390625], [81.70292663574219, 640.80517578125, 772.57080078125, 1137.1146240234375]], "labels": [0, 0, 0, 0, 0, 1, 1, 1, 1, 1, 2, 2, 2], "image_id": 982}, "character_clusters": [0, 1, 2, 3, 1], "text_char_matches": [[0, 4], [1, 1], [2, 1], [3, 1], [4, 1]], "text_tail_matches": [], "text_classification": [1, 1, 1, 1, 1], "character_names": ["none", "Yamada Asaemon Sagiri", "none", "none", "Yamada Asaemon Sagiri"]}