{"bbox_annotations": {"bboxes_as_x1y1x2y2": [[732.8619384765625, 770.5542602539062, 782.3662109375, 834.9158325195312], [84.4779281616211, 869.457763671875, 772.7256088256836, 1198.462890625], [434.49407958984375, 230.47610473632812, 485.6645202636719, 279.8648986816406], [425, 559.8694458007812, 485.50921630859375, 666.3993530273438], [612.0617065429688, 257.0938415527344, 642.04443359375, 287.6622619628906], [278.8250427246094, 308.6415100097656, 555.2926635742188, 524.9464721679688], [204.63401794433594, 562.0391845703125, 393.0187072753906, 837.6614990234375], [599.3004760742188, 720.6115112304688, 647.1534423828125, 832.2503051757812], [622.6702880859375, 182.63137817382812, 747.4583740234375, 293.284423828125], [463.3244934082031, 142.2164306640625, 618.0279541015625, 285.0224304199219], [332.8611755371094, 176.93951416015625, 422.9165954589844, 271.546142578125], [489.9803161621094, 557.6669311523438, 560.8715209960938, 606.254638671875], [492.61163330078125, 603.4672241210938, 556.7227172851562, 715.9952392578125], [133.58653259277344, -3.370392322540283, 315.13360595703125, 268.67495679855347], [155.96249389648438, 258.0677490234375, 246.75067138671875, 303.37274169921875], [631.9705810546875, 590.4309692382812, 777.7255859375, 697.4213256835938], [418.6130065917969, 732.4285278320312, 498.2606506347656, 788.675537109375], [108.77537536621094, 581.4453125, 192.63832092285156, 749.2333374023438], [581.0880126953125, 942.0841674804688, 756.6517333984375, 1068.415283203125], [79.20954132080078, -0.43317675590515137, 794.3055419921875, 301.2681579589844], [73.3368148803711, 281.56109619140625, 798.2935791015625, 527.9127197265625], [401.7984313964844, 552.7361450195312, 796.7881469726562, 839.0634155273438], [75.9338150024414, 550.5593872070312, 399.2721862792969, 839.5068359375], [74.32717895507812, 864.2782592773438, 799.4939575195312, 1199.2994384765625], [222, 695, 251, 719], [508, 784, 536, 803], [582, 629, 609, 646], [540, 1041, 564, 1062]], "labels": [0, 0, 0, 0, 0, 0, 0, 0, 0, 0, 0, 0, 0, 0, 1, 1, 1, 1, 1, 2, 2, 2, 2, 2, 3, 3, 3, 3], "image_id": 992}, "character_clusters": [0, 1, 2, 3, 4, 5, 1, 1, 6, 7, 8, 9, 10, 10], "text_char_matches": [[0, 13], [1, 12], [2, 7], [3, 6], [4, 1]], "text_tail_matches": [[1, 2], [2, 1], [3, 0], [4, 3]], "text_classification": [1, 1, 1, 1, 1], "character_names": ["none", "Gabimaru", "none", "none", "none", "Yamada Asaemon Sagiri", "Gabimaru", "Gabimaru", "none", "none", "none", "none", "none", "none"]}