{"bbox_annotations": {"bboxes_as_x1y1x2y2": [[412.52935791015625, 34, 715.398681640625, 815.4185485839844], [171.44317626953125, 665.7930297851562, 297.09033203125, 785.6702880859375], [49.12862777709961, 37.384361267089844, 398.95580673217773, 408.03722381591797], [1.6377270221710205, 665.8795166015625, 180.48646664619446, 789.1912841796875], [109.27918243408203, 456.67266845703125, 210.4464569091797, 621.57177734375], [-4.887533187866211, 821.3887329101562, 407.16382789611816, 1200.8211669921875], [227.82144165039062, 456.33349609375, 406.5533752441406, 633.47900390625], [539.004638671875, 34.309600830078125, 716.9080200195312, 263.7445068359375], [423.0979919433594, 812.4287109375, 571.5384521484375, 1062.927734375], [340.8096923828125, 299.5916748046875, 397.1692199707031, 325.91107177734375], [334.57733154296875, 502.4649963378906, 389.5859680175781, 523.060791015625], [196.28289794921875, 513.6677856445312, 224.0, 527.0], [108.57221221923828, 578.4852905273438, 177.7694091796875, 600.234619140625], [52.71269607543945, 510.2177429199219, 82.94292449951172, 529.2240600585938], [289.7052917480469, 684.54345703125, 401.8586120605469, 761.7298583984375], [280.73760986328125, 835.2265625, 388.53179931640625, 957.7868041992188], [267.78863525390625, 1012.0592651367188, 394.8475341796875, 1101.0062255859375], [408.7057189941406, -7.920563220977783, 716.9387817382812, 1191.8775634765625], [-1.7519712448120117, -0.6659209728240967, 404.58880615234375, 416.1469421386719], [2.387714385986328, 437.62548828125, 408.2974853515625, 638.46337890625], [-0.6584644317626953, 658.779296875, 413.8252868652344, 793.5927124023438], [-2.6101112365722656, 814.5458374023438, 408.6289367675781, 1198.896240234375], [100, 508, 125, 531], [227, 1023, 256, 1052], [176, 584, 226, 613]], "labels": [0, 0, 0, 0, 0, 0, 0, 1, 1, 1, 1, 1, 1, 1, 1, 1, 1, 2, 2, 2, 2, 2, 3, 3, 3], "image_id": 961}, "character_clusters": [0, 2, 1, 1, 0, 2, 1], "text_char_matches": [[0, 0], [1, 0], [3, 6], [5, 6], [6, 4], [7, 1], [8, 5], [9, 5]], "text_tail_matches": [[6, 0], [5, 2], [9, 1], [8, 1]], "text_classification": [1, 1, 0, 0, 0, 0, 1, 1, 1, 1], "character_names": ["Yamada Asaemon Sagiri", "Kunoichi Yuzuriha", "Gabimaru", "Gabimaru", "Yamada Asaemon Sagiri", "Kunoichi Yuzuriha", "Gabimaru"]}