{"bbox_annotations": {"bboxes_as_x1y1x2y2": [[550.5333251953125, 191.2480010986328, 638.3168334960938, 328.4496765136719], [100.20003509521484, 193.8678436279297, 615.4472885131836, 708.4232635498047], [214.49085998535156, 766.3172607421875, 460.06585693359375, 915.8736572265625], [552.1219482421875, 861.8619384765625, 637.7621459960938, 1014.7372436523438], [4.138487815856934, 947.1795043945312, 192.5491018295288, 1108.338623046875], [208.8064727783203, 75.65596771240234, 432.366943359375, 328.70455169677734], [364.12872314453125, 1051.785400390625, 459.158935546875, 1159.9105224609375], [108.64734649658203, 951.419189453125, 192.91622924804688, 1104.7567138671875], [615.3312377929688, 102.13118743896484, 717.1475830078125, 332.14656829833984], [467.71087646484375, 785.31396484375, 624.13037109375, 1198.330322265625], [437.0630187988281, 75.76246643066406, 544.658203125, 328.7893371582031], [670.2008056640625, 750.135009765625, 719.6004638671875, 863.8803100585938], [627.4805908203125, 881.8922729492188, 718.5521850585938, 1114.469482421875], [593.0933227539062, 843.6171264648438, 659.1694946289062, 916.2596435546875], [85.53541564941406, 100.79049682617188, 216.3346710205078, 178.96412658691406], [593.3230590820312, 429.1572570800781, 657.3670654296875, 452.5492858886719], [43.19765090942383, 457.2995300292969, 181.99701309204102, 514.6546630859375], [601.442138671875, 775.9082641601562, 680.617919921875, 831.510986328125], [497.4161071777344, 1019.0142211914062, 611.5989990234375, 1116.8707275390625], [64.49201965332031, 776.8346557617188, 180.75778198242188, 855.6981811523438], [199.51834106445312, 1014.781005859375, 285.5904235839844, 1056.6197509765625], [265.05224609375, 1131.98828125, 299.68658447265625, 1154.8262939453125], [117.13683319091797, 1134.48291015625, 151.3102264404297, 1161.740234375], [434.2950744628906, 66.04618072509766, 718.7718505859375, 336.00335693359375], [1.7084836959838867, 70.52764129638672, 438.76513671875, 346.6710510253906], [-1.612710952758789, 352.884521484375, 720.7213134765625, 712.9305419921875], [465.1328125, 734.8546752929688, 722.7219848632812, 1197.8204345703125], [-0.03571510314941406, 737.2328491210938, 460.9184875488281, 920.7039184570312], [197.71783447265625, 941.95654296875, 461.17926025390625, 1198.1602783203125], [194, 816, 217, 834], [225, 140, 254, 162], [516, 957, 538, 997], [633, 839, 664, 890]], "labels": [0, 0, 0, 0, 0, 0, 0, 0, 0, 0, 0, 0, 0, 0, 1, 1, 1, 1, 1, 1, 1, 1, 1, 2, 2, 2, 2, 2, 2, 3, 3, 3, 3], "image_id": 969}, "character_clusters": [0, 1, 2, 3, 4, 5, 6, 7, 8, 9, 10, 11, 12, 13], "text_char_matches": [[0, 5], [1, 5], [2, 5], [4, 9], [5, 2], [6, 2]], "text_tail_matches": [[0, 1], [3, 3], [4, 2], [5, 0]], "text_classification": [1, 1, 1, 1, 1, 1, 1, 0, 0], "character_names": ["none", "Yamada Asaemon Eizen", "none", "none", "none", "none", "none", "none", "none", "none", "none", "none", "none", "none"]}