{"bbox_annotations": {"bboxes_as_x1y1x2y2": [[144.99801635742188, 606.1921997070312, 415.18597412109375, 856.9660034179688], [190.60284423828125, 883.03369140625, 256.7085266113281, 1003.9765625], [7.395869255065918, 892.6649780273438, 93.8758955001831, 1132.014892578125], [15.037429809570312, 950.888671875, 294.1261749267578, 1156.9010009765625], [476.4243469238281, 485.1011962890625, 698.391845703125, 1201.5487060546875], [0.9962320327758789, 74.18478393554688, 240.51635837554932, 363.83453369140625], [0.15289783477783203, 74.40585327148438, 253.6151475906372, 556.2420043945312], [184.6670684814453, 211.70567321777344, 451.5879669189453, 572.0768890380859], [506.4254150390625, 121.99636840820312, 675.8261108398438, 308.2678527832031], [652.7703247070312, 476.23907470703125, 688.0245971679688, 510.3600158691406], [667.4299926757812, 530.2862548828125, 704.0281982421875, 558.0267944335938], [469.68975830078125, 487.56915283203125, 502.89422607421875, 511.08892822265625], [501, 686, 534, 712], [467.7044372558594, 788.26220703125, 500.63720703125, 812.4325561523438], [266.08648681640625, 110.7931137084961, 420.4705810546875, 193.35812377929688], [68.93727111816406, 396.33319091796875, 187.82901000976562, 509.7928466796875], [49.210792541503906, 657.2144775390625, 192.12397003173828, 742.2645263671875], [293.8594665527344, 885.44482421875, 444.1506042480469, 1042.785888671875], [454.0173034667969, -1.783132553100586, 716.9539794921875, 1198.0599365234375], [-4.576373100280762, 0.8636176586151123, 450.9688415527344, 573.7261962890625], [-0.5207538604736328, 592.5091552734375, 460.9432678222656, 866.6071166992188], [-2.205014228820801, 853.9343872070312, 471.5894775390625, 1172.722412109375]], "labels": [0, 0, 0, 0, 0, 0, 0, 0, 1, 1, 1, 1, 1, 1, 1, 1, 1, 1, 2, 2, 2, 2], "image_id": 1003}, "character_clusters": [0, 1, 2, 3, 4, 5, 5, 6], "text_char_matches": [], "text_tail_matches": [], "text_classification": [1, 0, 0, 0, 0, 0, 1, 1, 1, 1], "character_names": ["Moro Makiya", "none", "none", "Rokurota", "Gabimaru", "Kunoichi Yuzuriha", "Kunoichi Yuzuriha", "Akaginu"]}