{"bbox_annotations": {"bboxes_as_x1y1x2y2": [[-0.054907798767089844, 3.2399117946624756, 404.9757013320923, 444.38441252708435], [33, 391.724609375, 626.2374877929688, 922.7717895507812], [221.24447631835938, 963.7931518554688, 722.2728271484375, 1199.55126953125], [664.5623168945312, 276.3435363769531, 721.78564453125, 371.4573669433594], [543.3743286132812, 261.4624938964844, 633.538818359375, 354.21405029296875], [419.1625061035156, 64.34783172607422, 507.8752136230469, 150.14981079101562], [605.7515258789062, 532.6096801757812, 700.254638671875, 621.7530517578125], [352.0384216308594, 658.223876953125, 394.693359375, 677.7731323242188], [97.38465118408203, 978.7392578125, 288.94583892822266, 1084.64208984375], [530.0296020507812, 0.48549771308898926, 721.7366943359375, 443.04656982421875], [-2.9390573501586914, -1.0770857334136963, 525.5496215820312, 444.33587646484375], [-5.17270565032959, 459.47412109375, 722.9323120117188, 927.5953979492188], [-6.577563285827637, 957.6824951171875, 719.945556640625, 1202.5274658203125]], "labels": [0, 0, 0, 0, 0, 1, 1, 1, 1, 2, 2, 2, 2], "image_id": 987}, "character_clusters": [0, 0, 0, 1, 2], "text_char_matches": [[0, 0]], "text_tail_matches": [], "text_classification": [1, 1, 0, 1], "character_names": ["Yamada Asaemon Sagiri", "Yamada Asaemon Sagiri", "Yamada Asaemon Sagiri", "none", "Nikimaru"]}