{"bbox_annotations": {"bboxes_as_x1y1x2y2": [[145.51483154296875, 505, 490.0091247558594, 1149.053466796875], [660.0253295898438, 758, 802.4712524414062, 1115.5599365234375], [283.29168701171875, 9.479570388793945, 596.8385009765625, 413.34712409973145], [76.67638397216797, 451.87310791015625, 146.73178100585938, 619.5069580078125], [599.9291381835938, 873.0598754882812, 705.35595703125, 1072.2774658203125], [420.2790222167969, 451.42236328125, 632.3839111328125, 623.1146850585938], [586.7708129882812, 959.4138793945312, 656.4468383789062, 1123.7127685546875], [370.914306640625, 483.49432373046875, 458.3096923828125, 600.163818359375], [118.86267852783203, 453.67535400390625, 299.60868072509766, 624.0296020507812], [611.635498046875, 104.46426391601562, 728.7779541015625, 212.04029846191406], [192.7846221923828, 90.77641296386719, 335.5332946777344, 217.44252014160156], [115.0797119140625, 270.5095520019531, 265.4858093261719, 375.9679870605469], [622.9935302734375, 493.1913757324219, 753.0852661132812, 580.0797119140625], [155.24217224121094, 500.7480773925781, 191.42562866210938, 520.781005859375], [651.0592041015625, 724.9794921875, 732.9529418945312, 762.861572265625], [75.94010925292969, 6.705755233764648, 797.7183227539062, 420.6478271484375], [76.14436340332031, 443.9944763183594, 793.0276489257812, 628.0836791992188], [583.2088012695312, 651.3441162109375, 797.855712890625, 1122.3497314453125], [74.34815979003906, 641.1961669921875, 579.6533203125, 1194.6160888671875], [690, 810, 719, 845], [284, 340, 310, 365], [637, 251, 667, 274]], "labels": [0, 0, 0, 0, 0, 0, 0, 0, 0, 1, 1, 1, 1, 1, 1, 2, 2, 2, 2, 3, 3, 3], "image_id": 966}, "character_clusters": [0, 0, 1, 2, 3, 4, 5, 6, 7], "text_char_matches": [[0, 2], [1, 2], [2, 2], [5, 1]], "text_tail_matches": [[0, 2], [1, 1], [2, 1], [5, 0]], "text_classification": [1, 1, 1, 1, 1, 1], "character_names": ["Nurugai", "Nurugai", "none", "none", "none", "none", "none", "none", "none"]}