{"bbox_annotations": {"bboxes_as_x1y1x2y2": [[197.56759643554688, 687.9254760742188, 354.09222412109375, 1201.76025390625], [1.4196336269378662, 862.7391967773438, 135.46939253807068, 1201.44482421875], [342.24444580078125, 70.11489868164062, 558.9197387695312, 315.80450439453125], [349.23345947265625, 70.72494506835938, 715.1246948242188, 347.01641845703125], [38.747711181640625, 858.1268310546875, 195.13673400878906, 1199.9796142578125], [-0.7051825523376465, 4.847234725952148, 252.76198053359985, 352.2883358001709], [356.8412170410156, 722.5202026367188, 714.3717041015625, 1199.9527587890625], [6.68950080871582, 383.63629150390625, 416.2495594024658, 624.3031616210938], [557.66064453125, 104.00816345214844, 664.0367431640625, 188.65269470214844], [223.50340270996094, 144.48175048828125, 335.94964599609375, 272.9925231933594], [557.0658569335938, 409.5765380859375, 712.7124633789062, 488.1232604980469], [426.6243591308594, 479.42572021484375, 553.028076171875, 586.6423950195312], [32.05989456176758, 406.865478515625, 144.94694900512695, 548.2533569335938], [471.0972900390625, 674.8819580078125, 599.4505615234375, 796.7791748046875], [311.2403869628906, 705.3822631835938, 432.01641845703125, 825.503173828125], [74.18110656738281, 696.2822875976562, 156.79135131835938, 761.2576904296875], [284.7513427734375, 0.41245222091674805, 719.3627319335938, 350.96142578125], [-0.381624698638916, -3.204023838043213, 282.7020568847656, 352.869384765625], [-1.426839828491211, 376.6365051269531, 722.1529541015625, 628.0921020507812], [200.3905792236328, 650.4986572265625, 716.3391723632812, 1196.27978515625], [-1.271289587020874, 644.93994140625, 195.08018493652344, 1196.78955078125], [152, 533, 185, 557], [386, 504, 412, 526], [81, 799, 112, 885], [552, 220, 578, 242], [330, 285, 346, 302]], "labels": [0, 0, 0, 0, 0, 0, 0, 0, 1, 1, 1, 1, 1, 1, 1, 1, 2, 2, 2, 2, 2, 3, 3, 3, 3, 3], "image_id": 981}, "character_clusters": [0, 0, 1, 2, 3, 0, 0, 3], "text_char_matches": [[0, 7], [1, 7], [2, 7], [3, 7], [4, 7], [5, 7], [6, 7], [7, 1]], "text_tail_matches": [[0, 3], [1, 4], [2, 1], [3, 1], [4, 0], [7, 2]], "text_classification": [1, 1, 1, 1, 1, 1, 1, 1], "character_names": ["Yamada Asaemon Sagiri", "Yamada Asaemon Sagiri", "none", "Warped Keiun", "Yamada Asaemon Eizen", "Yamada Asaemon Sagiri", "Yamada Asaemon Sagiri", "Yamada Asaemon Eizen"]}