{"bbox_annotations": {"bboxes_as_x1y1x2y2": [[367.4232482910156, 914.5553588867188, 405.6750793457031, 990.6932373046875], [185.6315155029297, 886.5775756835938, 218.86744689941406, 937.4747314453125], [324.7285461425781, 901.8203735351562, 376.4626159667969, 981.568115234375], [185.81158447265625, 1019.7521362304688, 217.81594848632812, 1082.1102294921875], [137.9214324951172, 887.3624267578125, 170.72479248046875, 971.35546875], [215.285400390625, 1015.3994140625, 256.7125244140625, 1092.598876953125], [141.43280029296875, 1070.9658203125, 188.432373046875, 1152.9586181640625], [334.6889953613281, 1014.0010986328125, 376.32745361328125, 1085.824951171875], [109.93045806884766, 901.6828002929688, 148.1499786376953, 989.9004516601562], [103.1229248046875, 1058.665283203125, 140.24996948242188, 1140.7349853515625], [290.8315734863281, 977.085205078125, 318.8024597167969, 1060.7528076171875], [299.75885009765625, -6.1847076416015625, 430.0, 305.0], [421.3820495605469, 196.87808227539062, 567.0, 1195.3658752441406], [256.50103759765625, 1038.4039306640625, 302.6472473144531, 1122.7169189453125], [373.2003479003906, 993.861083984375, 414.7289733886719, 1060.5531005859375], [324.29443359375, 977.3199462890625, 369.2062683105469, 1065.9681396484375], [350, 74, 518, 701], [542, 282, 630, 1189], [589, 439, 658, 1183], [629, 345, 720, 1173], [687, 392, 737, 1175], [671, 563, 763, 1181], [702, 422, 778, 573], [616.8771362304688, 149.28128051757812, 728.2481689453125, 203.7812957763672], [528.3571166992188, 797.2964477539062, 688.7076416015625, 985.6416015625], [181.1940155029297, 123.81208801269531, 270.4765930175781, 238.94454956054688], [212.8526611328125, 600.3900756835938, 337.28521728515625, 721.9537963867188], [170.01832580566406, 766.8228759765625, 309.3380432128906, 868.20751953125], [298.3044128417969, -5.4695963859558105, 797.1656494140625, 1194.377197265625], [78.08943939208984, 6.151771545410156, 390.2715148925781, 743.1490478515625], [71.3700180053711, 767.4074096679688, 424.58282470703125, 1198.479736328125]], "labels": [0, 0, 0, 0, 0, 0, 0, 0, 0, 0, 0, 0, 0, 0, 0, 0, 0, 0, 0, 0, 0, 0, 0, 1, 1, 1, 1, 1, 2, 2, 2], "image_id": 1004}, "character_clusters": [0, 1, 2, 3, 4, 5, 6, 7, 8, 9, 10, 11, 8, 12, 13, 14, 15, 16, 17, 18, 19, 20, 21], "text_char_matches": [], "text_tail_matches": [], "text_classification": [1, 1, 1, 1, 1], "character_names": ["none", "none", "none", "none", "none", "none", "none", "none", "Yamada Asaemon Sagiri", "none", "none", "none", "Yamada Asaemon Sagiri", "none", "none", "none", "Yamada Asaemon Eizen", "none", "none", "none", "none", "none", "none"]}