{"bbox_annotations": {"bboxes_as_x1y1x2y2": [[579.7030639648438, 1015.5818481445312, 792.6163940429688, 1199.746826171875], [113.2579574584961, 56.65569305419922, 734.9612655639648, 822.4636154174805], [78.57383728027344, 881.8792114257812, 209.09109497070312, 1200.1708984375], [469.3477783203125, 902.9755859375, 768.8195190429688, 1199.999755859375], [594.9188232421875, 157.39767456054688, 741.2960815429688, 218.99671936035156], [632.8388671875, 905.0940551757812, 780.7161865234375, 983.9966430664062], [454.96453857421875, 1031.60107421875, 517.7256469726562, 1110.1878662109375], [295.6737060546875, 1044.4600830078125, 415.71826171875, 1123.4503173828125], [185.16177368164062, 887.4364624023438, 219.0369110107422, 907.4257202148438], [96.44818115234375, 1064.9974365234375, 195.389892578125, 1121.0946044921875], [45.677520751953125, -7.6424360275268555, 797.940673828125, 826.2061767578125], [253.03907775878906, 848.6368408203125, 805.0805053710938, 1197.994873046875], [249.93443298339844, 848.1303100585938, 418.2934875488281, 1197.720947265625], [74.70624542236328, 850.230224609375, 238.8875274658203, 1201.922607421875], [537, 183, 564, 205], [607, 975, 631, 995], [552, 1049, 573, 1073]], "labels": [0, 0, 0, 0, 1, 1, 1, 1, 1, 1, 2, 2, 2, 2, 3, 3, 3], "image_id": 954}, "character_clusters": [0, 0, 0, 1], "text_char_matches": [[1, 3], [2, 3], [3, 3], [4, 2], [5, 2]], "text_tail_matches": [[0, 0], [1, 1], [2, 2], [3, 2]], "text_classification": [1, 1, 1, 1, 1, 1], "character_names": ["Yamada Asaemon Sagiri", "Yamada Asaemon Sagiri", "Yamada Asaemon Sagiri", "Yamada Asaemon Eizen"]}