{"bbox_annotations": {"bboxes_as_x1y1x2y2": [[94.39253997802734, 421.0739440917969, 299.89083099365234, 703.7423095703125], [79.8095703125, 926.810546875, 352.992919921875, 1199.635009765625], [236.3475799560547, 598.6285400390625, 436.3800964355469, 911.745361328125], [420.9139709472656, 341.62603759765625, 801.103759765625, 1184.8824462890625], [223.24172973632812, 55.572669982910156, 465.931884765625, 375.55033111572266], [534.2495727539062, 119.36666107177734, 751.0848999023438, 261.24739837646484], [87.8707504272461, 242.79595947265625, 242.66338348388672, 346.57989501953125], [279.56646728515625, 419.8457336425781, 437.29595947265625, 521.7855224609375], [125.88717651367188, 747.1465454101562, 233.8562469482422, 833.3992309570312], [283.32647705078125, 968.6532592773438, 398.6490173339844, 1076.8485107421875], [417.4181823730469, -1.4879465103149414, 796.24853515625, 1198.4407958984375], [76.20842742919922, 0.9382903575897217, 473.8965148925781, 393.8554382324219], [76.6041259765625, 387.6492004394531, 449.0495300292969, 904.6428833007812], [76.3269271850586, 898.9757080078125, 416.41912841796875, 1198.298095703125]], "labels": [0, 0, 0, 0, 0, 1, 1, 1, 1, 1, 2, 2, 2, 2], "image_id": 1002}, "character_clusters": [0, 1, 2, 3, 4], "text_char_matches": [], "text_tail_matches": [], "text_classification": [1, 1, 1, 1, 1], "character_names": ["Warped Keiun", "Horubo", "Nurugai", "Aza Chobe", "Tamiya Gantetsusai"]}