{"bbox_annotations": {"bboxes_as_x1y1x2y2": [[271.02020263671875, 719.798583984375, 325.1257629394531, 789.3423461914062], [125.19520568847656, 839.0882568359375, 399.63124084472656, 1136.1363525390625], [237.3221435546875, 528.5357055664062, 301.28240966796875, 652.646484375], [480, 65.85602569580078, 543.5914306640625, 377.49649810791016], [345.02581787109375, 451.2235107421875, 411.2423400878906, 569.889892578125], [74.58189392089844, 1.1063754558563232, 354.3160858154297, 422.64961886405945], [671, 140.43275451660156, 769, 375.0], [529.3594360351562, 111.88175964355469, 654.4302978515625, 384.2986297607422], [389.2861022949219, 433.1596984863281, 448.1864318847656, 516.97802734375], [584.8141479492188, 413.0445861816406, 754.48828125, 790.4627075195312], [430.3803405761719, 848.5022583007812, 647.947021484375, 1133.9749755859375], [533.92578125, 566.922119140625, 569.3125, 618.6119384765625], [387.0373840332031, 638.2125244140625, 433.35687255859375, 754.4931030273438], [261.8490905761719, 445.3218078613281, 339.9925842285156, 550.89404296875], [177.46148681640625, 533.91259765625, 230.8441619873047, 609.8115234375], [371, 59, 465, 386], [500.1063232421875, 455.38909912109375, 565.2601928710938, 496.0671081542969], [425.57940673828125, 523.897705078125, 481.4256286621094, 563.2713623046875], [473.9990234375, 652.82275390625, 595.8270263671875, 750.87548828125], [127.33003997802734, 639.6953125, 254.29983520507812, 755.7166748046875], [126.21114349365234, 483.6834411621094, 207.8355712890625, 542.7907104492188], [615.0353393554688, 885.6707763671875, 744.3809814453125, 963.4256591796875], [285.99041748046875, 866.3434448242188, 398.5086364746094, 983.2970581054688], [148.80934143066406, 1033.0059814453125, 200.80027770996094, 1093.111328125], [74.8686294555664, 0.7245361804962158, 799.0900268554688, 403.0408020019531], [576.2171020507812, 407.0550537109375, 796.9557495117188, 793.7192993164062], [77.74784851074219, 423.1939392089844, 587.4661254882812, 791.3623657226562], [405.71881103515625, 819.2385864257812, 769.11328125, 1138.262451171875], [75.59596252441406, 815.6620483398438, 399.98101806640625, 1136.5172119140625], [628, 999, 652, 1023], [437, 666, 458, 683], [272, 692, 331, 720], [206, 1101, 225, 1120]], "labels": [0, 0, 0, 0, 0, 0, 0, 0, 0, 0, 0, 0, 0, 0, 0, 0, 1, 1, 1, 1, 1, 1, 1, 1, 2, 2, 2, 2, 2, 3, 3, 3, 3], "image_id": 988}, "character_clusters": [0, 1, 2, 3, 4, 5, 6, 7, 8, 7, 5, 9, 5, 10, 11, 12], "text_char_matches": [[2, 12], [3, 12], [5, 10], [7, 10], [6, 1]], "text_tail_matches": [[2, 1], [3, 2], [5, 0], [7, 3]], "text_classification": [1, 1, 1, 1, 1, 1, 1, 1], "character_names": ["none", "none", "none", "none", "none", "Gabimaru", "none", "Yamada Asaemon Sagiri", "none", "Yamada Asaemon Sagiri", "Gabimaru", "none", "Gabimaru", "none", "none", "none"]}