{"bbox_annotations": {"bboxes_as_x1y1x2y2": [[313.7023010253906, 44.03192901611328, 544.2869873046875, 307.7557144165039], [170.02969360351562, 90.45768737792969, 344.8639831542969, 307.9116516113281], [212.01519775390625, 356.65655517578125, 552.9326782226562, 551.7554321289062], [30.527257919311523, 581.6983642578125, 720.5285396575928, 1193.5068359375], [569.9619750976562, 138.2238006591797, 666.1799926757812, 210.07806396484375], [453.39251708984375, 211.71392822265625, 563.0567626953125, 283.330810546875], [87.93620300292969, 216.9932861328125, 132.63262939453125, 238.12379455566406], [158.51541137695312, 407.1748046875, 229.1121063232422, 433.28094482421875], [517.119384765625, 634.87158203125, 685.5275268554688, 767.4609375], [98.7309341430664, 973.215576171875, 198.68226623535156, 1053.58447265625], [6.6153764724731445, 0.186234712600708, 718.11962890625, 313.030517578125], [-1.777505874633789, 339.5356140136719, 718.83056640625, 557.4474487304688], [-0.18334388732910156, 582.2024536132812, 720.3174438476562, 1198.79345703125], [225, 446, 258, 469], [233, 945, 270, 985], [417, 213, 452, 235], [554, 804, 582, 837]], "labels": [0, 0, 0, 0, 1, 1, 1, 1, 1, 1, 2, 2, 2, 3, 3, 3, 3], "image_id": 991}, "character_clusters": [0, 1, 1, 0], "text_char_matches": [[0, 0], [1, 0], [2, 1], [3, 2], [4, 3], [5, 3]], "text_tail_matches": [[0, 2], [1, 2], [3, 0], [4, 3], [5, 1]], "text_classification": [1, 1, 1, 1, 1, 1], "character_names": ["Gabimaru", "none", "none", "Gabimaru"]}