{"bbox_annotations": {"bboxes_as_x1y1x2y2": [[286, 1110.4378662109375, 511.9812927246094, 1201.1766357421875], [269.7515869140625, 428.11309814453125, 510.8822937011719, 561.4573974609375], [279.79534912109375, 748.54345703125, 365.68743896484375, 851.4683227539062], [648.9525146484375, 709.5239868164062, 722.51171875, 931.3543701171875], [120.70889282226562, 740.9337158203125, 275.6520080566406, 1198.6839599609375], [1.0898113250732422, 639.1484985351562, 227.43737602233887, 1194.7862548828125], [488.4336853027344, 1030.357421875, 717.0082397460938, 1199.594482421875], [219.27113342285156, 703.54248046875, 343.5469665527344, 983.1333618164062], [-1.8926739692687988, 3.8425683975219727, 315.7923541069031, 389.83301639556885], [321.2663269042969, 6.322556495666504, 720.2164916992188, 391.45286655426025], [474.64752197265625, 796.96142578125, 595.083740234375, 947.4176025390625], [603.5958251953125, 993, 733.0, 1070.5335693359375], [568.2566528320312, 793.57080078125, 675.5512084960938, 1004.10302734375], [360.3799133300781, 679.1187133789062, 488.7361145019531, 1112.510498046875], [573.3826293945312, 84.30029296875, 690.3236694335938, 182.36761474609375], [517.443603515625, 442.091064453125, 706.4207763671875, 544.0232543945312], [497.0059814453125, 606.8727416992188, 655.293212890625, 751.4253540039062], [318.0273132324219, 2.996259927749634, 720.01953125, 393.35223388671875], [0.21398067474365234, -0.4188716411590576, 321.3395080566406, 394.38055419921875], [0.07066726684570312, 419.3574523925781, 723.9046630859375, 571.3912963867188], [-3.527212142944336, 583.6173095703125, 719.9583740234375, 1194.3760986328125], [581, 224, 613, 260]], "labels": [0, 0, 0, 0, 0, 0, 0, 0, 0, 0, 0, 0, 0, 0, 1, 1, 1, 2, 2, 2, 2, 3], "image_id": 1001}, "character_clusters": [0, 1, 2, 3, 4, 5, 6, 7, 8, 9, 10, 11, 12, 13], "text_char_matches": [[0, 9], [1, 1], [2, 1]], "text_tail_matches": [[0, 0]], "text_classification": [1, 1, 1], "character_names": ["none", "none", "none", "none", "none", "Aza Chobe", "none", "Kunoichi Yuzuriha", "Gabimaru", "Yamada Asaemon Sagiri", "none", "none", "Nurugai", "none"]}