{"bbox_annotations": {"bboxes_as_x1y1x2y2": [[524.7142944335938, 895.6792602539062, 694.6192626953125, 1129.184814453125], [391.20794677734375, 883.9436645507812, 502.6094970703125, 1127.9288330078125], [96.74544525146484, 242.1563720703125, 621.3331527709961, 764.846435546875], [510.9201965332031, 840.8885498046875, 545.8203125, 881.062744140625], [77.55472564697266, 1048.3135986328125, 195.74737548828125, 1137.668701171875], [266.532958984375, 894.7727661132812, 327.3907775878906, 1133.6968994140625], [92.51358795166016, 859.6455688476562, 205.44760131835938, 1033.1514892578125], [306.9918518066406, 947.8812255859375, 402.16351318359375, 1122.2857666015625], [570, 44, 795, 322], [220, 12, 551, 319], [42, 83, 224, 319], [641.2051391601562, 355.2298278808594, 720.2211303710938, 389.4520263671875], [561.3235473632812, 854.8841552734375, 600.426025390625, 884.8992919921875], [329.4530334472656, 841.82421875, 369.91876220703125, 868.595703125], [313.1581726074219, 1087.5823974609375, 347.494140625, 1118.2275390625], [220.12722778320312, 829.7431640625, 255.93592834472656, 852.6365966796875], [70.08245086669922, -0.9023129940032959, 800.4838256835938, 316.76824951171875], [76.40251922607422, 319.98760986328125, 798.4307861328125, 764.225341796875], [267.2688903808594, 784.0302734375, 799.852783203125, 1197.37548828125], [77.34052276611328, 789.9073486328125, 270.3447570800781, 1199.9271240234375]], "labels": [0, 0, 0, 0, 0, 0, 0, 0, 0, 0, 0, 1, 1, 1, 1, 1, 2, 2, 2, 2], "image_id": 986}, "character_clusters": [0, 4, 0, 4, 4, 1, 0, 2, 3, 4, 5], "text_char_matches": [], "text_tail_matches": [], "text_classification": [0, 0, 0, 0, 0], "character_names": ["Yamada Asaemon Sagiri", "Nikimaru", "Yamada Asaemon Sagiri", "Nikimaru", "Nikimaru", "none", "Yamada Asaemon Sagiri", "none", "none", "Nikimaru", "none"]}