{"bbox_annotations": {"bboxes_as_x1y1x2y2": [[78.01160430908203, 784.4822387695312, 143.60987854003906, 881.638427734375], [292.9137878417969, 862.4814453125, 361.6008605957031, 936.0874633789062], [437.27789306640625, 769.7374267578125, 500.4700622558594, 880.7535400390625], [314.245849609375, 109.02203369140625, 772.69775390625, 735.6799926757812], [390.4787902832031, 758.0170288085938, 432.4773864746094, 836.4849853515625], [78.45075988769531, 244.46507263183594, 366.52540588378906, 718.5693817138672], [622.0140380859375, 762.0692749023438, 689.210205078125, 803.7455444335938], [505.210205078125, 799.4588012695312, 688.7095336914062, 907.2312622070312], [537.109375, 762.4413452148438, 600.802490234375, 811.1787719726562], [197, 950, 552, 1196], [86.4974594116211, 201.24134826660156, 136.9921112060547, 229.4048614501953], [749.9730834960938, 803.2808837890625, 798.0983276367188, 831.9712524414062], [276.6145324707031, 780.7952880859375, 386.848388671875, 810.0306396484375], [206, 880, 267, 926], [138.9525604248047, 773.289306640625, 217.40267944335938, 834.9298706054688], [586.2457885742188, 1005.7603759765625, 724.8250732421875, 1081.8233642578125], [171.47055053710938, 1025.5185546875, 324.9344482421875, 1098.9127197265625], [77.56037902832031, 6.100952625274658, 798.5888061523438, 733.271484375], [76.65962982177734, 747.5283203125, 796.7485961914062, 958.2218627929688], [73.52590942382812, 921.9044189453125, 792.6157836914062, 1200.51318359375], [327, 1096, 356, 1121], [633, 1126, 668, 1149]], "labels": [0, 0, 0, 0, 0, 0, 0, 0, 0, 0, 1, 1, 1, 1, 1, 1, 1, 2, 2, 2, 3, 3], "image_id": 968}, "character_clusters": [0, 1, 2, 3, 4, 2, 5, 3, 6, 7], "text_char_matches": [[5, 9], [6, 9]], "text_tail_matches": [[5, 1], [6, 0]], "text_classification": [0, 0, 1, 1, 1, 1, 1], "character_names": ["none", "none", "Yamada Asaemon Eizen", "none", "none", "Yamada Asaemon Eizen", "none", "none", "none", "none"]}