{"bbox_annotations": {"bboxes_as_x1y1x2y2": [[138.18650817871094, 470.59722900390625, 352.8226318359375, 786.4993286132812], [190.3512420654297, 210.49049377441406, 350.2768859863281, 434.6469421386719], [366.2701721191406, 542.3334350585938, 549.001953125, 803.3893432617188], [643.567626953125, 221.50189208984375, 781.638427734375, 434.4466857910156], [541.326171875, 491.12420654296875, 712.0164184570312, 672.8731689453125], [630.0426635742188, 242.62599182128906, 664.2548828125, 328.6208801269531], [356.8301086425781, 71.91326141357422, 496.32720947265625, 425.15779876708984], [728.0194091796875, 229.546630859375, 800.420166015625, 434.0059814453125], [452.38226318359375, 229.0896759033203, 594.70751953125, 432.09814453125], [563.452880859375, 236.8983917236328, 641.7138061523438, 428.46209716796875], [434.48858642578125, 837.325439453125, 801.7453002929688, 1198.9556884765625], [180.041259765625, 856.7112426757812, 492.4638366699219, 1200.88671875], [665.9378051757812, 109.8978042602539, 729.208740234375, 171.17660522460938], [530.3836059570312, 113.98805236816406, 583.879638671875, 176.15065002441406], [613.2080078125, 369.0666809082031, 666.945556640625, 409.9517517089844], [389.71356201171875, 372.68463134765625, 451.11083984375, 399.31353759765625], [197.3909149169922, 100.54219055175781, 335.8562316894531, 196.0507049560547], [105.375, 328.25506591796875, 204.18365478515625, 353.537353515625], [609.9851684570312, 671.1227416992188, 744.5856323242188, 790.2900390625], [413.74603271484375, 505.00579833984375, 445.15423583984375, 528.7754516601562], [132.23814392089844, 623.90234375, 196.88487243652344, 664.5979614257812], [638.69921875, 910.1483764648438, 742.3899536132812, 983.782958984375], [342.21136474609375, 876.0999145507812, 484.3994140625, 948.45849609375], [130.99273681640625, 1013.1898803710938, 256.8911437988281, 1112.794677734375], [359.335693359375, 67.28705596923828, 799.5856323242188, 436.5144958496094], [76.4471206665039, 68.91413879394531, 355.63055419921875, 439.662109375], [74.15587615966797, 459.6322021484375, 792.5086059570312, 823.802978515625], [73.4150619506836, 802.1864013671875, 794.296142578125, 1198.945068359375], [621, 999, 647, 1024], [542, 198, 561, 220], [333, 956, 359, 977], [253, 977, 273, 1002], [693, 197, 710, 221], [411, 312, 428, 337], [602, 319, 626, 365], [270, 215, 290, 248], [193, 595, 219, 619]], "labels": [0, 0, 0, 0, 0, 0, 0, 0, 0, 0, 0, 0, 1, 1, 1, 1, 1, 1, 1, 1, 1, 1, 1, 1, 2, 2, 2, 2, 3, 3, 3, 3, 3, 3, 3, 3, 3], "image_id": 990}, "character_clusters": [0, 0, 1, 2, 1, 3, 0, 4, 1, 5, 0, 1], "text_char_matches": [[0, 3], [1, 8], [3, 6], [4, 1], [8, 0], [9, 10], [11, 11], [10, 11]], "text_tail_matches": [[0, 4], [1, 1], [2, 6], [3, 5], [4, 7], [8, 8], [9, 0], [10, 2], [11, 3]], "text_classification": [1, 1, 1, 1, 1, 1, 1, 0, 1, 1, 1, 1], "character_names": ["Gabimaru", "Gabimaru", "none", "none", "none", "none", "Gabimaru", "none", "none", "none", "Gabimaru", "none"]}