{"bbox_annotations": {"bboxes_as_x1y1x2y2": [[575.9287719726562, 48.158653259277344, 705.5946044921875, 300.66381072998047], [421.5472106933594, 998.1994018554688, 621.5098266601562, 1078.4368896484375], [-1.3367295265197754, 567.6029052734375, 365.2691054344177, 787.7403564453125], [172.76336669921875, 984.94677734375, 261.0790100097656, 1148.950927734375], [32.64141082763672, 162.9068145751953, 66.97762298583984, 228.92320251464844], [188.6644287109375, 114.17855834960938, 324.4287414550781, 525.1415405273438], [307.0408630371094, 289.9490051269531, 522.2997436523438, 524.266845703125], [50.9493408203125, 100.24847412109375, 186.8133544921875, 218.6446533203125], [657.84619140625, 1022.9426879882812, 708.0989990234375, 1052.64990234375], [214.68617248535156, 114.86237335205078, 280.9781188964844, 279.6320266723633], [370.6183776855469, 535.9934692382812, 720.974609375, 787.2056274414062], [264.8132629394531, 104.15101623535156, 391.6713562011719, 395.5088653564453], [406.3529357910156, 49.38883972167969, 565.970947265625, 517.1981658935547], [0.29103904962539673, 172.90145874023438, 37.1501470208168, 276.5965881347656], [0.49819350242614746, 1026.204833984375, 116.10298323631287, 1147.146728515625], [72.65352630615234, 241.45144653320312, 229.9244613647461, 345.5997619628906], [544.5145874023438, 859.465576171875, 680.6770629882812, 968.0292358398438], [286.8411865234375, 984.8773803710938, 400.728271484375, 1086.20654296875], [135.56668090820312, 841.2188720703125, 253.81736755371094, 956.1842041015625], [20.729238510131836, 912.4782104492188, 115.93613243103027, 990.483154296875], [104.01808166503906, 1097.6212158203125, 183.74085998535156, 1124.1513671875], [3.215789794921875, 4.727607727050781, 721.5900268554688, 536.4967041015625], [369.9679260253906, 532.3682861328125, 723.3560791015625, 793.2482299804688], [-3.3873796463012695, 551.5864868164062, 371.0213317871094, 790.9757080078125], [266.88751220703125, 812.9337768554688, 723.2710571289062, 1149.2198486328125], [-2.9456019401550293, 822.219970703125, 265.2427062988281, 1151.926513671875]], "labels": [0, 0, 0, 0, 0, 0, 0, 0, 0, 0, 0, 0, 0, 0, 0, 1, 1, 1, 1, 1, 1, 2, 2, 2, 2, 2], "image_id": 971}, "character_clusters": [0, 1, 2, 3, 4, 5, 6, 7, 8, 9, 10, 11, 12, 13, 14], "text_char_matches": [], "text_tail_matches": [], "text_classification": [1, 1, 1, 1, 1, 1], "character_names": ["none", "none", "Yamada Asaemon Sagiri", "none", "none", "none", "none", "none", "none", "none", "Gabimaru", "none", "none", "none", "none"]}