{"bbox_annotations": {"bboxes_as_x1y1x2y2": [[317.0229187011719, 566.9623413085938, 802.268310546875, 1161.9500732421875], [180.20359802246094, 38.5487060546875, 453.8409881591797, 776.6095581054688], [538.7688598632812, 147.5419464111328, 695.5632934570312, 301.60198974609375], [148.5419921875, 859.2169799804688, 340.9620361328125, 1037.357421875], [73.03657531738281, -4.7698259353637695, 795.2528076171875, 1194.9415283203125]], "labels": [0, 0, 1, 1, 2], "image_id": 970}, "character_clusters": [0, 1], "text_char_matches": [], "text_tail_matches": [], "text_classification": [1, 1], "character_names": ["Gabimaru", "Yamada Asaemon Sagiri"]}