{"bbox_annotations": {"bboxes_as_x1y1x2y2": [[426.68865966796875, 272.2119140625, 709.4727783203125, 1124.6138916015625], [75.07078552246094, 72.89886474609375, 415.35606384277344, 1204.1452026367188], [489.2941589355469, 64.90689086914062, 630.186279296875, 275.31878662109375], [278.2259826660156, 43.887699127197266, 402.7632751464844, 262.58444595336914], [16.982818603515625, 59.6793212890625, 141.87074279785156, 269.5927734375], [406.4940490722656, 0.09584426879882812, 724.6553344726562, 1199.933349609375], [-3.6209821701049805, 2.5287508964538574, 410.1092224121094, 1202.2333984375]], "labels": [0, 0, 1, 1, 1, 2, 2], "image_id": 985}, "character_clusters": [0, 0], "text_char_matches": [[0, 0], [1, 1], [2, 1]], "text_tail_matches": [], "text_classification": [1, 1, 1], "character_names": ["Yamada Asaemon Sagiri", "Yamada Asaemon Sagiri"]}