{"bbox_annotations": {"bboxes_as_x1y1x2y2": [[278.8663024902344, 659.78271484375, 398.21630859375, 717.90283203125], [433.7069396972656, 573.1458740234375, 552.3091430664062, 718.0014038085938], [243.79742431640625, 619.7857666015625, 305.5777282714844, 716.0428466796875], [343.7049865722656, 919.2235107421875, 423.77490234375, 1041.6553955078125], [179.86134338378906, 915.280517578125, 269.73077392578125, 1198.4534912109375], [28.95572853088379, 930.9324951171875, 193.6421604156494, 1198.56396484375], [424.6416931152344, 825.00244140625, 712.5947265625, 1200.6776123046875], [229.388427734375, 50.648136138916016, 596.0579833984375, 523.0176429748535], [274.04180908203125, 922.1138305664062, 393.7176818847656, 1200.6826171875], [312.6224670410156, 564.6093139648438, 374.64935302734375, 679.0281982421875], [355, 837, 431, 1195], [552.8876953125, 131.7306671142578, 697.4847412109375, 226.0957489013672], [131.8411865234375, 128.765380859375, 221.47055053710938, 210.4068145751953], [53.1890754699707, 361.42822265625, 193.41920852661133, 487.6608581542969], [540.0961303710938, 586.8451538085938, 681.5936279296875, 683.7477416992188], [70.33856201171875, 587.7247314453125, 213.50741577148438, 678.2281494140625], [582.2777099609375, 783.916259765625, 708.71533203125, 839.5384521484375], [580.8294067382812, 881.4586181640625, 714.4034423828125, 974.5460205078125], [411.4595031738281, 1036.772705078125, 505.29571533203125, 1127.87939453125], [163.86045837402344, 794.919677734375, 260.24951171875, 874.755859375], [34.031253814697266, 825.5133666992188, 148.30499649047852, 882.7197875976562], [2.3853063583374023, -0.29865503311157227, 720.0580444335938, 532.2568969726562], [-1.5043973922729492, 558.8372192382812, 719.1682739257812, 725.6686401367188], [426.4115295410156, 741.6824340820312, 719.9491577148438, 1198.58203125], [273.15277099609375, 742.4157104492188, 429.8358459472656, 1196.43798828125], [5.649137496948242, 746.76416015625, 271.2415466308594, 1197.636474609375], [236, 215, 271, 244], [590, 982, 612, 1001], [515, 1047, 535, 1071], [206, 575, 290, 608], [498, 619, 526, 647], [206, 901, 228, 949]], "labels": [0, 0, 0, 0, 0, 0, 0, 0, 0, 0, 0, 1, 1, 1, 1, 1, 1, 1, 1, 1, 1, 2, 2, 2, 2, 2, 3, 3, 3, 3, 3, 3], "image_id": 965}, "character_clusters": [0, 1, 2, 3, 1, 4, 4, 5, 6, 7, 8], "text_char_matches": [[1, 7], [3, 1], [4, 9], [5, 6], [6, 6], [7, 6], [8, 4], [9, 5]], "text_tail_matches": [[1, 0], [3, 4], [4, 3], [5, 1], [6, 1], [7, 2], [8, 5]], "text_classification": [1, 1, 1, 1, 1, 1, 1, 1, 1, 1], "character_names": ["none", "none", "none", "none", "none", "none", "none", "none", "none", "none", "Kido Sh\u016bkan"]}