{"bbox_annotations": {"bboxes_as_x1y1x2y2": [[537.5087280273438, 447.8699951171875, 640.6788330078125, 637.5533447265625], [170.46762084960938, 804.51806640625, 793.7714538574219, 1179.3614501953125], [105.62303161621094, 67.7849349975586, 250.76405334472656, 317.09606170654297], [136.19155883789062, 266.7734375, 294.99212646484375, 411.9156494140625], [522.7501831054688, 209.24249267578125, 759.0350341796875, 408.7840270996094], [433.2228698730469, 445.8846740722656, 648.4827270507812, 770.4342651367188], [79.1681900024414, 526.5774536132812, 263.09058380126953, 768.2923583984375], [535.695068359375, 609.5604248046875, 654.670166015625, 770.4461669921875], [195.49185180664062, 66.46385192871094, 476.7240905761719, 409.72434997558594], [264.4290771484375, 456.6744689941406, 355.80657958984375, 720.0528564453125], [315, 638, 424, 770], [613.9978637695312, 125.5394515991211, 739.2671508789062, 184.38397216796875], [360.8922119140625, 117.57403564453125, 464.79168701171875, 189.5066680908203], [304.9958801269531, 305.69891357421875, 409.39990234375, 382.8531799316406], [106.13813781738281, 217.728515625, 138.49468994140625, 236.67027282714844], [118.71272277832031, 356.0836181640625, 148.3727264404297, 375.5336608886719], [667.8724365234375, 463.048095703125, 748.1665649414062, 549.2627563476562], [678.0906982421875, 616.266845703125, 746.5626220703125, 688.7229614257812], [437.5088806152344, 605.9205322265625, 531.2537841796875, 707.3174438476562], [360.4533996582031, 532.6636962890625, 423.3186340332031, 674.5263671875], [273.1559143066406, 574.4635620117188, 323.21368408203125, 642.2066040039062], [276.57696533203125, 731.8953857421875, 308.7562255859375, 758.8981323242188], [192.49810791015625, 457, 259.6764221191406, 544.1027221679688], [81.30523681640625, 463.90582275390625, 156.6785125732422, 532.6893310546875], [111.96530151367188, 939.9006958007812, 160.3252716064453, 970.5260620117188], [483.7339782714844, 63.24528884887695, 770.5489501953125, 417.1572570800781], [76.48451232910156, 62.11604309082031, 477.46630859375, 419.3255310058594], [431.70294189453125, 441.0531311035156, 769.7010498046875, 774.3444213867188], [261.9385986328125, 439.24688720703125, 428.618896484375, 776.1929321289062], [76.94642639160156, 436.88262939453125, 265.729736328125, 777.9321899414062], [75.44644165039062, 797.5000610351562, 794.4660034179688, 1197.5601806640625], [647, 677, 669, 695], [132, 179, 149, 199], [731, 178, 786, 202], [296, 252, 320, 283]], "labels": [0, 0, 0, 0, 0, 0, 0, 0, 0, 0, 0, 1, 1, 1, 1, 1, 1, 1, 1, 1, 1, 1, 1, 1, 1, 2, 2, 2, 2, 2, 2, 3, 3, 3, 3], "image_id": 962}, "character_clusters": [0, 1, 2, 1, 1, 2, 1, 1, 0, 2, 1], "text_char_matches": [[0, 8], [2, 8], [4, 3], [3, 2], [5, 5], [7, 5], [6, 7], [8, 9], [10, 9], [11, 9], [12, 9]], "text_tail_matches": [[0, 2], [2, 3], [3, 1], [6, 0]], "text_classification": [1, 1, 1, 1, 1, 1, 1, 1, 1, 0, 1, 1, 1, 0], "character_names": ["Kunoichi Yuzuriha", "Gabimaru", "Yamada Asaemon Sagiri", "Gabimaru", "Gabimaru", "Yamada Asaemon Sagiri", "Gabimaru", "Gabimaru", "Kunoichi Yuzuriha", "Yamada Asaemon Sagiri", "Gabimaru"]}