{"bbox_annotations": {"bboxes_as_x1y1x2y2": [[652.501220703125, 781.4555053710938, 768.7067260742188, 871.3265380859375], [76.11628723144531, 796.3672485351562, 139.40280151367188, 873.9517211914062], [294.47039794921875, 917.1663818359375, 473.3829345703125, 1071.0201416015625], [328.2137145996094, 800.7967529296875, 398.66741943359375, 872.1642456054688], [696.912109375, 465.8192443847656, 799.3598022460938, 748.6792602539062], [551.3313598632812, 786.9857788085938, 624.4154663085938, 869.932861328125], [413.1630554199219, 782.9700927734375, 495.8329772949219, 870.3418579101562], [221.92657470703125, 786.039794921875, 319.9561767578125, 872.2261352539062], [80.64305877685547, 121.13066864013672, 596.629997253418, 740.1855392456055], [468, 125, 760, 520], [569.3262329101562, 506.3196716308594, 735.6590576171875, 656.3480834960938], [130.0935821533203, 679.872802734375, 255.12026977539062, 814.5191650390625], [615.440185546875, 936.245849609375, 736.2911376953125, 1046.4334716796875], [479.1304016113281, 1002.114501953125, 586.6822509765625, 1090.2840576171875], [114.62452697753906, 955.0759887695312, 259.57757568359375, 1084.9874267578125], [66.63155364990234, -2.1454453468322754, 796.7811279296875, 751.3707275390625], [31.85765838623047, 772.0908203125, 778.4028930664062, 876.1276245117188], [71.81148529052734, 898.67822265625, 767.1502075195312, 1129.531982421875]], "labels": [0, 0, 0, 0, 0, 0, 0, 0, 0, 0, 1, 1, 1, 1, 1, 2, 2, 2], "image_id": 964}, "character_clusters": [0, 1, 2, 3, 4, 5, 6, 7, 8, 9], "text_char_matches": [[0, 9], [1, 9], [2, 9], [3, 9], [4, 9]], "text_tail_matches": [], "text_classification": [1, 1, 1, 1, 1], "character_names": ["Kido Sh\u016bkan", "none", "none", "Nikimaru", "none", "none", "none", "none", "none", "none"]}