{"bbox_annotations": {"bboxes_as_x1y1x2y2": [[314.1817932128906, 800.9212036132812, 614.2264404296875, 1200.0758056640625], [2.261078357696533, 107.5444564819336, 178.30778551101685, 577.415641784668], [376.54693603515625, 318.9399108886719, 509.59716796875, 576.809814453125], [7.170557975769043, 860.7291259765625, 354.4749402999878, 1197.157470703125], [123.73442840576172, 232.9272003173828, 369.7428512573242, 576.8517608642578], [605.888427734375, 369.5845031738281, 719.8217163085938, 546.33984375], [515.4349365234375, 223.8294677734375, 698.9267578125, 578.3444213867188], [375.0776062011719, 105.48430633544922, 505.93939208984375, 568.338005065918], [307.56689453125, 617.9431762695312, 489.5926818847656, 764.3557739257812], [395.6261291503906, 104.3384017944336, 504.8916015625, 346.2215805053711], [3.4263253211975098, 932.6218872070312, 185.15554285049438, 1199.04345703125], [605.9243774414062, 83.66187286376953, 710.3194580078125, 217.04901885986328], [684.3702392578125, 358.0835266113281, 722.1700439453125, 417.1126403808594], [443.69793701171875, 79.34709930419922, 499.1846923828125, 100.96775817871094], [376.9315490722656, 201.8775634765625, 469.789306640625, 294.192626953125], [388.3699951171875, 497.0517272949219, 441.5914001464844, 519.9933471679688], [290.3578186035156, 126.65414428710938, 345.24725341796875, 148.0966339111328], [273.10101318359375, 265.8453674316406, 350.7438049316406, 326.4077453613281], [168.45574951171875, 464.70843505859375, 240.36622619628906, 555.2239990234375], [71.42231750488281, 485.40673828125, 128.698486328125, 515.8912963867188], [562.3052368164062, 636.828857421875, 708.3480834960938, 745.1167602539062], [36.35082244873047, 637.7940673828125, 209.4231185913086, 744.9878540039062], [536.710693359375, 842.1071166992188, 675.3865966796875, 1017.8131103515625], [508.7182922363281, -0.949019193649292, 723.9548950195312, 581.9747924804688], [369.95172119140625, -1.3073623180389404, 510.23388671875, 579.861328125], [0.9358048439025879, 3.560364246368408, 374.5903625488281, 585.967529296875], [-0.9255647659301758, 603.26220703125, 723.3536987304688, 768.6810913085938], [-4.966378211975098, 789.0398559570312, 720.6209106445312, 1199.400146484375], [240, 709, 271, 728], [287, 330, 307, 354], [70, 401, 94, 439], [499, 666, 539, 694], [674, 827, 698, 856], [304, 176, 325, 202], [442, 507, 462, 533]], "labels": [0, 0, 0, 0, 0, 0, 0, 0, 0, 0, 0, 1, 1, 1, 1, 1, 1, 1, 1, 1, 1, 1, 1, 2, 2, 2, 2, 2, 3, 3, 3, 3, 3, 3, 3], "image_id": 959}, "character_clusters": [0, 1, 2, 3, 2, 4, 4, 1, 5, 1, 6], "text_char_matches": [[0, 9], [2, 9], [3, 9], [4, 2], [7, 4], [8, 1], [6, 4], [5, 4], [9, 8], [10, 8], [11, 8]], "text_tail_matches": [[5, 5], [6, 1], [4, 6], [8, 2], [9, 3], [10, 0], [11, 4]], "text_classification": [1, 0, 1, 1, 1, 1, 1, 1, 1, 1, 1, 1], "character_names": ["none", "Yamada Asaemon Sagiri", "Gabimaru", "none", "Gabimaru", "none", "none", "Yamada Asaemon Sagiri", "none", "Yamada Asaemon Sagiri", "none"]}