{"bbox_annotations": {"bboxes_as_x1y1x2y2": [[40.249610900878906, 687.992919921875, 633.6491470336914, 1130.5897216796875], [128.1768341064453, 68.65219116210938, 314.1785583496094, 397.04302978515625], [565.9744262695312, 480.6755065917969, 648.0, 630.0], [34.842918395996094, 430.5841064453125, 228.21212005615234, 670.7959594726562], [514.9165649414062, 240.72976684570312, 687.0674438476562, 389.42034912109375], [431.9936218261719, 107, 571.17724609375, 275.75738525390625], [596, 563, 705, 644], [575.0690307617188, 100.4046859741211, 672.70166015625, 157.99876403808594], [417.1719665527344, 306.72686767578125, 526.7333984375, 365.6689453125], [287.209228515625, 119.2254409790039, 396.6455383300781, 161.80755615234375], [454.1719055175781, 561.01513671875, 549.4146118164062, 620.1633911132812], [75.97219848632812, 767.8880615234375, 216.80746459960938, 900.2452392578125], [414.8861999511719, 63.88655471801758, 716.049072265625, 396.81915283203125], [28.367019653320312, 63.85588836669922, 415.1956481933594, 399.7674560546875], [234.88587951660156, 418.578857421875, 718.486572265625, 675.4147338867188], [23.129093170166016, 420.2359619140625, 232.4636993408203, 675.9661865234375], [21.14095687866211, 693.238037109375, 723.0658569335938, 1141.954833984375]], "labels": [0, 0, 0, 0, 0, 0, 0, 1, 1, 1, 1, 1, 2, 2, 2, 2, 2], "image_id": 983}, "character_clusters": [0, 0, 1, 0, 2, 3, 0], "text_char_matches": [[1, 4], [0, 4], [3, 6], [4, 0]], "text_tail_matches": [], "text_classification": [1, 1, 1, 1, 1], "character_names": ["Yamada Asaemon Sagiri", "Yamada Asaemon Sagiri", "none", "Yamada Asaemon Sagiri", "none", "none", "Yamada Asaemon Sagiri"]}