{"bbox_annotations": {"bboxes_as_x1y1x2y2": [[123.08675384521484, 598.9622192382812, 302.4848861694336, 815.4960327148438], [32.577980041503906, 237.27037048339844, 372.26929473876953, 536.8973846435547], [138.62123107910156, 856.5578002929688, 211.45069885253906, 957.49267578125], [268.36309814453125, 996.1908569335938, 448.6252746582031, 1198.3897705078125], [97.77482604980469, 64.72758483886719, 191.7650146484375, 204.82675170898438], [164.80288696289062, 77.33570861816406, 280.857421875, 204.85897827148438], [541.8550415039062, 730.5459594726562, 770.3815307617188, 988.2008056640625], [1.4170169830322266, 995.8365478515625, 254.96575355529785, 1177.0341796875], [263.255615234375, 76.7606201171875, 318.8067321777344, 157.904296875], [52.74697494506836, 85.99369812011719, 118.82033920288086, 152.8405303955078], [18.402177810668945, 261.8698425292969, 129.34446907043457, 311.5741271972656], [7.7615556716918945, 737.314697265625, 143.48119068145752, 902.4466552734375], [320.72955322265625, 5.433046817779541, 765.7372436523438, 1205.0999755859375], [5.699312686920166, 0.9353309869766235, 337.72869873046875, 212.33314514160156], [-2.3514628410339355, 233.56488037109375, 387.336669921875, 570.5361938476562], [2.0990371704101562, 594.4298095703125, 413.7044982910156, 825.193359375], [264.7791442871094, 983.0406494140625, 462.1267395019531, 1196.98876953125], [-0.08525848388671875, 990.2434692382812, 257.0745849609375, 1181.586181640625]], "labels": [0, 0, 0, 0, 0, 0, 0, 0, 1, 1, 1, 1, 2, 2, 2, 2, 2, 2], "image_id": 997}, "character_clusters": [0, 1, 1, 0, 2, 3, 4, 1], "text_char_matches": [[0, 5], [1, 4], [2, 4], [3, 0]], "text_tail_matches": [], "text_classification": [1, 1, 1, 1], "character_names": ["Yamada Asaemon Sagiri", "Gabimaru", "Gabimaru", "Yamada Asaemon Sagiri", "none", "none", "none", "Gabimaru"]}