{"bbox_annotations": {"bboxes_as_x1y1x2y2": [[422.9638977050781, 930.0471801757812, 552.9217529296875, 1199.7545166015625], [357.01580810546875, 849.0222778320312, 453.7552795410156, 1038.10302734375], [354.9511413574219, 850.3079833984375, 461.98028564453125, 1190.9049072265625], [118.41754913330078, 806.757568359375, 278.7578811645508, 1036.2657470703125], [103.93502807617188, 1.1733412742614746, 794.8999938964844, 770.6035170555115], [569.0262451171875, 816.9846801757812, 797.249267578125, 1200.427490234375], [744, 894, 769.2125244140625, 920.0106811523438], [447.9352111816406, 843.8031005859375, 548.6002807617188, 885.271728515625], [487, 926, 514, 948], [506, 956, 527, 974], [360.58306884765625, 1050.26708984375, 452.4831237792969, 1166.370361328125], [255.90374755859375, 856.2603149414062, 317.69818115234375, 888.9602661132812], [229, 1078.7586669921875, 263.05926513671875, 1102.0], [75.96602630615234, 1.0810017585754395, 795.9501953125, 772.7295532226562], [556.5452880859375, 798.7727661132812, 797.4641723632812, 1199.484619140625], [349.69781494140625, 798.2556762695312, 559.0322875976562, 1199.906982421875], [76.42355346679688, 802.014404296875, 345.1307678222656, 1195.143798828125], [430, 888, 454, 909], [383, 998, 403, 1024]], "labels": [0, 0, 0, 0, 0, 0, 1, 1, 1, 1, 1, 1, 1, 2, 2, 2, 2, 3, 3], "image_id": 1000}, "character_clusters": [0, 1, 1, 0, 0, 0], "text_char_matches": [[1, 1], [4, 1], [5, 3]], "text_tail_matches": [[1, 0], [4, 1]], "text_classification": [1, 1, 0, 0, 1, 1, 0], "character_names": ["Yamada Asaemon Sagiri", "Yamada Asaemon Eizen", "Yamada Asaemon Eizen", "Yamada Asaemon Sagiri", "Yamada Asaemon Sagiri", "Yamada Asaemon Sagiri"]}