{"bbox_annotations": {"bboxes_as_x1y1x2y2": [[497.97344970703125, 924.9169921875, 796.6221923828125, 1199.1121826171875], [110.25350189208984, 613.6950073242188, 509.3382797241211, 862.1968994140625], [182.62757873535156, 246.7419891357422, 341.9781188964844, 470.1601257324219], [180.8979949951172, 98.48175811767578, 668.9114227294922, 630.3410720825195], [78.38823699951172, 81.1868896484375, 209.87731170654297, 538.97509765625], [129.58148193359375, 875.2470703125, 570.69091796875, 1198.52978515625], [484.00006103515625, 653.9673461914062, 675.505615234375, 842.0482788085938], [181.22779846191406, 68.9582290649414, 251.0243682861328, 102.68780517578125], [600.1007690429688, 589.5859375, 649.2567749023438, 618.760986328125], [721.5178833007812, 696.72509765625, 791.8268432617188, 722.1566162109375], [732.5636596679688, 1007.6266479492188, 781.37890625, 1043.82177734375], [73.34730529785156, -3.260064125061035, 798.2279663085938, 648.6199340820312], [79.2348861694336, 602.1233520507812, 795.2904052734375, 861.4671020507812], [76.89242553710938, 851.575439453125, 804.2343139648438, 1198.6744384765625]], "labels": [0, 0, 0, 0, 0, 0, 0, 1, 1, 1, 1, 2, 2, 2], "image_id": 994}, "character_clusters": [0, 1, 2, 3, 4, 3, 3], "text_char_matches": [], "text_tail_matches": [], "text_classification": [0, 0, 0, 0], "character_names": ["none", "none", "none", "Gabimaru", "none", "Gabimaru", "Gabimaru"]}