{"bbox_annotations": {"bboxes_as_x1y1x2y2": [[111, 4, 719, 1167], [1, 497, 524, 1193], [628.775390625, 783.6416015625, 678.0128173828125, 815.0587768554688], [0.005125999450683594, -3.878653049468994, 718.6528930664062, 1195.943359375]], "labels": [0, 0, 1, 2], "image_id": 995}, "character_clusters": [0, 1], "text_char_matches": [], "text_tail_matches": [], "text_classification": [0], "character_names": ["Gabimaru", "none"]}