{"bbox_annotations": {"bboxes_as_x1y1x2y2": [[356.5273742675781, 957.0682983398438, 579.8196411132812, 1200.3878173828125], [576.6103515625, 268.9619445800781, 728.2655639648438, 458.15289306640625], [74.3559341430664, 979.4493408203125, 414.60572052001953, 1198.400390625], [105.79454040527344, 124.79016876220703, 295.40386962890625, 360.92655181884766], [689.6881103515625, 408.760009765625, 780.7962646484375, 466.99932861328125], [431.0401306152344, 224.26052856445312, 570.1748657226562, 460.6974792480469], [578.732421875, 71.16674041748047, 771.7413940429688, 334.9233932495117], [311.2973937988281, 51.90144348144531, 413.4491882324219, 463.88563537597656], [169.34518432617188, 497.2917175292969, 805.0004577636719, 908.2559204101562], [653.5504760742188, 215.9915313720703, 750.8967895507812, 251.5728302001953], [672.4573364257812, 382.2895202636719, 714.9625244140625, 422.0320739746094], [440.9759521484375, 92.80268096923828, 566.439453125, 206.22377014160156], [193.6937255859375, 61.684139251708984, 298.83111572265625, 101.93318939208984], [88.92759704589844, 279.1274108886719, 209.42259216308594, 430.75726318359375], [631.6220703125, 1001.1598510742188, 675.5758666992188, 1023.5595092773438], [398.2688293457031, 1044.0845947265625, 438.61810302734375, 1104.7265625], [124.19924926757812, 977.7312622070312, 221.41481018066406, 1000.353271484375], [574.32421875, 0.7951855659484863, 792.9431762695312, 466.20391845703125], [422.2994384765625, 0.564265251159668, 574.340087890625, 467.7624816894531], [311.0984191894531, -4.25180196762085, 414.2081604003906, 466.4366455078125], [75.5571517944336, -4.5845746994018555, 309.4922180175781, 465.9480285644531], [78.07595825195312, 490.09539794921875, 803.3626708984375, 914.9049072265625], [80.33683013916016, 942.296142578125, 803.289306640625, 1199.4383544921875], [582, 1009, 607, 1028], [643, 410, 665, 431], [496, 222, 531, 277], [707, 151, 736, 177], [360, 1072, 397, 1103]], "labels": [0, 0, 0, 0, 0, 0, 0, 0, 0, 1, 1, 1, 1, 1, 1, 1, 1, 2, 2, 2, 2, 2, 2, 3, 3, 3, 3, 3], "image_id": 960}, "character_clusters": [0, 1, 1, 1, 2, 1, 0, 0, 1], "text_char_matches": [[3, 7], [4, 7], [2, 5], [1, 1], [0, 6], [5, 0], [6, 2], [7, 0]], "text_tail_matches": [[0, 3], [1, 1], [2, 2], [5, 0], [6, 4]], "text_classification": [1, 1, 1, 1, 1, 1, 1, 1], "character_names": ["Yamada Asaemon Sagiri", "Adachi Matagoro", "Adachi Matagoro", "Adachi Matagoro", "none", "Adachi Matagoro", "Yamada Asaemon Sagiri", "Yamada Asaemon Sagiri", "Adachi Matagoro"]}