{"bbox_annotations": {"bboxes_as_x1y1x2y2": [[976.8241577148438, 659.0277099609375, 1096.221923828125, 1000.1167602539062], [61.25, 1121.75, 843.5, 2098.25], [1.715242862701416, 5.031761646270752, 1401.1932373046875, 2104.464599609375]], "labels": [0, 1, 2], "image_id": 289}, "character_clusters": [0], "text_char_matches": [], "text_tail_matches": [], "text_classification": [0], "character_names": ["Y\u016bma Kuga"]}