{"bbox_annotations": {"bboxes_as_x1y1x2y2": [[304.0268249511719, 1003.8487548828125, 982.1442565917969, 2098.103759765625], [212.32032775878906, 215.03225708007812, 407.985107421875, 462.5039367675781], [986.8053588867188, 694.75, 1108.8392333984375, 899.9617919921875], [682.0193481445312, 133.628662109375, 1032.468505859375, 435.2873229980469], [-3.448979616165161, 1286.6712646484375, 274.80102038383484, 1937.830322265625], [169.10678100585938, 522.3953247070312, 564.5833740234375, 984.5298461914062], [995.75, 946.75, 1275.75, 1645.0], [1011.0692749023438, 196.24327087402344, 1186.717041015625, 340.3876953125], [446.2115783691406, 208.82322692871094, 595.749267578125, 341.5449523925781], [250.37799072265625, 138.15870666503906, 318.29986572265625, 207.17738342285156], [128.0380859375, 252.889892578125, 205.7395477294922, 322.8361511230469], [1071.01806640625, 522.1508178710938, 1238.901611328125, 643.3756103515625], [588, 493.5, 946.75, 953.75], [580.0996704101562, 591.1657104492188, 764.0939331054688, 712.6528930664062], [987.3333740234375, 1187.46142578125, 1194.3802490234375, 1268.537353515625], [93.98755645751953, 618.1533813476562, 253.60639190673828, 776.8153076171875], [624.7642211914062, 1608.9600830078125, 938.231689453125, 1932.518310546875], [117.41992950439453, 1171.197265625, 230.02212524414062, 1308.3673095703125], [415.0209655761719, 4.180325508117676, 1279.7335205078125, 439.8192138671875], [109.11876678466797, -2.1891095638275146, 419.18023681640625, 479.37518310546875], [542.5068969726562, 468.2484130859375, 1284.936279296875, 939.7578735351562], [963.4639892578125, 950.7607421875, 1278.39453125, 2105.2119140625], [2.33842134475708, 507.70941162109375, 571.0659790039062, 1008.4603881835938], [258.0123291015625, 971.4353637695312, 988.0728759765625, 2097.18212890625], [1.6612424850463867, 1044.1810302734375, 279.5664367675781, 1936.375732421875], [197, 338, 235, 372], [965, 281, 1009, 323], [599, 302, 642, 341], [263, 785, 307, 824], [1087, 680, 1122, 716], [763, 697, 813, 734]], "labels": [0, 0, 0, 0, 0, 0, 0, 1, 1, 1, 1, 1, 1, 1, 1, 1, 1, 1, 2, 2, 2, 2, 2, 2, 2, 3, 3, 3, 3, 3, 3], "image_id": 279}, "character_clusters": [0, 1, 1, 0, 0, 1, 0], "text_char_matches": [[1, 3], [0, 3], [3, 1], [4, 2], [6, 2], [8, 5], [9, 0], [7, 6]], "text_tail_matches": [[0, 1], [1, 2], [3, 0], [4, 4], [6, 5], [8, 3]], "text_classification": [1, 1, 1, 1, 1, 0, 1, 1, 1, 1, 0], "character_names": ["Osamu Mikumo", "Y\u016bma Kuga", "Y\u016bma Kuga", "Osamu Mikumo", "Osamu Mikumo", "Y\u016bma Kuga", "Osamu Mikumo"]}