{"bbox_annotations": {"bboxes_as_x1y1x2y2": [[858.2020263671875, 302.3154602050781, 1127.880615234375, 578.5709228515625], [730.3801879882812, 1064.3299560546875, 1398.5732421875, 1981.0], [941.5, 210, 1351.0, 1067.5], [793.0174560546875, 684.9532470703125, 889.23095703125, 1104.5948486328125], [659.2335205078125, 1364.11376953125, 941.2906494140625, 1460.96240234375], [647.5, 1617, 932.75, 2037], [7, 392, 631.75, 2094.75], [383.4939270019531, 9.951183319091797, 1399.9189453125, 2107.005859375], [-4.167610168457031, 18.82377815246582, 633.4813232421875, 2116.55322265625], [914, 1518, 985, 1577]], "labels": [0, 0, 1, 1, 1, 1, 1, 2, 2, 3], "image_id": 288}, "character_clusters": [0, 0], "text_char_matches": [[2, 1], [1, 1]], "text_tail_matches": [[2, 0], [1, 0]], "text_classification": [0, 1, 1, 0, 0], "character_names": ["Y\u016bma Kuga", "Y\u016bma Kuga"]}