{"bbox_annotations": {"bboxes_as_x1y1x2y2": [[820.4572143554688, 1544.9976806640625, 1279.7171630859375, 1931.9649658203125], [367.5, 786.1439819335938, 1198.7025146484375, 1407.368896484375], [601.3338012695312, 1526, 747.0853271484375, 1883.6872558593752], [376.7112731933594, 1804.42822265625, 455.2359313964844, 1995.5682373046875], [372.9576416015625, 1972.25, 463.9016418457031, 2096.362060546875], [269.87030029296875, 1767.546630859375, 365.3907775878906, 1985.71923828125], [737.1090087890625, 1483.8212890625, 980.5010986328125, 1889.332275390625], [668.1133422851562, 324.96783447265625, 821.2078247070312, 678.901123046875], [481.5967102050781, 1589.5992431640625, 572.1066284179688, 1892.6121826171875], [784.7109375, 429.32012939453125, 1059.0799560546875, 676.3883056640625], [491.9208068847656, 1707.2799072265625, 744.5502319335938, 1925.467529296875], [-0.7513731718063354, 1683.6275634765625, 371.3619691133499, 2098.7333984375], [65.3173828125, 979.0652465820312, 270.7196960449219, 1405.5093994140625], [1069.531982421875, 148.36045837402344, 1175.0303955078125, 336.6927490234375], [846.8701171875, 219.18234252929688, 1035.2489013671875, 384.58154296875], [421.7447204589844, 445.139404296875, 553.3280029296875, 622.0716552734375], [65.56139373779297, 188.41043090820312, 240.3142318725586, 361.3882751464844], [99.41278076171875, 552.4779052734375, 248.7705841064453, 664.1439819335938], [1012.6341552734375, 829.8978881835938, 1194.3465576171875, 954.0056762695312], [332.2818603515625, 829.5, 529.4779663085938, 1015.4735107421876], [180.8272705078125, 826.528076171875, 242.90513610839844, 869.8037719726562], [1090.546875, 1562.7861328125, 1194.5836181640625, 1597.767822265625], [44.442596435546875, 1561.335205078125, 185.91397094726562, 1624.485107421875], [353.1738586425781, 0.5738407373428345, 1275.6246337890625, 686.90478515625], [-2.4872689247131348, 166.12965393066406, 340.169677734375, 694.7925415039062], [290.6801452636719, 737.4754028320312, 1277.292724609375, 1410.1348876953125], [-0.791187584400177, 741.4296264648438, 273.7297668457031, 1406.8050537109375], [487.1855163574219, 1461.5731201171875, 1278.1885986328125, 1933.7318115234375], [-0.8132487535476685, 1462.8896484375, 460.2416687011719, 2089.149169921875], [196, 915, 230, 962], [826, 372, 863, 408], [1136, 1671, 1167, 1710], [1033, 1015, 1068, 1051], [589, 591, 632, 622], [113, 1709, 144, 1755], [519, 1044, 556, 1082]], "labels": [0, 0, 0, 0, 0, 0, 0, 0, 0, 0, 0, 0, 0, 1, 1, 1, 1, 1, 1, 1, 1, 1, 1, 2, 2, 2, 2, 2, 2, 3, 3, 3, 3, 3, 3, 3], "image_id": 267}, "character_clusters": [0, 1, 2, 1, 3, 0, 0, 0, 4, 1, 0, 5, 0], "text_char_matches": [[1, 7], [2, 9], [0, 7], [3, 7], [4, 9], [5, 1], [6, 1], [7, 12], [8, 0], [9, 11]], "text_tail_matches": [[0, 1], [1, 1], [2, 4], [5, 3], [6, 6], [7, 0], [8, 2], [9, 5]], "text_classification": [1, 1, 1, 1, 1, 1, 1, 1, 1, 1], "character_names": ["Osamu Mikumo", "Y\u016bma Kuga", "Bit\u014d", "Y\u016bma Kuga", "none", "Osamu Mikumo", "Osamu Mikumo", "Osamu Mikumo", "Sh\u012bhara", "Y\u016bma Kuga", "Osamu Mikumo", "Eida", "Osamu Mikumo"]}