{"bbox_annotations": {"bboxes_as_x1y1x2y2": [[691.0838623046875, 1870.4832763671875, 953.4116821289062, 2104.765625], [1230.4974365234375, 1204.1973876953125, 1396.458251953125, 1609.19189453125], [896.8482666015625, 1745.7896728515625, 1038.685546875, 2072.593505859375], [279.106201171875, 1753.5, 546.7870483398438, 2087.368896484375], [117.25, 1813, 228.70533752441403, 2097.825439453125], [539.5911865234375, 1736.4794921875, 656.0472412109375, 2091.875244140625], [557.2022705078125, 275.43890380859375, 859.0889282226562, 1197.029541015625], [1004.086669921875, 1296.99560546875, 1253.46875, 1611.78076171875], [1176.7100830078125, 336.68426513671875, 1287.735107421875, 861.9277954101562], [1108.5882568359375, 1835.9111328125, 1290.538330078125, 2104.19775390625], [363.1368103027344, 1255.5960693359375, 667.7701416015625, 1613.9517822265625], [547.5693969726562, 1738.6441650390625, 657.286865234375, 2084.923095703125], [979.109375, 325.27001953125, 1124.517578125, 442.2965087890625], [798, 301, 950.25, 509.25], [247.1095428466797, 291.4332275390625, 430.70281982421875, 554.2169799804688], [858.6985473632812, 1255.5692138671875, 998.9979858398438, 1403.2509765625], [964.3218994140625, 1474.833984375, 1018.3404541015625, 1608.4730224609375], [650.00634765625, 1276.7757568359375, 802.5037841796875, 1389.1248779296875], [183.7035675048828, 1258.955078125, 350.627197265625, 1452.74365234375], [1156.9461669921875, 1724.21435546875, 1285.2667236328125, 1795.0875244140625], [692.7826538085938, 1810.74072265625, 813.344970703125, 1926.48974609375], [111.45331573486328, -9.254050254821777, 1324.932373046875, 1148.4261474609375], [842.6919555664062, 1180.36865234375, 1393.3651123046875, 1622.8287353515625], [116.06657409667969, 1183.296630859375, 827.7767333984375, 1623.354248046875], [668.9053955078125, 1676.0653076171875, 1280.6064453125, 2106.65576171875], [115.89905548095703, 1674.9749755859375, 651.7100219726562, 2103.570556640625], [936, 470, 978, 504], [364, 1409, 398, 1440], [975, 1395, 1012, 1428], [453, 464, 490, 495], [621, 1390, 657, 1419], [772, 1962, 806, 2001], [1217, 1822, 1244, 1863]], "labels": [0, 0, 0, 0, 0, 0, 0, 0, 0, 0, 0, 0, 1, 1, 1, 1, 1, 1, 1, 1, 1, 2, 2, 2, 2, 2, 3, 3, 3, 3, 3, 3, 3], "image_id": 256}, "character_clusters": [0, 1, 2, 3, 4, 5, 6, 6, 1, 7, 8, 5], "text_char_matches": [[0, 6], [2, 6], [3, 7], [5, 10], [6, 10], [7, 9], [8, 0]], "text_tail_matches": [[0, 0], [2, 3], [3, 2], [5, 4], [6, 1], [7, 6], [8, 5]], "text_classification": [1, 0, 1, 1, 0, 1, 1, 1, 1], "character_names": ["none", "Moribayashi", "Osamu Mikumo", "Eida", "Sh\u012bhara", "Bit\u014d", "Y\u016bma Kuga", "Y\u016bma Kuga", "Moribayashi", "none", "Mizunuma", "Bit\u014d"]}