{"bbox_annotations": {"bboxes_as_x1y1x2y2": [[672, 327.25, 1405.0618896484375, 2106.12194108963], [241.7507781982422, 664.9954833984375, 597.0166473388672, 946.3591918945312], [233.5664520263672, 205.88275146484375, 534.4454803466797, 497.9335021972656], [126, 1003.8923950195312, 521.5, 1471.75], [1129.68603515625, 109.12815856933594, 1294.9139404296875, 1030.4608001708984], [68.25, 82.25, 353.5, 885.5], [630.029541015625, 1331.1246337890625, 817.9094848632812, 1886.6578369140625], [217.9008026123047, 1334.7799072265625, 461.05743408203125, 1920.86279296875], [121.20448303222656, 173.6697540283203, 549.6818237304688, 611.9343872070312], [113.88423919677734, -9.111920356750488, 1397.084716796875, 2090.60302734375], [102.1896743774414, 637.4868774414062, 598.1098022460938, 958.140625]], "labels": [0, 0, 0, 0, 1, 1, 1, 1, 2, 2, 2], "image_id": 280}, "character_clusters": [0, 1, 0, 0], "text_char_matches": [[0, 0], [2, 0]], "text_tail_matches": [], "text_classification": [0, 0, 0, 0], "character_names": ["Osamu Mikumo", "Y\u016bma Kuga", "Osamu Mikumo", "Osamu Mikumo"]}