{"bbox_annotations": {"bboxes_as_x1y1x2y2": [[646.563720703125, 1541.0994873046875, 885.5546264648438, 1939.0], [308.2838134765625, 1546.8857421875, 498.7466125488281, 1907.251953125], [1042.68017578125, 1544.669921875, 1390.2666015625, 1935.51416015625], [911.75, 96.25, 1377.25, 1006.25], [610.75, 1480.5, 960.75, 1834.0], [504, 1641.5, 591.5, 1816.5], [500.5, 1841, 670.25, 2007.25], [260.75, 1942.5, 484.75, 2091.25], [112.08171081542969, -9.709104537963867, 1390.72412109375, 1473.803955078125], [900.703857421875, 1533.98388671875, 1394.8472900390625, 1943.67919921875], [655.2739868164062, 1529.36962890625, 890.34716796875, 1938.6746826171875], [117.46891784667969, 1536.0189208984375, 669.7732543945312, 2096.87060546875]], "labels": [0, 0, 0, 1, 1, 1, 1, 1, 2, 2, 2, 2], "image_id": 290}, "character_clusters": [0, 1, 0], "text_char_matches": [], "text_tail_matches": [], "text_classification": [0, 0, 0, 0, 0], "character_names": ["Osamu Mikumo", "Y\u016bma Kuga", "Osamu Mikumo"]}