{"bbox_annotations": {"bboxes_as_x1y1x2y2": [[392, 1437.3704833984375, 489.583984375, 1825.3609619140625], [142.14010620117188, 203.28219604492188, 1405.8377380371094, 1185.1680603027344], [517.7422485351562, 1323.630615234375, 1135.75, 1665.1595458984375], [229.31588745117188, 1537.7738037109375, 436.4263916015625, 1923.0474853515625], [950.25, 1243.6683349609375, 1130.31103515625, 1550.534912109375], [118.97998809814453, 1544.9259033203125, 264.4872817993164, 1924.37109375], [1069.151611328125, 274.5514831542969, 1313.5159912109375, 779.3143920898438], [819.8402099609375, 1729.34814453125, 1271.772705078125, 2096.294189453125], [820.75, 1.75, 1209.25, 686.0], [475.5804748535156, 934.6619873046875, 606.6163330078125, 1038.364013671875], [127.75, 794.5, 402.5, 1123.5], [1069.920166015625, 1330.0860595703125, 1176.1719970703125, 1418.3463134765625], [698.25, 1237.25, 982.5051879882812, 1709.75], [578.4916381835938, 1744.088134765625, 831.51025390625, 2036.16552734375], [540.6959228515625, 1832.5111083984375, 686.0492553710938, 2068.91162109375], [394.05462646484375, 1328.447509765625, 470.363037109375, 1391.79736328125], [156.96937561035156, 1339.5208740234375, 301.8614196777344, 1454.587158203125], [126.66636657714844, 5.415719985961914, 1393.5897216796875, 1177.818359375], [506.31890869140625, 1238.0367431640625, 1292.5738525390625, 1678.1220703125], [505.0450744628906, 1722.6751708984375, 1299.1080322265625, 2095.83544921875], [122.6081771850586, 1236.315185546875, 486.4830017089844, 1934.517822265625], [183, 1494, 223, 1539], [439, 1421, 471, 1464], [1034, 1304, 1065, 1338]], "labels": [0, 0, 0, 0, 0, 0, 0, 0, 1, 1, 1, 1, 1, 1, 1, 1, 1, 2, 2, 2, 2, 3, 3, 3], "image_id": 264}, "character_clusters": [1, 0, 0, 0, 1, 2, 3, 4], "text_char_matches": [[3, 4], [8, 5], [7, 0], [1, 1]], "text_tail_matches": [[3, 2], [7, 1], [8, 0]], "text_classification": [0, 1, 0, 1, 0, 0, 0, 1, 1], "character_names": ["Bit\u014d", "Eida", "Eida", "Eida", "Bit\u014d", "Sh\u012bhara", "Y\u016bma Kuga", "Osamu Mikumo"]}