{"bbox_annotations": {"bboxes_as_x1y1x2y2": [[650.4296875, 1073.474853515625, 1257.5167236328125, 1315.9161376953125], [1202.6849365234375, 1442.1646728515625, 1280.3336181640625, 1598.0947265625], [668.5, 1575.3203125, 745.0265502929688, 1599.5], [737.9951782226562, 1453.321044921875, 876.2996215820312, 1598.481201171875], [894.6820068359375, 1517.8541259765625, 1000.1280517578125, 1600.25390625], [339.4252014160156, 106.51964569091797, 1096.9161682128906, 1003.5418014526367], [756.2103881835938, 1667.3597412109375, 1258.849365234375, 2100.22265625], [63, 1071, 519.1336069107056, 1928.5], [1002.7849731445312, 1401.912841796875, 1187.1890869140625, 1599.357666015625], [5.25, 1470, 367.5, 1921.5], [1036.41748046875, 284.9961853027344, 1154.8367919921875, 336.5084228515625], [329.7231750488281, 466.1901550292969, 434.9613952636719, 682.4920654296875], [90.9489517211914, 245.12933349609375, 303.19937896728516, 420.0], [572.4609985351562, 1137.5, 662.861572265625, 1197.8785400390625], [931, 1417.5, 994, 1513.75], [650.45361328125, 1475.25, 728.0, 1556.4758300781248], [1146.9986572265625, 1778.8115234375, 1265.3345947265625, 1820.7586669921875], [574.69482421875, 1762.25, 817.2356567382812, 1847.30322265625], [0, 1065.75, 215.25, 1599.5], [-8.913588523864746, -1.8008484840393066, 1283.806884765625, 1004.83935546875], [548.5245971679688, 1055.379150390625, 1282.81640625, 1325.9285888671875], [544.1563720703125, 1373.7078857421875, 1285.0533447265625, 1613.8758544921875], [548.1871337890625, 1664.7698974609375, 1291.1929931640625, 2100.701904296875], [0.7199138402938843, 1058.07861328125, 518.9594116210938, 1926.37841796875], [999, 397, 1041, 435], [323, 391, 368, 428], [662, 1208, 699, 1242]], "labels": [0, 0, 0, 0, 0, 0, 0, 0, 0, 0, 1, 1, 1, 1, 1, 1, 1, 1, 1, 2, 2, 2, 2, 2, 3, 3, 3], "image_id": 265}, "character_clusters": [0, 1, 2, 3, 4, 5, 6, 5, 7, 0], "text_char_matches": [[2, 5], [0, 5], [7, 6], [6, 6], [3, 0]], "text_tail_matches": [[0, 0], [2, 1], [3, 2]], "text_classification": [1, 0, 1, 1, 0, 0, 1, 1, 0], "character_names": ["Eida", "none", "none", "none", "none", "Y\u016bma Kuga", "Osamu Mikumo", "Y\u016bma Kuga", "none", "Eida"]}