{"bbox_annotations": {"bboxes_as_x1y1x2y2": [[242.8059844970703, 225.75, 467.7978515625, 524.3497314453125], [239.2574005126953, 1449, 490.90826416015625, 1927.0355224609375], [1025.774658203125, 233.89242553710938, 1273.5743408203125, 425.5615539550781], [391.1957092285156, 547.4315185546875, 1002.0921936035156, 1272.0626220703125], [624.75, 238.09701538085938, 962.5, 525.0901489257812], [663.25, 1685.25, 1275.75, 2098.25], [668.5, 1342.25, 1079.75, 1611.75], [1127.0096435546875, 376.1463928222656, 1229.3587646484375, 463.1416320800781], [986.3131103515625, 426.1811218261719, 1107.1182861328125, 513.22216796875], [684.5586547851562, 173.62547302246094, 787.734130859375, 263.1810302734375], [533.51318359375, 217.33609008789062, 661.299560546875, 383.2884826660156], [346.4900207519531, 208.99046325683594, 474.8480224609375, 321.30584716796875], [117.46688842773438, 211.2495574951172, 278.3350524902344, 323.35003662109375], [1030.1546630859375, 805.2274780273438, 1175.208740234375, 892.1635131835938], [95.11628723144531, 827.2649536132812, 293.0783386230469, 903.7206420898438], [1074.8424072265625, 1377.719482421875, 1214.0284423828125, 1493.9517822265625], [1028.05224609375, 1510.76953125, 1081.6561279296875, 1614.9317626953125], [1115.64306640625, 1807.874267578125, 1248.0274658203125, 1946.8843994140625], [694.7069702148438, 1739.18505859375, 839.6751708984375, 1879.7579345703125], [127.92185974121094, 1403.2999267578125, 221.59255981445312, 1440.0091552734375], [68.13563537597656, 1662.790283203125, 206.6649169921875, 1777.3148193359375], [500.7447814941406, -2.394059181213379, 1279.2445068359375, 539.9149780273438], [107.21035766601562, -3.210134744644165, 484.1951904296875, 537.1160278320312], [1.3839185237884521, 578.5350952148438, 1280.3160400390625, 1277.7662353515625], [659.0225830078125, 1328.6666259765625, 1281.280029296875, 1625.8797607421875], [654.5164184570312, 1670.6805419921875, 1290.968017578125, 2094.5078125], [-3.48295259475708, 1329.224853515625, 638.1383666992188, 2092.53564453125], [178, 393, 217, 435], [218, 1433, 255, 1464], [209, 1643, 244, 1674], [1058, 1885, 1093, 1918], [1035, 1376, 1068, 1407], [1234, 334, 1270, 366], [402, 364, 436, 409], [295, 928, 329, 958], [699, 1935, 730, 1971], [685, 328, 727, 376], [981, 943, 1021, 981]], "labels": [0, 0, 0, 0, 0, 0, 0, 1, 1, 1, 1, 1, 1, 1, 1, 1, 1, 1, 1, 1, 1, 2, 2, 2, 2, 2, 2, 3, 3, 3, 3, 3, 3, 3, 3, 3, 3, 3], "image_id": 253}, "character_clusters": [0, 1, 0, 1, 2, 1, 1], "text_char_matches": [[0, 2], [1, 2], [2, 4], [3, 4], [4, 0], [5, 0], [6, 3], [7, 3], [8, 6], [12, 1], [13, 1], [11, 5]], "text_tail_matches": [[0, 5], [1, 5], [3, 9], [2, 9], [4, 6], [5, 0], [6, 10], [7, 7], [8, 4], [10, 3], [11, 8], [12, 1], [13, 2]], "text_classification": [1, 1, 1, 1, 1, 1, 1, 1, 1, 0, 1, 1, 1, 1], "character_names": ["none", "Y\u016bma Kuga", "none", "Y\u016bma Kuga", "none", "Y\u016bma Kuga", "Y\u016bma Kuga"]}