{"bbox_annotations": {"bboxes_as_x1y1x2y2": [[753.4952392578125, 1680.1971435546875, 945.400146484375, 1925.5906982421875], [436.3475646972656, 657.0197143554688, 975.8180236816406, 1393.8245849609375], [85.75, 1460.3150634765625, 598.7580490112305, 1927.4310302734375], [1003.9271850585938, 243.61187744140625, 1277.639404296875, 584.0958862304688], [229.7899932861328, 48.356109619140625, 646.4481353759766, 585.1477355957031], [1070.9837646484375, 1705.834716796875, 1276.4217529296875, 1924.274658203125], [770.0711669921875, 361.0594482421875, 926.8920288085938, 582.8971557617188], [1102.055908203125, 180.76234436035156, 1244.091796875, 275.8292236328125], [728.1542358398438, 161.3321533203125, 863.7947387695312, 313.59710693359375], [520.3084106445312, 184.26455688476562, 657.8093872070312, 279.27215576171875], [134.00682067871094, 186.08026123046875, 296.682373046875, 287.0], [86.33065032958984, 373.3992919921875, 173.71876525878906, 468.84442138671875], [937.6804809570312, 733.25, 1106.2052001953125, 900.7709350585936], [154, 1055.25, 356.1300964355469, 1304.7906494140625], [1149.94384765625, 1505.386962890625, 1268.8812255859375, 1664.0223388671875], [1034.5799560546875, 1611.43359375, 1135.69384765625, 1710.3721923828125], [629.0468139648438, 1536.5, 708.2723999023438, 1615.6226806640625], [77.41542053222656, 1571.819091796875, 242.4879913330078, 1692.3763427734375], [692.6387939453125, 0.08039027452468872, 1279.781494140625, 597.7896118164062], [3.3766417503356934, 5.50559139251709, 680.1029052734375, 592.3504638671875], [-3.3621013164520264, 647.569580078125, 1276.9771728515625, 1399.0125732421875], [743.6677856445312, 1446.5416259765625, 1278.04833984375, 1931.3016357421875], [-1.0205507278442383, 1448.8990478515625, 724.4861450195312, 1932.089111328125], [185, 1777, 227, 1819], [878, 265, 923, 304], [605, 1649, 641, 1688], [1192, 1714, 1224, 1760], [272, 323, 310, 363], [508, 324, 548, 365], [1141, 319, 1174, 361]], "labels": [0, 0, 0, 0, 0, 0, 0, 1, 1, 1, 1, 1, 1, 1, 1, 1, 1, 1, 2, 2, 2, 2, 2, 3, 3, 3, 3, 3, 3, 3], "image_id": 293}, "character_clusters": [0, 1, 0, 0, 2, 2, 2], "text_char_matches": [[0, 3], [1, 3], [2, 4], [3, 4], [4, 4], [7, 5], [8, 5], [9, 2], [10, 2], [6, 1], [5, 1]], "text_tail_matches": [[0, 6], [1, 1], [2, 5], [3, 4], [4, 4], [7, 3], [8, 3], [9, 2], [10, 0]], "text_classification": [1, 1, 1, 1, 1, 1, 1, 1, 1, 1, 1], "character_names": ["Osamu Mikumo", "Y\u016bgo Kuga", "Osamu Mikumo", "Osamu Mikumo", "Y\u016bma Kuga", "Y\u016bma Kuga", "Y\u016bma Kuga"]}