{"bbox_annotations": {"bboxes_as_x1y1x2y2": [[701.1527099609375, 1038.1331787109375, 1036.21826171875, 2105.89208984375], [315.2031555175781, 882.29931640625, 412.3502197265625, 1140.829833984375], [48.49301528930664, 1100.9130859375, 394.02157974243164, 2096.402587890625], [597.6688232421875, 843.5608520507812, 775.4937133789062, 1086.55859375], [424.0837707519531, 1373.4383544921875, 763.1472778320312, 2113.170166015625], [-3.252906322479248, 1287.572021484375, 148.45659685134888, 1926.8187255859375], [703.1132202148438, 997.7352294921875, 810.8026123046875, 1207.0606689453125], [832.876708984375, 924.2291259765625, 1387.11767578125, 2106.6513671875], [680.2166748046875, 1116.8380126953125, 944.1075439453125, 2092.336181640625], [424.1976318359375, 972.0762939453125, 515.8941650390625, 1168.966064453125], [341.03912353515625, 1168.33056640625, 575.4558715820312, 2066.458740234375], [792.9963989257812, 891.5179443359375, 854.977783203125, 1014.0112915039062], [927.481201171875, 189.4029541015625, 1223.2674560546875, 461.9831237792969], [202.3436737060547, 201.92520141601562, 472.08921813964844, 487.4737243652344], [1064.7193603515625, 1551.17041015625, 1240.79638671875, 1726.571044921875], [171.1402587890625, 1459.8486328125, 422.9944152832031, 1801.997314453125], [-4.739844799041748, 6.764674186706543, 1394.1422119140625, 2105.684326171875]], "labels": [0, 0, 0, 0, 0, 0, 0, 0, 0, 0, 0, 0, 1, 1, 1, 1, 2], "image_id": 247}, "character_clusters": [0, 1, 2, 3, 4, 5, 6, 7, 8, 9, 10, 11], "text_char_matches": [], "text_tail_matches": [], "text_classification": [1, 1, 1, 1], "character_names": ["none", "none", "none", "none", "none", "none", "none", "Y\u016bichi Jin", "none", "none", "Takumi Rind\u014d", "none"]}