{"bbox_annotations": {"bboxes_as_x1y1x2y2": [[720.6005249023438, 1471.678955078125, 874.341552734375, 1606.1844482421875], [118.59609985351562, 1349.4871826171875, 447.8830871582031, 2096.24609375], [406.7239685058594, 1470.647705078125, 913.3436889648438, 2098.050537109375], [949.4281005859375, 1522.2384033203125, 1381.1451416015625, 2099.824462890625], [0, 7, 1396.5, 901.25], [273.8701171875, 1303.75, 457.7942810058594, 1352.553955078125], [307.4837646484375, 1731.47705078125, 485.999267578125, 1781.947998046875], [-2.8165698051452637, -3.3812732696533203, 1393.5992431640625, 1346.6177978515625], [957.3382568359375, 1387.1314697265625, 1400.649169921875, 2091.8115234375], [406.9129333496094, 1340.120849609375, 1017.2618408203125, 2094.021728515625], [118.74007415771484, 1326.0538330078125, 466.34332275390625, 2101.74951171875], [392, 1560, 425, 1612]], "labels": [0, 0, 0, 0, 1, 1, 1, 2, 2, 2, 2, 3], "image_id": 286}, "character_clusters": [0, 0, 1, 2], "text_char_matches": [[2, 1]], "text_tail_matches": [[2, 0]], "text_classification": [0, 0, 1], "character_names": ["Y\u016bma Kuga", "Y\u016bma Kuga", "Bamster", "Osamu Mikumo"]}