{"bbox_annotations": {"bboxes_as_x1y1x2y2": [[229.25, 1629.25, 1002.75, 2099.51416015625], [423.00543212890625, 307.1817932128906, 1088.914306640625, 1725.5], [197.75, 1688.75, 281.75, 1760.5], [826, 5.25, 1319.5, 1008.0], [0, 833, 441, 1480.5], [355.25, 1445.5, 1144.5, 2098.25], [-5.9767303466796875, 28.2872371673584, 1323.34326171875, 1636.4281005859375], [-3.1283676624298096, 1566.204345703125, 1321.59765625, 2096.82080078125]], "labels": [0, 0, 0, 1, 1, 1, 2, 2], "image_id": 281}, "character_clusters": [0, 1, 2], "text_char_matches": [], "text_tail_matches": [], "text_classification": [0, 0, 0], "character_names": ["Bamster", "Osamu Mikumo", "Eida"]}