{"bbox_annotations": {"bboxes_as_x1y1x2y2": [[663.5513305664062, 1488.260498046875, 920.933349609375, 1934.44482421875], [52.32033157348633, 95.37109375, 1000.7497138977051, 1192.8741455078125], [687.79931640625, 690.7532348632812, 818.1353759765625, 782.123291015625], [899.5, 511, 1398.25, 946.75], [1008, 1310.75, 1281, 1732.5], [896.9342651367188, 1431.08642578125, 1113.3140869140625, 1485.5438232421875], [42, 1590.75, 509.25, 2087.75], [-6.8833770751953125, 4.175099849700928, 1387.007568359375, 1257.8160400390625], [-5.152153968811035, 1227.2874755859375, 1288.68408203125, 2089.754150390625], [871, 1509, 916, 1554]], "labels": [0, 0, 0, 1, 1, 1, 1, 2, 2, 3], "image_id": 287}, "character_clusters": [0, 1, 0], "text_char_matches": [[2, 0]], "text_tail_matches": [[2, 0]], "text_classification": [0, 0, 1, 0], "character_names": ["Y\u016bma Kuga", "Bamster", "Y\u016bma Kuga"]}