{"bbox_annotations": {"bboxes_as_x1y1x2y2": [[114.3204345703125, 386.6152648925781, 481.41815185546875, 616.2420654296875], [783.815673828125, 96.77745056152344, 1227.76025390625, 561.4023895263672], [124.25, 636.8419799804688, 893.16162109375, 971.6073608398438], [313.4759521484375, 984.5137939453125, 1283.7371826171875, 1983.15771484375], [302.0513610839844, 118.73920440673828, 582.7808837890625, 323.43265533447266], [453.25, 204.75, 593.25, 294.0], [1151.5, 586.25, 1391.25, 787.5], [1193.983642578125, 127.75, 1401.6260986328125, 581.0], [708.6287231445312, 262.12713623046875, 831.9390869140625, 306.1717529296875], [177.8202667236328, 235.90908813476562, 299.47430419921875, 272.78948974609375], [1037.2958984375, 568.75, 1252.0711669921875, 880.382568359375], [942.9841918945312, 624.75, 1081.9671630859375, 770.2032470703125], [445.8255310058594, 424.98394775390625, 605.7643432617188, 511.1505126953125], [761.25, 589.75, 887.25, 719.25], [110.25, 799.75, 385.0, 980.0], [1198.75, 845.25, 1399.2928466796875, 1164.121337890625], [995.7061157226562, 1100.83056640625, 1170.37646484375, 1289.3084716796875], [777, 899.5, 988.75, 1135.75], [120.75, 1625.75, 528.5, 2113.476318359375], [631.98046875, -2.6899919509887695, 1400.713623046875, 562.519287109375], [116.05416107177734, 1.6725964546203613, 641.38232421875, 345.4414367675781], [916.32470703125, 563.2106323242188, 1403.992431640625, 872.3998413085938], [119.299560546875, 356.3289489746094, 674.50390625, 618.3237915039062], [111.15011596679688, 592.535400390625, 922.0902099609375, 979.5897216796875], [111.86091613769531, 806.6832885742188, 1394.04345703125, 2101.628173828125], [410, 459, 453, 494], [830, 313, 882, 357], [284, 243, 320, 276]], "labels": [0, 0, 0, 0, 0, 0, 0, 1, 1, 1, 1, 1, 1, 1, 1, 1, 1, 1, 1, 2, 2, 2, 2, 2, 2, 3, 3, 3], "image_id": 284}, "character_clusters": [0, 1, 0, 0, 0, 2, 2], "text_char_matches": [[2, 4], [5, 0], [1, 1], [4, 6], [9, 6]], "text_tail_matches": [[1, 1], [2, 2], [5, 0]], "text_classification": [0, 1, 1, 0, 1, 1, 0, 0, 0, 1, 0, 0], "character_names": ["Y\u016bma Kuga", "Osamu Mikumo", "Y\u016bma Kuga", "Y\u016bma Kuga", "Y\u016bma Kuga", "Replica", "Replica"]}