{"bbox_annotations": {"bboxes_as_x1y1x2y2": [[488.78729248046875, 1302.6539306640625, 947.723876953125, 2101.226806640625], [979.2945556640625, 1287.2960205078125, 1276.3538818359375, 1617.584716796875], [70.34166717529297, 292.20843505859375, 598.050163269043, 1214.2645263671875], [2.4930477142333984, 1306.601806640625, 436.3981685638428, 2097.006103515625], [990.4390869140625, 1765.75, 1258.25, 2098.32373046875], [747.25, 470.75, 1225.0, 1212.75], [815.5, 35.44828414916992, 1276.878662109375, 246.75], [1145.9920654296875, 294.6285400390625, 1242.252197265625, 339.3921203613281], [661.0282592773438, 262.8179016113281, 794.7508544921875, 406.82958984375], [3.5, 92.75, 563.5, 337.75], [477.7792663574219, 295.7528991699219, 564.5174560546875, 336.9775085449219], [63.84944152832031, 268.9329833984375, 184.1595916748047, 423.7274169921875], [1141, 1694, 1249.5, 1779.75], [811.0093994140625, 1321.3646240234375, 915.3630981445312, 1472.838623046875], [475.86383056640625, 1765.75, 625.1974487304688, 1876.668701171875], [314.6012268066406, 1361.5, 423.624755859375, 1414.6434326171875], [44.11391067504883, 1391.25, 184.46680068969727, 1437.547119140625], [29.96706771850586, 1777.5390625, 167.3958396911621, 1881.398681640625], [625.7650146484375, -2.971217155456543, 1276.7081298828125, 1221.9373779296875], [-4.16879940032959, -11.401963233947754, 600.593994140625, 1221.793701171875], [975.3070068359375, 1272.1180419921875, 1278.6279296875, 1626.938720703125], [972.0469360351562, 1670.9449462890625, 1269.33349609375, 2102.85986328125], [449.0911865234375, 1276.392822265625, 955.5035400390625, 2098.380126953125], [2.211394786834717, 1276.6553955078125, 436.6466064453125, 2094.400390625], [322, 1478, 356, 1523], [772, 476, 814, 527], [622, 1708, 658, 1744], [830, 1509, 862, 1548], [130, 1522, 166, 1572], [1133, 411, 1173, 460]], "labels": [0, 0, 0, 0, 0, 0, 1, 1, 1, 1, 1, 1, 1, 1, 1, 1, 1, 1, 2, 2, 2, 2, 2, 2, 3, 3, 3, 3, 3, 3], "image_id": 291}, "character_clusters": [0, 0, 1, 2, 0, 2], "text_char_matches": [[2, 5], [1, 5], [5, 2], [4, 2], [7, 0], [8, 0], [10, 3], [9, 3]], "text_tail_matches": [[1, 5], [2, 1], [7, 3], [8, 2], [9, 0], [10, 4]], "text_classification": [0, 1, 1, 0, 1, 1, 0, 1, 1, 1, 1, 0], "character_names": ["Osamu Mikumo", "Osamu Mikumo", "Y\u016bichi Jin", "Y\u016bma Kuga", "Osamu Mikumo", "Y\u016bma Kuga"]}