{"bbox_annotations": {"bboxes_as_x1y1x2y2": [[605.7603149414062, 1522.6126708984375, 895.7933959960938, 1932.0855712890625], [400.7370910644531, 1850.357666015625, 462.751953125, 1931.0118408203125], [298.4291076660156, 1870.1407470703125, 352.6709899902344, 1931.037353515625], [1043.2379150390625, 1780.0965576171875, 1262.234130859375, 2093.607177734375], [459.57818603515625, 1808.4954833984375, 574.75341796875, 1932.0157470703125], [1321.01318359375, 1121.0438232421875, 1402.697021484375, 1510.410888671875], [1152.091064453125, 1193.5, 1288.4617919921875, 1524.5108642578125], [95.27438354492188, 1806.8646240234375, 275.8724365234375, 1930.7318115234375], [218.75, 136.5, 736.75, 847.0], [981.5546875, 670.6380004882812, 1146.063232421875, 779.0734252929688], [866.0941772460938, 1012.8812255859375, 1183.7705078125, 1404.270263671875], [1130.9801025390625, 1631, 1256.737060546875, 1705.2780761718752], [918.6970825195312, 1666, 1027.7176513671875, 1763.2593994140627], [140.82882690429688, 72.81820678710938, 248.95875549316406, 178.39382934570312], [489.09906005859375, 656.9237060546875, 724.1434326171875, 734.5557861328125], [654.0807495117188, 880.2879638671875, 827.2437133789062, 1295.2626953125], [42.771297454833984, 1042.7711181640625, 183.75922775268555, 1317.051025390625], [76.00037384033203, 1504.48876953125, 339.34622955322266, 1637.5086669921875], [782.6045532226562, 4.23712158203125, 1400.9625244140625, 1539.4521484375], [893.6231079101562, 1576.2193603515625, 1276.615478515625, 2098.228759765625], [95.36456298828125, 152.297119140625, 787.1406860351562, 596.11328125], [-4.881996154785156, 629.4915161132812, 893.5706787109375, 1947.947265625], [998, 1810, 1034, 1875], [1152, 1771, 1193, 1834]], "labels": [0, 0, 0, 0, 0, 0, 0, 0, 0, 1, 1, 1, 1, 1, 1, 1, 1, 1, 2, 2, 2, 2, 3, 3], "image_id": 275}, "character_clusters": [0, 1, 2, 0, 3, 4, 5, 6, 7], "text_char_matches": [[2, 3], [3, 3]], "text_tail_matches": [[2, 1], [3, 0]], "text_classification": [0, 0, 1, 1, 0, 1, 0, 0, 1], "character_names": ["Y\u016bma Kuga", "none", "none", "Y\u016bma Kuga", "none", "none", "none", "Bit\u014d", "none"]}