{"bbox_annotations": {"bboxes_as_x1y1x2y2": [[470.2771301269531, 1462.4534912109375, 650.771484375, 1705.171630859375], [142.4972381591797, 1399.1622314453125, 427.0, 1690.6190185546875], [745.3363037109375, 1281.94580078125, 990.3599243164062, 2101.49951171875], [239.1833953857422, 1814.9969482421875, 433.26751708984375, 2099.370849609375], [666.72998046875, 190.9600372314453, 1402.8929443359375, 1213.304214477539], [1018.4561157226562, 1285.19140625, 1399.994873046875, 2101.579833984375], [119.30463409423828, 33.385650634765625, 622.4572830200195, 1215.6116027832031], [894.9658203125, 191.60910034179688, 951.9312744140625, 254.03953552246094], [755.5488891601562, 317.64703369140625, 869.4468994140625, 395.40130615234375], [536.1787109375, 822.5, 735.082275390625, 1025.243896484375], [1020.4724731445312, 1330.1978759765625, 1165.7991943359375, 1402.9993896484375], [1024.9884033203125, 1558.14697265625, 1125.1907958984375, 2030.85888671875], [792.8256225585938, 1661.2294921875, 876.2315673828125, 1888.0107421875], [921.5040893554688, 1813.0859375, 971.5455932617188, 1849.1943359375], [582.6028442382812, 1322.522705078125, 689.1969604492188, 1437.9544677734375], [411.3454895019531, 1316, 554.067626953125, 1452.8216552734373], [647.3480834960938, 1528.0404052734375, 719.986083984375, 1679.52392578125], [263.1625061035156, 1320.5623779296875, 355.45697021484375, 1358.9215087890625], [163.93740844726562, 1583.75, 322.8453674316406, 1683.4312744140627], [580.590576171875, 1806.3873291015625, 702.5780029296875, 1851.145751953125], [475.91351318359375, 1841.107666015625, 627.6351928710938, 1930.0269775390625], [154.9900665283203, 1807.75, 262.0745849609375, 1855.71875], [635.943359375, -8.184099197387695, 1399.40380859375, 1216.06787109375], [120.09939575195312, -11.23192024230957, 635.9642944335938, 1224.476318359375], [1014.1115112304688, 1276.305419921875, 1397.6773681640625, 2099.326416015625], [737.2345581054688, 1276.290283203125, 993.1948852539062, 2094.663818359375], [119.55284118652344, 1272.5843505859375, 726.3135375976562, 1714.9324951171875], [126.94257354736328, 1761.567138671875, 722.4373168945312, 2095.4111328125], [241, 1846, 275, 1885], [877, 437, 916, 483], [534, 1101, 576, 1144], [517, 1447, 554, 1485], [306, 1549, 344, 1592], [333, 1368, 365, 1401], [911, 1675, 944, 1723]], "labels": [0, 0, 0, 0, 0, 0, 0, 1, 1, 1, 1, 1, 1, 1, 1, 1, 1, 1, 1, 1, 1, 1, 2, 2, 2, 2, 2, 2, 3, 3, 3, 3, 3, 3, 3], "image_id": 260}, "character_clusters": [0, 1, 0, 2, 3, 0, 3], "text_char_matches": [[1, 4], [2, 6], [7, 0], [8, 0], [10, 1], [11, 1], [12, 1], [13, 1], [14, 3], [0, 4], [3, 5], [6, 2]], "text_tail_matches": [[0, 1], [1, 1], [2, 2], [7, 3], [8, 3], [10, 5], [11, 4], [14, 0], [6, 6]], "text_classification": [1, 1, 1, 1, 0, 0, 1, 1, 1, 0, 1, 1, 1, 1, 1], "character_names": ["Moribayashi", "Mizunuma", "Moribayashi", "Osamu Mikumo", "Y\u016bma Kuga", "Moribayashi", "Y\u016bma Kuga"]}