{"bbox_annotations": {"bboxes_as_x1y1x2y2": [[1182.566650390625, 1156.75, 1402.34521484375, 1931.2764892578123], [253.45924377441406, 838.2373046875, 481.47314453125, 1080.3115234375], [647.7108154296875, 1167.0849609375, 1090.155517578125, 2101.4423828125], [120.1224594116211, 1240.75, 454.47652435302734, 1931.61083984375], [327.4861145019531, 279.4874572753906, 736.8075561523438, 538.0762329101562], [538.00048828125, 758.8933715820312, 800.0562133789062, 1084.57080078125], [671.6544189453125, 126.45905303955078, 1064.68603515625, 535.9802932739258], [1107.62255859375, 175.1881561279297, 1255.0552978515625, 364.60467529296875], [952.9996948242188, 244.20652770996094, 1084.7208251953125, 380.80364990234375], [207.54901123046875, 245.9101104736328, 310.4633483886719, 286.7723388671875], [1197.671142578125, 668.3844604492188, 1320.0850830078125, 755.7402954101562], [973.9762573242188, 642.3251342773438, 1165.5059814453125, 982.5249633789062], [872.6246948242188, 657.9332275390625, 986.5732421875, 743.8965454101562], [884.9765014648438, 958.7722778320312, 967.5990600585938, 1023.2189331054688], [658.5501708984375, 702.1129150390625, 787.9949340820312, 765.36669921875], [175.1284637451172, 645.2803344726562, 363.8934631347656, 810.3902587890625], [198.86083984375, 854.8973388671875, 257.40264892578125, 991.5525512695312], [1129.9571533203125, 1209.5516357421875, 1293.11767578125, 1377.97607421875], [1073.1644287109375, 1555.3203125, 1174.8558349609375, 1655.8443603515625], [1150.6376953125, 1606.3917236328125, 1327.3455810546875, 1933.1197509765625], [517.7230224609375, 1233.75, 676.6796875, 1381.7664794921875], [119.54254150390625, -0.16879141330718994, 1294.1600341796875, 543.709716796875], [823.7868041992188, 592.1433715820312, 1402.2525634765625, 1090.2322998046875], [122.86981964111328, 596.8250122070312, 806.1775512695312, 1091.814208984375], [1098.4554443359375, 1135.6490478515625, 1400.01953125, 1937.560302734375], [467.4844970703125, 1139.579833984375, 1090.599609375, 2095.717041015625], [120.28166961669922, 1144.4078369140625, 451.178955078125, 1939.143798828125], [301, 301, 337, 337], [917, 189, 960, 224], [376, 750, 421, 784], [644, 1439, 681, 1483], [1135, 1460, 1164, 1498], [1289, 1154, 1337, 1202], [672, 829, 707, 866]], "labels": [0, 0, 0, 0, 0, 0, 0, 1, 1, 1, 1, 1, 1, 1, 1, 1, 1, 1, 1, 1, 1, 2, 2, 2, 2, 2, 2, 3, 3, 3, 3, 3, 3, 3], "image_id": 292}, "character_clusters": [0, 0, 0, 1, 0, 1, 1], "text_char_matches": [[0, 6], [1, 6], [2, 4], [7, 5], [8, 5], [13, 2], [10, 0], [11, 0], [3, 4], [5, 6], [6, 4]], "text_tail_matches": [[0, 1], [1, 1], [2, 0], [7, 6], [8, 2], [10, 5], [11, 4], [13, 3]], "text_classification": [1, 1, 1, 1, 0, 1, 1, 1, 1, 0, 1, 1, 0, 1], "character_names": ["Osamu Mikumo", "Osamu Mikumo", "Osamu Mikumo", "Y\u016bma Kuga", "Osamu Mikumo", "Y\u016bma Kuga", "Y\u016bma Kuga"]}