{"bbox_annotations": {"bboxes_as_x1y1x2y2": [[243.59371948242188, 1196.34619140625, 728.3170166015625, 1574.420654296875], [301, 82.37730407714844, 1398.25, 1244.25], [1028.3809814453125, 1266.7779541015625, 1177.6968994140625, 1521.441162109375], [1072.56591796875, 1407.349365234375, 1207.695556640625, 1534.685546875], [290.5, 1636.25, 1302.0, 2021.25], [1065.6304931640625, 264.402587890625, 1334.5057373046875, 488.70904541015625], [719.3757934570312, 85.83745574951172, 898.1463623046875, 363.28844451904297], [731.5, 686, 1246.0, 1205.75], [406.71881103515625, 200.7438507080078, 629.6817016601562, 497.9550323486328], [1202.25830078125, 1339.140380859375, 1321.23388671875, 1390.6636962890625], [651.4038696289062, 1452.5, 845.4623413085938, 1527.0184326171875], [449.75, 1601.25, 1181.25, 2096.5], [281.29608154296875, 1583.3856201171875, 466.8736572265625, 1645.6563720703125], [12.549779891967773, 363.7162170410156, 334.7169551849365, 569.4606323242188], [309.6258850097656, 2.3163914680480957, 1393.3616943359375, 1240.9072265625], [879.2609252929688, 1233.8443603515625, 1402.008056640625, 1556.119384765625], [213.19813537597656, 1570.9488525390625, 1398.6455078125, 2094.582275390625], [-1.331472396850586, 23.532852172851562, 373.91387939453125, 2122.62841796875], [1198, 1419, 1234, 1452], [477, 1529, 520, 1577], [612, 1506, 660, 1543]], "labels": [0, 0, 0, 0, 0, 1, 1, 1, 1, 1, 1, 1, 1, 1, 2, 2, 2, 2, 3, 3, 3], "image_id": 276}, "character_clusters": [0, 1, 0, 2, 3], "text_char_matches": [[4, 3], [5, 0], [7, 0]], "text_tail_matches": [[4, 0], [5, 2], [7, 1]], "text_classification": [1, 0, 0, 0, 1, 1, 0, 1, 0], "character_names": ["Osamu Mikumo", "Bamster", "Osamu Mikumo", "Y\u016bma Kuga", "none"]}