{"bbox_annotations": {"bboxes_as_x1y1x2y2": [[441.375, 1560.4713134765625, 1123.4619140625, 1940.6929931640625], [787.5, 670.1533813476562, 1228.5, 1492.75], [1279.25, 413, 1386.0, 579.25], [1021.0482177734375, 300.45635986328125, 1166.956298828125, 542.5989990234375], [537.25, 336, 924.0, 617.75], [246.91561889648438, 594.8115234375, 492.93743896484375, 718.2821044921875], [0, 561.75, 192.5, 908.25], [350.21728515625, 1657.25, 445.14251708984375, 1715.9354248046875], [235.81417846679688, 1758.49853515625, 341.69476318359375, 1846.634521484375], [-6.331753730773926, -5.653855323791504, 1392.8009033203125, 1494.4705810546875], [148.63766479492188, 1549.4287109375, 1396.97802734375, 1943.9775390625], [344, 1830, 391, 1868], [1003, 598, 1039, 642], [499, 766, 550, 809]], "labels": [0, 0, 1, 1, 1, 1, 1, 1, 1, 2, 2, 3, 3, 3], "image_id": 295}, "character_clusters": [0, 1], "text_char_matches": [[1, 1], [3, 1], [6, 0], [5, 0]], "text_tail_matches": [[1, 1], [3, 2], [5, 0], [6, 0]], "text_classification": [0, 1, 0, 1, 0, 1, 1], "character_names": ["Osamu Mikumo", "Y\u016bma Kuga"]}