{"bbox_annotations": {"bboxes_as_x1y1x2y2": [[939.4886474609375, 458.2797546386719, 1332.434326171875, 700.7257080078125], [570.4755859375, 504.71685791015625, 857.898193359375, 651.6286010742188], [134.99618530273438, 482.70703125, 478.6653137207031, 674.9423217773438], [672.0370483398438, 1286.25, 816.4470825195312, 1443.75], [-4.408562183380127, -0.38902759552001953, 1395.0638427734375, 2099.358154296875]], "labels": [1, 1, 1, 1, 2], "image_id": 248}, "character_clusters": [], "text_char_matches": [], "text_tail_matches": [], "text_classification": [1, 1, 1, 0], "character_names": []}