{"bbox_annotations": {"bboxes_as_x1y1x2y2": [[937.4585571289062, 1482.25, 1132.1009521484375, 1756.3787841796875], [157.5, 1375.5, 392.0, 1660.9942626953125], [278.25, 36.75, 911.3958740234375, 796.9194717407228], [1056.292724609375, 260.0324401855469, 1383.551513671875, 693.4437866210938], [1009.75, 103.25, 1398.25, 700.0], [120.75, 929.25, 1398.25, 2098.25], [1200.80126953125, 181.77337646484375, 1324.9854736328125, 258.713134765625], [997.189208984375, 263.5829772949219, 1114.208251953125, 335.9225769042969], [166.66395568847656, 255.102783203125, 302.4457092285156, 809.6676025390625], [826, 759.5, 1391.25, 1683.5], [359.8811950683594, 1758.937744140625, 567.5969848632812, 1893.7921142578125], [947.4581909179688, 1.8693790435791016, 1395.1517333984375, 722.9268188476562], [119.69307708740234, 4.960383415222168, 1016.6701049804688, 837.4019165039062], [112.77973937988281, 732.309326171875, 1393.653076171875, 2089.114990234375], [1236, 288, 1273, 330], [331, 676, 387, 724], [1062, 397, 1102, 440], [343, 1605, 391, 1656]], "labels": [0, 0, 0, 0, 0, 0, 1, 1, 1, 1, 1, 2, 2, 2, 3, 3, 3, 3], "image_id": 282}, "character_clusters": [0, 1, 0, 1, 2, 2], "text_char_matches": [[0, 3], [1, 3], [2, 2], [4, 1]], "text_tail_matches": [[0, 0], [1, 2], [2, 1], [4, 3]], "text_classification": [1, 1, 1, 0, 1], "character_names": ["Osamu Mikumo", "Eida", "Osamu Mikumo", "Eida", "Bamster", "Bamster"]}