{"bbox_annotations": {"bboxes_as_x1y1x2y2": [[0, 836.5, 1177.75, 2082.604736328125], [964.070556640625, 198.01206970214844, 1294.67919921875, 829.1085662841797], [281.4700927734375, 0, 662.0330810546875, 696.219796180725], [0.9368225932121277, 25.488473892211914, 337.4521424174309, 595.8117771148682], [789.25, 356.2995300292969, 976.1389770507812, 671.4738159179688], [668.43212890625, 361.4161682128906, 913.214599609375, 745.3815307617188], [1040.6636962890625, 1373.314697265625, 1238.674560546875, 1633.004638671875], [789.25, 369.25, 852.25, 518.0], [820.3431396484375, 96.25, 993.5174560546875, 247.23585510253903], [961.1948852539062, 656.6762084960938, 1024.7880859375, 727.272705078125], [616.1693725585938, 155.66246032714844, 779.1155395507812, 304.60504150390625], [269.54388427734375, 519.9638671875, 435.193115234375, 600.2674560546875], [116.16205596923828, 484.75, 244.50855255126953, 566.2788696289062], [315, 1382.5, 1293.25, 2098.25], [40.25, 1758.75, 284.8987922668457, 2014.25], [866.2260131835938, -3.6843090057373047, 1289.2840576171875, 830.4454956054688], [285.4236755371094, 5.6192145347595215, 708.3546752929688, 707.524658203125], [-0.3218218684196472, 4.406100273132324, 337.8654479980469, 616.3248291015625], [-4.640584945678711, 646.4734497070312, 1294.3843994140625, 2090.716552734375]], "labels": [0, 0, 0, 0, 0, 0, 0, 0, 1, 1, 1, 1, 1, 1, 1, 2, 2, 2, 2], "image_id": 730}, "character_clusters": [0, 1, 2, 0, 3, 4, 2, 5], "text_char_matches": [[0, 1], [2, 2], [4, 3], [3, 2], [6, 0], [1, 1]], "text_tail_matches": [], "text_classification": [1, 1, 1, 1, 1, 0, 1], "character_names": ["Alvida", "Koby", "Monkey D. Luffy", "Alvida", "Peppoko", "Heppoko", "Monkey D. Luffy", "none"]}