{"bbox_annotations": {"bboxes_as_x1y1x2y2": [[1200.869384765625, 1913.6900634765625, 1262.8955078125, 1986.8978271484375], [1022.44287109375, 74.20205688476562, 1184.6751708984375, 275.3321533203125], [843.7827758789062, 65.58860778808594, 957.7626342773438, 206.16673278808594], [264.255126953125, 1581.076904296875, 677.07275390625, 2100.942138671875], [130.8983917236328, 578.8946533203125, 1408.6953887939453, 1525.3714599609375], [398.7575378417969, 267.3022766113281, 525.4013061523438, 398.0398864746094], [720.6348876953125, 58.13624572753906, 828.1865844726562, 180.20277404785156], [1015.248046875, 1884.3770751953125, 1178.624267578125, 2098.666259765625], [514.5, 57.75, 624.8347778320312, 266.85521697998047], [618.46435546875, 45.5, 729.4096069335938, 257.9280776977539], [1187.037109375, 1863.75, 1400.148681640625, 2097.0769042968755], [577.4073486328125, 174.0605926513672, 1071.76416015625, 401.1023864746094], [740.7670288085938, 1765.3892822265625, 1002.9027099609375, 2096.68603515625], [1117.5450439453125, 1918.197998046875, 1208.0408935546875, 2073.50390625], [357, 255.5, 418.25, 364.0], [1123.5, 47.25, 1200.5, 134.75], [1189.4097900390625, 157.748779296875, 1357.960205078125, 395.5], [349.0645751953125, 143.8015899658203, 502.4615478515625, 203.40573120117188], [120.17301940917969, 180.03115844726562, 348.2558898925781, 341.73553466796875], [1125.9901123046875, 643.4434814453125, 1371.747802734375, 975.6332397460938], [130.4398193359375, 1064, 387.31732177734375, 1423.2568359375], [1153.3370361328125, 1641.5, 1275.6514892578125, 1686.705322265625], [793.2846069335938, 1614.6663818359375, 959.5601196289062, 1737.40087890625], [117.25, 1596.4254150390625, 274.75, 1697.5], [120.75, 1674.75, 269.5, 1795.5], [132.15489196777344, 1916.25, 273.91522216796875, 1957.1188964843748], [107.58966064453125, 1.094985008239746, 1386.447509765625, 563.775146484375], [107.17889404296875, 567.7366943359375, 1396.287109375, 1514.2626953125], [1017.8099975585938, 1569.9542236328125, 1397.1434326171875, 2100.14208984375], [733.6563110351562, 1565.4686279296875, 1002.9545288085938, 2099.2470703125], [117.6420669555664, 1567.694580078125, 722.1127319335938, 2098.065673828125], [257, 1973, 316, 2014], [409, 1255, 475, 1320], [879, 1747, 913, 1793], [1065, 905, 1133, 963], [1193, 1754, 1231, 1803]], "labels": [0, 0, 0, 0, 0, 0, 0, 0, 0, 0, 0, 0, 0, 0, 0, 0, 1, 1, 1, 1, 1, 1, 1, 1, 1, 1, 2, 2, 2, 2, 2, 3, 3, 3, 3, 3], "image_id": 731}, "character_clusters": [0, 1, 2, 3, 4, 5, 6, 7, 8, 9, 6, 10, 4, 11, 12, 13], "text_char_matches": [[3, 4], [4, 4], [6, 12], [9, 3]], "text_tail_matches": [[3, 3], [4, 1], [5, 4], [6, 2], [9, 0]], "text_classification": [1, 1, 1, 1, 1, 1, 0, 0, 0, 1], "character_names": ["none", "none", "none", "Koby", "Monkey D. Luffy", "none", "Poppoko", "Heppoko", "none", "none", "Poppoko", "Alvida", "Monkey D. Luffy", "Peppoko", "none", "none"]}