{"bbox_annotations": {"bboxes_as_x1y1x2y2": [[9.205275535583496, 1635.341064453125, 795.5846700668335, 2100.146728515625], [769.3076782226562, 1593.9881591796875, 1105.78369140625, 2097.06201171875], [291.7839050292969, 172.863525390625, 722.4757080078125, 689.7178955078125], [-0.8088156580924988, 970.0018920898438, 156.0954049229622, 1337.953125], [279.2225646972656, 783.1931762695312, 561.75, 971.25], [677.991455078125, 800.7186889648438, 1048.66357421875, 1321.83544921875], [1158.6910400390625, 378.1223449707031, 1325.9713134765625, 696.8751220703125], [907.5731201171875, 332.5, 1068.018798828125, 700.5185546875], [1153.84033203125, 89.25, 1294.93212890625, 265.39510345458984], [954.2625122070312, 107.75460815429688, 1103.4090576171875, 212.5088653564453], [721.634521484375, 98.96560668945312, 878.89892578125, 241.0107421875], [673.98876953125, 351.90985107421875, 880.6705932617188, 659.8375854492188], [66.79518127441406, 141.75, 314.9918212890625, 322.5244140625], [86.53065490722656, 453.7032470703125, 310.4444274902344, 662.453125], [1111.51806640625, 841.75, 1293.8031005859375, 1151.5], [1181.25, 990.5, 1398.25, 1547.0], [75.25, 749, 882.0, 1624], [1022.1397094726562, 1311.5096435546875, 1185.8624267578125, 1400.919921875], [95.14265441894531, 796.4188232421875, 160.2294921875, 876.80810546875], [967.75, 1625.3978271484375, 1049.9964599609375, 1720.25], [759.4182739257812, 1960, 850.4939575195312, 2044.02294921875], [647.5391845703125, 1674.160888671875, 780.6675415039062, 1823.3399658203125], [65.04930114746094, 1746.5, 244.2711181640625, 2030.751220703125], [890.80126953125, -3.4021451473236084, 1328.843017578125, 712.4132690429688], [4.524761199951172, -0.8858263492584229, 892.2039794921875, 704.2320556640625], [-1.8499672412872314, 749.7759399414062, 1329.6644287109375, 1621.3997802734375], [1000.1485595703125, 1547.175048828125, 1314.9937744140625, 2095.44384765625], [752.3892822265625, 1589.708984375, 1109.3214111328125, 2094.6572265625], [-5.538386344909668, 1608.3441162109375, 808.1508178710938, 2096.722900390625], [622, 1811, 665, 1849], [996, 252, 1031, 296], [233, 1954, 279, 2002], [103, 883, 139, 927]], "labels": [0, 0, 0, 0, 0, 0, 0, 0, 1, 1, 1, 1, 1, 1, 1, 1, 1, 1, 1, 1, 1, 1, 1, 2, 2, 2, 2, 2, 2, 3, 3, 3, 3], "image_id": 726}, "character_clusters": [0, 1, 1, 2, 1, 0, 1, 2], "text_char_matches": [[0, 6], [1, 7], [2, 2], [4, 2], [5, 2], [3, 2], [6, 5], [14, 0], [13, 0], [12, 1], [9, 4], [10, 3]], "text_tail_matches": [[1, 1], [10, 3], [13, 0], [14, 2]], "text_classification": [1, 1, 1, 1, 1, 1, 1, 0, 0, 1, 1, 1, 1, 1, 1], "character_names": ["Alvida", "Koby", "Koby", "Monkey D. Luffy", "Koby", "Alvida", "Koby", "Monkey D. Luffy"]}