{"bbox_annotations": {"bboxes_as_x1y1x2y2": [[765.138916015625, 1009.75, 1038.563720703125, 1314.4549560546875], [448.9380187988281, 1796.9771728515625, 478.77154541015625, 1855.29296875], [363.05499267578125, 1791.2091064453125, 404.639892578125, 1862.15478515625], [440.4596862792969, 999.25, 625.4578247070312, 1302.228271484375], [427, 421.75, 469, 466.0989990234375], [1073.338623046875, 1030.75, 1199.1107177734375, 1297.187255859375], [93.53129577636719, 953.75, 381.1027069091797, 1303.4681396484375], [938.5399169921875, 1637.2210693359375, 1285.456298828125, 1969.051513671875], [325.5, 411.25, 367.5, 463.75], [1130.3525390625, 108.55107879638672, 1291.36376953125, 352.4048080444336], [890.2822875976562, 502.25, 1001.3602905273438, 573.6007080078125], [637, 157.6223602294922, 868.2764892578125, 315.2978210449219], [27.343791961669922, 138.25, 259.8297691345215, 299.5546569824219], [71.6316909790039, 535.5, 164.76710510253906, 584.3668212890625], [1099.7476806640625, 771.75, 1284.6605224609375, 971.3637695312499], [786.9404907226562, 813.75, 1042.531982421875, 918.1629028320312], [571.5997924804688, 808.5, 745.3356323242188, 957.9618530273438], [401.06866455078125, 820.75, 561.5061645507812, 883.8497314453124], [117.25376892089844, 843.5, 308.6195983886719, 920.0313110351562], [1020.4318237304688, 1410.5, 1221.669189453125, 1590.8670654296875], [756.1640625, 1428, 890.8849487304688, 1590.44482421875], [403.4738464355469, 1386, 656.638427734375, 1610.9376220703125], [194.24993896484375, 1443.75, 336.7659606933594, 1544.0936279296873], [54.680809020996094, 1548.75, 169.12310791015625, 1620.34130859375], [45.219242095947266, 1820, 240.34758377075195, 2052.473388671875], [884.9775390625, -2.401663303375244, 1296.4342041015625, 690.1498413085938], [-7.365155220031738, 1.894162654876709, 875.119384765625, 681.87109375], [760.3653564453125, 746.045166015625, 1299.68408203125, 1320.6734619140625], [82.63874053955078, 733.4430541992188, 752.2210693359375, 1310.19384765625], [928.8289184570312, 1347.73779296875, 1300.39794921875, 1975.34423828125], [19.065523147583008, 1361.013671875, 918.065673828125, 2095.65771484375], [303, 1616, 359, 1669], [188, 547, 226, 581], [1157, 1007, 1190, 1044], [921, 1007, 959, 1043], [211, 993, 244, 1036], [1114, 1635, 1152, 1683], [642, 353, 694, 395], [615, 997, 647, 1032], [255, 295, 299, 336]], "labels": [0, 0, 0, 0, 0, 0, 0, 0, 0, 1, 1, 1, 1, 1, 1, 1, 1, 1, 1, 1, 1, 1, 1, 1, 1, 2, 2, 2, 2, 2, 2, 3, 3, 3, 3, 3, 3, 3, 3, 3], "image_id": 732}, "character_clusters": [0, 1, 0, 0, 1, 1, 1, 0, 0], "text_char_matches": [[4, 8], [2, 4], [3, 4], [0, 4], [1, 4], [5, 5], [6, 5], [8, 3], [7, 3], [9, 6], [10, 7], [11, 1], [12, 1], [13, 2], [14, 1]], "text_tail_matches": [[2, 6], [3, 8], [4, 1], [5, 2], [6, 3], [7, 7], [8, 7], [9, 4], [10, 5], [13, 0]], "text_classification": [1, 1, 1, 1, 1, 1, 1, 1, 1, 1, 1, 1, 1, 1, 1, 1], "character_names": ["Monkey D. Luffy", "Koby", "Monkey D. Luffy", "Monkey D. Luffy", "Koby", "Koby", "Koby", "Monkey D. Luffy", "Monkey D. Luffy"]}