{"bbox_annotations": {"bboxes_as_x1y1x2y2": [[56.68053436279297, 247.5225067138672, 987.6606369018555, 832.5754241943359], [371.82012939453125, 1127.7972412109375, 631.6863403320312, 1482.6021728515625], [4.285687446594238, 1095.5, 397.7182741165161, 1486.63427734375], [1024.81396484375, 512.75, 1295.4605712890625, 833.2667236328126], [983.4107055664062, 1265.25, 1068.33154296875, 1473.443115234375], [674.0385131835938, 1188.1934814453125, 1024.6607666015625, 1478.2626953125], [899.0653076171875, 490, 1112.455322265625, 831.1883544921874], [1091.0899658203125, 1186.5, 1293.51416015625, 1480.999755859375], [649.25, 1764, 749.6304931640625, 2058.755859375], [813.75, 1289.75, 966.0, 1473.5], [416.5, 1853.25, 504.0, 1968.75], [1073.2945556640625, 201.26683044433594, 1286.2540283203125, 337.86834716796875], [774.7176513671875, 177.9268035888672, 1031.623291015625, 390.25], [583.9070434570312, 183.84542846679688, 751.7236328125, 370.4001770019531], [29.35453987121582, 251.01771545410156, 217.23987007141113, 389.7694396972656], [80.5, 68.25, 155.75, 147.0], [41.23444747924805, 527.6797485351562, 214.46911239624023, 734.6881103515625], [1050.984130859375, 938, 1284.1177978515625, 1095.3859863281252], [710.4352416992188, 938, 968.7887573242188, 1160.9501953125], [422.2704162597656, 910, 639.554931640625, 1119.5899658203125], [19.99696922302246, 966.8837890625, 186.8620662689209, 1352.75], [830.7529907226562, 1576.75, 987.1245727539062, 1754.8265380859375], [616.2666625976562, 1545.25, 802.5518188476562, 1723.080078125], [336.13629150390625, 1601.178466796875, 462.2539367675781, 1706.9652099609375], [27.424755096435547, 1573.25, 213.4358787536621, 1751.759033203125], [29.508676528930664, 1846.25, 172.7119083404541, 2026.9047851562498], [-4.508531093597412, 151.67311096191406, 1293.47412109375, 838.06884765625], [660.868408203125, 886.31689453125, 1297.457763671875, 1483.467529296875], [-3.22645902633667, 888.9595947265625, 652.488037109375, 1483.659912109375], [1003.4867553710938, 1534.1212158203125, 1301.25927734375, 2099.38818359375], [-4.888838768005371, 1530.2342529296875, 1002.41064453125, 2093.59326171875], [196, 375, 248, 420], [1165, 1159, 1201, 1199], [185, 1745, 236, 1787], [222, 670, 270, 708], [570, 375, 612, 413], [166, 1926, 226, 1975], [800, 1176, 858, 1222], [821, 1772, 861, 1811], [390, 1070, 433, 1110], [692, 1721, 725, 1761], [867, 407, 920, 474], [1171, 383, 1210, 448], [386, 1713, 422, 1759]], "labels": [0, 0, 0, 0, 0, 0, 0, 0, 0, 0, 0, 1, 1, 1, 1, 1, 1, 1, 1, 1, 1, 1, 1, 1, 1, 1, 2, 2, 2, 2, 2, 3, 3, 3, 3, 3, 3, 3, 3, 3, 3, 3, 3, 3], "image_id": 720}, "character_clusters": [0, 1, 0, 2, 2, 3, 3, 4, 5, 0, 6], "text_char_matches": [[0, 3], [1, 6], [2, 0], [3, 0], [5, 0], [9, 2], [6, 7], [7, 5], [8, 2], [11, 8], [10, 8], [13, 10], [14, 10], [12, 10]], "text_tail_matches": [[0, 11], [1, 10], [2, 4], [3, 0], [5, 0], [3, 3], [5, 3], [6, 1], [7, 6], [8, 8], [10, 7], [11, 9], [10, 9], [11, 7], [12, 12], [13, 2], [14, 2], [13, 5], [14, 5]], "text_classification": [1, 1, 1, 1, 0, 1, 1, 1, 1, 1, 1, 1, 0, 1, 1], "character_names": ["Alvida", "none", "Alvida", "Poppoko", "Poppoko", "Heppoko", "Heppoko", "Peppoko", "Koby", "Alvida", "Monkey D. Luffy"]}