{"bbox_annotations": {"bboxes_as_x1y1x2y2": [[775.7658081054688, 1680.8511962890625, 932.028076171875, 1930.177001953125], [461.6698913574219, 999.3072509765625, 950.25, 1317.25], [152.04051208496094, 1680.1221923828125, 438.0489959716797, 1962.710693359375], [269.86456298828125, 191.0418701171875, 820.75, 950.25], [334.2411804199219, 1619.6207275390625, 695.005615234375, 1806.69970703125], [88.0459976196289, 493.291748046875, 301.60633087158203, 752.5903930664062], [888.2320556640625, 1649.671630859375, 1293.92578125, 1952.025634765625], [1122.1878662109375, 243.25, 1283.208251953125, 411.31179809570307], [901.25, 252.65402221679688, 1075.2115478515625, 421.1635437011719], [841.75, 518, 1337.0, 908.25], [845.2464599609375, 851.1879272460938, 916.142822265625, 930.26318359375], [556.8217163085938, 200.1099853515625, 810.7342529296875, 418.08416748046875], [83.45687866210938, 309.892578125, 279.52374267578125, 430.5], [122.5, 77.73841857910156, 199.5, 152.5446014404297], [661.5, 701.75, 811.4995727539062, 935.8276977539062], [101.71170043945312, 787.5, 311.50653076171875, 894.3748168945312], [1006.5868530273438, 1048.25, 1240.1556396484375, 1288.0], [431.7959289550781, 980, 934.30859375, 1178.1907958984375], [126.24800872802734, 1057, 415.68795013427734, 1270.0162353515625], [935.8700561523438, 1382.5, 1286.005126953125, 1663.0919189453125], [725.78564453125, 1396.5, 867.4796142578125, 1597.6796875], [722.75, 1589, 820.75, 1708], [720.1558227539062, 1650.25, 827.75, 1746.5], [430.6584777832031, 1422.75, 684.1083374023438, 1601.0925292968748], [267.75, 1398.25, 453.25, 1512.0], [246.75, 1512, 428.75, 1646.75], [118.47486877441406, 1400, 255.575439453125, 1582.1114501953125], [98, 1623.5711669921875, 243.29375457763672, 1743.0], [828.3277587890625, 140.40115356445312, 1300.7945556640625, 950.2288208007812], [77.80681610107422, 150.63607788085938, 823.4257202148438, 962.3348388671875], [78.3792953491211, 997.3916625976562, 1299.399169921875, 1325.7431640625], [699.173583984375, 1368.1832275390625, 1293.8194580078125, 1960.062255859375], [87.49130249023438, 1372.5570068359375, 693.5338745117188, 1970.613525390625], [450, 1230, 504, 1271], [553, 877, 673, 937], [694, 442, 737, 499], [213, 696, 253, 746], [899, 1188, 954, 1234], [894, 1545, 941, 1593], [771, 1590, 810, 1645]], "labels": [0, 0, 0, 0, 0, 0, 0, 1, 1, 1, 1, 1, 1, 1, 1, 1, 1, 1, 1, 1, 1, 1, 1, 1, 1, 1, 1, 1, 2, 2, 2, 2, 2, 3, 3, 3, 3, 3, 3, 3], "image_id": 714}, "character_clusters": [0, 1, 0, 1, 1, 0, 1], "text_char_matches": [[4, 3], [7, 5], [8, 5], [9, 1], [11, 1], [12, 6], [13, 0], [16, 4], [19, 2]], "text_tail_matches": [[4, 2], [7, 1], [8, 3], [9, 4], [11, 0], [12, 5], [13, 6]], "text_classification": [1, 1, 0, 1, 1, 0, 0, 1, 1, 1, 0, 1, 1, 1, 0, 0, 1, 0, 0, 1, 1], "character_names": ["Koby", "Alvida", "Koby", "Alvida", "Alvida", "Koby", "Alvida"]}