{"bbox_annotations": {"bboxes_as_x1y1x2y2": [[649.25, 329, 869.75, 497.8999938964844], [134.75, 763, 1354.5, 2094.8583374023438], [488.25, 290.5, 715.75, 631.75], [931, 169.75, 1246, 511.0], [1208.5291748046875, 259, 1386.5777587890625, 756.3482055664062], [1378.6199951171875, 346.13128662109375, 1401.6552734375, 761.6265258789062], [1046.96533203125, 412.5163879394531, 1185.5662841796875, 539.6904907226562], [803.25, 451.5, 1198.75, 959.0], [378, 491.75, 668.5, 1013.25], [1144.64599609375, 1212.930908203125, 1357.4544677734375, 1398.8267822265625], [125.1066665649414, 325.3114929199219, 364.4854507446289, 711.4895629882812], [857.5, 1533, 1398.25, 2098.25], [107.36453247070312, 1211, 412.3012390136719, 1473.1236572265625], [133, 1517.25, 561.75, 2098.25], [78.77249908447266, 159.7733154296875, 1402.6983642578125, 2099.73095703125], [1070, 1301, 1121, 1356], [391, 1344, 453, 1402]], "labels": [0, 0, 0, 0, 1, 1, 1, 1, 1, 1, 1, 1, 1, 1, 2, 3, 3], "image_id": 717}, "character_clusters": [0, 0, 1, 2], "text_char_matches": [[2, 3], [6, 0], [5, 1], [8, 1], [0, 0], [9, 1], [7, 1]], "text_tail_matches": [[5, 0], [8, 1]], "text_classification": [0, 0, 1, 0, 0, 1, 1, 0, 1, 0], "character_names": ["Monkey D. Luffy", "Monkey D. Luffy", "Heppoko", "Peppoko"]}