{"bbox_annotations": {"bboxes_as_x1y1x2y2": [[1.1796623468399048, 280.2406921386719, 217.01834642887115, 550.691162109375], [1115.1072998046875, 867.4871215820312, 1292.762939453125, 1186.1365966796875], [562.5781860351562, 890.1144409179688, 789.5587768554688, 1188.9583740234375], [134.008544921875, 91, 481.6079406738281, 531.115852355957], [815.0319213867188, 848.120849609375, 988.75, 1195.5758056640625], [800.8496704101562, 117.25, 1054.6776123046875, 534.051887512207], [984.608154296875, 64.73114776611328, 1297.4654541015625, 543.3767166137695], [524.1292724609375, 862.6077270507812, 665.0327758789062, 1181.119873046875], [363.4965515136719, 82.25, 848.9786376953125, 549.4117279052734], [897.75, 848.75, 1085.0, 1172.5], [971.25, 848.75, 1146.25, 1195.25], [141.75, 8.75, 1130.5, 143.5], [1230.2733154296875, 250.49258422851562, 1292.098388671875, 300.0975646972656], [294.74676513671875, 332.8747863769531, 420.5245056152344, 405.4998474121094], [47.512596130371094, 197.5582733154297, 118.46188354492188, 248.43267822265625], [1100.7830810546875, 662.5029907226562, 1221.474853515625, 797.8690795898438], [891.4478759765625, 638.7822875976562, 1076.0400390625, 826.59375], [567.8179321289062, 647.99951171875, 768.8589477539062, 821.305908203125], [350.48883056640625, 677.9880981445312, 511.3201904296875, 1090.17138671875], [-1.7454922199249268, 561.75, 379.7545077800751, 864.1280517578125], [85.4524917602539, 1006.25, 479.5, 1244.25], [509.25, 1207.5, 1398.25, 2098.25], [1112.9993896484375, 1390.513671875, 1245.2608642578125, 1466.972900390625], [0, 1242.5, 516.25, 1939.0], [348.863037109375, 1927.4525146484375, 465.2865295410156, 2003.7259521484375], [78.43970489501953, 1922.5675048828125, 191.66860961914062, 2053.224853515625], [-3.902667760848999, 5.386805534362793, 1302.9105224609375, 552.5883178710938], [806.9047241210938, 604.1531372070312, 1300.3333740234375, 1204.0108642578125], [524.2681274414062, 606.5359497070312, 803.37646484375, 1205.7877197265625], [-1.914137601852417, 569.5816040039062, 520.037841796875, 1237.8287353515625], [2.4814486503601074, 1242.7843017578125, 1353.6597900390625, 2099.544677734375], [1203, 316, 1241, 349], [412, 362, 455, 408], [1161, 833, 1193, 875], [137, 250, 185, 295]], "labels": [0, 0, 0, 0, 0, 0, 0, 0, 0, 0, 0, 1, 1, 1, 1, 1, 1, 1, 1, 1, 1, 1, 1, 1, 1, 1, 2, 2, 2, 2, 2, 3, 3, 3, 3], "image_id": 718}, "character_clusters": [0, 1, 1, 2, 2, 3, 4, 4, 1, 3, 4], "text_char_matches": [[2, 8], [4, 1], [5, 10]], "text_tail_matches": [[1, 0], [2, 1], [3, 3], [4, 2]], "text_classification": [1, 1, 1, 1, 1, 1, 1, 1, 0, 0, 0, 1, 0, 1, 1], "character_names": ["Koby", "Monkey D. Luffy", "Monkey D. Luffy", "Peppoko", "Peppoko", "Heppoko", "Poppoko", "Poppoko", "Monkey D. Luffy", "Heppoko", "Poppoko"]}