{"bbox_annotations": {"bboxes_as_x1y1x2y2": [[418.0859069824219, 1313.8890380859375, 1401.9308776855469, 2101.67919921875], [985.3154296875, 226.91867065429688, 1114.75, 460.9144592285156], [107.93809509277344, 372.75, 975.0801849365234, 1208.089584350586], [939.2254638671875, 708.75, 1258.011962890625, 1261.5816650390625], [1039.5, 5.668641090393066, 1397.1895751953125, 479.94415378570557], [79.79718780517578, 1513.745849609375, 392.9763870239258, 2096.02099609375], [623, 444.5, 957.25, 743.75], [987, 50.75, 1190, 318.5], [1186.15380859375, 508.500732421875, 1350.444580078125, 609.3970336914062], [997.1065063476562, 518.70556640625, 1128.756591796875, 575.1466064453125], [1225.19580078125, 850.6591186523438, 1352.1146240234375, 1144.2139892578125], [800.0381469726562, 133.3204345703125, 955.212646484375, 320.1514892578125], [80.5, -1.75, 603.75, 472.5], [371, 689.5, 925.75, 1242.5], [218.75, 1027.25, 400.75, 1197.0], [1124.066162109375, 1394.7879638671875, 1287.658935546875, 1629.359619140625], [408.3108825683594, 1477, 573.847900390625, 1676.56494140625], [499.2541809082031, 1898.22705078125, 626.9713134765625, 2049.08251953125], [123.3809814453125, 1326.5, 374.7883605957031, 1481.6112060546875], [288.75, 1859.217529296875, 443.90628051757807, 2019.5000000000002], [968.4163818359375, -3.5531625747680664, 1397.7642822265625, 693.6075439453125], [944.1250610351562, 679.8436279296875, 1401.0103759765625, 1268.90087890625], [80.51490020751953, -2.023744583129883, 997.3624267578125, 1248.59375], [360.8646545410156, 1296.355712890625, 1401.6077880859375, 2094.707275390625], [74.73374938964844, 1262.6917724609375, 426.5667419433594, 2096.125], [1159, 1683, 1216, 1738], [557, 1661, 613, 1713], [1303, 398, 1341, 445], [629, 1996, 680, 2045]], "labels": [0, 0, 0, 0, 0, 0, 0, 1, 1, 1, 1, 1, 1, 1, 1, 1, 1, 1, 1, 1, 2, 2, 2, 2, 2, 3, 3, 3, 3], "image_id": 729}, "character_clusters": [0, 1, 0, 2, 0, 2, 2], "text_char_matches": [[3, 3], [1, 4], [2, 1], [4, 6], [8, 0], [9, 0], [11, 5], [12, 5]], "text_tail_matches": [[1, 2], [8, 0], [9, 1], [10, 3]], "text_classification": [0, 1, 1, 1, 1, 0, 0, 1, 1, 1, 0, 1, 1], "character_names": ["Monkey D. Luffy", "Koby", "Monkey D. Luffy", "Alvida", "Monkey D. Luffy", "Alvida", "Alvida"]}