{"bbox_annotations": {"bboxes_as_x1y1x2y2": [[529.454345703125, 940.0569458007812, 1159.036865234375, 1306.830810546875], [776.2681274414062, 1368.887451171875, 1129.23876953125, 2093.950439453125], [395.70989990234375, 1598.77685546875, 888.3250732421875, 2099.687744140625], [320.8186340332031, 19.822383880615234, 1407.4621887207031, 876.4240074157715], [1194.298828125, 117.1239013671875, 1376.4248046875, 386.3662414550781], [484.0445251464844, 562.346435546875, 755.8004150390625, 826.6213989257812], [123.62385559082031, 382.6957702636719, 412.6051788330078, 807.6661987304688], [1193.84375, 994, 1365.3758544921875, 1236.0633544921875], [133.1998291015625, 987, 478.6932678222656, 1220.4569091796877], [1149.9317626953125, 1463.8099365234375, 1359.2423095703125, 1986.810546875], [107.605712890625, 1471.75, 404.0065002441406, 1955.9383544921873], [102.12733459472656, -2.0791947841644287, 1392.451416015625, 876.0787353515625], [110.70843505859375, 926.6155395507812, 1397.9925537109375, 1311.6405029296875], [97.85558319091797, 1351.8714599609375, 1387.0977783203125, 2095.66650390625], [1184, 405, 1234, 451], [420, 694, 489, 759]], "labels": [0, 0, 0, 0, 1, 1, 1, 1, 1, 1, 1, 2, 2, 2, 3, 3], "image_id": 723}, "character_clusters": [0, 0, 1, 1], "text_char_matches": [[0, 3], [2, 3], [3, 0], [4, 0], [5, 1], [6, 1]], "text_tail_matches": [[0, 0], [2, 1]], "text_classification": [1, 0, 1, 1, 1, 1, 1], "character_names": ["Koby", "Koby", "Monkey D. Luffy", "Monkey D. Luffy"]}