{"bbox_annotations": {"bboxes_as_x1y1x2y2": [[408.0805969238281, 696.5, 978.0824279785156, 1666.5372314453127], [1023.3050537109375, 292.1082763671875, 1230.349853515625, 393.9161682128906], [448, 185.5, 535.5, 334.25], [364, 134.75, 465.5, 309.75], [43.87133026123047, 125.44982147216797, 321.01415252685547, 613.1577682495117], [1085.5601806640625, 938.584228515625, 1293.617431640625, 1044.4949951171875], [3.5, 1314.25, 1398.25, 2098.25], [813.941162109375, 1250.186767578125, 1125.2540283203125, 1312.954833984375], [85.75, 1869, 1268.75, 2007.25], [40.13835144042969, 875.7725219726562, 323.59654235839844, 1114.33935546875], [12.497032165527344, 6.392982482910156, 1307.248779296875, 827.61474609375], [-5.6194963455200195, -10.464755058288574, 1393.2371826171875, 2088.6474609375], [1013, 1022, 1062, 1059], [946, 411, 1011, 467], [320, 1031, 383, 1075]], "labels": [0, 1, 1, 1, 1, 1, 1, 1, 1, 1, 2, 2, 3, 3, 3], "image_id": 711}, "character_clusters": [0], "text_char_matches": [[0, 0], [4, 0], [8, 0]], "text_tail_matches": [[0, 1], [4, 0], [8, 2]], "text_classification": [1, 0, 0, 1, 1, 0, 1, 0, 1], "character_names": ["Monkey D. Luffy"]}