{"bbox_annotations": {"bboxes_as_x1y1x2y2": [[31.593931198120117, 0, 1384.25, 479.9346613883972], [299.25, 1373.75, 965.7341918945312, 2098.25], [417.9905700683594, 1072.232666015625, 486.069580078125, 1224.2540283203125], [1178.86865234375, 1597.7498779296875, 1269.35498046875, 1824.3812255859375], [939.1973266601562, 985.9985961914062, 1235.168212890625, 1342.77294921875], [711.7150268554688, 688.9650268554688, 868.7955932617188, 812.6904907226562], [418.478271484375, 681.8720092773438, 496.838134765625, 912.1953735351562], [52.923316955566406, 517.783203125, 304.5954360961914, 932.720703125], [1110.263671875, 103.61648559570312, 1305.236083984375, 309.8591003417969], [282.1363525390625, 124.8636703491211, 353.64251708984375, 235.4501190185547], [68.5291519165039, 281.0566711425781, 207.9819107055664, 388.23321533203125], [1241.235595703125, 1057.41455078125, 1336.474609375, 1129.3486328125], [994, 985.25, 1155, 1053.5], [1203.2437744140625, 1183.73291015625, 1339.2222900390625, 1330.9503173828125], [754.973388671875, 990.5, 919.220458984375, 1213.9698486328125], [618.5169067382812, 1111.7308349609375, 766.988037109375, 1330.98193359375], [127.32634735107422, 1007.2427368164062, 292.2502670288086, 1169.5614013671875], [73.7431869506836, 1187.3206787109375, 185.62014770507812, 1283.532470703125], [941.480224609375, 1467.9954833984375, 1077.783935546875, 1568.3038330078125], [726.5592041015625, 1696.9014892578125, 877.2261962890625, 1946.6837158203125], [569.6966552734375, 1834.8836669921875, 713.3513793945312, 1939.271484375], [-3.9970874786376953, 1.929616928100586, 1378.4302978515625, 479.39794921875], [544.41162109375, 502.4174499511719, 1395.5556640625, 953.3106689453125], [308.1930236816406, 498.1534729003906, 542.879638671875, 950.2444458007812], [37.76792907714844, 506.8673400878906, 310.5665283203125, 960.5551147460938], [945.89111328125, 979.380859375, 1393.208740234375, 1358.1715087890625], [-0.08223652839660645, 966.283935546875, 936.0594482421875, 1349.53125], [283.2101745605469, 1367.0709228515625, 1402.7012939453125, 2101.35107421875], [41.93955612182617, 1353.191650390625, 272.9780578613281, 2092.13818359375], [301, 1081, 349, 1125], [558, 1233, 602, 1275], [1084, 1577, 1142, 1638], [399, 138, 449, 180], [1053, 187, 1103, 232], [893, 1777, 999, 1841]], "labels": [0, 0, 0, 0, 0, 0, 0, 0, 1, 1, 1, 1, 1, 1, 1, 1, 1, 1, 1, 1, 1, 2, 2, 2, 2, 2, 2, 2, 2, 3, 3, 3, 3, 3, 3], "image_id": 55}, "character_clusters": [0, 1, 0, 0, 0, 0, 0, 0], "text_char_matches": [], "text_tail_matches": [[0, 4], [1, 3], [2, 3], [6, 1], [7, 1], [8, 0], [9, 0], [10, 2], [11, 5], [12, 5]], "text_classification": [1, 1, 1, 1, 0, 1, 1, 1, 1, 1, 1, 1, 1], "character_names": ["Taiju Oki", "Tsukasa Shishio", "Taiju Oki", "Taiju Oki", "Taiju Oki", "Taiju Oki", "Taiju Oki", "Taiju Oki"]}