{"bbox_annotations": {"bboxes_as_x1y1x2y2": [[374.5586853027344, 1852.0462646484375, 446.4019470214844, 1962.00390625], [881.2197875976562, 1073.46923828125, 1302.0, 1437.2535400390625], [731.6998901367188, 1441.5164794921875, 1283.25537109375, 2102.447998046875], [174.798095703125, -4.465211868286133, 1235.83203125, 669.2847881317139], [395.5, 901.25, 1102.15625, 1042.882568359375], [1172.8795166015625, 120.03199005126953, 1253.97998046875, 163.44496154785156], [925.0191040039062, 435.6672668457031, 1081.851806640625, 506.8812561035156], [87.98320007324219, 391.1773681640625, 235.17745971679688, 498.0485534667969], [1153.25, 761.25, 1209.25, 831.25], [1041.879638671875, 833.9805297851562, 1095.3258056640625, 904.9580688476562], [785.75, 750.0687866210938, 843.5, 826.0], [242.91648864746094, 816.9451904296875, 378.2419738769531, 920.9402465820312], [169.75, 924.1931762695312, 212.83384704589844, 990.5], [67.52764129638672, 798.2869262695312, 139.79135131835938, 885.32421875], [1209.409912109375, 1093.5997314453125, 1324.4052734375, 1299.275634765625], [726.7108154296875, 1096.030517578125, 908.4527587890625, 1239.269775390625], [734.6005249023438, 1271.4674072265625, 921.1943969726562, 1428.438720703125], [1116.4879150390625, 1794.0870361328125, 1273.35400390625, 1969.2847900390625], [714.1329956054688, 1802.300537109375, 877.600341796875, 2009.8079833984375], [495.8482666015625, 1239.140869140625, 629.4811401367188, 1346.5855712890625], [224.3035125732422, 1538.7166748046875, 380.97412109375, 1711.488037109375], [98.88377380371094, 1783.0830078125, 229.6552734375, 1924.33203125], [63.63855743408203, 0.3103896975517273, 1296.9130859375, 672.1945190429688], [5.4946184158325195, 683.0165405273438, 1401.9544677734375, 1053.3140869140625], [699.6913452148438, 1059.2650146484375, 1398.0177001953125, 1445.029541015625], [698.6244506835938, 1436.0936279296875, 1296.4443359375, 2098.58251953125], [57.3096809387207, 1069.075439453125, 672.7036743164062, 2090.248779296875], [866, 455, 921, 498], [233, 453, 280, 498], [880, 1830, 928, 1893], [1106, 148, 1146, 189], [1102, 1682, 1144, 1745]], "labels": [0, 0, 0, 0, 0, 1, 1, 1, 1, 1, 1, 1, 1, 1, 1, 1, 1, 1, 1, 1, 1, 1, 2, 2, 2, 2, 2, 3, 3, 3, 3, 3], "image_id": 65}, "character_clusters": [0, 0, 0, 0, 0], "text_char_matches": [[0, 3], [1, 3], [2, 3], [3, 4], [4, 4], [5, 4], [6, 4], [8, 4], [7, 4], [9, 1], [10, 1], [11, 1], [12, 2], [13, 2], [14, 0], [15, 0], [16, 0]], "text_tail_matches": [[0, 3], [1, 0], [2, 1], [12, 4], [13, 2]], "text_classification": [1, 1, 1, 1, 1, 1, 1, 1, 1, 1, 1, 1, 1, 1, 1, 1, 1], "character_names": ["Senku Ishigami", "Senku Ishigami", "Senku Ishigami", "Senku Ishigami", "Senku Ishigami"]}