{"bbox_annotations": {"bboxes_as_x1y1x2y2": [[54.349552154541016, 1483.2138671875, 248.5, 2062.7265625], [260.75, 1044.75, 941.5, 1323.0], [799.75, 1489.25, 1130.5, 1835.75], [1119.66455078125, 149.3126983642578, 1225.165771484375, 231.36875915527344], [1039.056396484375, 527.2349853515625, 1134.218017578125, 641.2341918945312], [152.0942840576172, 155.6903839111328, 292.7005310058594, 210.0260009765625], [1081.5, 1059.44580078125, 1231.51806640625, 1135.2608642578125], [140.53176879882812, 1061.8243408203125, 246.75, 1232.3580322265625], [1185.28125, 1497.619140625, 1326.56494140625, 1564.5], [695.0523681640625, 1567.6463623046875, 845.3114624023438, 1634.5], [659.2708740234375, 1861.343017578125, 805.3377075195312, 1958.25], [426.8263244628906, 1531.2515869140625, 559.6947021484375, 1681.9283447265625], [238.9353790283203, 1674.1416015625, 395.5, 1791.6822509765625], [-4.258859157562256, -4.117866039276123, 1394.0552978515625, 1014.7540893554688], [3.8887739181518555, 1037.037109375, 1401.8870849609375, 1376.5233154296875], [639.3259887695312, 1388.5638427734375, 1397.79541015625, 2095.783935546875], [237.9558563232422, 1399.5626220703125, 624.60498046875, 2097.878173828125], [58.84648513793945, 1421.7957763671875, 257.2376403808594, 2095.699462890625]], "labels": [0, 0, 0, 1, 1, 1, 1, 1, 1, 1, 1, 1, 1, 2, 2, 2, 2, 2], "image_id": 47}, "character_clusters": [0, 0, 0], "text_char_matches": [[0, 1], [1, 1], [2, 1], [3, 1], [4, 1], [5, 2], [6, 2], [7, 2], [8, 0], [9, 0]], "text_tail_matches": [], "text_classification": [1, 1, 1, 1, 1, 1, 1, 1, 1, 1], "character_names": ["Taiju Oki", "Taiju Oki", "Taiju Oki"]}