{"bbox_annotations": {"bboxes_as_x1y1x2y2": [[351.4527282714844, 606.9390869140625, 1097.25, 954.0784912109375], [301, 2.0751893520355225, 1158.6851806640625, 527.6035096645355], [5.977022647857666, 1032.278076171875, 471.12567377090454, 2101.94921875], [6.040421009063721, 3.9515151977539062, 396.03959703445435, 529.8043594360352], [479.15081787109375, 1460.48779296875, 635.458740234375, 2095.05810546875], [264.5851135253906, 571.5177001953125, 638.75, 953.0953369140625], [674.3042602539062, 984.061279296875, 1342.8564453125, 2106.658935546875], [1153.109130859375, 209.29541015625, 1338.318359375, 278.5225830078125], [1167.8045654296875, 671.7259521484375, 1322.835205078125, 779.777587890625], [1000.892333984375, 681.578125, 1140.174560546875, 762.1143188476562], [73.65686798095703, 632.527587890625, 246.8681411743164, 873.602294921875], [1139.7386474609375, 1153.035888671875, 1307.645263671875, 1263.689208984375], [1156.858642578125, 1408.9293212890625, 1322.318603515625, 1583.548095703125], [653.8856811523438, 1641.001708984375, 842.443603515625, 1815.8741455078125], [565.5023803710938, 1101.052001953125, 614.2640991210938, 1131.3548583984375], [499.11419677734375, 1947.6767578125, 581.8385620117188, 1995.0572509765625], [306.490966796875, 1108.7120361328125, 421.2400207519531, 1219.775146484375], [66.69493103027344, 1794.39892578125, 167.1231231689453, 1900.72509765625], [-0.6960690021514893, 5.587014675140381, 1391.726318359375, 536.2237548828125], [-0.2640247344970703, 548.2459106445312, 1343.25537109375, 963.116943359375], [639.327880859375, 965.2520751953125, 1338.9869384765625, 2102.912109375], [472.6108703613281, 980.2442626953125, 642.7112426757812, 2096.412841796875], [-0.966101884841919, 982.9810180664062, 477.1468811035156, 2093.830810546875], [187, 1719, 228, 1760], [851, 1589, 894, 1643], [1074, 1224, 1123, 1265], [581, 1174, 611, 1224], [303, 1315, 340, 1377], [518, 1830, 551, 1879]], "labels": [0, 0, 0, 0, 0, 0, 0, 1, 1, 1, 1, 1, 1, 1, 1, 1, 1, 1, 2, 2, 2, 2, 2, 3, 3, 3, 3, 3, 3], "image_id": 64}, "character_clusters": [0, 0, 0, 1, 0, 1, 1], "text_char_matches": [[0, 1], [1, 0], [2, 0], [3, 5], [4, 6], [5, 6], [6, 6], [7, 4], [8, 4], [9, 2], [10, 2]], "text_tail_matches": [[4, 2], [5, 2], [6, 1], [7, 3], [8, 5], [9, 4], [10, 0]], "text_classification": [1, 1, 1, 1, 1, 1, 1, 1, 1, 1, 1], "character_names": ["Taiju Oki", "Taiju Oki", "Taiju Oki", "Senku Ishigami", "Taiju Oki", "Senku Ishigami", "Senku Ishigami"]}