{"bbox_annotations": {"bboxes_as_x1y1x2y2": [[126.12153625488281, 111.56349182128906, 439.8826446533203, 663.4206085205078], [301.5575256347656, 1684.30078125, 459.7776794433594, 1931.855712890625], [696.7640380859375, 1670.6929931640625, 1083.863525390625, 2103.297119140625], [264.10009765625, 1785.815673828125, 568.35791015625, 2098.343017578125], [189.97618103027344, 1789.3353271484375, 306.2645568847656, 1962.94921875], [1012.65625, 1648.8582763671875, 1294.54736328125, 2099.94189453125], [60.22342300415039, 1937.043212890625, 277.2190589904785, 2096.420654296875], [1102.5, 0, 1398.25, 600.25], [451.5, 129.5, 724.5, 672.0], [644, 1338.75, 1037.75, 1624.0], [70, 722.75, 367.5, 1268.75], [450.090576171875, 1.0326192378997803, 1390.3033447265625, 677.2041625976562], [58.603790283203125, 0.9229078888893127, 446.9479675292969, 677.5765380859375], [5.480307579040527, 706.4401245117188, 1398.7933349609375, 1603.2239990234375], [579.8800659179688, 1627.0050048828125, 1298.0496826171875, 2097.9091796875], [54.443668365478516, 1630.4803466796875, 568.061279296875, 2097.66455078125]], "labels": [0, 0, 0, 0, 0, 0, 0, 1, 1, 1, 1, 2, 2, 2, 2, 2], "image_id": 35}, "character_clusters": [0, 1, 2, 3, 4, 5, 6], "text_char_matches": [], "text_tail_matches": [], "text_classification": [0, 0, 0, 0], "character_names": ["none", "none", "none", "none", "none", "none", "none"]}