{"bbox_annotations": {"bboxes_as_x1y1x2y2": [[-3.371906280517578, 306.3122253417969, 478.6200981140137, 1756.5424499511719], [535.2346801757812, 0, 870.3816528320312, 757.2268218994141], [700.4947509765625, 74.75609588623047, 865.8914184570312, 182.8746337890625], [539.6854858398438, 795.248779296875, 716.0322265625, 1036.49755859375], [678.6574096679688, 1277.9427490234375, 849.526123046875, 1410.4246826171875], [616.27685546875, 1767.8974609375, 791.5067138671875, 1980.319580078125], [271.88055419921875, 66.2865219116211, 467.2503356933594, 267.8104476928711], [73.34131622314453, 99.5625228881836, 182.41249084472656, 224.73312377929688], [96.07926940917969, 1635.6856689453125, 328.02117919921875, 1955.75927734375], [898.167724609375, 2.298992872238159, 1394.03271484375, 2102.13330078125], [522.4353637695312, 7.788249969482422, 869.456787109375, 2101.7421875], [-3.1406970024108887, 1.887810230255127, 502.75250244140625, 2101.57568359375], [313, 339, 374, 437], [775, 254, 820, 316], [649, 685, 693, 740], [85, 1505, 152, 1618]], "labels": [0, 0, 1, 1, 1, 1, 1, 1, 1, 2, 2, 2, 3, 3, 3, 3], "image_id": 68}, "character_clusters": [0, 0], "text_char_matches": [[0, 1], [1, 1], [2, 1], [3, 1], [6, 0], [4, 0], [5, 0]], "text_tail_matches": [[0, 1], [1, 2], [6, 3], [4, 0], [5, 0]], "text_classification": [1, 1, 1, 1, 1, 1, 1], "character_names": ["Senku Ishigami", "Senku Ishigami"]}