{"bbox_annotations": {"bboxes_as_x1y1x2y2": [[304.1209411621094, 1165.0186767578125, 905.4086608886719, 1948.871337890625], [975.0267944335938, 1456.150390625, 1391.4522705078125, 2102.175048828125], [423.2062072753906, 181.08192443847656, 895.6268310546875, 607.9688873291016], [176.75, 316.4019775390625, 271.25, 383.1669006347656], [89.25, 433.3411560058594, 182.0, 501.17352294921875], [960.5035400390625, 0.7578402757644653, 1398.3338623046875, 1449.57568359375], [958.9010620117188, 1456.6077880859375, 1398.113525390625, 2094.868408203125], [-5.388182640075684, 7.599493980407715, 913.2778930664062, 2106.439697265625]], "labels": [0, 0, 1, 1, 1, 2, 2, 2], "image_id": 49}, "character_clusters": [0, 1], "text_char_matches": [[0, 0]], "text_tail_matches": [], "text_classification": [1, 0, 0], "character_names": ["none", "none"]}