{"bbox_annotations": {"bboxes_as_x1y1x2y2": [[0, 118.17545318603516, 1361.5, 1533.0], [446.8935852050781, 1739.300048828125, 535.0868530273438, 1908.2459716796875], [1303.9306640625, 896.4442749023438, 1340.3265380859375, 959.7675170898438], [614.2537841796875, 1566.014404296875, 1333.572998046875, 2100.08642578125], [1091.0068359375, 1730.2208251953125, 1330.87255859375, 1989.0003662109375], [113.22547149658203, 1792.74560546875, 439.73303985595703, 2097.603515625], [469, 1678.274169921875, 736.7254638671875, 2099.200927734375], [176.75, 1734.25, 374.5, 2010.75], [1026.6776123046875, 1764.3297119140625, 1115.0301513671875, 1890.1270751953125], [1342.253662109375, 856.7760620117188, 1358.0, 918.6759033203125], [1288, 875, 1314.25, 918.75], [1372, 913.5, 1393, 1020.25], [1359.75, 854, 1379.0, 911.75], [101.5, 999.25, 248.5, 1519.0], [42, 1034.25, 113.75, 1184.75], [834.75, 54.25, 1162.0, 670.25], [1169.5330810546875, 231.501953125, 1309.0, 410.4027099609375], [176.59837341308594, 120.65630340576172, 367.5, 374.4524459838867], [80.21195220947266, 592.7517700195312, 257.25, 894.42138671875], [894.25, 1265.25, 1170.75, 1545.25], [408.5966796875, 1274.0107421875, 575.7948608398438, 1528.464599609375], [1072.75, 1569.75, 1179.5, 1816.5], [714, 1629.25, 827.75, 1877.75], [339.5, 1667.75, 477.75, 1996.75], [802.7727661132812, 13.676797866821289, 1384.0706787109375, 1530.6258544921875], [-0.36574602127075195, 21.4964656829834, 1384.47412109375, 1535.3992919921875], [104.13030242919922, 1547.5113525390625, 1337.2496337890625, 2098.503662109375]], "labels": [0, 0, 0, 0, 0, 0, 0, 0, 0, 0, 0, 0, 0, 0, 0, 1, 1, 1, 1, 1, 1, 1, 1, 1, 2, 2, 2], "image_id": 24}, "character_clusters": [0, 1, 2, 0, 3, 4, 5, 6, 7, 8, 9, 10, 11, 12, 13], "text_char_matches": [[1, 0], [2, 0], [3, 0], [5, 0]], "text_tail_matches": [], "text_classification": [0, 1, 1, 1, 0, 1, 0, 0, 0], "character_names": ["Taiju Oki", "none", "none", "Taiju Oki", "none", "none", "Senku Ishigami", "none", "none", "none", "none", "none", "none", "none", "none"]}