{"bbox_annotations": {"bboxes_as_x1y1x2y2": [[1070.6993408203125, 1754.755126953125, 1402.544921875, 2099.071044921875], [952.1867065429688, 1982.78759765625, 1094.2835693359375, 2098.87939453125], [699.3545532226562, 1243.75830078125, 885.46435546875, 1533.609130859375], [602.35693359375, 1193.3773193359375, 686.3267211914062, 1428.997314453125], [821.7623901367188, 1941.901611328125, 984.02294921875, 2099.218505859375], [138.25, 1.75, 1090.25, 306.25], [1093.498046875, 1276.3701171875, 1244.2392578125, 1339.8677978515625], [143.72457885742188, 1362.5628662109375, 343.0160827636719, 1526.3828125], [-5.361354351043701, -0.1734226942062378, 1393.2491455078125, 1646.3070068359375], [440.9353942871094, 1625.0587158203125, 1403.1058349609375, 2102.3271484375], [2.545764923095703, 1674.4954833984375, 519.2392578125, 2096.01220703125], [1030, 1312, 1084, 1356], [347, 1430, 412, 1477]], "labels": [0, 0, 0, 0, 0, 1, 1, 1, 2, 2, 2, 3, 3], "image_id": 30}, "character_clusters": [0, 1, 2, 3, 4], "text_char_matches": [[1, 2], [2, 2]], "text_tail_matches": [[1, 0], [2, 1]], "text_classification": [0, 1, 1], "character_names": ["none", "none", "Taiju Oki", "Yuzuriha Ogawa", "none"]}