{"bbox_annotations": {"bboxes_as_x1y1x2y2": [[838.2988891601562, 676.9514770507812, 1192.3046875, 1060.7230224609375], [-12.68290901184082, 675.5, 787.0670909881592, 2096.7855834960938], [850.4984130859375, 1153.3946533203125, 1196.5814208984375, 1782.498291015625], [834.3377685546875, 1590.5455322265625, 1310.4566650390625, 2096.703857421875], [-1.75, 1265.25, 190.75, 1848.0], [1234.8035888671875, 742.00634765625, 1334.6654052734375, 879.7083740234375], [865.0638427734375, 825.8316650390625, 947.9542846679688, 870.7387084960938], [1214.162109375, 1162.744873046875, 1345.1651611328125, 1263.015380859375], [1200.7880859375, 1720.80126953125, 1330.11669921875, 1907.984130859375], [148.75, 1281, 645.75, 2075.5], [-1.5118420124053955, 2.7716965675354004, 1396.281005859375, 641.3048095703125], [823.9581909179688, 666.5526733398438, 1394.0672607421875, 1065.538818359375], [819.3233032226562, 1062.289306640625, 1398.1888427734375, 2099.92822265625], [-1.1111319065093994, 669.4494018554688, 795.9996948242188, 2101.828125], [1173, 816, 1234, 867], [951, 858, 1028, 919]], "labels": [0, 0, 0, 0, 0, 1, 1, 1, 1, 1, 2, 2, 2, 2, 3, 3], "image_id": 31}, "character_clusters": [0, 0, 1, 0, 1], "text_char_matches": [[0, 0], [1, 0], [2, 3], [3, 3]], "text_tail_matches": [[0, 0], [1, 1]], "text_classification": [1, 1, 1, 1, 0], "character_names": ["Taiju Oki", "Taiju Oki", "Yuzuriha Ogawa", "Taiju Oki", "Yuzuriha Ogawa"]}