{"bbox_annotations": {"bboxes_as_x1y1x2y2": [[878.5, 1273.1605224609375, 1288.0, 1546.354248046875], [80.5, 1267.3489990234375, 567.0, 1546.0877685546875], [578.6699829101562, 1268.75, 864.5, 1545.55810546875], [306.25, 1775.7882080078125, 1121.75, 2098.07861328125], [38.5, 297.5, 1398.25, 1235.5], [826, 133, 885.5, 227.5], [691.25, 73.5, 747.25, 183.75], [651, 462, 759.5, 647.5], [404.25, 714, 535.5, 931], [1202.25, 1308.62890625, 1279.25, 1481.55712890625], [784, 1284.5, 847, 1419.25], [504, 1341.2198486328125, 546.7025146484375, 1363.25], [108.5, 1445.509765625, 152.25, 1468.25], [1165.5, 1708, 1384.25, 2044], [304.5600891113281, 1587.25, 1050.0, 1728.4235839843748], [42, 1732.5, 218.75, 2063.25], [5.1962971687316895, 247.3366241455078, 1403.67333984375, 1233.5897216796875], [869.3255615234375, 1256.2188720703125, 1284.6439208984375, 1553.8065185546875], [571.8935546875, 1252.2779541015625, 870.171875, 1549.2119140625], [70.97241973876953, 1257.1143798828125, 572.338134765625, 1552.315185546875], [64.17398834228516, 1570.5433349609375, 1323.91943359375, 2093.712646484375]], "labels": [0, 0, 0, 0, 0, 1, 1, 1, 1, 1, 1, 1, 1, 1, 1, 1, 2, 2, 2, 2, 2], "image_id": 51}, "character_clusters": [0, 0, 0, 0, 0], "text_char_matches": [[5, 2], [6, 1], [7, 1], [9, 3]], "text_tail_matches": [], "text_classification": [0, 0, 0, 0, 0, 1, 1, 1, 0, 1, 0], "character_names": ["Taiju Oki", "Taiju Oki", "Taiju Oki", "Taiju Oki", "Taiju Oki"]}