{"bbox_annotations": {"bboxes_as_x1y1x2y2": [[476.64019775390625, 435.10089111328125, 607.9351806640625, 689.631591796875], [938.8783569335938, 427.2707824707031, 1014.4240112304688, 620.7254638671875], [890.20068359375, 440.6071472167969, 1218.3779296875, 688.6995239257812], [122.89915466308594, 457.0121765136719, 316.6462097167969, 689.929931640625], [375.2265319824219, 446.21636962890625, 431.7393493652344, 552.6992797851562], [294.3299560546875, 464.3310546875, 437.08013916015625, 685.8983154296875], [449.6815185546875, 444.024169921875, 495.2569885253906, 527.724609375], [700.3959350585938, 415.8244934082031, 796.780517578125, 619.9274291992188], [726.7691650390625, 448.5133056640625, 908.3472290039062, 686.7853393554688], [1196.333984375, 6.208200931549072, 1345.75, 530.2477517127991], [878.5, 1328.25, 1151.5, 1618.75], [-8.530068397521973, 2.9092578887939453, 1389.5848388671875, 693.584228515625], [-0.9642660617828369, 731.7008666992188, 1397.1783447265625, 1333.562255859375], [1.9531488418579102, 1358.14453125, 1395.602783203125, 1655.8770751953125], [0.3262341022491455, 1828.9080810546875, 1384.7508544921875, 2107.4990234375]], "labels": [0, 0, 0, 0, 0, 0, 0, 0, 0, 1, 1, 2, 2, 2, 2], "image_id": 38}, "character_clusters": [0, 1, 2, 3, 4, 5, 6, 7, 8], "text_char_matches": [], "text_tail_matches": [], "text_classification": [0, 0], "character_names": ["none", "none", "none", "none", "none", "none", "none", "none", "none"]}