{"bbox_annotations": {"bboxes_as_x1y1x2y2": [[363.5508728027344, 1383.23291015625, 869.7449340820312, 2104.12353515625], [1048.484375, 693.5123291015625, 1134.5916748046875, 935.58740234375], [559.869140625, 37.96842956542969, 965.80078125, 1336.2229461669922], [1060.21630859375, 1001.064697265625, 1300.145751953125, 1345.07666015625], [0.41850507259368896, 21.050548553466797, 558.1490348577499, 1346.9051628112793], [1116.5, 334.25, 1181.25, 476.0], [1027.25, 469, 1099.0, 624.75], [348.9198303222656, 228.00558471679688, 537.1134643554688, 281.04986572265625], [1137.578125, 1472.0035400390625, 1291.0968017578125, 1541.9141845703125], [931, 1834.16748046875, 1084.0513916015625, 1956.5], [693.5791015625, 1511.9473876953125, 848.7608032226562, 1594.25], [204.75, 1518.77099609375, 297.5, 1674.75], [43.4168701171875, 1738.00390625, 173.11080932617188, 1856.75], [999.9446411132812, -7.729639053344727, 1305.6380615234375, 957.1856079101562], [993.3781127929688, 939.59033203125, 1305.8143310546875, 1352.480224609375], [558.2479248046875, 5.628695964813232, 963.7670288085938, 1354.7835693359375], [-6.283938884735107, 1.89838707447052, 550.0939331054688, 1354.095947265625], [877.0608520507812, 1364.9420166015625, 1300.7296142578125, 2097.898681640625], [-4.753321647644043, 1368.6103515625, 868.2894287109375, 2099.322509765625], [338, 1589, 391, 1635], [633, 1548, 684, 1606]], "labels": [0, 0, 0, 0, 0, 1, 1, 1, 1, 1, 1, 1, 1, 2, 2, 2, 2, 2, 2, 3, 3], "image_id": 56}, "character_clusters": [0, 0, 0, 0, 0], "text_char_matches": [[2, 4], [3, 4], [4, 4], [5, 0], [6, 0], [7, 0]], "text_tail_matches": [[5, 1], [6, 0], [7, 0]], "text_classification": [0, 0, 1, 1, 1, 1, 1, 1], "character_names": ["Taiju Oki", "Taiju Oki", "Taiju Oki", "Taiju Oki", "Taiju Oki"]}