{"bbox_annotations": {"bboxes_as_x1y1x2y2": [[242.06239318847656, 1087.232666015625, 839.1605987548828, 1460.476318359375], [284.401611328125, 2.7534842491149902, 1365.1295166015625, 1043.323796749115], [768.7848510742188, 1832.5257568359375, 820.5787963867188, 1969.5035400390625], [872.309326171875, 1837.06396484375, 926.6385498046875, 1993.07373046875], [1080.07861328125, 1176.745849609375, 1250.5789794921875, 1450.9317626953125], [1190.9337158203125, 203.36856079101562, 1324.2164306640625, 376.0260925292969], [143.90521240234375, 210.94407653808594, 321.86956787109375, 383.5371398925781], [1121.75, 1597.1241455078125, 1204.013671875, 1781.5], [805.5787353515625, 1607.62060546875, 1062.25, 1669.1866455078125], [881.6724853515625, 1780.9898681640625, 946.8585205078125, 1829.7960205078125], [784, 1765.75, 855.75, 1818.25], [607.7914428710938, 1538.2847900390625, 787.5, 1704.5], [357.1134033203125, 1619.190185546875, 536.3595581054688, 1761.7735595703125], [219.3242950439453, 1824.8809814453125, 336.93719482421875, 2004.908203125], [66.5, 1903.84423828125, 189.84141540527344, 2021.2500000000002], [1.537001132965088, -3.199151039123535, 1395.9661865234375, 1049.70458984375], [1004.64892578125, 1067.4776611328125, 1302.31640625, 1471.2342529296875], [66.93819427490234, 1066.8543701171875, 998.55029296875, 1464.364013671875], [61.63296127319336, 1478.7052001953125, 1301.8619384765625, 2092.41796875], [1112, 240, 1167, 292], [348, 273, 395, 312], [549, 1732, 633, 1812], [337, 1947, 433, 2011], [1039, 1696, 1088, 1761], [733, 1735, 810, 1799]], "labels": [0, 0, 0, 0, 0, 1, 1, 1, 1, 1, 1, 1, 1, 1, 1, 2, 2, 2, 2, 3, 3, 3, 3, 3, 3], "image_id": 43}, "character_clusters": [0, 1, 1, 0, 0], "text_char_matches": [[0, 1], [1, 1], [2, 2], [6, 3], [7, 2], [8, 3], [9, 3]], "text_tail_matches": [[0, 0], [1, 1], [2, 4], [6, 5], [7, 2], [8, 3], [9, 3]], "text_classification": [1, 1, 0, 0, 0, 0, 1, 1, 1, 0], "character_names": ["Taiju Oki", "Yuzuriha Ogawa", "Yuzuriha Ogawa", "Taiju Oki", "Taiju Oki"]}