{"bbox_annotations": {"bboxes_as_x1y1x2y2": [[1.9332051277160645, 1654.3843994140625, 888.6720356941223, 2098.970947265625], [133.1610870361328, 703.3114013671875, 840.3838043212891, 1629.4415283203125], [349.8181457519531, 199.33192443847656, 574.0225830078125, 671.1244659423828], [114.23117065429688, 222.8079071044922, 252.5026092529297, 502.8801727294922], [1150.4320068359375, 178.58282470703125, 1272.7198486328125, 232.3290557861328], [976.5, 369.25, 1268.75, 1778.0], [907.9252319335938, 1136.6756591796875, 1047.2835693359375, 1237.7650146484375], [685.5107421875, 56, 761.25, 207.2977294921875], [712.4535522460938, 492.87548828125, 789.25, 647.5], [344.75, 87.25126647949219, 416.5, 134.75], [269.5, 225.75, 346.2091979980468, 271.25], [902.9826049804688, 10.915303230285645, 1292.5302734375, 2110.14794921875], [612.9658203125, 6.441892623901367, 884.0527954101562, 673.5640869140625], [255.12152099609375, 0.08877664804458618, 609.7142944335938, 675.6082763671875], [78.20336151123047, -4.989642143249512, 258.86785888671875, 678.7047119140625], [75.57186126708984, 695.4913330078125, 883.0657958984375, 1624.92431640625], [3.1841933727264404, 1645.87744140625, 880.6262817382812, 2099.760986328125], [320, 292, 354, 326], [370, 162, 406, 212]], "labels": [0, 0, 0, 0, 1, 1, 1, 1, 1, 1, 1, 2, 2, 2, 2, 2, 2, 3, 3], "image_id": 62}, "character_clusters": [0, 0, 0, 0], "text_char_matches": [[0, 2], [2, 2], [5, 2], [6, 2]], "text_tail_matches": [[5, 1], [6, 0]], "text_classification": [1, 0, 1, 0, 0, 0, 0], "character_names": ["Taiju Oki", "Taiju Oki", "Taiju Oki", "Taiju Oki"]}