{"bbox_annotations": {"bboxes_as_x1y1x2y2": [[0, 660.657958984375, 969.2542419433595, 1365.7783203125], [0, 4.932470798492432, 973.0658416748047, 627.1338868141174], [0, 1407, 959, 2098.25], [-4.716229438781738, 9.254206657409668, 1393.224609375, 627.0654296875], [-3.8891077041625977, 661.4741821289062, 1395.28564453125, 1368.7933349609375], [2.5514602661132812, 1401.391845703125, 1401.085693359375, 2091.0703125]], "labels": [0, 0, 0, 2, 2, 2], "image_id": 32}, "character_clusters": [0, 0, 0], "text_char_matches": [], "text_tail_matches": [], "text_classification": [], "character_names": ["Taiju Oki", "Taiju Oki", "Taiju Oki"]}