{"bbox_annotations": {"bboxes_as_x1y1x2y2": [[512.9415283203125, 119.52876281738281, 885.9725341796875, 691.6376495361328], [459.03265380859375, 794.7055053710938, 951.7362060546875, 1192.4117431640625], [104.57874298095703, 1225.7403564453125, 1207.4377517700195, 2102.290283203125], [995.1588745117188, 175.38436889648438, 1251.0264892578125, 695.4294128417969], [168, 320.25, 500.5, 768.25], [1110.4525146484375, 54.542415618896484, 1265.09033203125, 222.01916122436523], [912.1588745117188, 428.00885009765625, 1050.1148681640625, 577.731689453125], [915.9348754882812, 600.0527954101562, 1084.20703125, 738.7825317382812], [743.1666870117188, 67.44869995117188, 886.1432495117188, 208.0391387939453], [618.742919921875, 66.96150207519531, 721.6325073242188, 176.23159790039062], [530.279052734375, 581.7066650390625, 682.68017578125, 719.1995239257812], [347.5663146972656, 92.4366683959961, 494.7193908691406, 274.3230209350586], [112.09264373779297, 229.8176727294922, 275.4448471069336, 400.8180847167969], [94.6685791015625, 607.1038208007812, 198.1702423095703, 714.1188354492188], [1256.119384765625, 868.6375122070312, 1341.552734375, 939.75], [1221.361572265625, 998.2230224609375, 1337.2607421875, 1139.25], [968.8283081054688, 857.5, 1135.3780517578125, 1032.6241455078125], [275.7635192871094, 904.3008422851562, 363.0250244140625, 1072.266357421875], [74.89221954345703, 988.5810546875, 209.60218048095703, 1127.404541015625], [903.66455078125, -3.9563655853271484, 1282.4063720703125, 774.2118530273438], [509.9931945800781, -3.1235485076904297, 902.2222290039062, 770.0499267578125], [57.21553421020508, -2.7698187828063965, 504.2895812988281, 771.58544921875], [7.901090621948242, 795.6088256835938, 1385.6807861328125, 1194.8458251953125], [-0.1294255256652832, 1212.6263427734375, 1398.5966796875, 2096.462158203125], [390, 991, 441, 1032], [901, 913, 951, 958], [1199, 889, 1249, 933], [1144, 242, 1183, 287], [1044, 452, 1092, 498]], "labels": [0, 0, 0, 0, 0, 1, 1, 1, 1, 1, 1, 1, 1, 1, 1, 1, 1, 1, 1, 2, 2, 2, 2, 2, 3, 3, 3, 3, 3], "image_id": 59}, "character_clusters": [0, 1, 1, 1, 1], "text_char_matches": [[0, 3], [1, 3], [2, 3], [3, 3], [4, 3], [5, 3], [6, 3], [7, 3], [8, 3], [9, 1], [11, 1], [10, 1], [12, 1], [13, 1]], "text_tail_matches": [[0, 3], [1, 4], [2, 4], [9, 2], [10, 2], [11, 1], [12, 0], [13, 0]], "text_classification": [1, 1, 1, 1, 1, 1, 1, 1, 1, 1, 1, 1, 1, 1], "character_names": ["Yuzuriha Ogawa", "Taiju Oki", "Taiju Oki", "Taiju Oki", "Taiju Oki"]}