{"bbox_annotations": {"bboxes_as_x1y1x2y2": [[799.49462890625, 19.951370239257812, 1404.5703125, 1922.0293731689453], [-5.471253395080566, -4.741305351257324, 807.0444326400757, 892.3928499221802], [183.75, 1393.8140869140625, 658.0, 2098.7822265625], [539, 1185.7962646484375, 668.5, 1360.2088623046875], [663.9910278320312, 1634.726318359375, 839.614990234375, 2098.666259765625], [516.8659057617188, 945.7664184570312, 705.25927734375, 1240.8863525390625], [717.2907104492188, 1632.330322265625, 958.3429565429688, 2100.697265625], [1281.503662109375, 86.36448669433594, 1342.6541748046875, 162.59275817871094], [1155.0374755859375, 115.08671569824219, 1285.9049072265625, 291.83551025390625], [109.6585693359375, 45.07829284667969, 290.52227783203125, 384.26487731933594], [733.1571044921875, 1056.29931640625, 851.8294067382812, 1196.9923095703125], [344.0644226074219, 1061.5606689453125, 512.536376953125, 1263.86181640625], [192.5, 952.4918212890625, 311.86065673828125, 1055.25], [758.1786499023438, 1423.5672607421875, 938.9027709960938, 1636.766845703125], [99.75, 1110.1373291015625, 260.75, 1341.9727783203125], [470.9830322265625, 1455.4930419921875, 645.165283203125, 1664.2105712890625], [106.1206283569336, 1417.4991455078125, 248.6610336303711, 1620.1036376953125], [494.69744873046875, 1772.1453857421875, 642.9526977539062, 1916.34814453125], [-0.17023086547851562, 9.259995460510254, 1399.35498046875, 2108.81201171875], [659.5150146484375, 1385.2701416015625, 957.0238037109375, 2088.916015625], [69.98773193359375, 1386.4024658203125, 664.9130249023438, 2100.0], [235, 1594, 306, 1668], [1147, 299, 1184, 348], [654, 1092, 719, 1155], [392, 1513, 472, 1597], [280, 1292, 409, 1337], [501, 1240, 562, 1307], [254, 361, 300, 411], [749, 1617, 783, 1663], [321, 941, 456, 992]], "labels": [0, 0, 0, 0, 0, 0, 0, 1, 1, 1, 1, 1, 1, 1, 1, 1, 1, 1, 2, 2, 2, 3, 3, 3, 3, 3, 3, 3, 3, 3], "image_id": 25}, "character_clusters": [0, 0, 0, 0, 0, 1, 1], "text_char_matches": [[0, 0], [1, 0], [2, 1], [3, 5], [4, 3], [5, 5], [7, 3], [6, 4], [10, 2], [8, 2], [9, 2]], "text_tail_matches": [[0, 1], [1, 1], [2, 6], [3, 2], [4, 5], [7, 4], [5, 8], [6, 7], [8, 3], [10, 3], [9, 0]], "text_classification": [1, 1, 1, 1, 1, 1, 1, 1, 1, 1, 1], "character_names": ["Senku Ishigami", "Senku Ishigami", "Senku Ishigami", "Senku Ishigami", "Senku Ishigami", "Taiju Oki", "Taiju Oki"]}