{"bbox_annotations": {"bboxes_as_x1y1x2y2": [[7.705950736999512, 0, 957.25, 2098.25], [1048.25, 19.25, 1389.5, 605.5], [1166.6400146484375, 668.6080932617188, 1318.5941162109375, 897.7638549804688], [1247.75, 908.25, 1393.0, 1179.5], [1066.8092041015625, 1110.43505859375, 1256.944091796875, 1253.7652587890625], [1125.25, 1286.25, 1366.75, 1624.0], [29.75, 43.75, 294.0, 421.75], [72.85762023925781, 596.7799682617188, 305.3547668457031, 714.8980102539062], [756, 1447.25, 945, 1839.25], [979.5304565429688, -4.238560676574707, 1398.4315185546875, 2094.5146484375], [-0.9211242198944092, -0.5939304828643799, 952.39794921875, 2098.6865234375], [923, 1077, 1031, 1168], [292, 640, 402, 710]], "labels": [0, 1, 1, 1, 1, 1, 1, 1, 1, 2, 2, 3, 3], "image_id": 72}, "character_clusters": [0], "text_char_matches": [[1, 0], [3, 0], [6, 0]], "text_tail_matches": [[1, 0], [3, 0], [6, 1]], "text_classification": [0, 1, 0, 1, 0, 0, 1, 0], "character_names": ["Senku Ishigami"]}