{"bbox_annotations": {"bboxes_as_x1y1x2y2": [[-5.4305524826049805, -0.5415469408035278, 498.569447517395, 2097.7084530591965], [462.4217529296875, 0, 1398.25, 2098.25], [1157.085693359375, 244.59201049804688, 1353.51025390625, 300.8471984863281], [77, 1655.122314453125, 263.1504592895508, 1884.75], [-4.1681108474731445, 4.730665683746338, 1394.23388671875, 2104.646240234375], [153, 1490, 201, 1577]], "labels": [0, 0, 1, 1, 2, 3], "image_id": 63}, "character_clusters": [0, 0], "text_char_matches": [[1, 0]], "text_tail_matches": [[1, 0]], "text_classification": [1, 1], "character_names": ["Senku Ishigami", "Senku Ishigami"]}