{"bbox_annotations": {"bboxes_as_x1y1x2y2": [[805.7258911132812, 732.4775390625, 1258.0025634765625, 1006.1115112304688], [16.547441482543945, 1032.786376953125, 1395.5710010528564, 1733.117919921875], [288.6070861816406, -1.9480794668197632, 1253.0146789550781, 692.610209107399], [376.1553955078125, 761.1725463867188, 701.2151489257812, 1006.4647216796875], [1166.107666015625, 87.40079498291016, 1346.9979248046875, 263.7717971801758], [1011.785400390625, 230.8177032470703, 1195.0528564453125, 373.3104553222656], [127.87710571289062, 102.94686126708984, 294.38336181640625, 311.17504119873047], [59.80046463012695, 499.1841735839844, 258.55551528930664, 640.4407348632812], [186.26727294921875, 895.6831665039062, 290.5804138183594, 939.7454223632812], [1148.7562255859375, 1245.187255859375, 1336.3349609375, 1366.7830810546875], [3.798067569732666, 0.019088387489318848, 1398.539306640625, 700.9208984375], [7.048434257507324, 717.1656494140625, 1406.2783203125, 1016.5663452148438], [-2.3856520652770996, 1029.4990234375, 1394.5343017578125, 1724.907470703125], [25.73556900024414, 1743.6617431640625, 1286.2193603515625, 2097.230224609375], [955, 218, 1020, 274], [313, 873, 375, 923], [1049, 1261, 1148, 1348]], "labels": [0, 0, 0, 0, 1, 1, 1, 1, 1, 1, 2, 2, 2, 2, 3, 3, 3], "image_id": 69}, "character_clusters": [0, 1, 0, 1], "text_char_matches": [[0, 2], [1, 2], [2, 2], [3, 2], [4, 3], [5, 1]], "text_tail_matches": [[0, 0], [1, 0], [4, 1], [5, 2]], "text_classification": [1, 1, 1, 1, 1, 1], "character_names": ["Senku Ishigami", "Taiju Oki", "Senku Ishigami", "Taiju Oki"]}