{"bbox_annotations": {"bboxes_as_x1y1x2y2": [[959, 1846.201171875, 1398.4178466796875, 2100.23095703125], [392.0123596191406, 1523.751220703125, 504.28326416015625, 1647.390869140625], [1085.33740234375, 547.75, 1167.25, 663.25], [1226.152587890625, 262.6512145996094, 1379.0, 462.0], [185.5, 1873.61767578125, 540.107666015625, 2102.054931640625], [-6.082780838012695, 1572.3809814453125, 137.4172191619873, 1814.863037109375], [997.4882202148438, 874.7340698242188, 1099.0, 1071.8367919921875], [212.44061279296875, 1529.043701171875, 306.25, 1632.15625], [295.75, 1600.1417236328125, 453.25, 1890.2662353515625], [677.1179809570312, 1223.9652099609375, 1076.1182861328125, 2063.25], [1082.0623779296875, 1568.598388671875, 1265.484130859375, 1843.1575927734375], [873.25, 1002.75, 945.0, 1083.25], [481.49908447265625, 1731.1241455078125, 651.0, 1876.9364013671875], [299.25, 1277.5, 404.25, 1484.0], [416.5, 1379, 502.25, 1487.5], [544.25, 1484, 589.75, 1580.25], [1132.25, 547.75, 1237.25, 722.75], [1114.75, 474.25, 1274.0, 603.75], [959, 402.5, 1044.75, 504.0], [1004.5, 441, 1107.75, 568.75], [1141, 854, 1237.25, 938], [827.75, 1016.75, 883.75, 1170.75], [855.75, 924, 969.5, 980], [953.75, 978.25, 995.75, 1053.5], [1060.5, 1092, 1100.75, 1165.5], [1004.5, 1139.25, 1062.25, 1188.25], [1060.5, 1048.25, 1242.5, 1240.75], [1233.75, 1170.75, 1344.0, 1295.0], [1263.5, 1303.75, 1365.0, 1407.0], [1361.5, 1177.75, 1398.25, 1400.0], [1307.25, 1379, 1400.0, 1552.25], [1032.5, 1223.25, 1219.75, 1449.0], [1148, 1405.25, 1188.25, 1450.75], [1188.25, 1338.75, 1282.75, 1484.0], [985.25, 1200.5, 1053.5, 1242.5], [934.5, 1256.5, 1034.25, 1443.75], [749, 1256.5, 820.75, 1363.25], [680.75, 1258.25, 768.25, 1408.75], [607.25, 1351, 652.75, 1464.75], [645.75, 1331.75, 705.25, 1440.25], [624.75, 1443.75, 680.75, 1515.5], [537.25, 1582, 617.75, 1662.5], [532, 1645, 612.5, 1753.5], [476, 1650.25, 539, 1708.0], [372.75, 1879.5, 605.5, 2098.25], [227.5, 1615.25, 323.75, 1841.0], [302.75, 1526, 360.5, 1603], [367.5, 1575, 393.75, 1636.25], [407.75, 1625.75, 495.25, 1722.0], [409.5, 1590.75, 470.75, 1648.5], [504, 1520.75, 544.25, 1624.0], [154, 1653.75, 217, 1816.5], [0.35602450370788574, -3.5212130546569824, 1400.0123291015625, 2096.111083984375]], "labels": [0, 0, 0, 0, 0, 0, 0, 0, 0, 0, 0, 0, 0, 0, 0, 0, 0, 0, 0, 0, 0, 0, 0, 0, 0, 0, 0, 0, 0, 0, 0, 0, 0, 0, 0, 0, 0, 0, 0, 0, 0, 0, 0, 0, 0, 0, 0, 0, 0, 0, 0, 0, 2], "image_id": 53}, "character_clusters": [0, 1, 2, 3, 4, 5, 6, 7, 8, 9, 10, 11, 12, 13, 14, 15, 16, 17, 18, 19, 20, 21, 22, 23, 24, 25, 26, 27, 28, 29, 30, 31, 32, 33, 34, 35, 36, 37, 38, 39, 40, 41, 42, 43, 44, 45, 46, 47, 48, 49, 50, 51], "text_char_matches": [], "text_tail_matches": [], "text_classification": [], "character_names": ["none", "none", "none", "none", "none", "none", "none", "none", "none", "Taiju Oki", "none", "none", "none", "none", "none", "none", "none", "none", "none", "none", "none", "none", "none", "none", "none", "none", "none", "none", "none", "none", "none", "none", "none", "none", "none", "none", "none", "none", "none", "none", "none", "none", "none", "none", "none", "none", "none", "none", "none", "none", "none", "none"]}