{"bbox_annotations": {"bboxes_as_x1y1x2y2": [[3.092099666595459, 1184.75, 180.25, 1702.0157470703123], [-3.3283262252807617, -8.004042625427246, 696.3882265090942, 944.126145362854], [233.3125457763672, 1201.0191650390625, 493.2598114013672, 1708.24658203125], [609.0387573242188, 30.193134307861328, 1420.1688232421875, 2051.2263374328613], [-3.1617462635040283, 1715.908447265625, 1214.4257781505585, 2102.450439453125], [1224.6630859375, 54.125709533691406, 1351.84375, 194.46497344970703], [594.61865234375, 46.02193069458008, 726.16015625, 154.21185684204102], [523.25, 931, 679.0, 1253], [302.38482666015625, 1041.8931884765625, 448.1151428222656, 1116.3204345703125], [575.75, 1386, 789.25, 1699.25], [48.25383758544922, 1004.1611328125, 232.04268646240234, 1145.0294189453125], [129.5, 1261.75, 332.5, 1702.75], [1269.88623046875, 1909.25, 1325.705322265625, 1998.5], [57.75, 1892.307373046875, 99.75, 1917.9999999999998], [1.9099652767181396, -12.966585159301758, 1401.303955078125, 1712.802490234375], [-5.764505386352539, 934.4302368164062, 501.6081237792969, 1711.9725341796875], [6.580549240112305, 1688.984375, 1404.39892578125, 2091.196044921875], [1171, 141, 1214, 192], [352, 1158, 387, 1208], [102, 1895, 151, 1936], [643, 210, 680, 268], [1227, 1948, 1267, 1990]], "labels": [0, 0, 0, 0, 0, 1, 1, 1, 1, 1, 1, 1, 1, 1, 2, 2, 2, 3, 3, 3, 3, 3], "image_id": 28}, "character_clusters": [0, 1, 1, 1, 1], "text_char_matches": [[0, 3], [1, 1], [3, 2], [5, 2], [7, 4], [8, 4]], "text_tail_matches": [[0, 0], [1, 3], [3, 1], [5, 1], [7, 4], [8, 2]], "text_classification": [1, 1, 0, 1, 0, 1, 0, 1, 1], "character_names": ["Taiju Oki", "Yuzuriha Ogawa", "Yuzuriha Ogawa", "Yuzuriha Ogawa", "Yuzuriha Ogawa"]}