{"bbox_annotations": {"bboxes_as_x1y1x2y2": [[828.7044067382812, 623.8401489257812, 1298.5936279296875, 1245.896728515625], [1156.6998291015625, 1540.5152587890625, 1299.863525390625, 2099.36962890625], [-5.4136962890625, 1317.32177734375, 665.9774169921875, 2106.140869140625], [1006.5545043945312, 1692.59765625, 1261.9482421875, 2095.32421875], [829.5, 0, 1295.6318359375, 573.9770975112916], [490, 773.5, 816.2561645507812, 1264.5091552734375], [352.5513916015625, 312.2310791015625, 809.4645385742188, 1256.748291015625], [1155, 1.3039402961730957, 1259.2449951171875, 112.0], [963.3468017578125, 126.72286987304688, 1155.913330078125, 233.3248748779297], [834.77001953125, 271.7461853027344, 1018.345458984375, 377.4468078613281], [609.1015625, 114.64298248291016, 760.7527465820312, 255.7487564086914], [346.91680908203125, 156.83035278320312, 477.9888610839844, 200.178955078125], [105, 84, 301, 350], [1119.0501708984375, 1321.7177734375, 1283.4384765625, 1522.1552734375], [1020.0547485351562, 1489.5230712890625, 1119.859375, 1608.9530029296875], [679.3820190429688, 1440.924072265625, 828.1629638671875, 1598.7098388671875], [475.27301025390625, 1374.076904296875, 636.8004760742188, 1545.0863037109375], [416.2650451660156, 1716.8868408203125, 653.5999145507812, 2021.848388671875], [824.204833984375, -11.36941909790039, 1297.94873046875, 1276.9608154296875], [319.7755432128906, -12.302184104919434, 829.9811401367188, 1280.780517578125], [75.60836029052734, -2.528116226196289, 322.276123046875, 1275.4732666015625], [996.3379516601562, 1291.356201171875, 1299.446533203125, 2099.451171875], [666.3612670898438, 1294.9051513671875, 996.0508422851562, 2096.751708984375], [-1.9409656524658203, 1295.715087890625, 666.1632690429688, 2096.07666015625], [347, 1788, 415, 1848], [422, 1481, 472, 1543], [644, 313, 685, 360], [891, 488, 934, 565], [395, 321, 437, 381]], "labels": [0, 0, 0, 0, 0, 0, 0, 1, 1, 1, 1, 1, 1, 1, 1, 1, 1, 1, 2, 2, 2, 2, 2, 2, 3, 3, 3, 3, 3], "image_id": 70}, "character_clusters": [0, 1, 0, 2, 1, 1, 0], "text_char_matches": [[1, 0], [2, 0], [3, 6], [4, 6], [6, 1], [7, 1], [8, 1], [9, 2], [10, 2]], "text_tail_matches": [[1, 3], [2, 3], [3, 2], [4, 4], [9, 1], [10, 0]], "text_classification": [0, 1, 1, 1, 1, 0, 1, 1, 1, 1, 1], "character_names": ["Taiju Oki", "Senku Ishigami", "Taiju Oki", "none", "Senku Ishigami", "Senku Ishigami", "Taiju Oki"]}