{"bbox_annotations": {"bboxes_as_x1y1x2y2": [[106.98648071289062, 1090.3253173828125, 390.3091735839844, 1399.6708984375], [7.390773296356201, 1678.7193603515625, 589.376796245575, 2091.341552734375], [447.4538879394531, 1110.6405029296875, 636.654541015625, 1308.8515625], [88.93299865722656, 681.881591796875, 410.7431182861328, 995.2608032226562], [141.75, 0, 656.25, 560], [307.72381591796875, 1059.0269775390625, 453.5987548828125, 1213.107421875], [390.509765625, 631.1770629882812, 654.9453735351562, 842.9489135742188], [213.5, 799.75, 330.75, 955.5], [106.63184356689453, 193.91354370117188, 199.33079528808594, 311.959716796875], [483.8140563964844, 933.9692993164062, 538.6705932617188, 978.7450561523438], [278.1651306152344, 1531.1943359375, 407.1521301269531, 1614.741455078125], [690.08349609375, -3.0670344829559326, 1394.68798828125, 2096.72216796875], [2.7237563133239746, 3.798933267593384, 659.6511840820312, 665.3792724609375], [-6.643113613128662, 621.4942626953125, 663.2881469726562, 1415.1025390625], [1.776367425918579, 1430.2415771484375, 661.6000366210938, 2085.45263671875]], "labels": [0, 0, 0, 0, 0, 0, 0, 0, 1, 1, 1, 2, 2, 2, 2], "image_id": 46}, "character_clusters": [0, 1, 2, 3, 1, 4, 5, 6], "text_char_matches": [[0, 4], [1, 4], [2, 4]], "text_tail_matches": [], "text_classification": [1, 1, 1], "character_names": ["none", "Taiju Oki", "none", "none", "Taiju Oki", "none", "none", "none"]}