{"bbox_annotations": {"bboxes_as_x1y1x2y2": [[582.0322875976562, 1082.232666015625, 1396.7073974609375, 2094.9658203125], [69.90448760986328, 4.363574028015137, 743.5249710083008, 705.6850461959839], [847.6568603515625, 554.6861572265625, 943.3870239257812, 699.207763671875], [1035.0128173828125, 56.861270904541016, 1362.293701171875, 702.5844764709473], [780.804931640625, 6.20785665512085, 1018.6853637695312, 711.2029738426208], [902.6144409179688, 450.8765869140625, 1010.203857421875, 702.1528930664062], [587.5462646484375, 95.35619354248047, 722.5672607421875, 223.3607406616211], [604.63720703125, 345.9627685546875, 741.4425659179688, 433.7049255371094], [80.32018280029297, 417.0633544921875, 222.35082244873047, 695.550048828125], [1194.955810546875, 1030.188232421875, 1328.25, 1309.7041015625], [253.39024353027344, 1069.8128662109375, 407.75, 1305.5], [66.81602478027344, 1277.2193603515625, 222.3406982421875, 1414.0], [1029.3399658203125, 2.09155535697937, 1374.9664306640625, 708.9724731445312], [751.6117553710938, -4.810399055480957, 1016.8120727539062, 706.52783203125], [-1.7502903938293457, 0.25456398725509644, 753.4512939453125, 709.0739135742188], [128.23199462890625, 728.529541015625, 1380.8968505859375, 1046.224853515625], [-2.470099925994873, 1062.6622314453125, 1395.2315673828125, 2092.298095703125], [254, 454, 304, 508], [521, 150, 573, 211]], "labels": [0, 0, 0, 0, 0, 0, 1, 1, 1, 1, 1, 1, 2, 2, 2, 2, 2, 3, 3], "image_id": 26}, "character_clusters": [0, 0, 1, 0, 0, 2], "text_char_matches": [[0, 1], [1, 1], [2, 1], [3, 0], [4, 0], [5, 0]], "text_tail_matches": [[0, 1], [1, 1], [2, 0]], "text_classification": [1, 1, 1, 1, 1, 1], "character_names": ["Taiju Oki", "Taiju Oki", "none", "Taiju Oki", "Taiju Oki", "none"]}