{"bbox_annotations": {"bboxes_as_x1y1x2y2": [[1004.2086181640625, 1958.092529296875, 1267.58203125, 2097.317138671875], [1062.0380859375, 780.2218627929688, 1400.376708984375, 1536.9674072265625], [1093.24853515625, 569.2081909179688, 1244.623291015625, 746.9661254882812], [1258.6873779296875, 1526.2672119140625, 1400.6285400390625, 2097.070068359375], [344.4474792480469, 1955.7711181640625, 469.9396667480469, 2096.44580078125], [723.8123168945312, 267.5561218261719, 819.1851196289062, 555.8921508789062], [626.231689453125, 508.55804443359375, 1073.9755859375, 1454.770751953125], [227.5, 619.5, 588.0, 1379.1439208984375], [450.8990783691406, 1916.6905517578125, 743.6961059570312, 2099.35498046875], [479.5, 322.2893981933594, 779.6714477539061, 679.0], [794.5, 1827, 1077.94189453125, 2099.611572265625], [1266.87109375, 600.7542114257812, 1390.052734375, 744.2760009765625], [0, 0, 1404.39013671875, 369.25], [1201.99267578125, 793.0704345703125, 1326.531982421875, 973.6986694335938], [460.1440124511719, 700.967529296875, 578.266357421875, 830.93994140625], [5.25, 467.25, 166.25, 908.25], [471.37847900390625, 1207.378173828125, 576.7986450195312, 1316.51416015625], [749.0294799804688, 1635.92822265625, 902.6768798828125, 1746.069091796875], [187.11044311523438, 1669.097412109375, 262.0455322265625, 1724.1390380859375], [-4.039102554321289, 9.621172904968262, 1395.7412109375, 1497.9068603515625], [347.01019287109375, 1501.821044921875, 1394.2659912109375, 2093.6884765625], [-2.0313172340393066, 1487.890625, 342.94525146484375, 2095.502197265625], [353, 756, 446, 834], [398, 1099, 482, 1208], [1214, 967, 1278, 1115], [800, 1754, 858, 1866], [209, 1712, 248, 1796]], "labels": [0, 0, 0, 0, 0, 0, 0, 0, 0, 0, 0, 0, 1, 1, 1, 1, 1, 1, 1, 2, 2, 2, 3, 3, 3, 3, 3], "image_id": 33}, "character_clusters": [0, 1, 2, 3, 4, 5, 1, 6, 7, 8, 9, 10], "text_char_matches": [[1, 1], [2, 7], [4, 7], [5, 10]], "text_tail_matches": [[1, 2], [2, 0], [4, 1], [5, 3], [6, 4]], "text_classification": [0, 1, 1, 0, 1, 1, 1], "character_names": ["none", "none", "none", "none", "none", "none", "none", "none", "none", "none", "none", "none"]}