{"bbox_annotations": {"bboxes_as_x1y1x2y2": [[813.2504272460938, 1193.4122314453125, 969.5, 1370.25], [1149.0777587890625, 1296.75, 1309.9498291015625, 1387.147216796875], [883.75, 1202.25, 1051.75, 1375.5], [1057, 1179.5, 1148, 1321.25], [1155, 1230.25, 1298.5, 1302.0], [438.7682189941406, 178.80242919921875, 943.2588500976562, 823.630615234375], [31.5, 15.75, 316.75, 2082.5], [31.39682960510254, 0.5646407604217529, 1399.39111328125, 2100.3330078125]], "labels": [0, 0, 0, 0, 0, 1, 1, 2], "image_id": 50}, "character_clusters": [0, 1, 2, 3, 4], "text_char_matches": [], "text_tail_matches": [], "text_classification": [1, 0], "character_names": ["none", "none", "none", "none", "none"]}