{"bbox_annotations": {"bboxes_as_x1y1x2y2": [[733.1983642578125, 1616.65380859375, 783.6414184570312, 1865.50634765625], [836.9105834960938, 1761.0372314453125, 968.50439453125, 1881.832275390625], [62.68486785888672, 1500.0035400390625, 686.5460739135742, 2103.515380859375], [455, 831.571044921875, 926.79248046875, 1415.8638916015625], [986.3601684570312, 1687.8597412109375, 1052.11181640625, 1884.7972412109375], [1178.4930419921875, 1942.9056396484375, 1370.2845458984375, 2097.29736328125], [971.25, 1.5844299793243408, 1344.755859375, 584.6407654285431], [845.9765625, 1558.1580810546875, 1046.4755859375, 1636.8370361328125], [719.6156616210938, 1973.9837646484375, 979.7042236328125, 2082.42724609375], [532.5001831054688, 1553.19384765625, 672.2393188476562, 1597.220458984375], [485.89031982421875, 1938.7108154296875, 670.5880126953125, 2018.0518798828125], [93.90885925292969, 1937.8765869140625, 250.4449462890625, 2015.7054443359375], [-5.143141746520996, 2.0310983657836914, 1390.1944580078125, 585.975830078125], [0.15128850936889648, 608.4102172851562, 1396.927490234375, 1456.6173095703125], [1063.6622314453125, 1486.294677734375, 1390.332763671875, 2096.1728515625], [699.58349609375, 1487.19970703125, 1064.518310546875, 2099.324462890625], [-3.7520675659179688, 1482.2457275390625, 690.529052734375, 2096.388916015625], [940, 1673, 999, 1741], [164, 1828, 215, 1885], [580, 1804, 641, 1865], [823, 1881, 864, 1930], [596, 1636, 644, 1689]], "labels": [0, 0, 0, 0, 0, 0, 1, 1, 1, 1, 1, 1, 2, 2, 2, 2, 2, 3, 3, 3, 3, 3], "image_id": 36}, "character_clusters": [0, 1, 1, 2, 3, 4], "text_char_matches": [[1, 1], [2, 1], [3, 2], [4, 2], [5, 2]], "text_tail_matches": [[1, 0], [2, 3], [3, 4], [4, 2], [5, 1]], "text_classification": [0, 1, 1, 1, 1, 1], "character_names": ["none", "none", "none", "none", "none", "none"]}