{"bbox_annotations": {"bboxes_as_x1y1x2y2": [[1183.720458984375, 858.3416137695312, 1274.0133056640625, 957.1572875976562], [319.73248291015625, 1529.7593994140625, 558.379150390625, 2030.1162109375], [1089.5130615234375, 661.68798828125, 1156.6627197265625, 769.8637084960938], [1004.1461181640625, 1215.0927734375, 1363.720458984375, 2026.26708984375], [633.8124389648438, 525.7757568359375, 1067.087890625, 909.2300415039062], [568.2938842773438, 1157.375, 892.6749877929688, 1792.0], [975.8546142578125, 1775.4041748046875, 1204.8648681640625, 2022.6875], [560.8001708984375, 836.7066650390625, 656.712890625, 970.5159912109375], [119, 0, 967.75, 1057], [1021.3740844726562, 148.96017456054688, 1314.5750732421875, 385.88861083984375], [388.3927001953125, 253.75, 1102.5999755859375, 507.24505615234375], [1183.45849609375, 974.8430786132812, 1289.75, 1023.75], [356.8466491699219, 567.2132568359375, 518.50830078125, 628.2551879882812], [280, 733.25, 502.25, 1048.25], [954.46142578125, 1183.49853515625, 1174.25, 1382.7921142578125], [820.31982421875, 1167.14794921875, 902.7075805664062, 1237.25], [634.2083740234375, 1462.0174560546875, 799.5437622070312, 1547.19287109375], [680.75, 1589.1063232421875, 750.75, 1618.75], [752.2220458984375, 1761.0543212890625, 892.2491455078125, 2018.207763671875], [584.5, 1809.4443359375, 717.5, 1940.75], [451.5, 1174.25, 541.1585693359375, 1221.5], [378, 1195.25, 450.86120605468744, 1279.25], [227.2209930419922, 1365.5465087890625, 379.7663269042969, 1428.0], [184.64889526367188, 1639.53271484375, 357.97015380859375, 1738.8883056640625], [116.98619842529297, -2.3121981620788574, 1368.56591796875, 1053.9876708984375], [918.056884765625, 1086.0546875, 1364.641357421875, 2024.7369384765625], [568.6983642578125, 1090.2330322265625, 902.3287353515625, 2033.341552734375], [119.462890625, 1095.03125, 555.6203002929688, 2026.7720947265625], [963, 121, 1028, 170], [400, 1496, 445, 1546], [145, 1807, 215, 1852], [806, 1216, 844, 1249]], "labels": [0, 0, 0, 0, 0, 0, 0, 0, 0, 1, 1, 1, 1, 1, 1, 1, 1, 1, 1, 1, 1, 1, 1, 1, 2, 2, 2, 2, 3, 3, 3, 3], "image_id": 386}, "character_clusters": [0, 1, 2, 3, 0, 4, 1, 5, 4], "text_char_matches": [[0, 8], [5, 3], [6, 5], [13, 1], [12, 1], [11, 1], [9, 6], [10, 6], [14, 5]], "text_tail_matches": [[0, 0], [6, 3], [13, 1], [14, 2], [11, 1], [12, 1]], "text_classification": [1, 0, 0, 0, 0, 1, 1, 0, 0, 1, 1, 1, 1, 1, 1], "character_names": ["none", "Tomohito Sugino", "none", "Nagisa Shiota", "none", "Korosensei", "Tomohito Sugino", "none", "Korosensei"]}