{"bbox_annotations": {"bboxes_as_x1y1x2y2": [[885.5, 1372, 1277.5, 2011.64794921875], [28.224109649658203, 1078.1854248046875, 271.25, 1932.0], [486.5, 82.92599487304688, 1148.2318115234375, 444.11083984375], [333.54876708984375, 475.0820007324219, 677.25, 989.4187927246094], [722.75, 729.4849853515625, 920.7626342773436, 983.6508178710938], [33.25, 73.5, 551.25, 441.0], [673.75, 154, 731.5, 190.75], [966.2385864257812, 627.103271484375, 1142.905517578125, 673.6055908203125], [83.79124450683594, 547.994873046875, 323.75, 824.9721069335938], [943.25, 1120.4141845703125, 1090.25, 1275.75], [658, 1107.9066162109375, 882.0048217773438, 1576.75], [367.5, 1114.417236328125, 546.0, 1267.0], [511, 1643.3746337890625, 878.7581176757812, 2040.5], [519.1264038085938, 67.30296325683594, 1280.42529296875, 448.730712890625], [25.618202209472656, 70.39195251464844, 604.9058837890625, 449.4422302246094], [23.85735511779785, 479.06634521484375, 1284.36279296875, 995.8088989257812], [661.9910888671875, 1029.344482421875, 1280.8829345703125, 2021.359130859375], [23.818552017211914, 1027.692138671875, 782.791259765625, 2014.8131103515625], [278, 1244, 338, 1293], [890, 543, 969, 591], [331, 590, 384, 637], [794, 1060, 922, 1121], [745, 181, 796, 226]], "labels": [0, 0, 0, 0, 0, 0, 1, 1, 1, 1, 1, 1, 1, 2, 2, 2, 2, 2, 3, 3, 3, 3, 3], "image_id": 389}, "character_clusters": [0, 1, 1, 1, 0, 2], "text_char_matches": [[2, 3], [1, 3], [5, 1], [3, 1], [0, 2]], "text_tail_matches": [[0, 4], [1, 1], [2, 2], [3, 3], [5, 0]], "text_classification": [1, 1, 1, 1, 0, 1, 0], "character_names": ["Nagisa Shiota", "Korosensei", "Korosensei", "Korosensei", "Nagisa Shiota", "none"]}