{"bbox_annotations": {"bboxes_as_x1y1x2y2": [[858.1420288085938, 1540, 1275.740234375, 2021.726318359375], [261.3528137207031, 359.8399658203125, 529.0852661132812, 927.10546875], [848.75, 273.60040283203125, 1184.097412109375, 836.5], [560.8786010742188, 393.2906494140625, 795.1533813476562, 907.5059814453125], [374.119140625, 1114.75, 749.0, 1515.6990966796875], [63.94572448730469, 1211.87744140625, 319.895263671875, 1751.7396240234375], [414.1591796875, 1537.8751220703125, 788.7374267578125, 2020.9215087890625], [612.5, 1006.3184204101562, 1269.3624267578123, 1519.22998046875], [602, 722.75, 792.75, 906.5], [31.5, 92.75, 425.25, 792.75], [873.25, 345.4086608886719, 947.3871459960939, 404.25], [581.14990234375, 154, 766.6485595703125, 317.4579162597656], [568.75, 849.46630859375, 666.3055419921874, 910.0], [429.1293640136719, 179.5790252685547, 524.7930297851562, 275.0816955566406], [334.5915222167969, 156.79165649414062, 420.225830078125, 299.4366455078125], [56, 92.75, 161, 194.25], [193.46701049804688, 473.16998291015625, 351.9833068847656, 602.1369018554688], [94.88613891601562, 496.7829895019531, 179.6714630126953, 606.6594848632812], [84.2691879272461, 735.0302124023438, 232.75, 903.0921630859375], [1053.7642822265625, 1004.2747192382812, 1216.804443359375, 1230.3074951171875], [726.514404296875, 1043.5594482421875, 820.6033325195312, 1105.997314453125], [357.5284729003906, 1011.1031494140625, 548.3660888671875, 1266.5062255859375], [957.25, 1547.2900390625, 1018.5, 1597.75], [779.585693359375, 1570.0032958984375, 869.0562133789062, 1700.970458984375], [980.0482788085938, 1839.9412841796875, 1138.290771484375, 1974.496826171875], [754.4368286132812, 1880.8060302734375, 844.1430053710938, 1985.679443359375], [820.112548828125, 59.98550796508789, 1282.3228759765625, 927.228271484375], [548.7225341796875, 68.10464477539062, 798.233642578125, 928.0791625976562], [28.275346755981445, 62.94633483886719, 535.7830200195312, 929.5624389648438], [318.5543518066406, 968.4154663085938, 1279.488525390625, 1524.8040771484375], [408.3185119628906, 1526.1453857421875, 1282.0208740234375, 2027.59423828125], [20.776573181152344, 981.3418579101562, 422.7984924316406, 2023.36328125], [217, 359, 258, 419], [711, 364, 793, 403], [852, 1890, 916, 1943], [557, 1037, 612, 1090], [737, 1643, 781, 1685], [240, 806, 300, 853], [470, 346, 506, 396], [1067, 1733, 1104, 1785], [1001, 1015, 1057, 1069], [705, 1081, 744, 1116]], "labels": [0, 0, 0, 0, 0, 0, 0, 0, 0, 0, 1, 1, 1, 1, 1, 1, 1, 1, 1, 1, 1, 1, 1, 1, 1, 1, 2, 2, 2, 2, 2, 2, 3, 3, 3, 3, 3, 3, 3, 3, 3, 3], "image_id": 381}, "character_clusters": [0, 1, 1, 1, 1, 2, 1, 0, 0, 0], "text_char_matches": [[1, 3], [3, 1], [4, 1], [6, 9], [7, 9], [8, 1], [9, 7], [10, 4], [13, 6], [15, 0], [14, 0], [11, 4]], "text_tail_matches": [[1, 1], [3, 6], [4, 6], [6, 0], [7, 0], [8, 5], [9, 8], [10, 9], [11, 3], [13, 4], [14, 7], [15, 2]], "text_classification": [0, 1, 0, 1, 1, 0, 1, 1, 1, 1, 1, 1, 0, 1, 1, 1], "character_names": ["Korosensei", "Tomohito Sugino", "Tomohito Sugino", "Tomohito Sugino", "Tomohito Sugino", "Nagisa Shiota", "Tomohito Sugino", "Korosensei", "Korosensei", "Korosensei"]}