{"bbox_annotations": {"bboxes_as_x1y1x2y2": [[540.0143432617188, 1128.8154296875, 1321.25, 2028.7510986328125], [165.87237548828125, 710.9165649414062, 457.69964599609375, 1058.26220703125], [475.68817138671875, 80.5, 1365.0, 1057.6665954589844], [420.5865478515625, 1305.5, 530.25, 1634.5], [121.4168930053711, 194.15089416503906, 406.74486541748047, 1054.9652252197266], [117.56796264648438, 1423.5330810546875, 488.8451232910156, 2022.5013427734375], [301.90899658203125, 1272.3145751953125, 419.35894775390625, 1467.16943359375], [1179.3968505859375, 184.9559326171875, 1301.7696533203125, 255.78858947753906], [613.5369873046875, 812.0293579101562, 811.891845703125, 973.778076171875], [307.7782897949219, 143.421875, 442.8069152832031, 290.98883056640625], [1091.6597900390625, 1197.7674560546875, 1289.75, 1328.25], [486.5, 1247.75, 633.0513305664062, 1347.5], [425.8536682128906, 1821.6575927734375, 606.5665893554688, 1886.5], [593.25, 1905.75, 688.745849609375, 1939.0], [266, 1934.48046875, 348.0364990234375, 1988.0], [467.3525695800781, 62.63187789916992, 1358.393798828125, 1063.8594970703125], [119.05916595458984, 67.34955596923828, 460.1741638183594, 1074.6910400390625], [117.03617858886719, 1093.9686279296875, 1366.6697998046875, 2027.809814453125], [1036, 1383, 1096, 1433], [1120, 176, 1180, 220], [599, 1418, 650, 1460], [725, 621, 765, 689], [320, 1856, 350, 1902], [671, 1935, 728, 1971]], "labels": [0, 0, 0, 0, 0, 0, 0, 1, 1, 1, 1, 1, 1, 1, 1, 2, 2, 2, 3, 3, 3, 3, 3, 3], "image_id": 376}, "character_clusters": [0, 1, 0, 1, 2, 2, 2], "text_char_matches": [[0, 2], [2, 4], [1, 2], [3, 0], [4, 0], [5, 0], [6, 0], [7, 5]], "text_tail_matches": [[0, 1], [1, 3], [3, 0], [4, 2], [6, 5], [5, 5], [7, 4]], "text_classification": [1, 1, 1, 1, 1, 1, 1, 1], "character_names": ["Korosensei", "Nagisa Shiota", "Korosensei", "Nagisa Shiota", "Tomohito Sugino", "Tomohito Sugino", "Tomohito Sugino"]}