{"bbox_annotations": {"bboxes_as_x1y1x2y2": [[934.3353271484375, 682.5, 1151.5, 976.5], [338.4559326171875, 1026.1904296875, 1116.5257568359375, 1517.2266845703125], [313.25, 84.70659637451172, 912.9742431640625, 975.0345993041992], [987, 155.92835998535156, 1066.5578613281248, 215.25], [935.040771484375, 354.1437072753906, 1149.75, 546.957763671875], [965.0619506835938, 734.00537109375, 1059.6197509765625, 791.3212280273438], [708.15087890625, 390.1585693359375, 898.4360961914062, 505.549560546875], [140, 375.31427001953125, 330.75, 491.6158752441406], [124.25, 176.75, 211.75, 218.75], [87.5, 645.3890991210938, 351.75, 921.7467651367188], [132.6134033203125, 1207.7447509765625, 336.1111755371094, 1288.0], [958.626220703125, 1748.25, 1141.0, 1828.75], [107.87155151367188, 1717.927490234375, 310.5388488769531, 1902.25], [919.1151733398438, 70.70379638671875, 1280.4814453125, 989.3582763671875], [20.7247314453125, 64.73651123046875, 917.0375366210938, 984.7384643554688], [25.859529495239258, 1023.8171997070312, 1282.60693359375, 1519.256591796875], [28.302759170532227, 1550.27978515625, 1274.8109130859375, 2039.51123046875], [220, 218, 281, 274], [250, 490, 316, 554]], "labels": [0, 0, 0, 1, 1, 1, 1, 1, 1, 1, 1, 1, 1, 2, 2, 2, 2, 3, 3], "image_id": 391}, "character_clusters": [0, 1, 0], "text_char_matches": [[1, 0], [0, 0], [6, 2], [7, 1], [8, 1], [9, 1], [5, 2]], "text_tail_matches": [[6, 1], [5, 0]], "text_classification": [1, 1, 0, 0, 0, 1, 1, 1, 1, 1], "character_names": ["Korosensei", "Nagisa Shiota", "Korosensei"]}