{"bbox_annotations": {"bboxes_as_x1y1x2y2": [[130.00001525878906, 60.66890335083008, 1398.25, 1531.25], [115.42762756347656, 1590.408203125, 932.4242095947266, 2023.76806640625], [1124.1400146484375, 1592.9803466796875, 1392.6358642578125, 2023.5159912109375], [1093.10107421875, 52.64930725097656, 1378.259521484375, 376.1216583251953], [182, 56, 1018.5, 910], [1019.2184448242188, 560.9668579101562, 1297.4476318359375, 835.5401000976562], [970.3187866210938, 1679.6536865234375, 1126.7037353515625, 1814.3846435546875], [704.4346923828125, 1638.1158447265625, 914.2861328125, 1828.75], [1078, 1914.5, 1188.25, 2016.0], [108.6034927368164, 2.7847766876220703, 1387.0062255859375, 1534.387451171875], [117.00759887695312, 1576.4832763671875, 1376.0712890625, 2026.64599609375]], "labels": [0, 0, 0, 0, 0, 1, 1, 1, 1, 2, 2], "image_id": 384}, "character_clusters": [0, 0, 1, 1, 2], "text_char_matches": [[0, 3], [1, 2], [2, 2]], "text_tail_matches": [], "text_classification": [1, 1, 1, 0], "character_names": ["Korosensei", "Korosensei", "Nagisa Shiota", "Nagisa Shiota", "Tomohito Sugino"]}