{"bbox_annotations": {"bboxes_as_x1y1x2y2": [[25.096742630004883, 783.352294921875, 74.6967945098877, 946.7838134765625], [138.98294067382812, 714.198974609375, 247.2451934814453, 909.2478637695312], [51.254573822021484, 751.6814575195312, 171.2907829284668, 936.4965209960938], [297.5, 139.1420135498047, 901.0481262207031, 812.0], [1127.2188720703125, 104.7237777709961, 1274.0086669921875, 630.9192123413086], [836.8290405273438, 353.12408447265625, 950.0300903320312, 498.2356262207031], [862.366455078125, 360.53240966796875, 1249.3065185546875, 702.718017578125], [330.5226135253906, 1633.5550537109375, 1027.8800354003906, 2028.384765625], [977.0028076171875, 184.04489135742188, 1160.25, 344.18853759765625], [624.75, 87.5, 749.0, 123.16381835937499], [541.29541015625, 488.41485595703125, 757.75, 561.75], [500.5, 399.4503173828125, 577.5, 458.25531005859375], [441, 467.25, 511, 519.75], [133.56089782714844, 180.62693786621094, 342.9376220703125, 339.62713623046875], [966.348388671875, 949.723876953125, 1146.526611328125, 1152.3126220703125], [118.2397232055664, 1184.1409912109375, 299.52442169189453, 1422.320556640625], [1001.7470703125, 1734.1224365234375, 1235.5, 1888.25], [79.5088882446289, 1671.33056640625, 330.21952056884766, 1988.92626953125], [17.85642433166504, 68.8032455444336, 1273.3348388671875, 957.3091430664062], [21.137374877929688, 690.3934326171875, 1276.324462890625, 1577.5390625], [18.34992790222168, 1624.614990234375, 1279.81689453125, 2023.449951171875], [358, 1898, 415, 1954], [925, 1906, 987, 1950]], "labels": [0, 0, 0, 0, 0, 0, 0, 0, 1, 1, 1, 1, 1, 1, 1, 1, 1, 1, 2, 2, 2, 3, 3], "image_id": 379}, "character_clusters": [0, 1, 2, 3, 4, 5, 6, 7], "text_char_matches": [[0, 7], [6, 7], [7, 7], [8, 7], [9, 7], [5, 7]], "text_tail_matches": [[8, 1], [9, 0]], "text_classification": [1, 0, 0, 0, 0, 1, 1, 1, 1, 1], "character_names": ["none", "none", "none", "Korosensei", "none", "none", "none", "Tadaomi Karasuma"]}