{"bbox_annotations": {"bboxes_as_x1y1x2y2": [[801.5, 403.843017578125, 1268.49560546875, 801.1005859375], [755.2133178710938, 1410.3289794921875, 1260.896728515625, 2017.6563720703125], [763, 1051.75, 1272.25, 1778.0], [28.135740280151367, 1597.6593017578125, 368.55978202819824, 2027.6502685546875], [104.83185577392578, 856.95263671875, 515.9233474731445, 1328.6195068359375], [469, 151.9988250732422, 860.890869140625, 790.9602508544922], [427, 87.5, 764.0361938476564, 537.25], [480.97186279296875, 1893.1400146484375, 609.1370239257812, 2022.679931640625], [38.17030715942383, 105.98551940917969, 409.4149971008301, 809.7563934326172], [248.5, 1008, 742.0, 1559.25], [1071.8258056640625, 144.0919189453125, 1195.238525390625, 206.22311401367188], [930.25927734375, 302.8924255371094, 1079.68359375, 400.7666015625], [407.9223937988281, 487.55633544921875, 627.7285766601562, 770.2879028320312], [106.75, 85.3252182006836, 157.5, 309.75], [1012.0147094726562, 910.2169799804688, 1115.9180908203125, 1003.6603393554688], [810.3582763671875, 910.0704956054688, 1001.6675415039062, 1072.8140869140625], [763, 1843.76416015625, 904.75, 2025.003662109375], [551.5279541015625, 891.1121826171875, 731.7755126953125, 1115.2628173828125], [206.5, 987, 292.25, 1193.5], [120.95106506347656, 1284.681640625, 356.6453857421875, 1543.6451416015625], [593.25, 1653.0814208984375, 667.0415649414061, 1741.25], [384.2807312011719, 1656.4439697265625, 529.7767944335938, 1822.2203369140625], [394.9522705078125, 67.80438995361328, 1287.7955322265625, 807.484619140625], [27.836605072021484, 80.35031127929688, 421.4070129394531, 814.6942749023438], [759.6121826171875, 848.6372680664062, 1279.9287109375, 2030.1932373046875], [98.47972106933594, 839.150634765625, 774.597900390625, 1569.427978515625], [25.86098861694336, 1579.905029296875, 739.3732299804688, 2033.392822265625], [345, 1860, 413, 1910], [1055, 1041, 1088, 1085], [358, 1338, 424, 1396], [627, 629, 688, 680], [637, 1167, 679, 1245], [928, 492, 972, 553]], "labels": [0, 0, 0, 0, 0, 0, 0, 0, 0, 0, 1, 1, 1, 1, 1, 1, 1, 1, 1, 1, 1, 1, 2, 2, 2, 2, 2, 3, 3, 3, 3, 3, 3], "image_id": 385}, "character_clusters": [0, 1, 0, 2, 3, 1, 3, 1, 1, 0], "text_char_matches": [[0, 0], [1, 0], [2, 0], [4, 2], [5, 2], [11, 3], [9, 9], [10, 3], [7, 9], [3, 8]], "text_tail_matches": [[0, 5], [1, 5], [2, 3], [4, 1], [5, 1], [7, 4], [9, 2], [10, 0], [11, 0]], "text_classification": [1, 1, 1, 0, 1, 1, 0, 1, 0, 1, 1, 1], "character_names": ["Korosensei", "Tomohito Sugino", "Korosensei", "Nagisa Shiota", "none", "Tomohito Sugino", "none", "Tomohito Sugino", "Tomohito Sugino", "Korosensei"]}