{"bbox_annotations": {"bboxes_as_x1y1x2y2": [[637, 1352.75, 966, 1863.75], [857.5, 716.190673828125, 1144.1668701171875, 1295.181640625], [500.5, 768.2362670898438, 668.0455932617188, 1302.0], [122.5, 1351, 635.25, 2009], [1151.250732421875, 178.70298767089844, 1301.47265625, 309.2148132324219], [292.8415832519531, 87.90555572509766, 491.75, 313.06571197509766], [1081.6036376953125, 781.0459594726562, 1273.2696533203125, 941.351318359375], [1087.2288818359375, 1086.116943359375, 1261.9830322265625, 1247.595458984375], [674.2220458984375, 772.7235717773438, 841.75, 933.6973876953125], [339.5, 829.80810546875, 439.9607238769531, 896.0], [227.5, 1037.9835205078125, 384.8212585449219, 1135.75], [1147.424072265625, 1405.5792236328125, 1287.53076171875, 1571.9305419921875], [1131.254638671875, 1747.66650390625, 1270.819580078125, 1850.6646728515625], [980.6347045898438, 1823.76953125, 1111.25, 1929.847900390625], [119.12793731689453, -1.3386905193328857, 1372.6273193359375, 670.915283203125], [490.6480712890625, 713.4735717773438, 1298.1812744140625, 1303.5576171875], [169.2652587890625, 713.3098754882812, 473.5050354003906, 1287.0074462890625], [119.99340057373047, 1332.55908203125, 1294.8697509765625, 2032.5185546875], [941, 1755, 987, 1799], [1031, 881, 1086, 939], [613, 839, 667, 887], [1042, 1481, 1148, 1543]], "labels": [0, 0, 0, 0, 1, 1, 1, 1, 1, 1, 1, 1, 1, 1, 2, 2, 2, 2, 3, 3, 3, 3], "image_id": 382}, "character_clusters": [0, 0, 1, 1], "text_char_matches": [[0, 1], [1, 1], [4, 2], [2, 1], [3, 1], [5, 1], [6, 1], [7, 0], [9, 0], [8, 0]], "text_tail_matches": [[2, 1], [3, 1], [4, 2], [7, 3], [8, 3], [9, 0], [7, 0], [8, 0], [9, 3]], "text_classification": [1, 1, 1, 1, 1, 1, 1, 1, 1, 1], "character_names": ["Tomohito Sugino", "Tomohito Sugino", "Korosensei", "Korosensei"]}