{"bbox_annotations": {"bboxes_as_x1y1x2y2": [[1093.6715087890625, 1608.387939453125, 1248.0115966796875, 2026.0087890625], [239.75, 1250.521484375, 1053.981704711914, 2033.646484375], [1004.0641479492188, 750.40380859375, 1357.9224853515625, 1193.7279052734375], [1222.4364013671875, 1708.1971435546875, 1330.1226806640625, 2021.262451171875], [983.4689331054688, 84.35687255859375, 1365.90673828125, 695.6769409179688], [116.46793365478516, 358.75, 512.75, 1192.2828369140625], [659.75, 750.5189819335938, 792.728759765625, 1177.5262451171875], [1186.5, 573.21533203125, 1293.25, 640.5], [586.25, 322, 987.0, 756], [969.5, 764.3931884765625, 1119.03125, 896.2513427734375], [823.6675415039062, 937.391845703125, 966.2891235351562, 1129.6923828125], [553, 824.6699829101562, 626.5, 857.5], [257.25, 127.5743179321289, 486.5, 349.16947174072266], [268.8740539550781, 938, 455.8712463378906, 1128.75], [1104.144287109375, 1304.3175048828125, 1290.212890625, 1500.81298828125], [932.75, 1335.2451171875, 1051.86181640625, 1391.25], [897.8992919921875, 1575, 1029.490966796875, 1706.25], [369.25, 1324.9605712890625, 470.75, 1421.0], [194.25, 1484.022705078125, 348.25, 1576.75], [537.9967651367188, 61.57197189331055, 1370.084228515625, 708.5371704101562], [532.3325805664062, 719.4514770507812, 1368.566650390625, 1193.7989501953125], [118.92015075683594, 66.21942901611328, 513.4529418945312, 1190.2744140625], [1078.1314697265625, 1238.934326171875, 1365.8275146484375, 2038.6444091796875], [118.21924591064453, 1233.9517822265625, 1063.0245361328125, 2030.382568359375], [1172, 1552, 1206, 1599], [368, 390, 418, 458], [398, 789, 447, 855], [898, 1341, 941, 1377], [1108, 813, 1156, 855], [619, 822, 653, 851]], "labels": [0, 0, 0, 0, 0, 0, 0, 1, 1, 1, 1, 1, 1, 1, 1, 1, 1, 1, 1, 2, 2, 2, 2, 2, 3, 3, 3, 3, 3, 3], "image_id": 392}, "character_clusters": [0, 0, 1, 1, 1, 0, 0], "text_char_matches": [[0, 4], [2, 2], [3, 2], [4, 6], [6, 5], [5, 5], [7, 0], [8, 1], [9, 1], [10, 1], [11, 1]], "text_tail_matches": [[2, 4], [3, 4], [4, 5], [5, 1], [6, 2], [7, 0], [9, 3], [8, 3]], "text_classification": [0, 0, 1, 1, 1, 1, 1, 1, 1, 1, 1, 1], "character_names": ["Tomohito Sugino", "Tomohito Sugino", "Nagisa Shiota", "Nagisa Shiota", "Nagisa Shiota", "Tomohito Sugino", "Tomohito Sugino"]}