{"bbox_annotations": {"bboxes_as_x1y1x2y2": [[117.71647644042969, 43.75, 1365.0, 1115.0853424072268], [276.5, 1174.25, 780.5, 2027.0573730468748], [124.25, 1392.552978515625, 554.7615356445312, 1750.0], [802.5037841796875, 1170.0699462890625, 1373.58056640625, 2028.25], [803.25, 1538.25, 1055.25, 2026.5], [1039.73193359375, 142.34072875976562, 1275.87646484375, 401.38671875], [1044.4967041015625, 526.7235717773438, 1159.3885498046875, 572.1792602539062], [797.6873168945312, 639.4218139648438, 1102.5599365234375, 914.8994140625], [1086.371337890625, 676.6312255859375, 1176.5306396484375, 916.7586059570312], [809.53173828125, 920.0155639648438, 1109.372802734375, 1069.5465087890625], [388.6734924316406, 767.054443359375, 668.4169311523438, 1072.8314208984375], [1042.85693359375, 1052.8017578125, 1167.0699462890625, 1088.2008056640625], [936.25, 1221.7130126953125, 989.472900390625, 1253.0], [810.0631713867188, 1340.6468505859375, 947.5601806640625, 1412.1112060546875], [550.8836059570312, 1234.9169921875, 770.3789672851562, 1399.21240234375], [551.9419555664062, 1553.693603515625, 766.5728759765625, 1716.5894775390625], [272.8247375488281, 1233.8743896484375, 367.65313720703125, 1322.578125], [162.85716247558594, 1408.9176025390625, 337.8961181640625, 1542.1776123046875], [298.5728759765625, 1673.823974609375, 390.14794921875, 1715.30029296875], [336, 1802.762939453125, 483.21987915039057, 1898.7500000000002], [130.62570190429688, 1794.29736328125, 262.4579162597656, 1959.8209228515625], [113.76895904541016, -5.017304420471191, 1367.513916015625, 1120.173828125], [793.7708129882812, 1152.3377685546875, 1373.26220703125, 2041.344970703125], [109.63939666748047, 1152.44287109375, 784.43603515625, 2032.441650390625], [961, 1289, 1026, 1354], [548, 1408, 594, 1466], [247, 1741, 289, 1785]], "labels": [0, 0, 0, 0, 0, 1, 1, 1, 1, 1, 1, 1, 1, 1, 1, 1, 1, 1, 1, 1, 1, 2, 2, 2, 3, 3, 3], "image_id": 390}, "character_clusters": [0, 1, 0, 1, 0], "text_char_matches": [[0, 0], [5, 0], [8, 3], [9, 1], [10, 1], [11, 2], [12, 2], [7, 3], [15, 1]], "text_tail_matches": [[8, 0], [7, 0], [9, 1], [10, 1], [15, 2]], "text_classification": [1, 0, 0, 0, 0, 1, 0, 1, 1, 1, 1, 1, 1, 0, 0, 1], "character_names": ["Korosensei", "Nagisa Shiota", "Korosensei", "Nagisa Shiota", "Korosensei"]}