{"bbox_annotations": {"bboxes_as_x1y1x2y2": [[151.90640258789062, 907.8682250976562, 601.4945068359375, 1482.8953857421875], [574, 1526, 1280.9600830078125, 2027.385986328125], [1160.25, 1121.75, 1261.75, 1389.5], [628.6448974609375, 859.0110473632812, 698.5419921875, 1008.9984741210938], [852.0662231445312, 623, 1093.6396484375, 1003.5214233398438], [113.75, 143.04283142089844, 1169.0, 574.0376434326172], [844.7339477539062, 1050.2264404296875, 1134.0, 1407.0], [711.3739013671875, 703.1929321289062, 919.943603515625, 1002.9267578125], [1004.8269653320312, 216.82110595703125, 1161.4677734375, 285.91796875], [395.7407531738281, 196.14248657226562, 546.87890625, 294.6579895019531], [148.98672485351562, 306.56182861328125, 316.4071350097656, 467.2341003417969], [1090.3819580078125, 640.5012817382812, 1207.2264404296875, 700.0], [1017.8590087890625, 770.0614624023438, 1214.14404296875, 992.7092895507812], [641.6730346679688, 651.4378051757812, 721.2720947265625, 721.0], [645.2752685546875, 1113, 831.25, 1214.5], [388.5, 717.5267333984375, 490.0, 813.75], [139.3440704345703, 709.9530029296875, 296.96923828125, 873.235595703125], [1015.2947387695312, 1677.697998046875, 1184.853271484375, 1762.25], [108.5, 1681.9510498046875, 305.4536437988281, 1835.75], [112.59127807617188, 67.59107208251953, 1276.5091552734375, 582.978271484375], [624.3822631835938, 615.4935302734375, 1278.36767578125, 1016.3142700195312], [622.7724609375, 1022.4746704101562, 1287.0965576171875, 1492.74365234375], [112.2762451171875, 602.4185180664062, 597.7882690429688, 1485.6219482421875], [32.58648681640625, 1521.997314453125, 1280.0047607421875, 2034.3128662109375], [687, 735, 725, 774]], "labels": [0, 0, 0, 0, 0, 0, 0, 0, 1, 1, 1, 1, 1, 1, 1, 1, 1, 1, 1, 2, 2, 2, 2, 2, 3], "image_id": 377}, "character_clusters": [0, 1, 2, 3, 4, 1, 0, 5], "text_char_matches": [[4, 4], [3, 4], [5, 7], [7, 0], [8, 0], [6, 6], [0, 7], [1, 7], [2, 7], [9, 7], [10, 7]], "text_tail_matches": [[5, 0]], "text_classification": [1, 1, 1, 1, 1, 1, 1, 1, 1, 1, 1], "character_names": ["Tomohito Sugino", "Korosensei", "none", "none", "Kaede Kayano", "Korosensei", "Tomohito Sugino", "Nagisa Shiota"]}