{"bbox_annotations": {"bboxes_as_x1y1x2y2": [[822.5244750976562, 1552.717529296875, 1126.4752197265625, 2020.729736328125], [67.38275909423828, 146.8423614501953, 954.4484329223633, 998.2315826416016], [519.2254028320312, 85.77532958984375, 1272.25, 987.6417846679688], [916.162353515625, 1050.9798583984375, 1282.5423583984375, 1665.029052734375], [-1.7679184675216675, 538.575439453125, 517.9820815324783, 2098.25], [579.25, 1415.75, 771.75, 2017.75], [966.5999755859375, 161.99081420898438, 1173.7174072265625, 354.2259521484375], [76.88381958007812, 174.62828063964844, 312.0428161621094, 425.9795227050781], [543.1015625, 1105.9161376953125, 726.4010009765625, 1236.4410400390625], [533.75, 1391.25, 596.75, 1592.5], [119, 1344.501220703125, 288.75, 1503.25], [78.94868469238281, 1685.7547607421875, 302.3101501464844, 1879.1552734375], [8.735889434814453, 68.54887390136719, 1283.060791015625, 1032.4931640625], [806.18798828125, 1044.4501953125, 1278.2294921875, 2040.8677978515625], [499.04071044921875, 1011.9446411132812, 791.0907592773438, 2030.4376220703125], [-1.7744064331054688, 873.8893432617188, 540.7972412109375, 2104.69580078125], [873, 207, 929, 247], [324, 90, 435, 143], [646, 1330, 689, 1397], [197, 1186, 236, 1255]], "labels": [0, 0, 0, 0, 0, 0, 1, 1, 1, 1, 1, 1, 2, 2, 2, 2, 3, 3, 3, 3], "image_id": 387}, "character_clusters": [0, 1, 2, 1, 2, 2], "text_char_matches": [[0, 2], [2, 4], [4, 4], [5, 4], [1, 2]], "text_tail_matches": [[0, 0], [1, 1], [2, 2], [5, 3], [4, 3]], "text_classification": [1, 1, 1, 0, 1, 1], "character_names": ["Nagisa Shiota", "Tomohito Sugino", "Korosensei", "Tomohito Sugino", "Korosensei", "Korosensei"]}