{"bbox_annotations": {"bboxes_as_x1y1x2y2": [[468.98004150390625, 400.1070556640625, 644.4273071289062, 770.0043334960938], [152.85043334960938, 80.02281951904297, 229.93081665039062, 226.85152435302734], [350.2103576660156, 1645, 460.25, 2022.3571777343748], [116.80474090576172, 1686.9134521484375, 171.0677032470703, 1966.682861328125], [469, 845.25, 941.5, 1298.5], [125.6227035522461, 1727.25, 370.5482406616211, 2024.514892578125], [694.6126098632812, 105.27308654785156, 1364.8543701171875, 768.3584136962891], [129.43714904785156, 188.54025268554688, 299.60601806640625, 440.6853942871094], [812, 1569.75, 1368.5, 2021.25], [346.28515625, 79.53961181640625, 477.75, 229.49017333984375], [1231.44677734375, 351.71380615234375, 1368.0780029296875, 743.0437622070312], [320.72100830078125, 207.0194854736328, 500.5, 489.72499084472656], [453.9078369140625, 1823.5, 628.0165405273438, 2021.25], [688.7993774414062, 1776.25, 761.9843139648438, 2031.6367187499995], [231.2459716796875, 78.04581451416016, 316.20501708984375, 184.37884521484375], [323.73455810546875, 635.0076904296875, 452.4980163574219, 773.2293701171875], [1205.75, 139.48680114746094, 1303.7420654296875, 210.3223876953125], [695.5572509765625, 162.38648986816406, 878.7747192382812, 323.787109375], [910, 654.5, 1190, 741.3549194335938], [483, 132.33836364746094, 652.7738037109374, 249.41567993164062], [203, 512.5266723632812, 348.25, 582.368408203125], [1149.75, 897.0078735351562, 1317.75, 1088.5], [934.0127563476562, 858.0761108398438, 1100.75, 1114.913818359375], [1025.5, 1169, 1284.5, 1368.5], [220.5, 1170.75, 544.25, 1491.0], [231, 892.5, 408.1978454589844, 1111.25], [1006.25, 1591.199462890625, 1172.1346435546875, 1753.5], [797.5499877929688, 1599.5, 980.676513671875, 1757.0], [540.9428100585938, 1589, 740.25, 1778], [679.906982421875, 65.34358978271484, 1365.657958984375, 780.52978515625], [125.37030029296875, 64.29513549804688, 666.0427856445312, 782.9583129882812], [122.69422912597656, 813.5966796875, 1361.8427734375, 1487.4765625], [774.6369018554688, 1522.648681640625, 1364.7955322265625, 2027.9569091796875], [123.0296630859375, 1523.429931640625, 758.978759765625, 2032.3974609375], [1137, 1788, 1200, 1831], [1179, 240, 1220, 279], [849, 356, 900, 392], [456, 213, 497, 259], [246, 353, 278, 400]], "labels": [0, 0, 0, 0, 0, 0, 0, 0, 0, 0, 0, 0, 0, 0, 0, 0, 1, 1, 1, 1, 1, 1, 1, 1, 1, 1, 1, 1, 1, 2, 2, 2, 2, 2, 3, 3, 3, 3, 3], "image_id": 378}, "character_clusters": [0, 1, 2, 3, 4, 5, 0, 6, 0, 7, 8, 9, 10, 11, 12, 8], "text_char_matches": [[0, 6], [1, 6], [3, 11], [4, 7], [10, 8], [11, 8], [12, 8]], "text_tail_matches": [[0, 1], [1, 2], [3, 3], [4, 4], [10, 0], [11, 0]], "text_classification": [1, 1, 0, 1, 1, 1, 1, 0, 0, 1, 1, 1, 1], "character_names": ["Tadaomi Karasuma", "none", "Taisei Yoshida", "none", "Korosensei", "Hiroto Maehara", "Tadaomi Karasuma", "Koki Mimura", "Tadaomi Karasuma", "Rio Nakamura", "none", "Yuma Isogai", "Meg Kataoka", "none", "none", "none"]}