{"bbox_annotations": {"bboxes_as_x1y1x2y2": [[330.75, 976.154296875, 458.5, 1202.0408935546875], [359.02178955078125, -2.702258586883545, 1072.1732177734375, 702.3082394599915], [372.75, 948.8119506835938, 712.4114990234375, 1201.51513671875], [568.75, 950.25, 1287.383544921875, 2029.9682006835935], [1063.7513427734375, 408.7913818359375, 1160.4722900390625, 448.0], [341.25, 158.5327606201172, 447.96368408203125, 230.317626953125], [126, 352.40704345703125, 285.25, 511.7301940917969], [932.75, 750.1837768554688, 1049.6544189453125, 817.25], [711.33251953125, 694.552978515625, 899.5, 946.75], [112.25715637207031, 1111.8797607421875, 302.75, 1240.75], [82.9376220703125, 1555.605224609375, 403.0335998535156, 1797.7098388671875], [404.083251953125, 1721.8734130859375, 596.75, 1764.0], [34.27585983276367, 1.017943024635315, 1284.0499267578125, 712.8973999023438], [44.87758255004883, 225.9304962158203, 340.8338623046875, 716.6469116210938], [17.76438331604004, 593.5199584960938, 1280.5960693359375, 2037.12353515625], [330, 1241, 407, 1287]], "labels": [0, 0, 0, 0, 1, 1, 1, 1, 1, 1, 1, 1, 2, 2, 2, 3], "image_id": 393}, "character_clusters": [0, 0, 1, 2], "text_char_matches": [[0, 1], [2, 1], [1, 1], [3, 2], [4, 2], [5, 3], [6, 1]], "text_tail_matches": [[5, 0]], "text_classification": [1, 1, 1, 1, 1, 1, 1, 0], "character_names": ["Nagisa Shiota", "Nagisa Shiota", "Tomohito Sugino", "Korosensei"]}