{"bbox_annotations": {"bboxes_as_x1y1x2y2": [[204.75, 369.25, 1398.25, 1991.950500488281], [287, 75.25, 810.25, 465.5], [840.724365234375, 187.6001739501953, 932.2237548828125, 481.55726623535156], [721, 1083.25, 1323.287353515625, 2010.8441162109375], [511, 1732.5, 805, 1930.25], [1043.818603515625, 225.5966339111328, 1140.3238525390625, 296.258544921875], [411.25, 112.81497955322266, 526.75, 182.3221893310547], [111.74137878417969, 209.54803466796875, 273.3402099609375, 279.0545349121094], [773.8348999023438, 790.9075927734375, 921.0598754882812, 892.2651977539062], [69.08018493652344, 742.2894287109375, 495.29185485839844, 1347.5689697265625], [804.3857421875, 1718.693603515625, 1184.75, 2035.25], [162.18170166015625, 1732.32080078125, 314.5883483886719, 1795.5], [72.27664947509766, 54.80817413330078, 1318.4749755859375, 543.9187622070312], [63.4316520690918, 436.7457580566406, 1322.1727294921875, 2022.4183349609375]], "labels": [0, 0, 0, 0, 0, 1, 1, 1, 1, 1, 1, 1, 2, 2], "image_id": 373}, "character_clusters": [0, 0, 1, 1, 2], "text_char_matches": [[0, 2], [2, 2], [3, 3], [6, 3]], "text_tail_matches": [], "text_classification": [1, 0, 1, 1, 0, 0, 1], "character_names": ["Tomohito Sugino", "Tomohito Sugino", "Nagisa Shiota", "Nagisa Shiota", "Korosensei"]}