{"bbox_annotations": {"bboxes_as_x1y1x2y2": [[1040.7168458781362, 832.9161987304688, 1114.00634765625, 1014.4802867383513], [909.8526611328125, 1805.0752688172045, 1168.4014336917562, 2095.1528320312505], [618.5025634765625, 654.61572265625, 716.6448364257812, 862.3900146484375], [718.8817204301075, 300.8458781362007, 790.4051513671875, 511.4346618652344], [140.98370361328125, 1630.143310546875, 718.5142822265625, 2096.194091796875], [1299.584229390681, 794.0931899641578, 1397.5340501792116, 1005.7347670250897], [766.1075268817204, 318.336917562724, 858.7977905273438, 510.6969299316406], [1023.0758056640625, 431.83746337890625, 1090.7012939453125, 529.61328125], [939.2688172043012, 341.0752688172043, 1018.4987792968752, 534.7445678710938], [578.09912109375, 1168.935546875, 681.5802001953125, 1309.080810546875], [725.0806884765625, 1226.1331787109375, 823.4933471679688, 1352.4759521484375], [856.4111938476562, 335.82795698924735, 939.4044189453125, 531.12939453125], [178.5148468017578, 1119.426523297491, 241.3763440860215, 1271.5985663082438], [296.6050720214844, 543.657958984375, 382.55328369140625, 764.3584229390681], [900.0912475585938, 784.6979370117188, 972.6431884765625, 984.7455197132617], [674.8049926757812, 830.5150146484375, 764.2996215820312, 962.6453247070312], [785.7808227539062, 724.16845703125, 867.0955200195312, 881.4710693359375], [695.4813842773438, 1784.0860215053765, 825.73486328125, 2102.1103515625], [949.763440860215, 963.7562724014338, 1037.2186379928316, 1178.8960573476704], [1042.796142578125, 173.16129032258064, 1233.700439453125, 431.6630859375], [974.1001586914062, 568.4587813620072, 1106.8690185546875, 743.0619506835938], [578.7525634765625, 351.5698924731183, 710.105712890625, 527.189208984375], [1185.7119140625, 997.4067993164062, 1287.454833984375, 1116.406982421875], [267.2459716796875, 265.0566711425781, 439.7484130859375, 392.0496520996094], [1005.8213500976562, 1116.923583984375, 1156.9788818359375, 1262.5869140625], [463.8235168457031, 944.516129032258, 599.93212890625, 1089.6917562724013], [313.089605734767, 1042.4659498207886, 463.5125448028674, 1191.1397849462367], [180.15770609318997, 1663.3978494623657, 408.3818969726562, 1829.562724014337], [127.50078582763672, 25.049283981323242, 1447.8111572265625, 1600.3360595703125], [133.83978271484375, 1626.0240478515625, 1340.067626953125, 2097.0908203125]], "labels": [0, 0, 0, 0, 0, 0, 0, 0, 0, 0, 0, 0, 0, 0, 0, 0, 0, 0, 0, 1, 1, 1, 1, 1, 1, 1, 1, 1, 2, 2], "image_id": 492}, "character_clusters": [0, 1, 1, 2, 3, 4, 5, 6, 7, 8, 9, 10, 11, 12, 3, 13, 14, 12, 15], "text_char_matches": [[8, 4]], "text_tail_matches": [], "text_classification": [1, 1, 1, 1, 1, 1, 1, 1, 1], "character_names": ["none", "none", "none", "none", "Ichigo Saitou", "none", "Ai Hoshino", "none", "none", "none", "none", "none", "none", "none", "Ichigo Saitou", "none", "none", "none", "none"]}