{"bbox_annotations": {"bboxes_as_x1y1x2y2": [[606.9390681003584, 1344.1353759765625, 1340.927978515625, 1649.2161865234375], [951.5125448028674, 203.65606689453125, 1336.1079101562502, 1326.7644653320312], [548.184814453125, 617.4336917562724, 1056.64453125, 1326.1237792968748], [449.51971326164875, 488, 577.2232666015625, 587.6989247311828], [292.61029052734375, 654.1648745519714, 461.016357421875, 935.0225830078124], [460.41510009765625, 1369.5483870967741, 595.7922973632812, 1521.720430107527], [264.1146953405018, 1500.731182795699, 397.3474426269531, 1637.1612903225807], [1130.5086669921875, 1761.347670250896, 1227.8709677419354, 1908.2724014336918], [901.7012939453125, 1658.1505376344087, 1095.8118896484375, 1831.3118279569894], [671.6559139784947, 1792.831541218638, 828.625732421875, 1926.1920166015625], [499.34783935546875, 1792.831541218638, 645.4259033203125, 1892.5304659498208], [130.6642608642578, 0.022780895233154297, 1337.5892333984375, 1332.691162109375], [141.43893432617188, 1330.3997802734375, 1334.2708740234375, 1691.598876953125], [607.749755859375, 1609.5186767578125, 1336.6973876953125, 1953.7061767578125], [138.6826171875, 1687.485595703125, 664.9654541015625, 1958.789794921875]], "labels": [0, 0, 0, 1, 1, 1, 1, 1, 1, 1, 1, 2, 2, 2, 2], "image_id": 502}, "character_clusters": [0, 0, 1], "text_char_matches": [[0, 1], [1, 1], [2, 1], [3, 2], [7, 0], [5, 0]], "text_tail_matches": [], "text_classification": [1, 1, 1, 1, 1, 1, 1, 1], "character_names": ["Aqua Hoshino", "Aqua Hoshino", "Ruby Hoshino"]}