{"bbox_annotations": {"bboxes_as_x1y1x2y2": [[549.2186379928315, 1036.3341064453125, 755.531005859375, 1345.5887451171875], [547.60986328125, 14.64192008972168, 832.9883422851562, 496.97035026550293], [429.9156494140625, 1096.6881720430108, 565.6865844726562, 1341.943359375], [1151.9351806640625, 733.947509765625, 1335.3172607421875, 1347.603271484375], [886.4549560546875, -2.2822513580322266, 1329.2576904296875, 496.0118160247803], [133.87608337402344, 3.2317891120910645, 634.0764617919922, 498.9048237800598], [988.3360595703125, 1129.921146953405, 1248.19482421875, 1344.2650146484375], [906.4254760742188, 900.7885304659499, 1113.5106201171875, 1341.498046875], [136.90467834472656, 1031.1171875, 458.2652329749104, 1352.057347670251], [356.10601806640625, 528.6189575195312, 842.7393798828125, 1008.1287841796875], [732.2359619140625, 255.63473510742188, 923.6531982421875, 494.92645263671875], [850.596435546875, 134.71656799316406, 1016.8466186523438, 248.8121337890625], [1206.5836181640625, 561.0892944335938, 1351.20361328125, 664.9320068359375], [1075.675048828125, 684.5039672851562, 1267.9957275390625, 885.468505859375], [881.5248413085938, 584.3936157226562, 1032.7764892578125, 770.4273071289062], [1120.559326171875, 1080.5355224609375, 1271.9244384765625, 1153.8016357421875], [654.6730346679688, 659.0172729492188, 840.9813232421875, 748.6234130859375], [161.0756378173828, 621.3439331054688, 353.2474365234375, 800.7506103515625], [710.1362007168459, 1118.9786376953125, 829.3715209960938, 1184.1433691756272], [321.5179443359375, 1158.1669921875, 441.4700012207031, 1228.9661865234375], [127.05811309814453, 2.3838109970092773, 1332.24169921875, 502.84326171875], [867.4017944335938, 517.7186889648438, 1334.8154296875, 1358.1209716796875], [130.05784606933594, 517.6744995117188, 852.6483154296875, 1016.1315307617188], [126.64636993408203, 1021.8580932617188, 850.052001953125, 1356.9534912109375], [137.805419921875, 1430.1978759765625, 1328.794677734375, 2098.58837890625], [1198, 930, 1245, 978], [266, 1213, 316, 1254], [681, 1231, 740, 1269], [927, 844, 969, 909], [820, 222, 871, 259]], "labels": [0, 0, 0, 0, 0, 0, 0, 0, 0, 0, 0, 1, 1, 1, 1, 1, 1, 1, 1, 1, 2, 2, 2, 2, 2, 3, 3, 3, 3, 3], "image_id": 488}, "character_clusters": [0, 0, 1, 0, 2, 3, 1, 3, 3, 1, 1], "text_char_matches": [[2, 3], [1, 3], [3, 7], [6, 9], [5, 9], [8, 8], [7, 0]], "text_tail_matches": [[0, 4], [1, 0], [2, 0], [3, 3], [7, 2], [8, 1]], "text_classification": [0, 1, 1, 1, 0, 1, 1, 1, 1], "character_names": ["Ai Hoshino", "Ai Hoshino", "Aqua Hoshino", "Ai Hoshino", "Miyako Saitou", "Ichigo Saitou", "Aqua Hoshino", "Ichigo Saitou", "Ichigo Saitou", "Aqua Hoshino", "Aqua Hoshino"]}