{"bbox_annotations": {"bboxes_as_x1y1x2y2": [[682.9127197265625, 434.69464111328125, 865.3443603515625, 757.7218627929688], [815.0824372759857, 390.0501792114695, 1140.4157706093192, 767.4935913085938], [129.4336917562724, 1149.580078125, 1191.8938293457031, 1699.868896484375], [126.01548767089844, 298.66119384765625, 611.9917449951172, 768.2407836914062], [493.6521911621094, 860.5591397849463, 700.0408935546875, 1128.474365234375], [117.1899641577061, 1623.168458781362, 836.0716845878136, 1951.8785400390625], [1098.468505859375, 223.0843768923086, 1221.7095947265625, 346.97233160422263], [949.82177734375, 439.02508960573476, 1153.42236328125, 685.227783203125], [711.4359741210938, 169.5147705078125, 839.08642578125, 324.9652099609375], [507.35748291015625, 188.95608520507812, 619.4293823242188, 253.69467163085938], [363.21142578125, 321.6772155761719, 537.664794921875, 507.12890625], [243.12544802867384, 83.95698924731184, 334.078853046595, 129.43369175627242], [141.7950897216797, 106.69534050179212, 223.88530465949822, 152.1720430107527], [1100.7532958984375, 809.8351254480287, 1215.6272401433691, 956.7598566308245], [969.0035842293908, 893.7921146953405, 1111.5736083984375, 1096.6881720430108], [446.0215053763441, 929.8883666992188, 511.0418701171875, 963.7562724014336], [154.65440789773047, 877.9164454962616, 320.1031688840586, 1013.5556056525116], [254.8125194699961, 1823.5716163334455, 372.82878533913674, 1866.149863403758], [675.2281494140625, 13.577507019042969, 1323.674072265625, 767.4583129882812], [124.19910430908203, 18.976110458374023, 670.802001953125, 771.6967163085938], [81.14344787597656, 780.3687133789062, 1323.1553955078125, 1134.64306640625], [118.52950286865234, 1143.5234375, 1319.3577880859375, 1715.6470947265625], [3.8911514282226562, 1617.6055908203125, 1067.593017578125, 1957.884521484375]], "labels": [0, 0, 0, 0, 0, 0, 1, 1, 1, 1, 1, 1, 1, 1, 1, 1, 1, 1, 2, 2, 2, 2, 2], "image_id": 499}, "character_clusters": [0, 1, 0, 0, 1, 1], "text_char_matches": [[2, 1], [10, 4], [8, 4], [7, 4], [0, 1], [1, 1], [3, 1], [4, 1], [11, 2]], "text_tail_matches": [], "text_classification": [1, 1, 1, 1, 1, 1, 1, 1, 1, 1, 1, 1], "character_names": ["Ruby Hoshino", "Aqua Hoshino", "Ruby Hoshino", "Ruby Hoshino", "Aqua Hoshino", "Aqua Hoshino"]}