{"bbox_annotations": {"bboxes_as_x1y1x2y2": [[103.19713261648747, 1415.0250896057348, 1117.6774193548388, 2097.1756272401435], [168.97618103027344, 1079.1971326164876, 398.13861083984375, 1416.0892333984375], [0, 0, 1462.2508960573477, 2097.1756272401435], [255.36917562724017, 337.57706093189967, 627.4158935546875, 982.9964157706095], [164.65013122558594, 0, 381.11151123046875, 949.3121881484984], [930.9638061523438, 823.8279569892474, 1411.5268817204303, 1010.9820788530467], [-2.9813225269317627, -0.951164960861206, 1458.922607421875, 2097.926513671875]], "labels": [0, 0, 0, 0, 0, 1, 2], "image_id": 494}, "character_clusters": [0, 1, 2, 3, 4], "text_char_matches": [[0, 4]], "text_tail_matches": [], "text_classification": [1], "character_names": ["Aqua Hoshino", "none", "Ai Hoshino", "none", "Ichigo Saitou"]}