{"bbox_annotations": {"bboxes_as_x1y1x2y2": [[149.0247802734375, 1012.7311827956989, 709.5009155273438, 2026.963623046875], [710.279296875, 796.7307739257812, 1328.3978271484375, 1954.3020629882812], [869.3046594982079, 66.13007354736328, 1200.33056640625, 328.831541218638], [954.9320068359375, 634.5243530273438, 1064.0748291015625, 838.48681640625], [1233.5860595703125, 750.3655913978495, 1332.9180908203125, 822.078853046595], [802.5497852175039, 738.7050197150116, 923.7098193971914, 778.6903712775116], [693.6294750364024, 1125.3543727423557, 840.6293529660899, 1229.4873073126682], [269.689208984375, 256.2199401855469, 570.3728637695312, 362.07733154296875], [707.7930297851562, -0.6645888090133667, 1340.1939697265625, 1971.698486328125], [131.35406494140625, 159.65771484375, 700.6931762695312, 2104.27001953125], [1251, 957, 1311, 1034]], "labels": [0, 0, 1, 1, 1, 1, 1, 1, 2, 2, 3], "image_id": 498}, "character_clusters": [0, 1], "text_char_matches": [[0, 0], [5, 0], [2, 1], [1, 1], [3, 1], [4, 1]], "text_tail_matches": [[2, 0]], "text_classification": [1, 1, 1, 1, 1, 1], "character_names": ["Aqua Hoshino", "Ryosuke Kaihara"]}