{"bbox_annotations": {"bboxes_as_x1y1x2y2": [[464.0679626464844, 1355.5555555555557, 916.5304659498208, 1956.8193359375], [458.2652329749104, 680.4014336917563, 965.505376344086, 1330.98046875], [972.5017921146954, 578.9534050179212, 1331.626953125, 1331.0681003584232], [872.8028673835125, 1392.2867383512546, 1146.363525390625, 1956.563232421875], [969.0540161132812, 335.24951171875, 1187.8621826171875, 458.9837646484375], [734.6236559139785, 407.54121863799287, 887.841552734375, 524.7311827956989], [341.47021484375, 331.33233642578125, 576.1783447265625, 455.6739807128906], [244.92776489257812, 943.3203125, 398.79569892473125, 1061.7060931899643], [1093.2337646484375, 1479.741935483871, 1362.529541015625, 1605.6774193548388], [493.247311827957, 1512.9749103942654, 654.5848388671875, 1672.1433691756274], [213.39068100358423, 1575.942652329749, 493.247311827957, 1826.0645161290322], [120.74475860595703, 104.64955139160156, 1345.5045166015625, 1333.320068359375], [130.10946655273438, 1343.6512451171875, 1458.2508544921875, 1957.3492431640625]], "labels": [0, 0, 0, 0, 1, 1, 1, 1, 1, 1, 1, 2, 2], "image_id": 500}, "character_clusters": [0, 0, 1, 1], "text_char_matches": [[2, 1], [0, 1], [5, 0], [6, 0], [4, 0]], "text_tail_matches": [], "text_classification": [1, 0, 1, 0, 1, 1, 1], "character_names": ["Ruby Hoshino", "Ruby Hoshino", "Aqua Hoshino", "Aqua Hoshino"]}