{"bbox_annotations": {"bboxes_as_x1y1x2y2": [[369.82855224609375, 514.236559139785, 499.4415283203125, 696.5272827148438], [-0.3089373707771301, 1177.146953405018, 115.79430359601974, 1561.7091064453125], [680.4014336917563, 853.5627240143369, 887.7261352539062, 1142.386474609375], [909.0621337890625, 1770.8087158203125, 1024.6396484375, 1948.8546142578125], [326.76763916015625, 872.8028673835125, 483.46246337890625, 1145.663082437276], [143.73939514160156, 1173.6487455197132, 930.5232974910394, 1571.761474609375], [531.2388305664062, 61.18513488769531, 1324.9990234375, 704.1906280517578], [119.08792114257812, 414.6416931152344, 380.1070861816406, 695.3755493164062], [457.044921875, 830.8243727598567, 684.2975463867188, 1143.2974853515625], [143.42652329749106, 351.5698924731183, 204.64516129032262, 435.5268817204301], [208.14336917562724, 355.06810035842295, 262.36559139784947, 432.02867383512546], [1106.8052978515625, 308.155517578125, 1270.7115478515625, 442.9366149902344], [528.4439086914062, 0.4958306550979614, 731.7135009765625, 29.35592472553253], [580.1951293945312, 233.15463256835938, 744.6657104492188, 401.15704345703125], [246.6236559139785, 339.326164874552, 304.74908447265625, 374.30824372759855], [153.921146953405, 428.1403503417969, 248.43983459472656, 536.9749103942652], [806.8399047851562, 748.7034912109375, 1014.189453125, 837.7167358398438], [1085.672119140625, 1105.009931885641, 1309.079833984375, 1139.0918410653285], [141.33255004882812, 912.8329467773438, 355.23773193359375, 1036.6580810546875], [1070.5518798828125, 1299.9527587890625, 1177.146953405018, 1355.5555555555554], [1110.6810035842295, 1742.248701416891, 1239.0871166379648, 1890.7813620071688], [656.9948120117188, 1764.4390869140625, 851.603515625, 1948.6461181640625], [583.0076904296875, 1602.179211469534, 684.308349609375, 1642.4086021505377], [446.93218994140625, 1709.7366553959455, 585.60400390625, 1820.7766944584455], [181.92339825373827, 1704.3857863778285, 347.84051251155074, 1873.404463135641], [516.02392578125, 1.8454402685165405, 1323.576904296875, 711.3657836914062], [118.29712677001953, 143.8759002685547, 507.6220397949219, 715.0099487304688], [2.109103202819824, 719.8101196289062, 1324.623291015625, 1159.9581298828125], [-1.0268898010253906, 1164.3846435546875, 1317.6103515625, 1579.584228515625], [125.55490112304688, 1579.1837158203125, 1321.3753662109375, 1966.8076171875], [711, 432, 770, 480]], "labels": [0, 0, 0, 0, 0, 0, 0, 0, 0, 0, 0, 1, 1, 1, 1, 1, 1, 1, 1, 1, 1, 1, 1, 1, 1, 2, 2, 2, 2, 2, 3], "image_id": 489}, "character_clusters": [0, 1, 2, 0, 1, 3, 4, 4, 3, 3, 2], "text_char_matches": [[0, 6], [2, 6], [8, 3], [13, 3], [12, 5]], "text_tail_matches": [[2, 0]], "text_classification": [1, 0, 1, 0, 0, 0, 0, 1, 1, 1, 1, 0, 1, 1], "character_names": ["Aqua Hoshino", "none", "none", "Aqua Hoshino", "none", "Ai Hoshino", "Miyako Saitou", "Miyako Saitou", "Ai Hoshino", "Ai Hoshino", "none"]}