{"bbox_annotations": {"bboxes_as_x1y1x2y2": [[624.4301075268818, 1544.4587813620071, 945.089599609375, 1827.74267578125], [465.2616487455197, 823.8279569892474, 1254.1075268817206, 1435.674072265625], [142.94635009765625, 528.8508911132812, 360.8004150390625, 793.3015747070312], [904.998046875, 605.1899641577061, 1103.5169677734375, 796.7399291992188], [759.9757080078125, 166.24761962890625, 1176.9312744140625, 476.3834228515625], [503.2655334472656, 501.99283154121866, 734.6236559139785, 795.7940063476562], [1143.383544921875, 160.5401611328125, 1288.6151123046875, 330.8294677734375], [375.9541015625, 353.31899641577064, 591.7994995117188, 526.2066040039062], [1155.2623291015625, 986.494623655914, 1301.3140869140625, 1100.1863799283153], [242.36636352539062, 1051.2114695340501, 451.2688172043011, 1166.652329749104], [1080.9462365591398, 1549.7060931899641, 1292.7091064453125, 1735.111111111111], [197.64874551971326, 1633.663082437276, 398.9593505859375, 1672.1433691756272], [131.0150146484375, 153.96502685546875, 1329.392333984375, 482.24530029296875], [130.6799774169922, 498.581298828125, 1341.2747802734375, 805.345947265625], [129.5985870361328, 816.2144775390625, 1342.560302734375, 1432.15380859375], [135.3138427734375, 1485.6927490234375, 1334.8753662109375, 1959.032470703125], [1155, 377, 1234, 428]], "labels": [0, 0, 0, 0, 0, 0, 1, 1, 1, 1, 1, 1, 2, 2, 2, 2, 3], "image_id": 496}, "character_clusters": [0, 1, 2, 3, 1, 4], "text_char_matches": [[2, 1], [3, 1], [1, 4], [4, 1], [5, 1]], "text_tail_matches": [[0, 0]], "text_classification": [1, 1, 1, 1, 1, 1], "character_names": ["Ai Hoshino", "Aqua Hoshino", "none", "none", "Aqua Hoshino", "Ichigo Saitou"]}