{"bbox_annotations": {"bboxes_as_x1y1x2y2": [[382.8533630371094, 607.9729614257812, 779.9306640625, 980.3473510742188], [13.992831541218639, 1385.2903225806451, 1297.8351254480287, 2097.1756272401435], [414.233154296875, 1021.4767025089607, 799.406494140625, 1443.7071533203127], [753.4552612304688, 1022.0706787109375, 1255.90869140625, 1441.6453857421875], [161.05018615722656, 603.4408602150538, 502.3030548095703, 974.0065307617188], [389.32257080078125, 52.77685546875, 790.6798706054688, 557.5113525390625], [1047.7132616487456, 110.19354838709678, 1297.6892089843752, 304.3440860215054], [781.76953125, 112.94419860839844, 991.8519287109375, 281.4677429199219], [1043.826904296875, 423.28315412186384, 1263.7183837890625, 511.15008544921875], [237.0956573486328, 117.19554901123047, 405.1512756347656, 224.18063354492188], [1091.8170166015625, 663.0470581054688, 1246.0445556640625, 735.679931640625], [819.1380615234375, 655.9139784946237, 1029.58154296875, 766.4961547851564], [1042.4569091796875, 1073.9498207885306, 1259.66845703125, 1150.9103942652332], [205.32656860351562, 1073.9498207885306, 437.6100769042969, 1276.8458781362008], [1124.0924072265625, 1547.9569892473119, 1289.7083740234375, 1589.9354838709678], [192.72482037287887, 1722.7338088387658, 380.39498638850387, 1770.9877150887658], [126.72010040283203, 2.3486227989196777, 1323.05419921875, 565.8207397460938], [126.83393859863281, 595.2960815429688, 1318.2872314453125, 989.812255859375], [110.9755630493164, 1016.6493530273438, 1316.2930908203125, 1460.851806640625], [-7.350229263305664, 1019.5243530273438, 1450.215576171875, 2088.60888671875]], "labels": [0, 0, 0, 0, 0, 0, 1, 1, 1, 1, 1, 1, 1, 1, 1, 1, 2, 2, 2, 2], "image_id": 479}, "character_clusters": [0, 0, 0, 1, 1, 0], "text_char_matches": [[1, 5], [3, 5], [5, 0], [6, 2], [7, 2], [8, 1], [9, 1]], "text_tail_matches": [], "text_classification": [1, 1, 1, 1, 1, 1, 1, 1, 1, 1], "character_names": ["Ruby Hoshino", "Ruby Hoshino", "Ruby Hoshino", "none", "none", "Ruby Hoshino"]}