{"bbox_annotations": {"bboxes_as_x1y1x2y2": [[455.8316650390625, 1159.6559139784947, 626.78271484375, 1548.615478515625], [479.8758544921875, 1570.695340501792, 1306.5806451612902, 1952.8247070312498], [658.6951904296875, 1262.853046594982, 856.4608154296875, 1548.32177734375], [963.7562724014338, 1122.22119140625, 1297.5560302734377, 1547.649658203125], [269.3077392578125, 1194.6379928315412, 517.591796875, 1548.330810546875], [270.9245910644531, 0.3651827573776245, 1007.6910705566406, 775.6427706480026], [1063.10595703125, 397.0465949820789, 1275.2149658203125, 596.2593383789062], [893.7613525390625, 277.8207702636719, 1052.1063232421875, 508.0768127441406], [124.77928161621094, 332.90484619140625, 378.2833557128906, 556.2150537634409], [1049.40576171875, 846.5663082437277, 1215.835205078125, 1051.2114695340504], [877.0543823242188, 959.4019165039062, 1041.3411865234375, 1097.698486328125], [642.23974609375, 920.0286738351255, 804.6421508789062, 1087.942652329749], [393.8100280761719, 829.0752688172043, 601.3247680664062, 1083.3995361328125], [176.35861206054688, 872.8028673835125, 382.47979736328125, 1091.4408602150538], [88.95339965820312, 1280.3440860215055, 233.94651794433594, 1439.5125448028675], [1034.3211669921875, 1666.8960573476704, 1154.8935546875, 1708.8745519713264], [958.210205078125, 1852.3010752688174, 1084.6280517578125, 1925.7634408602153], [303.5206604003906, 1710.6236559139786, 498.7666015625, 1953.7491039426525], [108.02325439453125, 1.0552749633789062, 1318.5902099609375, 780.2833251953125], [635.51513671875, 781.20068359375, 1316.6624755859375, 1560.093017578125], [124.51398468017578, 786.1165161132812, 625.7750244140625, 1561.64697265625], [286.2997741699219, 1568.1173095703125, 1307.4454345703125, 1958.2999267578125], [125.2126235961914, 1607.712158203125, 285.86553955078125, 1964.056396484375], [228, 1435, 289, 1478], [515, 1115, 553, 1173], [720, 1189, 818, 1267], [1107, 1100, 1153, 1204]], "labels": [0, 0, 0, 0, 0, 0, 1, 1, 1, 1, 1, 1, 1, 1, 1, 1, 1, 1, 2, 2, 2, 2, 2, 3, 3, 3, 3], "image_id": 501}, "character_clusters": [0, 0, 1, 0, 1, 0], "text_char_matches": [[0, 5], [1, 5], [2, 5], [3, 3], [4, 3], [5, 3], [6, 0], [7, 0], [8, 4], [11, 4], [10, 1], [9, 1]], "text_tail_matches": [[3, 3], [4, 3], [5, 2], [6, 1], [7, 1], [8, 0]], "text_classification": [1, 1, 1, 1, 1, 1, 1, 1, 1, 1, 1, 1], "character_names": ["Ruby Hoshino", "Ruby Hoshino", "Aqua Hoshino", "Ruby Hoshino", "Aqua Hoshino", "Ruby Hoshino"]}