{"bbox_annotations": {"bboxes_as_x1y1x2y2": [[370.3181457519531, 361.4384460449219, 727.3499145507812, 720.0493774414062], [886.4937744140625, 255.4111785888672, 1293.4217529296875, 725.0275726318359], [221.650146484375, 755.3023071289062, 1186.721435546875, 1268.3421630859375], [415.17822265625, 1483.767333984375, 861.302978515625, 1871.5550537109375], [961.244019138756, 1294.4976076555024, 1289.4736842105262, 1865.5074462890625], [470.57416267942585, 1299.5215311004786, 862.4401913875598, 1492.1052631578948], [888.3448486328125, 377.78155517578125, 962.6492919921875, 455.7734375], [786.5800170898438, 545.1690063476562, 882.8023071289062, 644.9437866210938], [185.9535675048828, 234.9730987548828, 346.51043701171875, 396.3391418457031], [1181.041748046875, 790.9677124023438, 1283.177490234375, 989.7523803710938], [1095.38330078125, 1006.0057983398438, 1213.604248046875, 1154.93505859375], [173.98260498046875, 801.0223999023438, 338.04779052734375, 1106.398193359375], [1108.6339111328125, 1313.6842041015625, 1275.143798828125, 1448.9080810546875], [986.5939331054688, 1373.217041015625, 1056.95654296875, 1460.2613525390625], [916.110595703125, 1560.4932861328125, 1035.3480224609375, 1798.2755126953125], [662.6314086914062, 1329.720703125, 833.9981689453125, 1493.3907470703125], [251.7095489501953, 1412.346435546875, 332.7728271484375, 1574.469970703125], [159.5452117919922, 1594.052490234375, 261.6944580078125, 1750.658203125], [136.73573303222656, 97.13567352294922, 1309.9852294921875, 729.6190185546875], [143.11688232421875, 742.1475830078125, 1297.5947265625, 1272.9002685546875], [867.4031982421875, 1279.06884765625, 1290.285888671875, 1875.04931640625], [135.11219787597656, 1281.357177734375, 860.8915405273438, 1899.6785888671875], [1026, 1732, 1125, 1808], [953, 473, 990, 510]], "labels": [0, 0, 0, 0, 0, 0, 1, 1, 1, 1, 1, 1, 1, 1, 1, 1, 1, 1, 2, 2, 2, 2, 3, 3], "image_id": 1133}, "character_clusters": [0, 1, 2, 1, 1, 3], "text_char_matches": [[0, 1], [1, 1], [5, 2], [6, 2], [7, 4], [8, 4], [3, 0], [4, 0], [10, 3], [11, 3]], "text_tail_matches": [[0, 1], [1, 1], [8, 0]], "text_classification": [1, 1, 1, 1, 1, 1, 1, 1, 1, 1, 1, 1], "character_names": ["none", "Akihiro Kanou", "Ken Kaneki", "Akihiro Kanou", "Akihiro Kanou", "none"]}