{"bbox_annotations": {"bboxes_as_x1y1x2y2": [[491.0152587890625, 1170.5741626794259, 740.1913875598086, 1427.9307861328125], [322.5484924316406, 1489.1182861328125, 402.8941955566406, 1618.7930908203125], [845.6937799043062, 0, 1399.95263671875, 987.861831665039], [1103.0498046875, 1516.842529296875, 1288.2840576171875, 1868.70703125], [1043.3626708984375, 1264.3540669856459, 1285.08837890625, 1864.4301757812498], [916.229248046875, 1478.8992919921875, 1065.1204833984375, 1866.96240234375], [495.69377990430627, 77.03349282296651, 1065.9947509765627, 989.7129186602872], [438.1073303222656, 1552.53125, 573.8131713867188, 1870.18896484375], [525.5081176757812, 1545.8089599609375, 837.6907958984375, 1869.7008056640625], [135.64593301435409, 266.26794258373207, 480.1461181640625, 984.688995215311], [137.32057416267943, 1058.1197509765625, 488.27024841308594, 1429.7015380859375], [803.8277511961722, 53.588516746411486, 999.7607655502393, 509.0909090909091], [1204.780029296875, 582.19287109375, 1318.8228759765625, 735.7705688476562], [1066.3187255859375, 653.0504150390625, 1203.4447021484375, 889.11474609375], [354.34515380859375, 379.88525390625, 463.332275390625, 481.6072692871094], [1146.398193359375, 1126.379150390625, 1279.2109375, 1228.14501953125], [990.0347290039062, 1155.330810546875, 1082.194580078125, 1249.639404296875], [1030.2281494140625, 1685.037109375, 1089.0006103515625, 1721.7410888671875], [710.8818969726562, 1100.2392344497607, 828.518310546875, 1326.3511962890625], [145.7340087890625, 1079.53515625, 241.12876892089844, 1239.6905517578125], [154.49717712402344, 1287.358642578125, 227.73158264160156, 1377.708984375], [722.228759765625, 1507.177033492823, 823.7420654296875, 1633.9052734375002], [143.60089111328125, 1559.0909090909092, 311.5215759277344, 1765.2586669921875], [488.5003356933594, -3.249450206756592, 1398.1561279296875, 996.3733520507812], [132.10597229003906, 258.4306945800781, 481.7614440917969, 1003.0515747070312], [875.5781860351562, 1036.641845703125, 1284.609375, 1887.5458984375], [131.23385620117188, 1031.0706787109375, 847.4127807617188, 1438.938720703125], [124.22484588623047, 1459.2996826171875, 835.5115966796875, 1882.526611328125], [217, 1334, 263, 1375], [1094, 1724, 1152, 1764]], "labels": [0, 0, 0, 0, 0, 0, 0, 0, 0, 0, 0, 1, 1, 1, 1, 1, 1, 1, 1, 1, 1, 1, 1, 2, 2, 2, 2, 2, 3, 3], "image_id": 1101}, "character_clusters": [0, 1, 2, 0, 2, 3, 3, 4, 0, 3, 2], "text_char_matches": [[1, 2], [2, 2], [3, 9], [4, 5], [5, 4], [6, 3], [7, 0], [9, 10], [10, 8], [11, 8]], "text_tail_matches": [[6, 1], [9, 0]], "text_classification": [0, 1, 1, 1, 1, 1, 1, 1, 0, 1, 1, 1], "character_names": ["Ken Kaneki", "Yoshimura", "Hideyoshi Nagachika", "Ken Kaneki", "Hideyoshi Nagachika", "Touka Kirishima", "Touka Kirishima", "none", "Ken Kaneki", "Touka Kirishima", "Hideyoshi Nagachika"]}