{"bbox_annotations": {"bboxes_as_x1y1x2y2": [[807.6577758789062, 1420.0956937799044, 1295.5552978515625, 1873.6018066406248], [140.66985645933016, 150.71770334928232, 610.4018096923828, 599.0795440673828], [246.17224880382776, 1421.7703349282297, 535.8319854736328, 1825.81591796875], [750.1564331054688, 153.4178009033203, 1078.535400390625, 579.4258373205741], [138.03741455078125, 636.3636363636364, 1083.534423828125, 1369.8564593301435], [562.6794258373207, 1626.397705078125, 668.1912841796875, 1780.1435406698565], [1166.1827392578125, 176.8639373779297, 1281.04931640625, 434.95323181152344], [1008.133971291866, 226.07655502392345, 1101.9138755980862, 334.9282296650718], [1054.349365234375, 367.4794616699219, 1166.2425537109375, 532.4525146484375], [706.6985645933015, 308.13397129186603, 793.7799043062201, 450.47846889952154], [499.482177734375, 180.7122039794922, 602.632568359375, 406.9399719238281], [282.8035583496094, 141.34912109375, 377.6622314453125, 309.1835021972656], [1064.456787109375, 761.9617224880383, 1276.4969482421875, 1003.9295043945312], [797.1291866028708, 1141.3123779296875, 908.690185546875, 1358.9066162109375], [1174.5960693359375, 1465.0693359375, 1293.622314453125, 1685.487548828125], [841.3737182617188, 1428.414794921875, 913.6305541992188, 1560.7457275390625], [829.339599609375, 1604.3743896484375, 914.317626953125, 1726.925048828125], [668.5120239257812, 1494.7208251953125, 789.4974365234375, 1668.748291015625], [621.4638061523438, 1740.9114990234375, 770.3801879882812, 1831.7589111328125], [490.66985645933016, 1423.4449760765551, 664.8325358851675, 1686.3636363636365], [170.8133971291866, 1661.2440191387561, 323.2057416267943, 1878.9473684210527], [626.829833984375, 135.21536254882812, 1292.9437255859375, 597.5117797851562], [128.19235229492188, 5.315213680267334, 619.4512329101562, 607.257568359375], [113.76236724853516, 623.3013305664062, 1315.128662109375, 1394.0885009765625], [120.21578216552734, 1389.2193603515625, 1298.8443603515625, 1997.3037109375], [463, 428, 524, 467], [1006, 351, 1059, 416], [549, 1783, 630, 1825]], "labels": [0, 0, 0, 0, 0, 0, 1, 1, 1, 1, 1, 1, 1, 1, 1, 1, 1, 1, 1, 1, 1, 2, 2, 2, 2, 3, 3, 3], "image_id": 1121}, "character_clusters": [0, 1, 1, 1, 1, 0], "text_char_matches": [[0, 3], [2, 3], [4, 1], [6, 4], [11, 2], [12, 2], [8, 4]], "text_tail_matches": [[0, 1], [2, 1], [4, 0], [12, 2], [11, 2]], "text_classification": [1, 0, 1, 0, 1, 0, 1, 0, 1, 0, 0, 1, 1, 0, 0], "character_names": ["Ken Kaneki", "Rize Kamishiro", "Rize Kamishiro", "Rize Kamishiro", "Rize Kamishiro", "Ken Kaneki"]}