{"bbox_annotations": {"bboxes_as_x1y1x2y2": [[967.1173706054688, 1442.0855712890625, 1194.2322998046875, 1773.71826171875], [125.61566925048828, 974.3926391601562, 677.1864700317383, 1330.5960693359375], [125.59808612440192, 1359.5972900390625, 453.72966003417963, 1859.9779052734375], [990.6182250976562, 1172.400390625, 1159.5067138671875, 1453.7166748046875], [308.2514953613281, -9.267062187194824, 1355.8369445800781, 930.4719514846802], [474.471435546875, 1446.3265380859375, 618.4832153320312, 1864.0496826171875], [612.3302001953125, 1587.8885498046875, 786.6255493164062, 1843.0838623046875], [1127.8809423127243, 194.25837320574163, 1296.7990331330368, 426.6234130859375], [1037.6190185546875, 473.92344497607655, 1222.152587890625, 740.0567626953125], [242.76986694335938, 358.3732057416268, 458.72357177734375, 602.34765625], [172.31529666590347, 787.0813397129187, 578.3383984725441, 897.6076555023924], [1115.361083984375, 1034.6614990234375, 1265.7122802734375, 1263.5926513671875], [850.9413452148438, 1636.35009765625, 992.8267822265625, 1784.7808837890625], [671.3441162109375, 1041.1641845703125, 783.1331787109375, 1184.872802734375], [586.7974611127206, 1107.086428117524, 688.2098756635019, 1248.304689836274], [658.4080810546875, 1425.1196172248804, 776.6627807617188, 1523.704833984375], [570.6878051757812, 1504.6058349609375, 684.3500366210938, 1644.4818115234375], [126.299560546875, 1425.1196172248804, 237.13670349121094, 1522.2166748046873], [114.8592300415039, -4.289860725402832, 1381.606201171875, 923.9423828125], [811.5848388671875, 961.3641967773438, 1278.8466796875, 1876.2008056640625], [118.85423278808594, 964.1676025390625, 789.279052734375, 1338.3013916015625], [470.0591125488281, 1349.3416748046875, 787.7049560546875, 1870.803955078125], [123.03533172607422, 1350.23193359375, 455.6916809082031, 1868.38916015625], [198, 1548, 237, 1581], [461, 540, 524, 587], [985, 1652, 1025, 1705], [553, 1634, 581, 1664], [549, 1283, 594, 1318]], "labels": [0, 0, 0, 0, 0, 0, 0, 1, 1, 1, 1, 1, 1, 1, 1, 1, 1, 1, 2, 2, 2, 2, 2, 3, 3, 3, 3, 3], "image_id": 1097}, "character_clusters": [0, 1, 0, 1, 1, 1, 2], "text_char_matches": [[0, 0], [1, 0], [2, 4], [4, 3], [5, 0], [6, 1], [7, 1], [8, 5], [9, 5], [10, 2]], "text_tail_matches": [[2, 1], [5, 2], [6, 4], [7, 4], [8, 3], [9, 3], [10, 0]], "text_classification": [1, 1, 1, 1, 1, 1, 1, 1, 1, 1, 1], "character_names": ["Hideyoshi Nagachika", "Ken Kaneki", "Hideyoshi Nagachika", "Ken Kaneki", "Ken Kaneki", "Ken Kaneki", "none"]}