{"bbox_annotations": {"bboxes_as_x1y1x2y2": [[820.5741626794259, 976.3157894736843, 1133.732057416268, 1565.7894736842106], [462.20095693779905, 132.29665071770336, 1398.3253588516748, 1242.5837320574165], [-4.08199405670166, 0.11088454723358154, 1394.0914306640625, 2007.908203125]], "labels": [0, 1, 2], "image_id": 1129}, "character_clusters": [0], "text_char_matches": [], "text_tail_matches": [], "text_classification": [0], "character_names": ["Ken Kaneki"]}