{"bbox_annotations": {"bboxes_as_x1y1x2y2": [[927.58154296875, 1311.3314208984375, 1264.6036376953125, 1875.2646484375], [929.8750610351562, 288.31256103515625, 1166.4547119140625, 847.230224609375], [194.25837320574163, 300.4105224609375, 864.8274536132812, 1131.5357666015625], [137.47523498535156, 1230.97802734375, 458.55055236816406, 2000.2152099609375], [507.4162679425838, 1522.8665771484375, 823.7772216796875, 1873.6884765625], [753.5885167464115, 1364.8325358851675, 890.909090909091, 1868.8995215311006], [832.2966507177034, 117.51238250732422, 968.2212524414062, 602.509147644043], [945.1420288085938, 637.44287109375, 1066.4814453125, 780.76416015625], [838.4199829101562, 914.5118408203125, 955.3408813476562, 1022.4952392578125], [156.4296417236328, 562.896728515625, 266.7273864746094, 621.92431640625], [1137.2412109375, 1212.701416015625, 1257.7518310546875, 1392.257568359375], [945.2813720703125, 1732.328125, 1012.3955688476562, 1775.3314208984375], [704.6205444335938, 1265.5205078125, 818.7750244140625, 1368.637451171875], [569.4862670898438, 1305.72412109375, 666.5975952148438, 1417.0814208984375], [366.7396240234375, 1226.83447265625, 459.3798522949219, 1276.0765550239234], [88.75598086124403, 1776.832275390625, 183.10324096679688, 1839.592529296875], [-7.910561561584473, -9.703834533691406, 1265.680419921875, 1138.82763671875], [908.6768188476562, 1159.53173828125, 1271.08837890625, 1884.4931640625], [486.87884521484375, 1159.9453125, 897.4970092773438, 1881.075927734375], [-1.1157423257827759, 1167.6810302734375, 463.072509765625, 2003.0523681640625], [1168, 1435, 1202, 1474], [610, 1467, 646, 1528], [1007, 549, 1036, 587], [146, 728, 217, 814], [759, 1413, 799, 1462], [1004, 1742, 1046, 1777], [870.8134, 599.5215, 905.9809, 661.4831999999999]], "labels": [0, 0, 0, 0, 0, 0, 1, 1, 1, 1, 1, 1, 1, 1, 1, 1, 2, 2, 2, 2, 3, 3, 3, 3, 3, 3, 3], "image_id": 1102}, "character_clusters": [0, 1, 2, 2, 1, 0], "text_char_matches": [[1, 1], [4, 0], [5, 0], [6, 5], [7, 4]], "text_tail_matches": [[1, 2], [0, 6], [3, 3], [4, 0], [5, 5], [6, 4], [7, 1]], "text_classification": [0, 1, 1, 1, 1, 1, 1, 1, 1, 1], "character_names": ["Hideyoshi Nagachika", "Ken Kaneki", "Rize Kamishiro", "Rize Kamishiro", "Ken Kaneki", "Hideyoshi Nagachika"]}