{"bbox_annotations": {"bboxes_as_x1y1x2y2": [[871.6256103515625, 172.48803827751198, 1264.01318359375, 801.8662567138672], [545.4865112304688, 1259.33014354067, 1174.5977783203125, 1787.956298828125], [285.13848876953125, 163.17018127441406, 658.8076782226562, 552.9179229736328], [241.14832535885168, 598.641845703125, 825.598086124402, 854.8333740234375], [770.3349282296651, 289.7129186602871, 895.933014354067, 686.6028708133972], [602.9612426757812, 183.5365447998047, 780.06591796875, 321.7201232910156], [131.05796813964844, 188.1741943359375, 310.83660888671875, 368.2928466796875], [1064.5467529296875, 190.58709716796875, 1247.3111572265625, 467.6885986328125], [644.2207641601562, 628.6758422851562, 817.6531372070312, 828.8750610351562], [146.14462280273438, 614.0440673828125, 356.69856459330146, 862.4401913875599], [1059.1658935546875, 968.1212768554688, 1243.3089599609375, 1166.962890625], [969.7732543945312, 1000.791259765625, 1025.1378173828125, 1148.861328125], [808.4091796875, 1083.806640625, 917.4739379882812, 1232.698486328125], [346.3393859863281, 1033.026123046875, 493.8853454589844, 1197.9827880859375], [162.58639526367188, 1139.700439453125, 333.62677001953125, 1408.3272705078125], [105.4256820678711, 133.77078247070312, 853.5535888671875, 564.115966796875], [123.34140014648438, 589.6875, 897.784423828125, 890.4185791015625], [509.443115234375, 882.8817749023438, 1259.9781494140625, 1885.1224365234375], [110.8299331665039, 929.812744140625, 500.8475646972656, 1882.0594482421875]], "labels": [0, 0, 0, 0, 1, 1, 1, 1, 1, 1, 1, 1, 1, 1, 1, 2, 2, 2, 2], "image_id": 1126}, "character_clusters": [0, 0, 1, 0], "text_char_matches": [[3, 0], [1, 0], [2, 0], [4, 0], [6, 1], [9, 1]], "text_tail_matches": [], "text_classification": [0, 1, 1, 1, 1, 0, 1, 0, 0, 1, 0], "character_names": ["Ken Kaneki", "Ken Kaneki", "Rize Kamishiro", "Ken Kaneki"]}