{"bbox_annotations": {"bboxes_as_x1y1x2y2": [[298.57745361328125, 591.1483253588517, 644.7368421052631, 726.4437866210938], [823.9234449760766, 1381.578947368421, 1070.0956937799042, 1872.248803827751], [144.01913875598086, 866.3321533203125, 1276.0765550239234, 1271.735595703125], [1086.842105263158, 179.1866028708134, 1246.0133056640625, 438.755980861244], [547.5184936523438, 172.52125549316406, 739.1956787109375, 537.1793365478516], [1098.5645933014355, 890.909090909091, 1257.284912109375, 1093.82763671875], [666.2865600585938, 995.4389038085938, 756.7896118164062, 1151.8243408203125], [1086.8134765625, 1430.2799072265625, 1221.3245849609375, 1581.0263671875], [601.7919921875, 1659.5693779904307, 727.9110107421875, 1830.6380615234375], [326.50848388671875, 1368.1818181818182, 518.7301635742188, 1606.010009765625], [760.8475341796875, -1.705298900604248, 1274.407958984375, 830.2627563476562], [116.3021240234375, 129.80740356445312, 749.6990966796875, 831.922119140625], [113.498046875, 858.9482421875, 1274.85791015625, 1285.55322265625], [557.0748901367188, 1302.796875, 1276.4053955078125, 1880.58251953125], [116.46046447753906, 1300.8553466796875, 544.3569946289062, 1875.826171875], [1030, 1506, 1091, 1562]], "labels": [0, 0, 0, 1, 1, 1, 1, 1, 1, 1, 2, 2, 2, 2, 2, 3], "image_id": 1110}, "character_clusters": [0, 0, 0], "text_char_matches": [[0, 0], [1, 0], [2, 2], [4, 1]], "text_tail_matches": [[4, 0]], "text_classification": [1, 1, 1, 0, 1, 1, 1], "character_names": ["Ken Kaneki", "Ken Kaneki", "Ken Kaneki"]}