{"bbox_annotations": {"bboxes_as_x1y1x2y2": [[865.3148803710938, 612.7340087890625, 1271.44970703125, 1055.9708251953125], [223.21226501464844, 1122.0095693779904, 526.8403778076172, 1853.1954345703125], [581.2012939453125, 1199.043062200957, 727.8003540039062, 1707.2789306640623], [731.8181818181819, 1403.3492822966507, 1176.8009033203125, 1803.2530517578125], [105.70030975341797, 606.793212890625, 789.063102722168, 1063.79638671875], [336.60287081339715, 0, 1258.1578674316404, 569.377990430622], [1068.8739013671875, 264.4268798828125, 1222.075927734375, 498.1009216308594], [120.20616149902344, 280.3877868652344, 312.9018249511719, 495.6937799043062], [1124.0509033203125, 628.6617431640625, 1247.18505859375, 675.2049560546875], [833.9712918660288, 701.6746411483253, 880.8612440191388, 725.1196172248804], [808.1649169921875, 930.0574340820312, 905.0169677734375, 1018.2030029296875], [661.3799438476562, 616.6913452148438, 782.344482421875, 768.2250366210938], [108.4321060180664, 828.9877319335938, 219.03184509277344, 976.3907470703125], [1148.5638427734375, 1139.5565185546875, 1228.027587890625, 1523.7353515625], [748.5645933014355, 1157.177033492823, 1100.2392344497607, 1721.531100478469], [829.842529296875, 1158.8516746411483, 890.1297607421875, 1277.7511961722487], [728.3971557617188, 1222.1060791015625, 822.8971557617188, 1451.00341796875], [405.1244812011719, 1190.6698564593303, 507.0647888183594, 1299.0718994140625], [134.97457885742188, 1522.26708984375, 263.4267883300781, 1795.9019775390625], [83.91142272949219, 1.2771780490875244, 1301.2440185546875, 585.1250610351562], [802.75537109375, 582.8692626953125, 1272.813720703125, 1062.6248779296875], [94.02643585205078, 582.3445434570312, 807.3997192382812, 1063.960693359375], [531.5426025390625, 1078.04638671875, 1262.441162109375, 1927.269287109375], [104.46477508544922, 1083.1802978515625, 531.4920654296875, 1867.1375732421875], [692, 1287, 741, 1333], [846, 785, 890, 839], [155, 1022, 194, 1066]], "labels": [0, 0, 0, 0, 0, 0, 1, 1, 1, 1, 1, 1, 1, 1, 1, 1, 1, 1, 1, 2, 2, 2, 2, 2, 3, 3, 3], "image_id": 1120}, "character_clusters": [0, 1, 0, 1, 0, 1], "text_char_matches": [[0, 5], [1, 5], [2, 5], [4, 5], [3, 0], [5, 5], [6, 4], [7, 3], [9, 2], [10, 2], [11, 2], [12, 2]], "text_tail_matches": [[3, 1], [6, 2], [9, 0], [10, 0]], "text_classification": [1, 1, 1, 1, 1, 1, 1, 1, 0, 1, 1, 1, 1], "character_names": ["Rize Kamishiro", "Ken Kaneki", "Rize Kamishiro", "Ken Kaneki", "Rize Kamishiro", "Ken Kaneki"]}