{"bbox_annotations": {"bboxes_as_x1y1x2y2": [[993.33984375, 797.2894897460938, 1029.8251953125, 880.2186889648438], [820.5741626794259, 1168.8995215311006, 942.1553955078125, 1814.742919921875], [1017.6392822265625, 797.5374755859375, 1053.89599609375, 863.8097534179688], [137.32057416267943, 1401.6746411483255, 586.1244019138757, 1874.034423828125], [132.29665071770336, 993.0622009569379, 740.1913875598086, 1334.688995215311], [1099.2481689453125, 1195.6937799043062, 1232.697998046875, 1816.1217041015623], [191.33056640625, 591.9200439453125, 570.3519287109375, 946.4639282226562], [129.02928161621094, 144.80990600585938, 671.5311004784689, 536.2543334960938], [907.1904296875, 734.421875, 951.5497436523438, 882.3363647460938], [956.22009569378, 783.7320574162679, 988.0382775119618, 922.7272727272727], [1062.8133544921875, 406.9377990430622, 1208.5233154296875, 588.4526977539062], [534.2411499023438, 219.6448974609375, 641.1959838867188, 407.2730407714844], [552.0924682617188, 624.8353881835938, 663.85400390625, 756.073486328125], [170.55401611328125, 757.3955078125, 273.1479797363281, 799.6261596679688], [972.3673706054688, 1363.157894736842, 1070.6536865234375, 1480.3827751196172], [912.5001831054688, 1567.7822265625, 1019.616943359375, 1702.464599609375], [618.9319458007812, 1061.7224880382776, 732.9896850585938, 1239.94921875], [349.0072937011719, 1153.694091796875, 458.63494873046875, 1313.0682373046875], [600.4735107421875, 1446.88995215311, 733.1036376953125, 1675.1169433593748], [156.7354736328125, 1637.799043062201, 257.90106201171875, 1781.53125], [692.8016357421875, 130.5782012939453, 1288.5645751953125, 951.6976318359375], [123.48849487304688, 135.330322265625, 671.3740234375, 546.0299682617188], [122.93438720703125, 570.5687255859375, 677.5262451171875, 958.01513671875], [753.496826171875, 970.5553588867188, 1289.1112060546875, 1900.328857421875], [125.39764404296875, 986.1343383789062, 738.4362182617188, 1348.550537109375], [129.69383239746094, 1379.2686767578125, 741.1519165039062, 1885.9454345703125], [586, 1210, 630, 1248], [151, 809, 190, 840], [1058, 1411, 1101, 1462], [499, 334, 545, 379], [529, 754, 563, 787]], "labels": [0, 0, 0, 0, 0, 0, 0, 0, 0, 0, 1, 1, 1, 1, 1, 1, 1, 1, 1, 1, 2, 2, 2, 2, 2, 2, 3, 3, 3, 3, 3], "image_id": 1115}, "character_clusters": [0, 1, 2, 1, 1, 3, 1, 3, 1, 3], "text_char_matches": [[0, 9], [1, 7], [2, 6], [3, 7], [4, 5], [5, 5], [6, 4], [8, 4]], "text_tail_matches": [[1, 3], [2, 4], [3, 1], [6, 0], [4, 2], [5, 2]], "text_classification": [1, 1, 1, 1, 1, 1, 1, 0, 1, 0], "character_names": ["none", "Ken Kaneki", "none", "Ken Kaneki", "Ken Kaneki", "Rize Kamishiro", "Ken Kaneki", "Rize Kamishiro", "Ken Kaneki", "Rize Kamishiro"]}