{"bbox_annotations": {"bboxes_as_x1y1x2y2": [[149.04306220095694, 1047.517822265625, 572.7272727272727, 1362.2685546875], [209.33014354066987, 488.1824645996094, 582.2351531982422, 979.6953125], [745.82763671875, 394.7605285644531, 1264.4007568359375, 983.3908996582031], [597.7091064453125, 274.68951416015625, 988.7644653320312, 977.1722412109375], [797.1291866028708, 1205.7416267942585, 1083.56494140625, 1879.259033203125], [968.872802734375, 1478.708133971292, 1260.847412109375, 1880.0556640625002], [115.55023923444976, 1400.10546875, 376.79425837320576, 1878.9473684210527], [480.622009569378, 1516.55859375, 720.0956937799043, 1873.8345947265625], [666.5071770334929, 1400, 760.287081339713, 1693.0622009569379], [990.7557983398438, 170.8133971291866, 1227.929931640625, 483.47312927246094], [382.62750244140625, 193.04080200195312, 562.1264038085938, 394.0574951171875], [124.9145736694336, 324.11749267578125, 273.37291717529297, 721.7014770507812], [1112.9769287109375, 1060.047846889952, 1251.6484375, 1408.6700439453125], [999.9127197265625, 1254.1763916015625, 1091.423828125, 1391.6267942583731], [649.3138427734375, 1118.6602870813397, 723.9121704101562, 1174.7012939453123], [324.88038277511964, 1242.5837320574162, 383.4928229665072, 1299.5215311004783], [583.0315551757812, 1459.9456787109375, 667.506103515625, 1550.1710205078125], [391.86602870813397, 1656.22009569378, 467.8312683105468, 1737.9395751953125], [121.90509033203125, 1749.2718505859375, 198.46875, 1843.5106201171875], [588.7296752929688, 133.67945861816406, 1265.638916015625, 994.0772094726562], [116.88570404052734, 138.48744201660156, 584.5526733398438, 1000.741943359375], [793.64794921875, 1033.6451416015625, 1265.560546875, 1887.499267578125], [109.57606506347656, 1032.62109375, 774.0819702148438, 1371.9857177734375], [384.0212097167969, 1387.2225341796875, 766.2063598632812, 1889.314208984375], [110.95197296142578, 1386.8277587890625, 377.7808837890625, 1886.468017578125], [201, 1781, 235, 1822], [1043, 1407, 1114, 1506], [690, 1206, 721, 1247], [330, 1172, 362, 1228], [458, 1685, 495, 1724], [665, 1497, 699, 1532]], "labels": [0, 0, 0, 0, 0, 0, 0, 0, 0, 1, 1, 1, 1, 1, 1, 1, 1, 1, 1, 2, 2, 2, 2, 2, 2, 3, 3, 3, 3, 3, 3], "image_id": 1106}, "character_clusters": [0, 1, 2, 3, 0, 4, 0, 0, 4], "text_char_matches": [[0, 5], [1, 5], [2, 5], [4, 5], [3, 5], [5, 8], [6, 0], [7, 8], [8, 7], [9, 6]], "text_tail_matches": [[4, 1], [5, 2], [6, 3], [7, 5], [8, 4], [9, 0]], "text_classification": [1, 1, 1, 1, 1, 1, 1, 1, 1, 1], "character_names": ["Rize Kamishiro", "none", "none", "none", "Rize Kamishiro", "Ken Kaneki", "Rize Kamishiro", "Rize Kamishiro", "Ken Kaneki"]}