{"bbox_annotations": {"bboxes_as_x1y1x2y2": [[956.5440063476562, 1557.4162679425838, 1189.9146728515625, 1870.1323242187498], [753.1707763671875, 1655.0303955078125, 980.881591796875, 1876.86962890625], [366.9917907714844, 1583.176513671875, 526.3140869140625, 1832.5472412109375], [219.9585723876953, 1674.5594482421875, 371.6565246582031, 1873.874755859375], [315.65362548828125, 594.1981811523438, 466.53558349609375, 1185.9560546875], [636.3636363636364, 859.0909090909091, 1162.2009569377992, 1173.9234449760766], [259.7522277832031, 1274.4019138755982, 477.3717956542969, 1535.0856933593752], [564.9793090820312, 114.33435821533203, 1164.845947265625, 831.2441482543945], [58.95114517211914, 710.8159790039062, 408.81543350219727, 1176.9046630859375], [1129.0240478515625, 306.4593301435407, 1269.38818359375, 432.0136108398438], [1026.8927001953125, 526.3099365234375, 1157.2333984375, 643.8350830078125], [514.1148325358852, 358.3732057416268, 629.665071770335, 499.04306220095697], [1153.9976806640625, 947.0062255859375, 1250.888916015625, 1131.5672607421875], [530.8873291015625, 1040.38427734375, 594.8272705078125, 1065.0717703349283], [290.8338623046875, 230.3092498779297, 446.2339172363281, 474.16363525390625], [132.00787353515625, 640.0404052734375, 189.0625762939453, 673.485595703125], [1077.3590087890625, 1311.7298583984375, 1211.6519775390625, 1547.7335205078125], [719.248046875, 1563.400146484375, 786.8618774414062, 1629.4258373205741], [473.661865234375, 1284.234130859375, 629.1383056640625, 1479.695556640625], [128.11790466308594, 1385.00048828125, 236.28121948242188, 1472.0848388671875], [520.8220825195312, 1611.0047846889952, 633.4525756835938, 1814.3338623046875], [134.9604949951172, 1592.5837320574165, 252.19009399414062, 1830.9769287109373], [485.7373352050781, 4.7973432540893555, 1276.02099609375, 832.984375], [486.5584411621094, 853.3696899414062, 1275.713134765625, 1185.8472900390625], [12.306293487548828, 126.51585388183594, 459.418212890625, 1189.2508544921875], [656.0070190429688, 1215.0240478515625, 1274.6229248046875, 1883.5926513671875], [121.77152252197266, 1225.6636962890625, 646.8295288085938, 1545.885498046875], [122.13639068603516, 1550.72705078125, 645.1092529296875, 1878.18115234375], [1104, 1604, 1141, 1641], [364, 518, 397, 563], [164, 720, 197, 762], [496, 1732, 533, 1766], [768, 1644, 793, 1690], [614, 1085, 653, 1115], [618, 434, 660, 473], [256, 1723, 286, 1760]], "labels": [0, 0, 0, 0, 0, 0, 0, 0, 0, 1, 1, 1, 1, 1, 1, 1, 1, 1, 1, 1, 1, 1, 2, 2, 2, 2, 2, 2, 3, 3, 3, 3, 3, 3, 3, 3], "image_id": 1104}, "character_clusters": [0, 1, 0, 1, 1, 1, 2, 2, 0], "text_char_matches": [[5, 4], [4, 5], [1, 5], [0, 5], [6, 8], [7, 0], [9, 2], [10, 3], [11, 2], [12, 2]], "text_tail_matches": [[2, 6], [4, 5], [7, 0], [8, 4], [5, 1], [6, 2], [11, 3], [12, 7]], "text_classification": [1, 1, 0, 0, 1, 1, 1, 1, 1, 1, 1, 1, 1], "character_names": ["Hideyoshi Nagachika", "Ken Kaneki", "Hideyoshi Nagachika", "Ken Kaneki", "Ken Kaneki", "Ken Kaneki", "Rize Kamishiro", "Rize Kamishiro", "Hideyoshi Nagachika"]}