{"bbox_annotations": {"bboxes_as_x1y1x2y2": [[227.75119617224883, 957.8947368421053, 1098.5645933014355, 1739.952153110048], [107.94781494140625, 125.63877868652344, 951.3402099609375, 1595.9330143540672], [-3.668767213821411, -6.344607830047607, 1395.6112060546875, 2000.97900390625]], "labels": [0, 1, 2], "image_id": 1130}, "character_clusters": [0], "text_char_matches": [], "text_tail_matches": [], "text_classification": [0], "character_names": ["Rize Kamishiro"]}