{"bbox_annotations": {"bboxes_as_x1y1x2y2": [[986.3636363636364, 459.7782897949219, 1390.4013671875, 918.6730346679688], [200.32809448242188, 1267.7364501953125, 290.4454345703125, 1479.10302734375], [127.27272727272728, 1522.2488038277513, 664.8325358851674, 1866.8421630859375], [167.4641148325359, 145.69377990430624, 594.4976076555024, 531.9660644531251], [281.34130859375, 1097.373291015625, 507.42584228515625, 1478.4697265625], [815.7745361328125, 450.7063903808594, 1109.484130859375, 941.0838623046875], [207.38290405273438, 579.0552978515625, 772.0095693779905, 938.1818237304688], [1109.4942626953125, 263.32720947265625, 1248.5850830078125, 500.5818176269531], [694.7710571289062, 1070.0956937799044, 1277.4052734375, 1875.7342529296875], [961.2000732421875, 262.2029724121094, 1115.866455078125, 362.8642883300781], [651.5147705078125, 188.25161743164062, 767.0654296875, 362.20526123046875], [573.2117919921875, 358.5415344238281, 670.4887084960938, 448.4454345703125], [161.68038940429688, 319.3205871582031, 249.25592041015625, 417.2279357910156], [675.0881958007812, 622.1452026367188, 760.7160034179688, 818.3742065429688], [552.130129289399, 645.3192772386177, 669.5704369065865, 889.2344497607656], [149.04306220095694, 760.2870813397129, 234.41412353515625, 828.9473684210526], [1142.53515625, 1064.3741455078125, 1260.9146728515625, 1199.9644775390625], [1063.0858154296875, 1321.7425537109375, 1198.324951171875, 1478.918701171875], [530.8612440191388, 1083.4928229665072, 660.307861328125, 1319.366455078125], [129.38804626464844, 1343.53662109375, 228.00033569335938, 1430.1435406698565], [570.2442016601562, 1549.9349365234375, 650.9844970703125, 1695.398681640625], [793.1561889648438, 134.6886749267578, 1399.6558837890625, 944.6300048828125], [120.90413665771484, 134.73764038085938, 782.3687744140625, 538.078125], [118.42742156982422, 565.6718139648438, 772.2332763671875, 952.9849853515625], [684.1298217773438, 968.06298828125, 1278.2349853515625, 1874.799560546875], [120.432373046875, 971.1168823242188, 667.4603881835938, 1493.029052734375], [118.36322784423828, 1508.969970703125, 662.4988403320312, 1879.959716796875], [1064, 423, 1113, 487], [1010, 1441, 1053, 1475], [521, 823, 563, 856], [141, 881, 199, 913], [247, 391, 288, 431]], "labels": [0, 0, 0, 0, 0, 0, 0, 0, 0, 1, 1, 1, 1, 1, 1, 1, 1, 1, 1, 1, 1, 2, 2, 2, 2, 2, 2, 3, 3, 3, 3, 3], "image_id": 1103}, "character_clusters": [0, 1, 2, 3, 2, 3, 0, 2, 3], "text_char_matches": [[0, 0], [1, 0], [2, 0], [3, 3], [4, 6], [5, 6], [6, 3], [7, 8], [8, 8], [9, 8], [10, 8], [11, 8]], "text_tail_matches": [[0, 0], [3, 4], [4, 2], [5, 2], [6, 3], [7, 1], [8, 1]], "text_classification": [1, 1, 1, 1, 1, 1, 1, 1, 1, 1, 1, 1], "character_names": ["Hideyoshi Nagachika", "none", "Rize Kamishiro", "Ken Kaneki", "Rize Kamishiro", "Ken Kaneki", "Hideyoshi Nagachika", "Rize Kamishiro", "Ken Kaneki"]}