{"bbox_annotations": {"bboxes_as_x1y1x2y2": [[145.69377990430624, 138.47409057617188, 1328.8391876220705, 1196.3006286621094], [698.3253588516747, 1229.1866028708134, 1292.8229665071772, 1868.8995215311006], [306.4593301435407, 1565.7894736842106, 483.97129186602876, 1780.1435406698565], [294.046630859375, 1239.2344497607655, 529.7613525390625, 1428.8309326171875], [817.2248803827752, 482.2966507177034, 1026.555023923445, 900.9569377990431], [221.05263157894737, 110.52631578947368, 537.5598086124402, 703.3492822966507], [686.6028708133971, 947.8468899521531, 892.5837320574162, 1229.1866028708134], [572.7272727272727, 1257.6555023923445, 626.3157894736843, 1371.531100478469], [385.16746411483257, 1466.9856459330144, 656.4593301435407, 1852.153110047847], [152.39234449760767, 1652.8708133971293, 279.665071770335, 1850.4784688995217], [98.05690002441406, 2.2482261657714844, 1389.2978515625, 1195.75439453125], [692.0332641601562, 1215.7900390625, 1297.4232177734375, 1881.5653076171875], [138.42843627929688, 1230.4267578125, 681.3992309570312, 1476.3531494140625], [134.37217712402344, 1486.3988037109375, 684.59521484375, 1878.0072021484375], [530, 1335, 574, 1365]], "labels": [0, 0, 0, 0, 1, 1, 1, 1, 1, 1, 2, 2, 2, 2, 3], "image_id": 1127}, "character_clusters": [0, 0, 0, 0], "text_char_matches": [], "text_tail_matches": [[3, 0]], "text_classification": [0, 0, 0, 0, 0, 0], "character_names": ["Ken Kaneki", "Ken Kaneki", "Ken Kaneki", "Ken Kaneki"]}