{"bbox_annotations": {"bboxes_as_x1y1x2y2": [[178.46473693847656, 1398.8486328125, 1296.2127838134766, 2011.326171875], [1000.139892578125, 237.0216064453125, 1245.9881591796875, 540.8651733398438], [164.36158752441406, 607.8947368421053, 512.1412506103516, 944.8140869140625], [869.1869506835938, 1051.4569091796875, 1289.3067626953125, 1413.294677734375], [565.4605712890625, 682.42626953125, 880.0973510742188, 872.4627075195312], [700, 346.6507177033493, 904.3062200956938, 663.1578947368421], [929.4258373205743, 607.8947368421053, 1069.2593994140625, 720.16259765625], [182.8843231201172, 462.20095693779905, 277.0960998535156, 603.2616577148438], [735.1674641148326, 1044.976076555024, 840.6698564593302, 1252.6315789473686], [648.0861244019139, 1175.598086124402, 733.4928229665072, 1334.688995215311], [164.15869140625, 1029.9043062200958, 506.69390869140625, 1365.8637695312502], [1131.842529296875, 1466.567138671875, 1280.4144287109375, 1705.2974853515625], [1004.7846889952153, 1406.6985645933014, 1105.2631578947369, 1597.6076555023924], [926.0765550239234, 1604.3062200956938, 1051.6746411483255, 1837.0813397129186], [285.8702392578125, 1607.6555023923445, 355.8782958984375, 1664.8936767578125], [224.72293090820312, 1679.1607666015625, 272.6173095703125, 1833.920654296875], [530.5438842773438, 124.63404846191406, 1295.6658935546875, 951.3223876953125], [137.840087890625, 131.62783813476562, 525.010986328125, 954.2847290039062], [139.3484344482422, 972.0699462890625, 1298.7694091796875, 1413.0770263671875], [127.02218627929688, 1404.4822998046875, 1300.853759765625, 2003.4459228515625], [205, 630, 244, 685], [881, 692, 932, 752]], "labels": [0, 0, 0, 0, 0, 1, 1, 1, 1, 1, 1, 1, 1, 1, 1, 1, 2, 2, 2, 2, 3, 3], "image_id": 1123}, "character_clusters": [0, 1, 1, 0, 0], "text_char_matches": [[1, 4], [2, 2], [5, 3], [6, 0], [9, 0], [10, 0]], "text_tail_matches": [[1, 1], [2, 0]], "text_classification": [0, 1, 1, 0, 0, 1, 1, 0, 0, 1, 1], "character_names": ["Ken Kaneki", "Rize Kamishiro", "Rize Kamishiro", "Ken Kaneki", "Ken Kaneki"]}