{"bbox_annotations": {"bboxes_as_x1y1x2y2": [[944.6915283203125, 762.745849609375, 1064.8348388671875, 1071.52978515625], [366.92913818359375, 1178.9473684210527, 666.8875732421875, 1494.270263671875], [1082.9549560546875, 689.4468994140625, 1140.102294921875, 871.4835205078125], [756.0738525390625, 1199.74267578125, 1212.7193603515625, 1870.5738525390625], [225.4349822998047, 1683.5299072265625, 406.6186218261719, 1868.3538818359375], [122.2488038277512, 1172.2488038277513, 358.3732057416268, 1486.6273193359375], [405.43450927734375, 1611.1531982421875, 624.7786254882812, 1870.17041015625], [353.8340759277344, 913.005859375, 768.9620361328125, 1139.6890869140625], [1156.572265625, 656.4593301435407, 1274.290283203125, 892.0297241210938], [641.5, 658.133971291866, 750.1675415039062, 847.4286499023438], [172.22386169433594, 653.11004784689, 287.0422058105469, 775.7831420898439], [158.74850463867188, 927.7511961722488, 289.0696105957031, 1061.45361328125], [1124.2269287109375, 1252.6315789473686, 1254.92919921875, 1467.103759765625], [570.841796875, 1242.332275390625, 669.9913330078125, 1358.8209228515625], [294.6764831542969, 1401.6746411483255, 352.4325866699219, 1448.170654296875], [565.3168334960938, 1565.7894736842106, 665.4874267578125, 1749.1829833984377], [140.047607421875, 1619.377990430622, 230.81777954101562, 1743.109619140625], [111.61628723144531, 2.9508042335510254, 1294.807373046875, 591.7853393554688], [795.0235595703125, 622.0267333984375, 1298.9791259765625, 1149.823974609375], [115.74878692626953, 619.5384521484375, 778.2442016601562, 891.6243286132812], [115.35287475585938, 904.83544921875, 785.5110473632812, 1150.1248779296875], [712.4242553710938, 1161.6683349609375, 1299.0743408203125, 1868.6480712890625], [364.6612854003906, 1169.1553955078125, 680.9922485351562, 1498.2781982421875], [120.84706115722656, 1168.39501953125, 361.2079772949219, 1498.7567138671875], [120.6084213256836, 1521.92529296875, 675.452392578125, 1882.8363037109375], [535, 1715, 578, 1755], [127, 702, 166, 738], [131, 1022, 164, 1052], [551, 1296, 586, 1337], [271, 1434, 306, 1468], [210, 1739, 245, 1787], [1102, 1435, 1134, 1470]], "labels": [0, 0, 0, 0, 0, 0, 0, 0, 1, 1, 1, 1, 1, 1, 1, 1, 1, 2, 2, 2, 2, 2, 2, 2, 2, 3, 3, 3, 3, 3, 3, 3], "image_id": 1111}, "character_clusters": [0, 0, 1, 0, 1, 0, 0, 1], "text_char_matches": [[0, 0], [1, 2], [2, 0], [3, 0], [4, 3], [5, 1], [6, 5], [7, 6], [8, 4]], "text_tail_matches": [[2, 1], [3, 2], [4, 6], [5, 3], [7, 0], [8, 5]], "text_classification": [1, 1, 1, 1, 1, 1, 1, 1, 1], "character_names": ["Rize Kamishiro", "Rize Kamishiro", "Ken Kaneki", "Rize Kamishiro", "Ken Kaneki", "Rize Kamishiro", "Rize Kamishiro", "Ken Kaneki"]}