{"bbox_annotations": {"bboxes_as_x1y1x2y2": [[785.941650390625, 1575.1527099609375, 970.0853881835938, 1854.9278564453125], [145.69377990430624, 600.509033203125, 470.69120025634766, 1327.8629150390625], [142.7847442626953, 1376.555023923445, 532.5358851674641, 1877.560302734375], [289.7129186602871, 158.58502197265625, 565.8765869140625, 542.5045776367188], [687.4392700195312, 690.3724365234375, 1084.693603515625, 1334.2095947265625], [650.146728515625, 151.7412567138672, 1242.20654296875, 561.0447845458984], [480.2215270996094, 864.7189331054688, 959.4133911132812, 1327.0401611328125], [1171.0616455078125, 215.21929931640625, 1219.748291015625, 443.6737976074219], [860.7655502392345, 314.8325358851675, 922.7272727272727, 502.3923444976077], [147.3684210526316, 197.60765550239236, 267.9425837320574, 403.5885167464115], [1033.2535885167465, 627.9904306220096, 1259.33014354067, 1105.2631578947369], [807.177033492823, 1410.0478468899523, 949.5215311004786, 1565.7894736842106], [169.13875598086125, 1763.397129186603, 216.0287081339713, 1805.263157894737], [578.4974365234375, 95.29971313476562, 1295.3778076171875, 573.723388671875], [139.16619873046875, 146.0827178955078, 565.2415161132812, 569.443359375], [474.0381774902344, 592.5778198242188, 1287.4176025390625, 1335.8114013671875], [139.43345642089844, 589.5639038085938, 479.87823486328125, 1336.9171142578125], [541.1304931640625, 1365.243896484375, 1318.4931640625, 1883.0001220703125], [135.18565368652344, 1372.8297119140625, 533.3654174804688, 1884.569091796875], [1096, 268, 1172, 310]], "labels": [0, 0, 0, 0, 0, 0, 0, 1, 1, 1, 1, 1, 1, 2, 2, 2, 2, 2, 2, 3], "image_id": 1125}, "character_clusters": [0, 1, 1, 0, 1, 0, 0], "text_char_matches": [[0, 5]], "text_tail_matches": [[0, 0]], "text_classification": [1, 0, 0, 0, 0, 1], "character_names": ["Ken Kaneki", "Rize Kamishiro", "Rize Kamishiro", "Ken Kaneki", "Rize Kamishiro", "Ken Kaneki", "Ken Kaneki"]}