{"bbox_annotations": {"bboxes_as_x1y1x2y2": [[177.95704650878906, 294.7653503417969, 431.9218444824219, 625.1934204101562], [112.20095693779905, 1333.0143540669858, 553.0847930908203, 1862.2009569377992], [391.86602870813397, 145.69377990430624, 503.6466979980469, 547.15576171875], [703.3492822966507, 487.415283203125, 847.23974609375, 722.777099609375], [688.2775119617226, 445.4545454545455, 1054.332275390625, 723.1278076171875], [1046.2178955078125, 276.3157894736842, 1217.73876953125, 469.0239562988281], [755.9664306640625, 302.5467529296875, 825.3895263671875, 432.7425231933594], [144.7052764892578, 570.2060546875, 197.00067138671875, 601.8106689453125], [1154.4998779296875, 1389.952153110048, 1253.04541015625, 1478.9029541015625], [1001.4354066985646, 1476.1776123046875, 1156.5255126953125, 1688.7119140625], [807.879638671875, 1411.2332763671875, 860.010986328125, 1547.3966064453125], [442.1866455078125, 1361.4832535885168, 539.81982421875, 1627.84033203125], [515.2787475585938, 131.47898864746094, 1265.1474609375, 726.833740234375], [115.96028137207031, 133.8507080078125, 505.9002685546875, 732.7198486328125], [104.72252655029297, 795.6970825195312, 1268.15283203125, 1306.6094970703125], [558.0154418945312, 1330.2337646484375, 1261.5885009765625, 1877.1700439453125], [108.22516632080078, 1320.3846435546875, 553.6923217773438, 1877.91357421875], [446, 1643, 492, 1678], [198, 567, 233, 609]], "labels": [0, 0, 0, 0, 0, 1, 1, 1, 1, 1, 1, 1, 2, 2, 2, 2, 2, 3, 3], "image_id": 1108}, "character_clusters": [0, 1, 2, 3, 4], "text_char_matches": [[0, 4], [1, 3], [2, 0], [3, 1], [4, 1], [6, 1]], "text_tail_matches": [[2, 1], [6, 0]], "text_classification": [1, 1, 1, 1, 1, 0, 1], "character_names": ["Touka Kirishima", "Hideyoshi Nagachika", "Yoshimura", "Rize Kamishiro", "Ken Kaneki"]}