{"bbox_annotations": {"bboxes_as_x1y1x2y2": [[592.664794921875, 1244.2583732057417, 1269.8017578125, 1869.254150390625], [137.32057416267943, 218.94578552246094, 710.4010162353516, 794.9380950927734], [170.4676055908203, 1394.9251708984375, 595.6588287353516, 1873.8221435546875], [761.474853515625, 356.69856459330146, 1207.1993408203125, 792.7024536132812], [763.0368041992188, 904.3062200956938, 1090.1913875598086, 1636.1244019138758], [1083.4928229665072, 242.82296650717706, 1245.933014354067, 651.4354066985646], [892.5837320574163, 634.688995215311, 962.9186602870814, 758.6124401913876], [798.8038277511962, 641.3875598086124, 842.3444976076555, 694.976076555024], [361.7224880382775, 175.83732057416267, 638.0382775119617, 837.3205741626793], [140.45779418945312, 730.011962890625, 197.61270141601562, 823.6239013671875], [609.5693779904307, 907.6555023923445, 869.1387559808613, 1232.5358851674641], [1080.848388671875, 1318.8673095703125, 1167.0980224609375, 1411.053466796875], [398.5645933014354, 981.3397129186603, 574.4019138755981, 1348.0861244019138], [218.236328125, 1072.3311767578125, 299.47515869140625, 1129.8956298828125], [112.24937438964844, 1086.61474609375, 221.92453002929688, 1304.0325927734375], [435.08074951171875, 1456.736572265625, 579.30029296875, 1647.629150390625], [118.89952153110049, 1684.688995215311, 180.86124401913878, 1798.5645933014355], [716.1991577148438, -3.549053907394409, 1262.0328369140625, 853.2163696289062], [110.48419189453125, 96.94398498535156, 715.3743286132812, 860.0418090820312], [562.1478881835938, 889.9026489257812, 1266.06005859375, 1885.107421875], [104.09467315673828, 900.2276000976562, 602.2108154296875, 1380.70703125], [117.72649383544922, 1379.8818359375, 609.7310791015625, 1879.0689697265625], [1039, 1218, 1100, 1284], [846, 614, 876, 669], [196, 754, 247, 821]], "labels": [0, 0, 0, 0, 0, 1, 1, 1, 1, 1, 1, 1, 1, 1, 1, 1, 1, 2, 2, 2, 2, 2, 3, 3, 3], "image_id": 1124}, "character_clusters": [0, 0, 1, 0, 1], "text_char_matches": [[6, 4], [10, 2], [8, 4], [9, 4], [11, 2]], "text_tail_matches": [[2, 1], [4, 2], [6, 0]], "text_classification": [0, 0, 1, 0, 1, 0, 1, 0, 1, 1, 1, 0], "character_names": ["Ken Kaneki", "Ken Kaneki", "Rize Kamishiro", "Ken Kaneki", "Rize Kamishiro"]}