{"bbox_annotations": {"bboxes_as_x1y1x2y2": [[-26.74686622619629, 858.81787109375, 1431.5578212738037, 2094.177001953125], [865.018798828125, 196.2979736328125, 1106.361328125, 382.3019714355469], [290.12835693359375, 481.11041259765625, 629.0335693359375, 664.6743774414062], [-4.754251956939697, 2.5467662811279297, 1458.0255126953125, 2102.00927734375]], "labels": [0, 1, 1, 2], "image_id": 452}, "character_clusters": [0], "text_char_matches": [[0, 0], [1, 0]], "text_tail_matches": [], "text_classification": [1, 1], "character_names": ["Gorou Amamiya"]}