{"bbox_annotations": {"bboxes_as_x1y1x2y2": [[269.3620071684588, 362.06451612903226, 951.4574890136719, 804.6092529296875], [884.3255004882812, 918.54833984375, 1005.7347670250897, 1242.0157470703125], [1030.1121826171875, 1044.215053763441, 1256.1490478515625, 1242.9561767578125], [180.0332489013672, 1666.583984375, 1037.3614349365234, 2096.73974609375], [376.0573476702509, 849.1655883789062, 879.6176147460938, 1246.7935791015625], [636.2432250976562, 1350.3082437275987, 882.1414184570312, 1618.7158203125], [554.95263671875, 237.26312255859375, 891.5618286132812, 462.8199462890625], [1173.6781005859375, 897.2903225806452, 1312.8424072265625, 1014.4408569335939], [924.126220703125, 914.2288208007812, 1032.347412109375, 957.2774658203125], [715.362548828125, 857.0609318996416, 863.745361328125, 968.2786254882811], [322.7239074707031, 863.0064086914062, 539.9405517578125, 1005.4703369140625], [90.42443084716797, 1002.236559139785, 262.9955062866211, 1073.66845703125], [968.940673828125, 1369.813232421875, 1150.74853515625, 1505.83642578125], [393.2929382324219, 1415.489501953125, 597.7211303710938, 1679.1397849462367], [139.3348846435547, 1322.3225806451615, 332.5869445800781, 1570.3853759765625], [1109.5224609375, 1719.36917562724, 1248.226806640625, 1806.0795898437498], [152.6853485107422, 1728.1146953405018, 418.2268524169922, 1855.53173828125], [3.2678446769714355, 3.4094362258911133, 1459.53173828125, 800.8270263671875], [885.9505004882812, 825.1060791015625, 1319.2337646484375, 1256.2384033203125], [99.84671020507812, 828.1240844726562, 883.5614624023438, 1256.0382080078125], [129.22802734375, 1266.4259033203125, 1324.16064453125, 1633.5184326171875], [128.2636260986328, 1650.591796875, 1322.41796875, 2094.369873046875], [1169, 1047, 1218, 1090], [962, 1037, 1005, 1092], [240, 1140, 306, 1182]], "labels": [0, 0, 0, 0, 0, 0, 1, 1, 1, 1, 1, 1, 1, 1, 1, 1, 1, 2, 2, 2, 2, 2, 3, 3, 3], "image_id": 444}, "character_clusters": [0, 0, 1, 0, 1, 0], "text_char_matches": [[0, 4], [3, 4], [4, 4], [1, 2], [2, 1], [5, 4], [6, 4], [7, 4], [8, 4], [9, 4], [10, 4]], "text_tail_matches": [[1, 0], [2, 1], [5, 2]], "text_classification": [1, 1, 1, 1, 1, 1, 1, 1, 1, 1, 1], "character_names": ["Ai Hoshino", "Ai Hoshino", "Gorou Amamiya", "Ai Hoshino", "Gorou Amamiya", "Ai Hoshino"]}