{"bbox_annotations": {"bboxes_as_x1y1x2y2": [[1068.416748046875, 469.98358154296875, 1319.7720947265625, 798.4964599609375], [331.86883544921875, 519.5812377929688, 549.212158203125, 798.5676879882812], [818.7442016601562, 1671.4677734375, 1094.7740478515625, 2100.222412109375], [146.70846557617188, 1222.6236559139786, 814.0585632324219, 2107.623291015625], [617.885986328125, 544.650634765625, 892.0430107526881, 794.5475463867188], [484.1053771972656, 900.3642578125, 1317.0752688172045, 1138.6666666666667], [1128.6807861328125, 117.91828918457031, 1257.9293212890625, 223.5186004638672], [805.8865966796875, 126.01164245605469, 986.7457275390625, 296.8582763671875], [887.7554931640625, 453.41375732421875, 1036.4345703125, 668.329345703125], [623.8533325195312, 173.48240661621094, 795.3743286132812, 382.5704040527344], [743.6735229492188, 443.2474670410156, 834.934814453125, 539.6939697265625], [345.6807861328125, 27.905439376831055, 540.331298828125, 234.54376029968262], [163.9333953857422, 159.1689453125, 332.979736328125, 267.1573181152344], [169.67916870117188, 491.4982078853047, 315.0805358886719, 632.89501953125], [1116.4244384765625, 918.4816284179688, 1289.3984375, 1109.478759765625], [250.5472412109375, 918.0584716796875, 413.4451904296875, 1103.6785888671875], [953.5316772460938, 1266.1025390625, 1067.5452880859375, 1351.022705078125], [260.4595031738281, 1458.752688172043, 460.6373596191406, 1574.8602294921875], [581.7611083984375, -1.251634955406189, 1318.7843017578125, 808.3628540039062], [125.22481536865234, 2.6251540184020996, 564.0765380859375, 805.9215087890625], [114.70397186279297, 887.081298828125, 1331.9471435546875, 1151.8297119140625], [119.81534576416016, 1165.78125, 1326.5570068359375, 2091.353515625], [1021, 640, 1076, 680], [791, 575, 833, 634]], "labels": [0, 0, 0, 0, 0, 0, 1, 1, 1, 1, 1, 1, 1, 1, 1, 1, 1, 1, 2, 2, 2, 2, 3, 3], "image_id": 448}, "character_clusters": [0, 0, 1, 0, 2, 0], "text_char_matches": [[0, 0], [1, 0], [3, 0], [2, 0], [4, 4], [5, 1], [6, 1], [7, 1], [8, 5], [9, 5], [10, 2], [11, 2]], "text_tail_matches": [[2, 0], [4, 1]], "text_classification": [1, 1, 1, 1, 1, 1, 1, 1, 1, 1, 1, 1], "character_names": ["Gorou Amamiya", "Gorou Amamiya", "Ryosuke Kaihara", "Gorou Amamiya", "Ai Hoshino", "Gorou Amamiya"]}