{"bbox_annotations": {"bboxes_as_x1y1x2y2": [[451.2688172043011, 1143.230224609375, 771.3548387096776, 1631.9139784946237], [120.13742065429688, 341.1513671875, 1335.4998474121094, 1753.675537109375], [582.4516129032259, 1105.4336917562725, 1065.2043010752689, 1616.172043010753], [636.8302001953125, 178.41049194335938, 827.4147338867188, 433.46514892578125], [280.6703186035156, 1855.7498779296875, 1174.7373352050781, 1925.6058349609375], [106.11515808105469, 31.968292236328125, 1336.47802734375, 1776.9163818359375]], "labels": [0, 0, 0, 1, 1, 2], "image_id": 455}, "character_clusters": [0, 1, 2], "text_char_matches": [], "text_tail_matches": [], "text_classification": [1, 0], "character_names": ["none", "Ai Hoshino", "none"]}