{"bbox_annotations": {"bboxes_as_x1y1x2y2": [[886.741943359375, 645.7577514648438, 1456.2327880859375, 1106.495849609375], [448.0415344238281, 512.122314453125, 739.7146606445312, 1111.3822021484375], [630.7789916992188, 1328.2308349609375, 1257.6614990234375, 2096.537841796875], [397.0465949820789, 1324.0716845878137, 750.5811688823085, 1943.4851861769152], [250.60592651367188, 585.4447021484375, 605.5188598632812, 1108.4896240234375], [951.4093017578125, 44.02586364746094, 1458.7476806640625, 609.9637298583984], [138.17921146953407, 1324.0716845878137, 641.921146953405, 2090.179211469534], [930.315673828125, 295.8033752441406, 1147.4121863799282, 470.5089605734767], [753.535888671875, 220.60467529296875, 872.0064086914062, 395.81585693359375], [911.2872314453125, 907.826416015625, 1091.2154541015625, 1083.3729248046875], [493.1748352050781, 42.43307876586914, 673.8025512695312, 250.21205520629883], [253.17469787597656, 50.708282470703125, 412.2552490234375, 157.5143280029297], [293.75396728515625, 976.82421875, 361.3553161621094, 1044.215053763441], [311.6507263183594, 1193.8834228515625, 1255.2635192871094, 1246.6982421875], [1128.086669921875, 1365.4693603515625, 1263.30224609375, 1541.312255859375], [651.85107421875, 1437.7982177734375, 815.1917114257812, 1642.065185546875], [363.5021057128906, 1581.149169921875, 486.42572021484375, 1623.1226806640625], [215.2704620361328, 1676.9263916015625, 395.3810119628906, 1815.931884765625], [879.1416625976562, 2.0509064197540283, 1462.794677734375, 615.8009643554688], [886.8414916992188, 635.3607788085938, 1459.8885498046875, 1120.85595703125], [132.20252990722656, -6.303173065185547, 737.1450805664062, 1120.3096923828125], [127.56980895996094, 1313.9957275390625, 1330.54150390625, 2094.555908203125], [1126, 1594, 1194, 1650], [757, 1660, 815, 1701]], "labels": [0, 0, 0, 0, 0, 0, 0, 1, 1, 1, 1, 1, 1, 1, 1, 1, 1, 1, 2, 2, 2, 2, 3, 3], "image_id": 447}, "character_clusters": [0, 0, 1, 2, 1, 0, 0], "text_char_matches": [[0, 5], [2, 0], [3, 1], [4, 1], [5, 1], [6, 1], [7, 2], [8, 2], [9, 6], [10, 6], [1, 0]], "text_tail_matches": [[7, 0], [8, 1]], "text_classification": [1, 1, 1, 1, 1, 1, 1, 1, 1, 1, 1], "character_names": ["Gorou Amamiya", "Gorou Amamiya", "Ai Hoshino", "Nurse", "Ai Hoshino", "Gorou Amamiya", "Gorou Amamiya"]}