{"bbox_annotations": {"bboxes_as_x1y1x2y2": [[123.59185791015625, 1186.744140625, 261.697509765625, 1567.7657470703125], [543.7621459960938, 6.088507175445557, 1330.9693603515625, 958.373541355133], [386.9434814453125, 1334.5663082437277, 565.943359375, 1572.11376953125], [626.8627319335938, 106.70855712890625, 815.6195068359375, 311.31854248046875], [389.4532775878906, 258.3665771484375, 611.2567749023438, 478.209228515625], [140.69834899902344, 216.2128448486328, 335.0018005371094, 484.9303741455078], [211.19744873046875, 669.9068100358423, 346.0096435546875, 823.722900390625], [1147.635009765625, 1021.4767025089607, 1314.714111328125, 1243.8175048828125], [1015.2745361328125, 1203.0565185546875, 1171.899641577061, 1395.5435791015625], [975.4107666015625, 1021.5272216796875, 1057.41259765625, 1061.9554443359375], [809.146484375, 1204.1988525390625, 896.1740112304688, 1268.74169921875], [943.6302490234375, 1469.99951171875, 1041.1199951171875, 1507.0989990234375], [706.6278686523438, 1159.6087646484375, 800.1233520507812, 1189.3906810035842], [616.5032348632812, 1302.823486328125, 789.0894775390625, 1523.6329345703125], [411.71356201171875, 1080.9462365591398, 576.093017578125, 1183.0338134765625], [276.8675842285156, 1195.3558349609375, 439.02532958984375, 1352.274169921875], [937.5725708007812, 1793.368408203125, 1116.1290283203125, 1837.025634765625], [120.18018341064453, -3.5729706287384033, 1316.72509765625, 953.81396484375], [599.889404296875, 979.14013671875, 1328.7313232421875, 1575.5958251953125], [119.07676696777344, 975.4799194335938, 589.7005615234375, 1575.583251953125], [-6.1535725593566895, 1601.4315185546875, 1324.97412109375, 1954.8818359375], [118, 527, 205, 595], [793, 313, 873, 382], [371, 1390, 421, 1441]], "labels": [0, 0, 0, 1, 1, 1, 1, 1, 1, 1, 1, 1, 1, 1, 1, 1, 1, 2, 2, 2, 2, 3, 3, 3], "image_id": 422}, "character_clusters": [0, 0, 1], "text_char_matches": [[0, 1], [1, 1], [4, 1], [5, 1], [11, 2], [12, 2], [10, 2], [13, 0], [2, 2]], "text_tail_matches": [[0, 1], [1, 1], [2, 0], [12, 2], [11, 2]], "text_classification": [1, 1, 1, 1, 1, 1, 1, 1, 1, 1, 1, 1, 1, 1], "character_names": ["Gorou Amamiya", "Gorou Amamiya", "Nurse"]}