{"bbox_annotations": {"bboxes_as_x1y1x2y2": [[1031.9713261648747, 810.3825073242188, 1134.4627685546877, 920.0286738351256], [852.5874633789062, 264.9859619140625, 1140.415770609319, 630.1171875], [375.7584228515625, 1208.05224609375, 886.63427734375, 1621.4796142578125], [244.95521545410156, 1697.489990234375, 473.04461669921875, 1947.5802001953125], [753.8637992831542, 911.0581665039062, 879.9838867187501, 1084.4444444444446], [125.95748138427734, 160.05702209472656, 358.2899703979492, 552.9301910400391], [984.3174438476562, 1089.6917562724016, 1073.9498207885306, 1163.5452880859375], [759.1256713867188, 1852.363525390625, 846.308837890625, 1950.8070068359375], [582.7684936523438, 1860.8084716796875, 664.4857177734375, 1950.2508960573477], [678.652329749104, 984.7455197132617, 806.336917562724, 1161.0418701171875], [447.52325439453125, 1.6847848892211914, 727.8920288085938, 634.9247311827957], [476.62884521484375, 808.0860215053764, 573.7060931899641, 913.2751464843751], [267.1058044433594, 862.0066528320312, 353.31899641577064, 1069.84716796875], [1111.0394287109375, 1551.4551971326166, 1319.3343505859375, 1954.9256591796875], [1101.9354838709678, 265.35211181640625, 1144.3491210937502, 293.84946236559136], [698.093994140625, 196.21148681640625, 826.189453125, 311.2466735839844], [283.35483870967744, 537.20849609375, 324.9068603515625, 564.9605734767025], [1141.9599609375, 1293.134033203125, 1309.6029052734375, 1392.82568359375], [932.9942016601562, 1708.8745519713261, 1108.988525390625, 1903.5308837890625], [704.6600952148438, 1245.3620071684588, 870.6986083984375, 1437.6600341796875], [239.64613342285156, 1402.4107666015625, 355.8865051269531, 1441.5809326171875], [141.1273651123047, 1500.731182795699, 245.00633239746094, 1577.985595703125], [119.793701171875, 1952, 296.5586242675781, 1988.731182795699], [450.742919921875, 0.26320070028305054, 1320.2073974609375, 638.65185546875], [124.145263671875, 143.6222686767578, 433.9425354003906, 645.0184936523438], [123.9684066772461, 791.5406494140625, 1326.69775390625, 1174.643798828125], [905.5118408203125, 1196.19775390625, 1325.1568603515625, 1950.965576171875], [120.48014068603516, 1192.219970703125, 892.58056640625, 1631.369873046875], [122.13483428955078, 1648.27685546875, 883.7344970703125, 1962.56982421875], [338, 1510, 394, 1547], [1088, 378, 1143, 432], [767, 361, 815, 418]], "labels": [0, 0, 0, 0, 0, 0, 0, 0, 0, 0, 0, 0, 0, 0, 1, 1, 1, 1, 1, 1, 1, 1, 1, 2, 2, 2, 2, 2, 2, 3, 3, 3], "image_id": 436}, "character_clusters": [0, 1, 2, 2, 3, 2, 4, 5, 6, 7, 2, 8, 9, 2], "text_char_matches": [[1, 1], [3, 13], [4, 13], [5, 2], [6, 2], [7, 2], [0, 1], [2, 5]], "text_tail_matches": [[0, 1], [1, 2], [6, 0], [7, 0]], "text_classification": [1, 1, 1, 1, 1, 1, 1, 1, 0], "character_names": ["none", "Ai Hoshino", "Gorou Amamiya", "Gorou Amamiya", "none", "Gorou Amamiya", "none", "none", "none", "none", "Gorou Amamiya", "none", "none", "Gorou Amamiya"]}