{"bbox_annotations": {"bboxes_as_x1y1x2y2": [[832.6836547851562, 895.2243041992188, 1149.9515380859375, 1278.147216796875], [68.21505376344086, 942.7670250896058, 800.5000610351562, 1275.568359375], [24.032913208007812, 163.41627502441406, 1319.6645050048828, 791.8120880126953], [612.5879516601562, 1319.339599609375, 1267.169921875, 1667.3026123046875], [1017.9202270507812, 212.63308715820312, 1140.7923583984375, 300.3101806640625], [186.44992065429688, 404.3750915527344, 415.1896667480469, 624.8606567382812], [1144.1151123046875, 860.5591397849463, 1315.811767578125, 1054.1011962890625], [997.0626220703125, 1020.8296508789062, 1157.7232666015625, 1149.6204833984375], [629.8336181640625, 886.7956989247313, 787.7828369140625, 1034.5264892578125], [300.0559997558594, 832.573476702509, 473.8982238769531, 1016.5753173828125], [161.5926513671875, 921.4982299804688, 303.74810791015625, 1126.1715087890625], [942.399169921875, 1387.13720703125, 1047.9085693359375, 1431.1572265625], [380.4952087402344, 1380.0430107526881, 563.6298828125, 1511.4385986328123], [153.60528564453125, 1369.5483870967741, 334.2770690917969, 1623.148681640625], [983.0181884765625, 1766.157958984375, 1157.61767578125, 1894.595458984375], [618.8018798828125, 1812.0716845878137, 798.8439331054688, 1914.7712402343752], [253.45248413085938, 1778.8387096774195, 429.85748291015625, 1914.3378906250002], [0.005453824996948242, 149.9442596435547, 1324.349609375, 788.2154541015625], [813.2166137695312, 811.2355346679688, 1328.5440673828125, 1288.961181640625], [8.31725788116455, 812.1494140625, 812.0740356445312, 1289.667724609375], [121.82666778564453, 1300.2200927734375, 1324.5694580078125, 1665.2626953125], [125.2060775756836, 1685.38037109375, 1320.612548828125, 2107.1865234375], [526, 1543, 591, 1584]], "labels": [0, 0, 0, 0, 1, 1, 1, 1, 1, 1, 1, 1, 1, 1, 1, 1, 1, 2, 2, 2, 2, 2, 3], "image_id": 442}, "character_clusters": [0, 1, 1, 1], "text_char_matches": [[0, 2], [1, 2], [2, 0], [3, 0], [4, 1], [5, 1], [6, 1], [7, 3], [8, 3], [9, 3], [10, 3], [11, 3], [12, 3]], "text_tail_matches": [[8, 0], [9, 0]], "text_classification": [1, 1, 1, 1, 1, 1, 1, 1, 1, 1, 1, 1, 1], "character_names": ["Gorou Amamiya", "Ai Hoshino", "Ai Hoshino", "Ai Hoshino"]}