{"bbox_annotations": {"bboxes_as_x1y1x2y2": [[705.6221313476562, 1252.0047607421875, 1474.348876953125, 2097.349365234375], [522.7974853515625, 63.345001220703125, 1064.33544921875, 818.8467102050781], [476.05224609375, 857.0718383789062, 1303.5098876953125, 1200.86328125], [133.7017364501953, 1451.3052978515625, 529.0259552001953, 2094.666748046875], [331.9871520996094, 1666.8837890625, 676.9008178710938, 2097.06787109375], [1022.1775512695312, 250.45037841796875, 1258.322509765625, 439.3111877441406], [349.52508544921875, 382.9815979003906, 518.2828369140625, 498.5361022949219], [1099.1026611328125, 949.3172607421875, 1246.92333984375, 1075.4395751953125], [464.4248352050781, 925.7185668945312, 593.3277587890625, 1081.76806640625], [235.91134643554688, 990.0659790039062, 390.0334777832031, 1087.4725341796875], [1151.870849609375, 1425.80078125, 1276.6077880859375, 1484.4676513671875], [703.9315795898438, 1344.9630126953125, 897.0699462890625, 1642.565185546875], [703.1397849462365, 2011.4695340501794, 794.0931899641577, 2063.9426523297493], [477.782958984375, 1352.19189453125, 594.6122436523438, 1525.5233154296875], [234.50889587402344, 1450.0071684587815, 437.27598566308245, 1659.7066650390627], [129.3100128173828, -0.6542935967445374, 1461.711181640625, 826.1290283203125], [125.01383972167969, 847.5658569335938, 1337.748779296875, 1212.2061767578125], [693.8907470703125, 1230.8480224609375, 1463.0120849609375, 2097.978759765625], [131.79043579101562, 1230.6805419921875, 683.8065185546875, 2092.14501953125], [1110, 1137, 1165, 1186], [353, 1146, 416, 1191], [791, 1735, 879, 1801], [1205, 1601, 1269, 1679], [554, 1100, 597, 1148]], "labels": [0, 0, 0, 0, 0, 1, 1, 1, 1, 1, 1, 1, 1, 1, 1, 2, 2, 2, 2, 3, 3, 3, 3, 3], "image_id": 441}, "character_clusters": [0, 0, 1, 0, 1], "text_char_matches": [[0, 1], [1, 1], [2, 2], [3, 2], [4, 2], [6, 0], [5, 0], [8, 3], [9, 3]], "text_tail_matches": [[2, 0], [3, 4], [4, 1], [5, 3], [6, 2]], "text_classification": [1, 1, 1, 1, 1, 1, 1, 0, 1, 1], "character_names": ["Ai Hoshino", "Ai Hoshino", "Gorou Amamiya", "Ai Hoshino", "Gorou Amamiya"]}