{"bbox_annotations": {"bboxes_as_x1y1x2y2": [[560.7241821289062, 1304.906494140625, 1054.4056396484375, 1883.7849462365593], [1000.4874551971327, 157.84640502929688, 1328.383056640625, 646.528564453125], [373.4531555175781, 1003.9856630824373, 637.669189453125, 1208.63082437276], [132.36947631835938, 164.34718322753906, 371.4508056640625, 649.9701080322266], [784.021484375, 690.36865234375, 1325.867919921875, 1212.1259765625], [150.42293906810036, 1322.046142578125, 579.8650665283203, 1903.025089605735], [594.9442749023438, 272.86021505376345, 967.87890625, 647.1807250976562], [134.3482208251953, 967.4276733398438, 472.2580645161291, 1205.7138671875], [762.6093189964158, 166.16487455197134, 937.5091443352376, 407.54121863799287], [401.3497314453125, 750.74267578125, 544.628173828125, 1026.9036865234375], [1063.1429443359375, 1568.62060546875, 1333.60693359375, 2093.12890625], [465.2616487455197, 157.4193548387097, 762.6093189964158, 416.2867383512545], [1150.4739990234375, 297.0032958984375, 1272.7757568359375, 525.2135009765625], [930.1387939453125, 275.3751220703125, 1070.844970703125, 447.2873840332031], [469.2595520019531, 366.6524658203125, 580.1497802734375, 491.0072326660156], [270.3973693847656, 367.8525085449219, 409.8468322753906, 580.7296142578125], [1200.587158203125, 805.3890380859375, 1310.1636962890625, 886.6797485351562], [678.4291381835938, 776.0333862304688, 870.6770629882812, 974.3977661132812], [519.0887451171875, 791.1838989257812, 634.1043090820312, 825.5718994140625], [161.2301483154297, 731.1485595703125, 321.18145751953125, 932.0519409179688], [1082.0855712890625, 1300.2586669921875, 1318.7735595703125, 1557.0396728515625], [876.1896362304688, 1468.2972412109375, 1059.3046875, 1608.878662109375], [128.9198760986328, 150.2481689453125, 1334.1448974609375, 659.3721313476562], [663.7470092773438, 680.5711669921875, 1338.2568359375, 1225.1121826171875], [127.8625717163086, 682.9603271484375, 648.9259643554688, 1221.468017578125], [126.29811096191406, 1239.1094970703125, 1335.7386474609375, 2099.185791015625], [823, 1053, 882, 1104]], "labels": [0, 0, 0, 0, 0, 0, 0, 0, 0, 0, 0, 0, 1, 1, 1, 1, 1, 1, 1, 1, 1, 1, 2, 2, 2, 2, 3], "image_id": 421}, "character_clusters": [0, 1, 2, 3, 2, 2, 2, 0, 4, 5, 5, 6], "text_char_matches": [[5, 4], [4, 4], [0, 6], [1, 6], [2, 6], [3, 6], [6, 9], [7, 9], [8, 10], [9, 10]], "text_tail_matches": [[5, 0]], "text_classification": [1, 1, 1, 1, 1, 1, 1, 1, 1, 1], "character_names": ["none", "none", "Gorou Amamiya", "none", "Gorou Amamiya", "Gorou Amamiya", "Gorou Amamiya", "none", "none", "Nurse", "Nurse", "none"]}