{"bbox_annotations": {"bboxes_as_x1y1x2y2": [[283.6642150878906, 1033.5810546875, 531.6181640625, 1321.469482421875], [-7.730513572692871, 1324.036865234375, 766.5955972671509, 2096.130859375], [785.4026489257812, 729.3763440860215, 1329.5155029296875, 2089.7012329101562], [399.1688537597656, 639.6531982421875, 713.2259521484375, 944.7999877929688], [1055.4630126953125, 227.65646362304688, 1210.472412109375, 504.28118896484375], [848.31541218638, 297.99993896484375, 1021.1493530273438, 382.3814392089844], [826.32421875, 862.3045043945312, 951.4557495117188, 1013.8231201171875], [573.012939453125, 230.88172043010755, 753.3098754882812, 418.6362609863281], [465.94024658203125, 427.5016784667969, 571.5170288085938, 495.8306579589844], [208.20489501953125, 184.0961456298828, 383.898681640625, 403.4737854003906], [540.6884765625, 1321.1029052734375, 709.6875, 1659.90966796875], [154.85464477539062, 1569.48974609375, 245.5966033935547, 1613.2423095703125], [771.2574462890625, -0.7106512784957886, 1323.0810546875, 2098.58447265625], [129.0353546142578, 141.7943572998047, 768.0978393554688, 951.504638671875], [123.87826538085938, 980.0126953125, 765.3860473632812, 1356.8192138671875], [1.9735865592956543, 1309.17236328125, 761.3450927734375, 2091.5810546875], [464, 587, 525, 663]], "labels": [0, 0, 0, 0, 1, 1, 1, 1, 1, 1, 1, 1, 2, 2, 2, 2, 3], "image_id": 420}, "character_clusters": [0, 0, 1, 1], "text_char_matches": [[0, 2], [3, 3], [4, 3]], "text_tail_matches": [[3, 0], [4, 0]], "text_classification": [1, 1, 1, 1, 1, 1, 1, 1], "character_names": ["Ai Hoshino", "Ai Hoshino", "Gorou Amamiya", "Gorou Amamiya"]}