{"bbox_annotations": {"bboxes_as_x1y1x2y2": [[564.90283203125, 1439.9737548828125, 871.3748168945312, 2088.587158203125], [0, 594.400390625, 1103.6812438964844, 1232.8372802734375], [127.68458781362008, 1607.426523297491, 566.7671508789062, 2099.22021484375], [124.18637992831542, -1.7491039426523298, 463.9148983152109, 553.210948547582], [123.65994262695312, 1467.4982078853047, 268.7344665527344, 1689.4417724609375], [409.4770202636719, 147.32212829589844, 708.6282958984375, 556.6855926513672], [792.1431884765625, 113.62005615234375, 961.5775756835938, 550.9435424804688], [508.98924731182797, 1425.5197132616488, 659.4121863799284, 1876.7885304659499], [1093.9644775390625, 201.1691131591797, 1251.17578125, 345.5166015625], [928.6646728515625, 298.9805908203125, 1099.3482666015625, 404.0853271484375], [771.3548387096774, 166.16487455197134, 814.8013916015625, 206.99903869628906], [171.32785034179688, 397.728759765625, 279.9339294433594, 434.5923767089844], [1007.7816162109375, 797.174072265625, 1190.685791015625, 927.1509399414062], [230.61952209472656, 720.9910888671875, 385.80462646484375, 831.101806640625], [106.28947448730469, 985.1106567382812, 296.12353515625, 1172.19384765625], [1069.70654296875, 2064.391357421875, 1299.8062744140625, 2093.63134765625], [727.1021728515625, -0.0787004828453064, 1319.336669921875, 564.4488525390625], [126.62732696533203, 1.3371258974075317, 723.25927734375, 560.4153442382812], [-2.4975028038024902, 586.4766845703125, 1314.106689453125, 1234.2711181640625], [834.4334716796875, 1403.0567626953125, 1319.49755859375, 2096.570556640625], [519.7222900390625, 1404.4197998046875, 883.4713745117188, 2088.630859375], [128.18788146972656, 1396.59375, 578.6234130859375, 2090.2548828125], [1032, 1049, 1138, 1131], [1077, 451, 1175, 511]], "labels": [0, 0, 0, 0, 0, 0, 0, 0, 1, 1, 1, 1, 1, 1, 1, 1, 2, 2, 2, 2, 2, 2, 3, 3], "image_id": 434}, "character_clusters": [0, 0, 0, 1, 2, 0, 3, 2], "text_char_matches": [[0, 3], [1, 3], [3, 5], [4, 1], [5, 6], [6, 6], [2, 6]], "text_tail_matches": [[0, 1], [1, 1], [4, 0]], "text_classification": [1, 1, 1, 1, 1, 1, 1, 0], "character_names": ["Ai Hoshino", "Ai Hoshino", "Ai Hoshino", "Ichigo Saitou", "none", "Ai Hoshino", "Gorou Amamiya", "none"]}