{"bbox_annotations": {"bboxes_as_x1y1x2y2": [[165.4666290283203, 196.5845489501953, 845.8049468994141, 925.4912261962891], [760.0255126953125, 1601.4815673828125, 1133.4193548387098, 1952.9178466796875], [193.30516052246094, 1704.226806640625, 534.6690521240234, 2093.803466796875], [497.6590881347656, 1712.0189208984375, 746.1002807617188, 2102.908203125], [1212.7967529296875, 1712.6058349609375, 1304.831541218638, 1946.7526881720432], [1154.58544921875, 611.357666015625, 1318.3787841796875, 926.0064086914062], [879.947509765625, 433.0659484863281, 1245.7611083984375, 928.5241088867188], [634.1636962890625, 1108.15673828125, 1137.7685546875, 1394.0358422939069], [1179.1104736328125, 259.5116882324219, 1324.4969482421875, 384.8061828613281], [921.7476196289062, 225.19117736816406, 1114.31689453125, 469.8034362792969], [634.0761108398438, 94.5623550415039, 847.145263671875, 207.638427734375], [161.85090216086328, 97.20255200239065, 460.0143369175627, 387.16934887739063], [1139.0667724609375, 1146.687255859375, 1305.3494873046875, 1284.995361328125], [841.9546066885781, 1099.7122828986055, 984.7455197132617, 1187.683840515793], [643.6702508960574, 1065.938720703125, 714.0018920898438, 1108.8223876953125], [248.5303192138672, 1100.5059814453125, 482.4475402832031, 1327.2109375], [1066.4425048828125, 1585.1602783203125, 1231.4439697265625, 1743.579833984375], [839.41162109375, 1521.720430107527, 917.917724609375, 1568.4914550781248], [638.7943725585938, 1525.2186379928316, 723.3543701171875, 1602.4151611328125], [483.94720458984375, 1602.179211469534, 635.7523803710938, 1709.1035156249998], [230.35179138183594, 1553.2043010752689, 373.2652893066406, 1717.8707275390623], [876.607666015625, 147.0284881591797, 1335.1368408203125, 935.2186889648438], [138.98992919921875, -3.727586507797241, 858.362060546875, 934.1942138671875], [130.4239044189453, 958.2755126953125, 1339.278564453125, 1415.096923828125], [756.3351440429688, 1440.59619140625, 1336.2781982421875, 1965.8453369140625], [131.52069091796875, 1429.94677734375, 743.2344360351562, 2083.0166015625], [457, 1760, 529, 1816], [862, 1665, 901, 1733]], "labels": [0, 0, 0, 0, 0, 0, 0, 0, 1, 1, 1, 1, 1, 1, 1, 1, 1, 1, 1, 1, 1, 2, 2, 2, 2, 2, 3, 3], "image_id": 433}, "character_clusters": [0, 1, 1, 2, 0, 2, 0, 0], "text_char_matches": [[0, 6], [1, 6], [2, 0], [3, 0], [4, 7], [7, 7], [8, 7], [11, 2], [10, 2], [9, 1], [12, 7]], "text_tail_matches": [[9, 1], [10, 0], [11, 0]], "text_classification": [1, 1, 1, 1, 1, 0, 0, 1, 1, 1, 1, 1, 1], "character_names": ["Gorou Amamiya", "Ichigo Saitou", "Ichigo Saitou", "Ai Hoshino", "Gorou Amamiya", "Ai Hoshino", "Gorou Amamiya", "Gorou Amamiya"]}