{"bbox_annotations": {"bboxes_as_x1y1x2y2": [[1041.2181396484375, 1665.146953405018, 1300.998046875, 1946.7783203124998], [787.0967741935484, 1698.3799283154124, 1020.2412109375, 1949.9985351562502], [261.4643859863281, 157.3981475830078, 683.2523193359375, 755.6089630126953], [474.82440185546875, 796.1629028320312, 1018.7232666015625, 1255.9453125], [937.9202880859375, 162.99095153808594, 1323.9681396484375, 759.0611419677734], [199.5635223388672, 613.9969482421875, 278.1982727050781, 752.1318969726562], [121.89215850830078, 1425.5197132616488, 434.86454010009766, 2093.77197265625], [1034.0826416015625, 149.7769012451172, 1209.273681640625, 390.84320068359375], [845.1854248046875, 202.89605734767025, 987.5037841796875, 387.45971679687494], [705.6878051757812, 418.03584229390685, 875.030029296875, 550.2661743164062], [519.1585083007812, 209.09214782714844, 675.3204345703125, 451.8807067871094], [129.4336917562724, 523.0476684570312, 233.62521362304688, 560.7760620117188], [1012.0828247070312, 895.5412186379929, 1208.8629150390625, 1063.5250244140625], [302.16363525390625, 876.3010752688173, 472.4151306152344, 1016.2689208984376], [119.56324768066406, 977.5972290039062, 319.826904296875, 1148.827880859375], [1100.078369140625, 1364.3010752688172, 1310.107421875, 1556.940185546875], [872.3248901367188, 1387.0394265232976, 1085.283935546875, 1638.0054931640625], [682.9274291992188, 1460.5017921146955, 798.940185546875, 1530.4659498207886], [633.810546875, 1628.415770609319, 824.7966918945312, 1866.7432861328125], [324.5846252441406, 1419.8153076171875, 510.3552551269531, 1637.942138671875], [706.8771362304688, 0.6770431995391846, 1321.5076904296875, 764.6893920898438], [122.58560180664062, 148.27633666992188, 700.714599609375, 762.7822875976562], [70.93419647216797, 785.4083862304688, 1323.519287109375, 1269.174560546875], [632.8274536132812, 1289.78564453125, 1322.338134765625, 1957.64892578125], [124.4619369506836, 1285.8338623046875, 610.866943359375, 2096.404296875], [212, 588, 258, 631], [949, 1099, 1010, 1142], [1203, 1609, 1251, 1687], [461, 1678, 532, 1750], [451, 424, 528, 465], [811, 1852, 868, 1896]], "labels": [0, 0, 0, 0, 0, 0, 0, 1, 1, 1, 1, 1, 1, 1, 1, 1, 1, 1, 1, 1, 2, 2, 2, 2, 2, 3, 3, 3, 3, 3, 3], "image_id": 428}, "character_clusters": [0, 1, 1, 0, 1, 0, 1], "text_char_matches": [[0, 4], [1, 4], [2, 4], [3, 2], [4, 5], [5, 3], [6, 2], [7, 2], [8, 0], [9, 0], [11, 1], [10, 1], [12, 0]], "text_tail_matches": [[0, 4], [1, 4], [2, 4], [3, 4], [4, 0], [5, 1], [8, 2], [9, 2], [10, 5], [11, 5], [12, 3]], "text_classification": [1, 1, 1, 1, 1, 1, 1, 1, 1, 1, 1, 1, 1], "character_names": ["Nurse", "Gorou Amamiya", "Gorou Amamiya", "Nurse", "Gorou Amamiya", "Nurse", "Gorou Amamiya"]}