{"bbox_annotations": {"bboxes_as_x1y1x2y2": [[984.4854125976562, 104.03972625732422, 1321.35498046875, 1071.4008712768555], [487.7825012207031, 1147.9005126953125, 642.8914794921875, 1386.86865234375], [421.9930725097656, 54.952056884765625, 971.8506164550781, 1070.6147766113281], [483.68377685546875, 1430.3072509765625, 1145.3936767578125, 2087.55322265625], [372.5807189941406, 1155.5814208984375, 513.983154296875, 1366.51123046875], [944.516129032258, 578.3594360351562, 1138.47412109375, 916.774658203125], [-15.6197075378083, 7.513734260340318, 408.44752268680105, 1072.5199598462777], [808.0276489257812, 336.0274658203125, 1121.8162841796875, 444.39300537109375], [144.08567810058594, 839.5698924731183, 430.48631286621094, 920.9496459960939], [888.5448028673835, 1189.1785888671875, 1121.8651123046875, 1428.4285888671875], [600.861572265625, 1149.1612903225807, 734.6187744140625, 1305.02392578125], [169.20411682128906, 1649.405017921147, 458.41371154785156, 1814.1481933593745], [831.404296875, -2.5569052696228027, 1320.5137939453125, 1076.4393310546875], [424.0321044921875, 1.9493311643600464, 972.4816284179688, 1070.1876220703125], [-1.7578550577163696, -9.30781078338623, 428.36138916015625, 1082.508544921875], [124.19005584716797, 1143.2786865234375, 1319.6390380859375, 1489.0167236328125], [132.79222106933594, 1362.5550537109375, 1316.6146240234375, 2093.56494140625]], "labels": [0, 0, 0, 0, 0, 0, 0, 1, 1, 1, 1, 1, 2, 2, 2, 2, 2], "image_id": 454}, "character_clusters": [0, 1, 2, 3, 4, 2, 2], "text_char_matches": [[0, 2], [1, 6], [2, 3], [4, 3]], "text_tail_matches": [], "text_classification": [1, 1, 1, 0, 1], "character_names": ["Ryosuke Kaihara", "none", "Gorou Amamiya", "Sarina Tendouji", "none", "Gorou Amamiya", "Gorou Amamiya"]}