{"bbox_annotations": {"bboxes_as_x1y1x2y2": [[682.3952026367188, 274.60931899641577, 1482.5897216796875, 2077.405059814453], [258.4444580078125, 1755.1220703125, 602.8579711914062, 2099.796630859375], [130.8323516845703, 128.83297729492188, 693.6547393798828, 1342.0241394042969], [512.6971435546875, 1443.494873046875, 799.9929809570312, 2099.411376953125], [1082.056884765625, 299.85638427734375, 1289.9488525390625, 455.2115173339844], [830.701416015625, 1305.6302490234375, 1070.7398681640625, 1570.4849853515625], [362.06451612903226, 137.62335205078125, 563.4573364257811, 352.18463134765625], [361.4271240234375, 889.8200073242188, 654.8148803710938, 1099.5382080078125], [221.19921875, 1427.986328125, 477.1520080566406, 1641.63916015625], [594.9259033203125, 6.755661964416504, 1457.7572021484375, 2106.581787109375], [131.1201629638672, -1.5670627355575562, 735.5265502929688, 1347.4066162109375], [133.5555419921875, 1365.9732666015625, 801.60546875, 2096.757080078125]], "labels": [0, 0, 0, 0, 1, 1, 1, 1, 1, 2, 2, 2], "image_id": 443}, "character_clusters": [0, 1, 1, 0], "text_char_matches": [[0, 0], [2, 2], [3, 2], [4, 1]], "text_tail_matches": [], "text_classification": [1, 1, 1, 1, 1], "character_names": ["Ai Hoshino", "Gorou Amamiya", "Gorou Amamiya", "Ai Hoshino"]}