{"bbox_annotations": {"bboxes_as_x1y1x2y2": [[123.46353912353516, 1044.215053763441, 838.6538467407227, 1233.47265625], [439.02508960573476, 358.56630824372763, 570.6553344726562, 613.9354838709678], [127.68458781362008, 1682.6379928315414, 559.7132616487455, 1948.5750732421877], [727.641845703125, 1361.768798828125, 1158.765869140625, 1948.9180908203125], [1113.2449951171875, 1700.1290322580646, 1282.547607421875, 1950.9332275390625], [350.2359313964844, 0, 773.6880493164062, 698.3254146575928], [463.740478515625, 1609.4857177734375, 688.0555419921875, 1952.124755859375], [693.1497192382812, 746.693359375, 1033.590576171875, 1040.6595458984375], [1078.5067138671875, 56.4114875793457, 1282.08203125, 204.20578384399414], [869.3046594982079, 229.64688110351562, 1067.7435302734375, 386.5519713261649], [559.1635131835938, 126.12842559814453, 742.242919921875, 279.0606460571289], [158.77374267578125, 264.7225036621094, 383.87689208984375, 484.4969482421875], [993.8385620117188, 802.8387096774194, 1161.1019287109375, 932.0430908203125], [362.0043029785156, 788.8458781362008, 523.670654296875, 945.9676513671875], [1126.4229390681005, 1121.1756272401435, 1280.462158203125, 1189.3906810035844], [1050.524658203125, 1453.505376344086, 1204.4439697265625, 1523.427001953125], [787.0967741935484, 1450.076904296875, 937.8343505859375, 1519.18994140625], [428.1568603515625, 1388.7078857421875, 576.0972290039062, 1606.1297607421875], [133.03065490722656, 1427.608154296875, 292.6419677734375, 1593.2742919921875], [784.608642578125, 3.108872413635254, 1323.2406005859375, 709.328125], [124.66682434082031, 2.3524715900421143, 773.3269653320312, 708.3117065429688], [117.74685668945312, 735.5244140625, 1328.90380859375, 1061.0377197265625], [122.0001449584961, 1012.3555297851562, 1325.7274169921875, 1241.969482421875], [728.1839599609375, 1321.6329345703125, 1322.5252685546875, 1961.7425537109375], [119.6443099975586, 1316.6273193359375, 711.8836059570312, 1956.840087890625], [519, 1622, 564, 1664], [853, 1575, 901, 1646], [1065, 1594, 1111, 1667]], "labels": [0, 0, 0, 0, 0, 0, 0, 0, 1, 1, 1, 1, 1, 1, 1, 1, 1, 1, 1, 2, 2, 2, 2, 2, 2, 3, 3, 3], "image_id": 438}, "character_clusters": [0, 1, 2, 0, 2, 0, 0, 0], "text_char_matches": [[0, 5], [1, 5], [2, 5], [3, 5], [4, 7], [5, 7], [7, 4], [8, 3], [9, 6], [10, 2]], "text_tail_matches": [[7, 2], [8, 1], [9, 0]], "text_classification": [1, 1, 1, 1, 1, 1, 0, 1, 1, 1, 1], "character_names": ["Gorou Amamiya", "Sarina Tendouji", "Ai Hoshino", "Gorou Amamiya", "Ai Hoshino", "Gorou Amamiya", "Gorou Amamiya", "Gorou Amamiya"]}