{"bbox_annotations": {"bboxes_as_x1y1x2y2": [[995.8855590820312, 196.19725036621094, 1186.552001953125, 352.6074523925781], [465.06597900390625, 198.5313262939453, 689.8798217773438, 316.17694091796875], [817.7767333984375, 749.8311767578125, 994.0225219726562, 863.520751953125], [360.1483459472656, 840.16552734375, 516.6524658203125, 954.3905639648438], [1122.330810546875, 1206.731201171875, 1308.5501708984375, 1324.997802734375], [697.7033081054688, 1172.3427734375, 861.2770385742188, 1293.4830322265625], [363.5739440917969, 1231.140869140625, 547.0800170898438, 1390.460205078125], [1134.8837890625, 1617.1837158203125, 1315.3826904296875, 1776.941650390625], [468.16021728515625, 1586.437275985663, 602.2870483398438, 1715.9954833984373], [189.41983032226562, 1589.4158935546875, 402.4432373046875, 1823.712646484375], [127.2110824584961, -1.111319661140442, 1456.951171875, 658.419677734375], [754.3350219726562, 691.28759765625, 1461.9385986328125, 1112.192138671875], [129.79420471191406, 689.5349731445312, 748.7852783203125, 1117.5806884765625], [124.28682708740234, 1132.0882568359375, 1462.748291015625, 1502.18994140625], [669.4539794921875, 1532.0260009765625, 1461.5537109375, 2097.737548828125], [130.87701416015625, 1530.6573486328125, 659.6155395507812, 2093.63671875]], "labels": [1, 1, 1, 1, 1, 1, 1, 1, 1, 1, 2, 2, 2, 2, 2, 2], "image_id": 451}, "character_clusters": [], "text_char_matches": [], "text_tail_matches": [], "text_classification": [1, 1, 1, 1, 1, 1, 1, 1, 1, 1], "character_names": []}