{"bbox_annotations": {"bboxes_as_x1y1x2y2": [[481.1431579589844, 977.7491039426524, 744.5588989257812, 1390.4066162109375], [134.76144409179688, 927.5794677734375, 406.6729736328125, 1453.505376344086], [283.35483870967744, 1415.0250896057348, 749.6189117431641, 1953.8060302734373], [913.2858276367188, 628.7826538085938, 1127.9244384765625, 881.3704223632812], [247.38629150390625, 630.9590454101562, 639.1976318359375, 887.4226684570312], [780.9541625976562, 930.70361328125, 1469.0509033203125, 2097.1756272401435], [1048.1826171875, 271.3874816894531, 1198.587158203125, 373.0706481933594], [322.4571533203125, 304.0722961425781, 506.0078430175781, 507.50543212890625], [687.2306518554688, 721.5208740234375, 819.2842407226562, 762.42822265625], [1089.18798828125, 1042.5408935546875, 1246.226806640625, 1085.8355712890625], [813.974365234375, 1585.135009765625, 889.1212768554688, 1642.013671875], [588.2191162109375, 983.5494384765625, 734.2781372070312, 1169.9404296875], [323.2460021972656, 1212.1290322580646, 496.8751220703125, 1459.5867919921875], [248.6412811279297, 1526.967741935484, 413.3009948730469, 1767.3286132812502], [160.93743896484375, 0.5559727549552917, 1273.5472412109375, 583.9869995117188], [127.71632385253906, 620.5181884765625, 1333.12841796875, 898.385986328125], [760.790283203125, 920.235595703125, 1459.90869140625, 2094.474609375], [130.57965087890625, 920.10498046875, 741.7378540039062, 1445.8397216796875], [131.21664428710938, 909.4852294921875, 744.7140502929688, 1988.4361572265625], [1168, 1223, 1216, 1311], [743, 1660, 792, 1700], [803, 756, 867, 794], [642, 759, 695, 796]], "labels": [0, 0, 0, 0, 0, 0, 1, 1, 1, 1, 1, 1, 1, 1, 2, 2, 2, 2, 2, 3, 3, 3, 3], "image_id": 435}, "character_clusters": [0, 1, 0, 1, 0, 1], "text_char_matches": [[2, 3], [3, 5], [5, 0], [7, 2], [6, 2], [4, 0]], "text_tail_matches": [[2, 2], [2, 3], [3, 0], [4, 1]], "text_classification": [1, 1, 1, 1, 1, 1, 1, 1], "character_names": ["Ichigo Saitou", "Ai Hoshino", "Ichigo Saitou", "Ai Hoshino", "Ichigo Saitou", "Ai Hoshino"]}