{"bbox_annotations": {"bboxes_as_x1y1x2y2": [[738.5621948242188, 1572.6895751953125, 1176.48828125, 1950.61669921875], [827.3250122070312, 171.1005401611328, 1317.4208984375, 636.9464874267578], [127.68458781362008, 242.0032958984375, 266.35852813720703, 640.45068359375], [235.466064453125, 1115.30908203125, 493.2314147949219, 2110.59423828125], [871.48876953125, 1236.13232421875, 1183.564697265625, 1533.477294921875], [504.3467712402344, 1070.4516129032259, 891.3577880859375, 1536.0423583984375], [441.2037048339844, 328.831541218638, 654.5095825195312, 638.4036865234375], [583.6148681640625, 682.7651977539062, 1011.3832397460938, 1039.00146484375], [1106.8216552734375, 181.01254272460938, 1221.7691650390625, 276.2454528808594], [738.4435424804688, 291.568115234375, 896.7883911132812, 447.92291259765625], [548.2694702148438, 259.9236755371094, 645.3359375, 300.4881896972656], [251.35931396484375, 327.1705322265625, 472.95098876953125, 574.74462890625], [975.15771484375, 725.8781362007169, 1177.86669921875, 971.52392578125], [543.8596801757812, 739.8709677419355, 633.1756272401434, 835.6010131835938], [242.0209197998047, 811.739990234375, 470.8975524902344, 914.8477172851562], [1051.2386474609375, 1124.673835125448, 1202.677490234375, 1282.9788818359373], [693.087158203125, 1154.9505615234375, 776.71728515625, 1198.3031005859375], [500.9581298828125, 1196.8489990234375, 642.0966796875, 1348.34326171875], [1108.070068359375, 1733.3620071684588, 1222.6236559139786, 1782.2431640625], [663.533935546875, 1656.4014336917564, 808.0347900390625, 1762.4716796875], [491.7486572265625, 1761.347670250896, 654.2655639648438, 1906.6939697265625], [156.30740356445312, 1299.584229390681, 355.6184387207031, 1440.082763671875], [671.9634399414062, 146.53176879882812, 1322.5511474609375, 646.133056640625], [122.2732925415039, 149.02328491210938, 658.651611328125, 642.6744384765625], [119.82886505126953, 665.9781494140625, 1328.3934326171875, 1051.313232421875], [491.0799865722656, 1066.841796875, 1325.2833251953125, 1545.95556640625], [481.7832336425781, 1564.3143310546875, 1325.2720947265625, 1961.01513671875], [129.46487426757812, 1061.96435546875, 490.3994445800781, 2090.646240234375], [260, 1539, 311, 1657], [1104, 1340, 1170, 1394], [862, 467, 921, 509], [1118, 1895, 1201, 1953], [950, 984, 1019, 1025], [1143, 313, 1189, 363], [444, 543, 504, 606]], "labels": [0, 0, 0, 0, 0, 0, 0, 0, 1, 1, 1, 1, 1, 1, 1, 1, 1, 1, 1, 1, 1, 1, 2, 2, 2, 2, 2, 2, 3, 3, 3, 3, 3, 3, 3], "image_id": 440}, "character_clusters": [0, 0, 0, 1, 0, 1, 1, 1], "text_char_matches": [[0, 1], [1, 1], [2, 6], [3, 6], [4, 7], [6, 2], [7, 4], [8, 5], [9, 5], [10, 0], [13, 3], [11, 3], [12, 3], [5, 7]], "text_tail_matches": [[0, 5], [1, 2], [3, 6], [4, 4], [7, 1], [10, 3], [13, 0]], "text_classification": [1, 1, 1, 1, 1, 1, 1, 1, 1, 1, 1, 1, 1, 1], "character_names": ["Gorou Amamiya", "Gorou Amamiya", "Gorou Amamiya", "Ai Hoshino", "Gorou Amamiya", "Ai Hoshino", "Ai Hoshino", "Ai Hoshino"]}