{"bbox_annotations": {"bboxes_as_x1y1x2y2": [[645.5808715820312, 1261.9375, 1331.465576171875, 2098.498779296875], [148.18771362304688, 1722.389404296875, 555.1405639648438, 2098.021484375], [848.3091430664062, 216.88888888888889, 1035.4853515625, 547.7895660400391], [442.5381164550781, 1588.1863799283155, 629.1077270507812, 2092.0737304687505], [746.56494140625, 578.7957153320312, 1118.39306640625, 970.9412841796875], [355.62493896484375, 622.7327880859375, 623.34765625, 973.825927734375], [462.6602783203125, 163.91058349609375, 942.7670250896058, 543.6256103515625], [1201.5350341796875, 205.25335693359375, 1406.8404541015625, 448.88934326171875], [1026.7554931640625, 317.7131652832031, 1186.19677734375, 471.9722900390625], [318.0586853027344, 246.6236559139785, 491.5418701171875, 432.4467468261719], [1112.0792236328125, 778.3512544802868, 1292.330322265625, 823.9807128906251], [619.6004028320312, 781.8494623655914, 780.1484375, 852.654052734375], [225.63440860215056, 808.0860215053764, 371.5790542000938, 933.9462280273438], [1088.350341796875, 1182.745361328125, 1290.0322265625, 1416.028564453125], [375.8175048828125, 1152.6594982078855, 591.0928955078125, 1318.98388671875], [269.4329528808594, 1371.719970703125, 380.5464782714844, 1412.1986083984375], [211.61273193359375, 1503.6907958984375, 354.9640808105469, 1705.233642578125], [236.62811279296875, 163.85223388671875, 1451.044189453125, 551.513671875], [135.40150451660156, 579.1904296875, 1330.1309814453125, 985.9742431640625], [629.8673706054688, 1013.3804321289062, 1331.142333984375, 2098.45947265625], [133.6774139404297, 1016.7144165039062, 629.5919189453125, 2096.406982421875], [1158, 1478, 1223, 1544], [467, 446, 530, 490], [1049, 821, 1099, 859], [344, 1670, 392, 1707], [515, 1405, 555, 1476], [377, 902, 417, 939], [769, 888, 813, 923]], "labels": [0, 0, 0, 0, 0, 0, 0, 1, 1, 1, 1, 1, 1, 1, 1, 1, 1, 2, 2, 2, 2, 3, 3, 3, 3, 3, 3, 3], "image_id": 425}, "character_clusters": [0, 1, 1, 0, 1, 0, 0], "text_char_matches": [[0, 6], [1, 6], [2, 6], [3, 4], [4, 4], [5, 5], [6, 0], [7, 3], [8, 1], [9, 3]], "text_tail_matches": [[2, 1], [3, 2], [4, 6], [5, 5], [6, 0], [7, 4], [9, 3]], "text_classification": [1, 1, 1, 1, 1, 1, 1, 1, 1, 1], "character_names": ["Sarina Tendouji", "Gorou Amamiya", "Gorou Amamiya", "Sarina Tendouji", "Gorou Amamiya", "Sarina Tendouji", "Sarina Tendouji"]}