{"bbox_annotations": {"bboxes_as_x1y1x2y2": [[1011.5514526367188, 218.63799283154123, 1334.108154296875, 887.12109375], [336.1748962402344, 0, 543.1001586914062, 877.0250511169434], [199.44241333007812, 703.1397849462365, 1297.3724670410156, 2091.3452758789062], [589.2842407226562, 328.9327697753906, 902.5376344086022, 783.656494140625], [864.0573476702509, 258.8673835125448, 1035.6887686124412, 790.594982078853], [524.7311827956989, 484.5017921146954, 626.179211469534, 776.6021505376344], [1217.2890625, 268.24932861328125, 1301.728515625, 359.1109313964844], [673.405017921147, 554.4659498207885, 771.3548387096774, 634.9247311827957], [224.96005249023438, 362.3388366699219, 331.6828918457031, 495.7533264160156], [1182.3118896484375, 997.1917724609375, 1296.7713623046875, 1093.43505859375], [215.78712463378906, 1322.8809814453125, 417.91748046875, 1511.5067138671875], [974.215087890625, 4.364637851715088, 1339.103515625, 889.7355346679688], [529.70556640625, 3.2527236938476562, 1016.417236328125, 857.9800415039062], [127.01838684082031, 7.622462272644043, 559.8164672851562, 891.3560180664062], [-1.776245355606079, -5.463221549987793, 1459.695556640625, 2094.318115234375], [336, 392, 381, 439]], "labels": [0, 0, 0, 0, 0, 0, 1, 1, 1, 1, 1, 2, 2, 2, 2, 3], "image_id": 419}, "character_clusters": [0, 1, 2, 3, 4, 5], "text_char_matches": [], "text_tail_matches": [], "text_classification": [1, 1, 1, 1, 1], "character_names": ["Meimei", "none", "Ai Hoshino", "none", "none", "none"]}