{"bbox_annotations": {"bboxes_as_x1y1x2y2": [[596.985107421875, 483.420654296875, 852.9144287109375, 667.3932495117188], [120.97752380371094, 351.3968505859375, 306.2652587890625, 668.5470581054688], [631.426523297491, 1390.5376344086021, 1097.1622314453125, 1652.27197265625], [217.28514099121094, 182.62034606933594, 473.88059997558594, 664.9074554443359], [490.3238220214844, 710.7996215820312, 1144.2528991699219, 1315.5107421875], [329.23309326171875, 1691.383512544803, 635.9785766601562, 2100.181396484375], [902.5376344086022, 405.73370361328125, 1268.1003584229393, 669.1920166015625], [994.0665283203125, 1.5862977504730225, 1241.5113525390625, 57.58059859275818], [1022.8330078125, 253.30519104003906, 1188.6259765625, 378.90533447265625], [839.95458984375, 173.0591583251953, 967.2093505859375, 290.8046569824219], [844.4103393554688, 368.8017272949219, 962.5602416992188, 481.0035842293907], [620.9375, 232.70960998535156, 823.3793334960938, 448.4146423339844], [839.97607421875, 549.6528930664062, 913.9937744140625, 592.3497924804688], [422.25665283203125, 164.07566833496094, 542.5323486328125, 338.2603759765625], [84.21788024902344, 235.20555114746094, 217.8716278076172, 423.31158447265625], [1021.8216552734375, 828.5968627929688, 1195.8499755859375, 928.8491821289062], [325.3648986816406, 815.18505859375, 538.5255126953125, 1041.802734375], [138.0917205810547, 1058.9786376953125, 287.17413330078125, 1207.6881103515625], [1143.048828125, 1367.799283154122, 1296.6531982421875, 1411.3852539062498], [538.4812622070312, 1498.6083984375, 658.2265625, 1556.7025089605736], [389.0965576171875, 1401.239990234375, 506.66009521484375, 1573.60595703125], [170.49075317382812, 1394.0358422939069, 342.0964050292969, 1536.955078125], [1052.69677734375, 1677.3906810035844, 1214.1650390625, 1824.213623046875], [549.4793701171875, 0.8207067847251892, 1316.14892578125, 685.2861328125], [115.73193359375, -2.42657208442688, 547.1779174804688, 678.9271240234375], [117.49079132080078, 699.1788330078125, 1321.17919921875, 1319.35302734375], [125.53404998779297, 1345.4576416015625, 1318.9615478515625, 1683.0338134765625], [127.0181884765625, 1576.5225830078125, 1319.7664794921875, 2092.3935546875], [443, 354, 498, 418], [486, 1096, 570, 1148], [1050, 1048, 1121, 1103], [187, 419, 243, 472]], "labels": [0, 0, 0, 0, 0, 0, 0, 1, 1, 1, 1, 1, 1, 1, 1, 1, 1, 1, 1, 1, 1, 1, 1, 2, 2, 2, 2, 2, 3, 3, 3, 3], "image_id": 446}, "character_clusters": [0, 0, 1, 1, 0, 0, 2], "text_char_matches": [[1, 6], [4, 6], [6, 3], [7, 1], [8, 4], [9, 4], [5, 0], [2, 6], [10, 3]], "text_tail_matches": [[6, 0], [7, 3], [8, 2], [9, 1]], "text_classification": [0, 1, 1, 1, 1, 1, 1, 1, 1, 1, 1, 1, 0, 1, 1, 1], "character_names": ["Ai Hoshino", "Ai Hoshino", "Ichigo Saitou", "Ichigo Saitou", "Ai Hoshino", "Ai Hoshino", "Gorou Amamiya"]}