{"bbox_annotations": {"bboxes_as_x1y1x2y2": [[1002.70458984375, 1769.25, 1155.047607421875, 1986.0463867187498], [96.62395477294922, 870.89599609375, 642.8539352416992, 1594.09326171875], [1047.9295654296875, 570.340576171875, 1172.5, 782.25], [381.19677734375, 344.78961181640625, 605.9961547851562, 598.9823608398438], [688.8663330078125, 948.353759765625, 862.77001953125, 1315.697021484375], [1069.6165771484375, 402.5, 1280.697998046875, 753.2073974609375], [38.029701232910156, 73.45928192138672, 357.9558792114258, 584.1558151245117], [638.49609375, 449.64215087890625, 741.8052978515625, 660.5654907226562], [875, 87.74311828613281, 1158.4263916015625, 806.75], [258.15777587890625, 1815.4974365234375, 975.4946899414062, 2030.93408203125], [960.6015625, 896.6854248046875, 1274.938720703125, 1590.325439453125], [423.17816162109375, 1645.1717529296875, 740.6883544921875, 1845.282958984375], [33.25, 528.5, 710.5, 824.25], [1063.166748046875, 239.86892700195312, 1158.564208984375, 337.1728820800781], [796.546875, 142.19149780273438, 913.123291015625, 243.82569885253906], [786.5139770507812, 443.02813720703125, 925.7857055664062, 542.330078125], [611.42529296875, 110.88334655761719, 728.9159545898438, 244.663818359375], [377.4272766113281, 148.834228515625, 558.7762451171875, 279.8752746582031], [908.7379150390625, 915.25, 1088.8267822265625, 1083.1033935546873], [875.12451171875, 1265.3773193359375, 953.5134887695312, 1330.947998046875], [706.7550048828125, 1386, 876.75, 1465.3822021484375], [445.36370849609375, 953.75, 655.524169921875, 1061.5711669921875], [95.01211547851562, 1319.5, 282.2664794921875, 1515.5], [1031.5244140625, 1674.75, 1116.5, 1747.2294921875], [791, 1692.25, 990.0321044921875, 1863.617431640625], [84.14579772949219, 1741.25, 268.9438781738281, 1944.8101806640625], [758.486572265625, 62.55567932128906, 1287.8680419921875, 822.6307983398438], [21.982479095458984, 61.51583480834961, 740.6365966796875, 833.7820434570312], [683.4410400390625, 856.6463623046875, 1281.4637451171875, 1593.527587890625], [21.568960189819336, 857.5350341796875, 668.9815063476562, 1597.6326904296875], [19.668506622314453, 1626.56982421875, 1285.56103515625, 2038.0997314453125], [304, 1752, 367, 1794], [734, 1707, 793, 1759], [300, 1450, 357, 1491], [599, 1171, 638, 1234], [287, 169, 376, 222], [855, 1200, 889, 1258]], "labels": [0, 0, 0, 0, 0, 0, 0, 0, 0, 0, 0, 0, 0, 1, 1, 1, 1, 1, 1, 1, 1, 1, 1, 1, 1, 1, 2, 2, 2, 2, 2, 3, 3, 3, 3, 3, 3], "image_id": 667}, "character_clusters": [0, 1, 2, 3, 1, 3, 1, 2, 1, 4, 0, 1, 5], "text_char_matches": [[4, 6], [3, 6], [5, 10], [7, 4], [6, 4], [8, 1], [9, 1], [11, 11], [12, 11], [10, 0], [1, 8], [2, 8]], "text_tail_matches": [[6, 5], [4, 4], [7, 5], [8, 3], [9, 2], [11, 1], [12, 0]], "text_classification": [0, 1, 1, 1, 1, 1, 1, 1, 1, 1, 1, 1, 1], "character_names": ["Kaede Kayano", "Ry\u014dma Terasaka", "Taisei Yoshida", "Takuya Muramatsu", "Ry\u014dma Terasaka", "Takuya Muramatsu", "Ry\u014dma Terasaka", "Taisei Yoshida", "Ry\u014dma Terasaka", "Nagisa Shiota", "Kaede Kayano", "Ry\u014dma Terasaka", "Korosensei"]}