{"bbox_annotations": {"bboxes_as_x1y1x2y2": [[498.75, 1597.75, 976.5, 2031.75], [403.09234619140625, 491.75, 1181.25, 1461.25], [123.845947265625, 1442, 490.0, 2031.75], [989.3236083984375, 1867.1800537109375, 1242.5, 2030.784912109375], [73.5, 0, 784.0, 1078], [738.5, 1163.75, 1398.25, 1940.75], [103.23041534423828, -1.2996375560760498, 1405.5064697265625, 1853.8046875], [118.87396240234375, 1410.1552734375, 1375.844970703125, 2034.43701171875]], "labels": [0, 0, 0, 0, 1, 1, 2, 2], "image_id": 666}, "character_clusters": [0, 1, 2, 3], "text_char_matches": [], "text_tail_matches": [], "text_classification": [0, 0], "character_names": ["Yuma Isogai", "Nagisa Shiota", "none", "none"]}