{"bbox_annotations": {"bboxes_as_x1y1x2y2": [[1010.88330078125, 1759.191650390625, 1220.752197265625, 2017.2315673828125], [302.7904052734375, 1810.6611328125, 448.9559631347656, 2004.9097900390625], [114.72509765625, 1485.75, 318.90692138671875, 1955.4017333984377], [367.5, 1011.5469970703125, 682.6810302734375, 1412.35205078125], [1161.0086669921875, 1913.07177734375, 1234.1392822265625, 2017.672119140625], [708.75, 719.365478515625, 1256.5, 1405.25], [1249.155029296875, 1886.5, 1295.34814453125, 2024.2025146484373], [556.5, 1671.25, 905.9813232421875, 1991.5992431640625], [523.25, 1909.25, 570.5, 1979.25], [941.5, 1932, 1032.5, 2003.75], [885.5, 1937.25, 946.75, 1998.5], [1077.6668701171875, 582.75, 1280.3851318359375, 715.9920043945312], [1092.0509033203125, 908.25, 1284.499267578125, 1094.386962890625], [452.6285705566406, 572.25, 658.1958618164062, 739.0862426757812], [177.48377990722656, 586.25, 389.66375732421875, 816.8013305664062], [175.99639892578125, 945, 286.5242919921875, 1365.1956787109375], [983.7659301757812, 1655.5, 1069.3922119140625, 1775.643310546875], [868, 1780.8077392578125, 979.8475952148436, 1860.63427734375], [508.3604736328125, 1556.92626953125, 690.089599609375, 1722.253173828125], [116.92720031738281, 63.61427307128906, 1292.5377197265625, 472.9156799316406], [704.9793090820312, 503.39617919921875, 1296.2276611328125, 1419.42431640625], [123.56885528564453, 498.0509033203125, 683.5128784179688, 1417.2275390625], [121.62565612792969, 1447.9332275390625, 1296.5250244140625, 2029.5006103515625], [1056, 743, 1105, 795]], "labels": [0, 0, 0, 0, 0, 0, 0, 0, 0, 0, 0, 1, 1, 1, 1, 1, 1, 1, 1, 2, 2, 2, 2, 3], "image_id": 660}, "character_clusters": [0, 1, 2, 3, 0, 4, 5, 6, 7, 8, 9], "text_char_matches": [[0, 5], [1, 5], [2, 5], [3, 5], [7, 5]], "text_tail_matches": [[0, 0], [1, 0]], "text_classification": [1, 1, 1, 1, 1, 1, 1, 1], "character_names": ["Rinka Hayami", "Ryunosuke Chiba", "Yukiko Kanzaki", "none", "Rinka Hayami", "Korosensei", "none", "Taiga Okajima", "none", "none", "none"]}