{"bbox_annotations": {"bboxes_as_x1y1x2y2": [[31.238834381103516, 666.7448120117188, 119.26625442504883, 988.3396606445312], [199.065673828125, 698.25, 340.73431396484375, 976.4672241210939], [231.87173461914062, 1452.5, 672.7301025390625, 1982.91455078125], [452.30615234375, 659.8961181640625, 628.5712890625, 1097.25], [114.22100067138672, 387.63226318359375, 432.4694137573242, 858.416259765625], [584.5, 778.75, 685.8497924804688, 1335.09619140625], [208.08265686035156, 829.5248413085938, 392.075439453125, 1092.0509033203125], [248.5, 1022, 497.0, 1466.5], [1209.25, 77, 1398.25, 544.25], [1198.75, 768.25, 1398.25, 1107.75], [738.2666625976562, 770.5244750976562, 1108.1915283203125, 1154.8743896484375], [1291.5, 1244.25, 1396.5, 1527.75], [379.6257629394531, 878.935791015625, 649.1620483398438, 1209.018798828125], [101.5, 1071, 383.25, 1769.25], [708.3621826171875, -15.847429275512695, 1411.3819580078125, 2070.703369140625], [32.739402770996094, 87.8300552368164, 681.599609375, 1988.6397705078125]], "labels": [0, 0, 0, 0, 0, 0, 0, 0, 1, 1, 1, 1, 1, 1, 2, 2], "image_id": 671}, "character_clusters": [0, 1, 2, 3, 4, 5, 6, 7], "text_char_matches": [], "text_tail_matches": [], "text_classification": [0, 0, 0, 0, 0, 0], "character_names": ["none", "Hinano Kurahashi", "none", "none", "Korosensei", "none", "none", "Yukiko Kanzaki"]}