{"bbox_annotations": {"bboxes_as_x1y1x2y2": [[948.5, 318.5, 1262.7669677734375, 794.58740234375], [27.479162216186523, 1328.214599609375, 179.96243858337402, 1549.2791748046875], [-0.31409263610839844, 1545.25, 548.1273746490479, 2099.377685546875], [949.1099243164062, 847, 1280.7156982421875, 1552.341796875], [84.17273712158203, 1114.7357177734375, 248.91291046142578, 1348.74951171875], [775.25, 439.25, 958.0528564453125, 796.25], [987, 686, 1053.927490234375, 792.8176879882812], [795.845458984375, 605.5, 952.9306640625, 791.8143920898438], [527.018798828125, 1612.431640625, 1013.5970458984375, 2030.897705078125], [35.16231155395508, 79.29647827148438, 443.72868728637695, 791.7814636230469], [279.4779357910156, 952.3423461914062, 638.8572387695312, 1544.6060791015625], [561.75, 159.25, 693.0, 553.0], [1010.6165771484375, 168.82070922851562, 1171.7747802734375, 238.82241821289062], [655.3585205078125, 130.10958862304688, 722.2599487304688, 204.32223510742188], [581.5772094726562, 612.5, 730.0545043945312, 719.6788940429688], [375.10174560546875, 104.10873413085938, 531.9519653320312, 316.6615295410156], [379.7644348144531, 458.44921875, 526.5607299804688, 558.19189453125], [75.09088134765625, 506.1174011230469, 247.8196258544922, 788.6853637695312], [694.58056640625, 943.25, 817.25, 1083.7646484375002], [703.3133544921875, 1287.079833984375, 829.9717407226562, 1450.898193359375], [425.2474365234375, 918.75, 601.0389404296875, 1057.8536376953125], [464.2302551269531, 1195.25, 572.226806640625, 1395.3907470703125], [118.1480712890625, 889.6245727539062, 168.09481811523438, 1031.861083984375], [986.2810668945312, 1639.649658203125, 1057.0, 1904.0], [769.7981567382812, 70.50489807128906, 1279.526611328125, 803.5606689453125], [550.2865600585938, 75.5937728881836, 750.536376953125, 800.7735595703125], [23.424392700195312, 69.89569854736328, 547.6188354492188, 804.1021118164062], [639.8701171875, 835.7957763671875, 1278.3001708984375, 1559.4576416015625], [25.5249080657959, 833.302490234375, 626.5183715820312, 1552.7847900390625], [3.7920594215393066, 1578.707275390625, 1279.23876953125, 2060.482421875], [1079, 343, 1116, 394], [354, 273, 403, 323], [415, 1098, 461, 1153], [138, 432, 176, 482], [854, 1033, 902, 1081], [614, 494, 650, 540], [652, 226, 690, 266], [129, 1041, 161, 1090]], "labels": [0, 0, 0, 0, 0, 0, 0, 0, 0, 0, 0, 0, 1, 1, 1, 1, 1, 1, 1, 1, 1, 1, 1, 1, 2, 2, 2, 2, 2, 2, 3, 3, 3, 3, 3, 3, 3, 3], "image_id": 661}, "character_clusters": [0, 1, 2, 3, 0, 3, 4, 1, 3, 0, 3, 3], "text_char_matches": [[0, 0], [1, 11], [2, 11], [3, 9], [4, 9], [5, 9], [6, 3], [7, 3], [8, 10], [9, 10], [10, 4]], "text_tail_matches": [[0, 0], [1, 6], [2, 5], [3, 1], [4, 1], [5, 3], [6, 4], [7, 4], [8, 2], [9, 2], [10, 7]], "text_classification": [1, 1, 1, 1, 1, 1, 1, 1, 1, 1, 1, 0], "character_names": ["Kaede Kayano", "none", "Nagisa Shiota", "Korosensei", "Kaede Kayano", "Korosensei", "none", "none", "Korosensei", "Kaede Kayano", "Korosensei", "Korosensei"]}