{"bbox_annotations": {"bboxes_as_x1y1x2y2": [[183.75, 437.63677978515625, 1283.988265991211, 1615.25], [247.10804748535156, 1744.4429931640625, 598.5, 2024.0587158203125], [691.1351318359375, 77.2998046875, 968.4286499023438, 383.63995361328125], [437.21380615234375, 1701.64794921875, 639.2603149414062, 1950.1719970703125], [305.3961486816406, 80.16500091552734, 550.55615234375, 388.08724212646484], [551.53857421875, 1748.514404296875, 776.8467407226562, 2025.9326171875], [990.9727172851562, 168.59046936035156, 1153.8978271484375, 308.0], [585.4371948242188, 290.5, 734.0545043945312, 377.638671875], [542.5, 82.25, 681.793701171875, 180.25], [121.17971801757812, 196.01243591308594, 264.1058044433594, 269.9661865234375], [975.0773315429688, 435.96893310546875, 1151.5, 738.5], [703.74365234375, 591.5, 890.0975341796875, 694.17236328125], [56.40888595581055, 446.2997131347656, 243.25, 831.25], [357.2185363769531, 1403.5, 626.7388916015625, 1598.6480712890625], [84.7254867553711, 1274.73681640625, 292.07994842529297, 1373.8099365234375], [989.271728515625, 1756.98388671875, 1198.75, 1861.8458251953125], [776.124267578125, 1790.25, 941.1524047851562, 1991.692626953125], [305.694580078125, 1683.2039794921875, 405.7685546875, 1758.75], [202.8142852783203, 1688.5277099609375, 293.1124267578125, 1762.25], [84.70191192626953, 1858.5, 250.8276138305664, 1949.420654296875], [16.531044006347656, 60.981529235839844, 1253.985107421875, 391.30670166015625], [23.97042465209961, 421.2221984863281, 1280.454833984375, 1621.3258056640625], [34.339778900146484, 1661.205810546875, 1283.956298828125, 2031.6884765625], [824, 1660, 872, 1747]], "labels": [0, 0, 0, 0, 0, 0, 1, 1, 1, 1, 1, 1, 1, 1, 1, 1, 1, 1, 1, 1, 2, 2, 2, 3], "image_id": 669}, "character_clusters": [0, 1, 1, 2, 3, 4], "text_char_matches": [[10, 0], [9, 0], [13, 1], [12, 1], [11, 1]], "text_tail_matches": [[9, 0], [10, 0]], "text_classification": [1, 0, 0, 1, 0, 1, 0, 0, 1, 1, 1, 1, 1, 1], "character_names": ["Korosensei", "Ry\u014dma Terasaka", "Ry\u014dma Terasaka", "Taisei Yoshida", "Nagisa Shiota", "Takuya Muramatsu"]}