{"bbox_annotations": {"bboxes_as_x1y1x2y2": [[1043.6104736328125, 1471.2474365234375, 1323.355712890625, 2035.5980224609375], [135.11544799804688, 1495.5177001953125, 404.4359130859375, 2042.7823486328125], [1267.930419921875, 1529.078369140625, 1398.25, 2040.5], [409.5, 1030.75, 1351.0, 2039.6744384765625], [1156.7705078125, 218.0442657470703, 1300.8587646484375, 362.19720458984375], [1063.841796875, 817.25, 1306.4298095703125, 1014.5256347656249], [317.6741943359375, 484.75, 564.4312133789062, 764.38818359375], [1150.2532958984375, 1228.8848876953125, 1238.1031494140625, 1364.9893798828125], [880.1439208984375, 1254.9833984375, 1124.7606201171875, 1420.4300537109375], [303.3646240234375, 1149.75, 502.4231872558594, 1441.1317138671875], [266.7513122558594, 1767.5, 452.9637756347656, 1971.403564453125], [107.3908920288086, -1.9927024841308594, 1399.5325927734375, 1111.0213623046875], [119.2057876586914, 1116.3946533203125, 1385.272705078125, 2051.8193359375], [520, 1361, 568, 1397], [827, 1343, 877, 1387], [465, 1689, 525, 1764]], "labels": [0, 0, 0, 0, 1, 1, 1, 1, 1, 1, 1, 2, 2, 3, 3, 3], "image_id": 642}, "character_clusters": [0, 1, 2, 3], "text_char_matches": [[3, 3], [4, 3], [5, 3], [6, 3]], "text_tail_matches": [[3, 1], [4, 1], [5, 0], [6, 2]], "text_classification": [1, 1, 1, 1, 1, 1, 1], "character_names": ["Tadaomi Karasuma", "none", "none", "Korosensei"]}