{"bbox_annotations": {"bboxes_as_x1y1x2y2": [[100.48141479492188, 806.9744873046875, 625.4198913574219, 1968.75], [614.9197387695312, 1015, 934.5, 1888.25], [-3.2915499210357666, 1236.9461669921875, 87.45622229576111, 1842.7955322265625], [839.8233642578125, 728, 1403.9111328125, 2035.4208374023438], [118.09215545654297, 1208.3665771484375, 403.0516891479492, 1869.0], [1067.8626708984375, 1148.8018798828125, 1303.30615234375, 1531.2049560546875], [957.3060302734375, 1327.0096435546875, 1251.034423828125, 1878.3214111328125], [759.5, 0, 1398.25, 535.5], [922.66650390625, 434.0534973144531, 1293.7239990234375, 663.9549560546875], [590.7318725585938, 535.5888061523438, 780.4697265625, 691.895263671875], [613.0546875, 954.5525512695312, 786.7854614257812, 1076.828125], [255.0492706298828, 379.7355651855469, 441.88006591796875, 572.0781860351562], [561.75, 1482.25, 1336.168701171875, 2045.75], [-4.387325286865234, 12.09903335571289, 1394.6761474609375, 2111.449951171875]], "labels": [0, 0, 0, 0, 0, 0, 0, 0, 1, 1, 1, 1, 1, 2], "image_id": 633}, "character_clusters": [0, 1, 2, 3, 4, 5, 6, 7], "text_char_matches": [], "text_tail_matches": [], "text_classification": [1, 0, 0, 0, 0], "character_names": ["Rio Nakamura", "Koki Mimura", "none", "none", "none", "none", "Toka Yada", "none"]}