{"bbox_annotations": {"bboxes_as_x1y1x2y2": [[123.64038848876953, 841.75, 1100.4699783325195, 1630.7188720703125], [829.5, 1800.75, 1031.2904052734375, 2025.9078369140625], [336, 0, 1372, 813.75], [1278.8365478515625, 1804.3292236328125, 1371.758056640625, 2026.0303955078125], [269.5, 1774.691162109375, 497.5658264160157, 2025.714599609375], [532.652099609375, 1683.5, 801.5, 2024.81787109375], [1214.0301513671875, 225.26678466796875, 1304.7618408203125, 269.60003662109375], [1090.3690185546875, 505.75, 1258.3052978515625, 645.75], [343.8913879394531, 393.4803161621094, 547.7508544921875, 517.0806274414062], [1142.3216552734375, 965.1373901367188, 1310.0799560546875, 1131.6529541015625], [1126.4156494140625, 1329.6055908203125, 1277.3763427734375, 1497.3192138671875], [331.5724182128906, 780.5, 519.356201171875, 948.0372924804688], [1118.2222900390625, 1774.4188232421875, 1255.8914794921875, 1881.0906982421875], [678.4558715820312, 1712.130615234375, 767.6129760742188, 1750.7354736328125], [228.7789764404297, 1759.0565185546875, 386.6844177246094, 1892.5159912109375], [126.52237701416016, 0.7139056921005249, 1369.975341796875, 820.1631469726562], [119.47882843017578, 814.3568725585938, 1365.934326171875, 1635.853515625], [116.9732666015625, 1667.0208740234375, 1371.392822265625, 2036.0218505859375], [1041, 1528, 1113, 1575], [1138, 216, 1201, 262]], "labels": [0, 0, 0, 0, 0, 0, 1, 1, 1, 1, 1, 1, 1, 1, 1, 2, 2, 2, 3, 3], "image_id": 680}, "character_clusters": [0, 1, 2, 3, 4, 0], "text_char_matches": [[1, 2], [2, 2], [5, 2], [3, 0], [4, 0], [6, 2], [8, 2], [0, 2]], "text_tail_matches": [[0, 1], [1, 1], [4, 0], [3, 0]], "text_classification": [1, 1, 1, 1, 1, 1, 1, 0, 1], "character_names": ["Korosensei", "none", "Nagisa Shiota", "none", "Meg Kataoka", "Korosensei"]}