{"bbox_annotations": {"bboxes_as_x1y1x2y2": [[30.754480361938477, 147, 414.75, 596.75], [854.5498657226562, 1568.613037109375, 1278.064697265625, 2028.53955078125], [36.795005798339844, 1071.962158203125, 411.54671478271484, 1511.6207275390625], [723.17724609375, 1152.79541015625, 908.440673828125, 1506.0477294921875], [72.012451171875, 638.021728515625, 406.7669982910156, 1016.97900390625], [24.091806411743164, 414.75, 110.33588600158691, 596.75], [731.5, 82.25, 1277.5, 1013.25], [641.346923828125, 924.7293090820312, 708.1897583007812, 1028.328369140625], [445.6820983886719, 133.6783905029297, 701.1454467773438, 594.3871917724609], [881.3247680664062, 1274, 1059.926513671875, 1506.32861328125], [390.2252197265625, 892.91748046875, 473.8685607910156, 1018.3389282226562], [981.9578247070312, 830.6669311523438, 1122.5272216796875, 898.6250610351562], [738.5524291992188, 730.5751342773438, 926.687255859375, 1014.0078735351562], [639.2990112304688, 117.86520385742188, 688.122314453125, 151.3837890625], [609.2338256835938, 271.6900939941406, 700.1925048828125, 371.9907531738281], [384.390380859375, 118.03889465332031, 497.1942138671875, 190.4141082763672], [293.0663757324219, 258.09942626953125, 482.29876708984375, 479.0674743652344], [466.8198547363281, 770, 654.1172485351562, 901.6139526367188], [1065.0484619140625, 1097.761474609375, 1134.21044921875, 1162.093505859375], [961.3550415039062, 1108.4676513671875, 1059.511474609375, 1181.8216552734375], [623.3050537109375, 1147.7213134765625, 739.5604248046875, 1219.267822265625], [493.5, 1305.5, 663.25, 1499.134033203125], [725.4805297851562, 1659.5196533203125, 855.1432495117188, 1793.577392578125], [96.05846405029297, 1729, 272.2303695678711, 1870.3088378906252], [729.3172607421875, 66.92682647705078, 1282.6959228515625, 1019.3374633789062], [27.825965881347656, 69.26049041748047, 709.7073364257812, 606.9290161132812], [23.927284240722656, 610.4949340820312, 716.25537109375, 1025.988525390625], [730.9636840820312, 1062.63037109375, 1284.739990234375, 1516.0390625], [19.137954711914062, 1061.7275390625, 762.9363403320312, 1515.2020263671875], [24.26862144470215, 1557.3614501953125, 1275.8453369140625, 2032.0758056640625], [454, 1410, 510, 1451], [341, 101, 396, 149], [996, 1223, 1026, 1268], [627, 422, 673, 479], [961, 695, 997, 745]], "labels": [0, 0, 0, 0, 0, 0, 0, 0, 0, 0, 0, 1, 1, 1, 1, 1, 1, 1, 1, 1, 1, 1, 1, 1, 2, 2, 2, 2, 2, 2, 3, 3, 3, 3, 3], "image_id": 641}, "character_clusters": [0, 1, 2, 1, 1, 3, 0, 4, 5, 2, 6], "text_char_matches": [[3, 8], [5, 0], [4, 0], [0, 6], [1, 6], [6, 4], [8, 9], [7, 9], [9, 2], [10, 2], [11, 1], [12, 1], [2, 8]], "text_tail_matches": [[4, 1], [5, 1], [3, 3], [2, 3], [0, 4], [1, 4], [8, 2], [7, 2], [10, 0], [9, 0]], "text_classification": [1, 1, 1, 1, 1, 1, 1, 1, 1, 1, 1, 1, 1], "character_names": ["Korosensei", "Nagisa Shiota", "Kaede Kayano", "Nagisa Shiota", "Nagisa Shiota", "none", "Korosensei", "none", "Masayoshi Kimura", "Kaede Kayano", "Rinka Hayami"]}