{"bbox_annotations": {"bboxes_as_x1y1x2y2": [[1058.98583984375, 1647.7099609375, 1153.101318359375, 1996.9400634765625], [711.12744140625, 1657.6634521484375, 825.015869140625, 1978.87890625], [867.8261108398438, 209.9078369140625, 1279.25, 729.77783203125], [30.214841842651367, 261.5654602050781, 285.62389945983887, 723.9725952148438], [176.75, 1617.70458984375, 461.27626037597656, 2025.4210205078125], [847.1074829101562, 1419.1756591796875, 1015.9491577148438, 1678.25], [872.1190795898438, 1762.5062255859375, 963.0640869140625, 1998.0638427734375], [205.2620391845703, 87.20266723632812, 970.9585113525391, 726.3572082519531], [33.15940856933594, 784.5101928710938, 405.3686981201172, 1173.406005859375], [798, 227.95982360839844, 922.4866333007812, 269.9264831542969], [279.1328430175781, 207.30776977539062, 441.6615295410156, 307.66986083984375], [436.2577209472656, 828.0232543945312, 486.53509521484375, 862.4432983398438], [351.75, 931.0077514648438, 441.2515563964844, 971.2190551757812], [534.4476318359375, 1387.75, 717.4750366210938, 1558.3038330078125], [509.8945007324219, 1653.75, 677.7872314453125, 1921.782958984375], [363.0434265136719, 1387.083251953125, 457.8194885253906, 1461.9136962890625], [104.9123764038086, 1335.25, 331.1150436401367, 1599.7880859375], [24.882328033447266, 65.39900970458984, 1277.6436767578125, 733.6851806640625], [22.135812759399414, 772.947265625, 1277.6241455078125, 1283.1143798828125], [500.2298278808594, 1316.0823974609375, 1282.0068359375, 2030.649658203125], [15.153071403503418, 1317.902099609375, 477.6557922363281, 2034.0595703125], [200, 1606, 244, 1662], [477, 327, 522, 365], [756, 1454, 803, 1492], [335, 937, 369, 971], [769, 330, 810, 373]], "labels": [0, 0, 0, 0, 0, 0, 0, 0, 0, 1, 1, 1, 1, 1, 1, 1, 1, 2, 2, 2, 2, 3, 3, 3, 3, 3], "image_id": 653}, "character_clusters": [0, 1, 0, 1, 2, 3, 2, 3, 2], "text_char_matches": [[0, 7], [1, 7], [3, 8], [4, 5], [5, 5], [6, 4], [7, 4], [2, 8]], "text_tail_matches": [[0, 4], [1, 1], [3, 3], [2, 3], [4, 2], [7, 0], [5, 2]], "text_classification": [1, 1, 1, 1, 1, 1, 1, 1], "character_names": ["Taisei Yoshida", "Takuya Muramatsu", "Taisei Yoshida", "Takuya Muramatsu", "Nagisa Shiota", "Ry\u014dma Terasaka", "Nagisa Shiota", "Ry\u014dma Terasaka", "Nagisa Shiota"]}