{"bbox_annotations": {"bboxes_as_x1y1x2y2": [[278.8590087890625, 337.75, 413.4425354003906, 669.3352661132812], [289.58673095703125, 863.4572143554688, 498.59027099609375, 1143.3763427734375], [620.1984252929688, 317.1968078613281, 811.1453857421875, 667.0578002929688], [591.16015625, 713.6344604492188, 1211.921142578125, 1155.2451171875], [881.8914184570312, 396.4143981933594, 966.4747924804688, 571.6530151367188], [912.995849609375, 329.38250732421875, 1092.79931640625, 665.3359985351562], [1027.90380859375, 197.75, 1286.0899658203125, 668.5567626953125], [359.6969909667969, 195.04190063476562, 720.1616821289062, 668.876708984375], [726.25, 350, 812.0, 516.25], [162.75, 1195.25, 1277.5, 2030.0], [803.25, 173.79122924804688, 962.3843994140625, 330.8710632324219], [167.2955780029297, 419.98162841796875, 290.66925048828125, 522.6507568359375], [959.6576538085938, 769.0430908203125, 1160.5413818359375, 961.83056640625], [351.9752502441406, 745.8297119140625, 469.0, 890.088134765625], [113.48817443847656, 796.25, 344.06256103515625, 1060.962158203125], [970.9085693359375, 1359.4053955078125, 1172.38818359375, 1542.5096435546875], [155.20562744140625, 1694.6710205078125, 420.43023681640625, 1890.96875], [111.03045654296875, 56.95874786376953, 1284.9765625, 674.264892578125], [109.72293090820312, 707.0953979492188, 1278.2576904296875, 1151.277099609375], [648.5699462890625, 1183.4254150390625, 1278.3348388671875, 2032.4581298828125], [96.6708984375, 1190.131591796875, 629.8790283203125, 2076.428466796875], [455, 857, 516, 902], [895, 875, 944, 925]], "labels": [0, 0, 0, 0, 0, 0, 0, 0, 0, 0, 1, 1, 1, 1, 1, 1, 1, 2, 2, 2, 2, 3, 3], "image_id": 643}, "character_clusters": [0, 1, 2, 3, 4, 5, 6, 7, 8, 1], "text_char_matches": [[1, 7], [0, 7], [2, 3], [3, 3], [4, 3], [5, 3], [6, 3]], "text_tail_matches": [[3, 0], [4, 0], [2, 1]], "text_classification": [1, 1, 1, 1, 1, 1, 1], "character_names": ["Rinka Hayami", "Korosensei", "Tomohito Sugino", "Tadaomi Karasuma", "none", "none", "Kaede Kayano", "Nagisa Shiota", "none", "Korosensei"]}