{"bbox_annotations": {"bboxes_as_x1y1x2y2": [[691.25, 73.5, 1253.0, 318.5], [78.75, 330.75, 507.5, 1226.75], [232.75, 257.25, 381.5, 379.75], [271.25, 190.75, 358.75, 260.75], [150.5, 255.5, 229.25, 379.75], [80.5, 208.25, 143.5, 322.0], [78.75, 278.25, 148.75, 449.75], [521.5, 355.25, 1076.25, 1135.75], [892.5, 661.5, 1368.5, 1226.75], [981.75, 1666, 1100.75, 1881.25], [780.5, 1583.75, 995.75, 1884.75], [710.5, 1674.75, 792.75, 1888.25], [668.5, 1809.5, 808.5, 2014.25], [903, 1835.75, 1071, 2012.5], [1088.5, 1473.5, 1253.0, 2014.25], [1160.083984375, 81.14338684082031, 1247.9947509765625, 181.77467346191406], [1039.935302734375, 159.2418975830078, 1160.10546875, 247.7342529296875], [896.3079833984375, 74.63555145263672, 980.839599609375, 127.75], [417.111572265625, 101.02242279052734, 589.2958374023438, 295.75], [1022.2083740234375, 415.32757568359375, 1191.4180908203125, 606.621337890625], [887.9227905273438, 855.4095458984375, 1009.5988159179688, 943.1234741210938], [610.2063598632812, 913.2512817382812, 886.3802490234375, 1193.7095947265625], [190.41749572753906, 1009.75, 427.41290283203125, 1093.372314453125], [1103.18994140625, 1336.185546875, 1211.3662109375, 1440.924560546875], [852.037841796875, 1344.7969970703125, 1017.8777465820312, 1479.688720703125], [597.06640625, 1379.4378662109375, 777.43408203125, 1605.6710205078125], [369.6644287109375, 1291.5, 475.33447265625, 1463.5045166015625], [252.95388793945312, 1783.8990478515625, 420.43255615234375, 1947.9703369140625], [382.2386779785156, 50.70804977416992, 1243.35302734375, 324.97222900390625], [75.92680358886719, 304.40789794921875, 1381.912353515625, 1251.12255859375], [62.68989562988281, 1270.834228515625, 1254.5181884765625, 2023.7611083984375], [971, 473, 1020, 520], [1176, 1503, 1218, 1570], [589, 88, 654, 144], [975, 106, 1027, 151], [701, 788, 754, 855]], "labels": [0, 0, 0, 0, 0, 0, 0, 0, 0, 0, 0, 0, 0, 0, 0, 1, 1, 1, 1, 1, 1, 1, 1, 1, 1, 1, 1, 1, 2, 2, 2, 3, 3, 3, 3, 3], "image_id": 646}, "character_clusters": [0, 1, 2, 3, 4, 5, 6, 0, 7, 8, 0, 9, 10, 11, 7], "text_char_matches": [[1, 0], [0, 0], [3, 0], [4, 7], [6, 7], [7, 1], [8, 14], [9, 14], [10, 14], [11, 14], [12, 14]], "text_tail_matches": [[1, 3], [0, 3], [3, 2], [4, 0], [6, 4], [8, 1], [9, 1], [10, 1]], "text_classification": [1, 1, 0, 1, 1, 0, 1, 1, 1, 1, 1, 1, 1], "character_names": ["Korosensei", "Nagisa Shiota", "Tomohito Sugino", "none", "Manami Okuda", "none", "none", "Korosensei", "Tadaomi Karasuma", "none", "Korosensei", "none", "none", "none", "Tadaomi Karasuma"]}