{"bbox_annotations": {"bboxes_as_x1y1x2y2": [[122.5, 775.6480712890625, 878.9394989013672, 1747.733154296875], [983.5, 912.3140258789062, 1369.7625732421875, 1510.7586669921875], [377.3740539550781, 1763.567138671875, 711.7764892578125, 1969.3604736328125], [129.5, 133.66427612304688, 635.25, 500.7723388671875], [388.5, 267.75, 617.75, 640.5], [1071, 1188.25, 1365, 1498.0], [1130.5, 449.75, 1191.75, 547.75], [1023.75, 474.25, 1223.25, 740.25], [754.5752563476562, 165.2452850341797, 910.4798583984375, 331.9615783691406], [754.25, 533.75, 938.6091918945312, 700.3976440429688], [1045.6439208984375, 1587.968505859375, 1232.3477783203125, 1726.27197265625], [1005.8688354492188, 1428.4384765625, 1055.4627685546875, 1461.89013671875], [821.2147827148438, 997.772216796875, 927.8448486328125, 1089.405517578125], [766.5, 1405.25, 903.4158935546875, 1564.6898193359375], [669.2509765625, 1645, 738.5, 1727.25], [735, 1758.75, 817.25, 1814.75], [570.4471435546875, 1795.27099609375, 666.0035400390625, 1857.7421875], [952.3048095703125, 74.32220458984375, 1364.2489013671875, 882.1373291015625], [122.23255920410156, 75.50890350341797, 1058.40185546875, 841.990234375], [973.6597290039062, 870.4407348632812, 1364.4073486328125, 1832.5352783203125], [119.80439758300781, 794.64794921875, 987.1721801757812, 1761.227294921875], [127.74633026123047, 1750.37255859375, 1099.4744873046875, 2029.59130859375]], "labels": [0, 0, 0, 0, 0, 0, 0, 0, 1, 1, 1, 1, 1, 1, 1, 1, 1, 2, 2, 2, 2, 2], "image_id": 678}, "character_clusters": [0, 1, 0, 0, 1, 0, 2, 3], "text_char_matches": [[0, 3], [1, 3], [2, 1], [3, 1], [4, 1], [5, 1], [6, 1], [7, 1]], "text_tail_matches": [], "text_classification": [1, 1, 1, 1, 1, 1, 1, 1, 0], "character_names": ["none", "none", "none", "none", "none", "none", "none", "none"]}