{"bbox_annotations": {"bboxes_as_x1y1x2y2": [[990.5, 856.6673583984375, 1362.72802734375, 1571.5], [761.0388793945312, 1632.393798828125, 1358.648681640625, 2026.369140625], [345.9217224121094, 295.3437194824219, 515.300537109375, 791.2689208984375], [1021.4126586914062, 515.3467407226562, 1325.25732421875, 786.4827880859375], [572.25, 510.08831787109375, 891.1312255859375, 790.0755004882812], [122.5, 1625.75, 803.25, 2025.6287841796875], [568.7359008789062, 1032.693603515625, 1316.0, 1571.7562255859375], [150.0059814453125, 193.6177215576172, 374.5, 571.9310760498047], [119.35317993164062, 1051.75, 491.9696350097656, 1571.488037109375], [1174.25, 113.75, 1370.0726318359375, 777.5292739868164], [717.5, 101.5, 936.25, 787.5], [973.7290649414062, 89.99270629882812, 1127.31689453125, 347.2412414550781], [533.07958984375, 98.67426300048828, 709.5678100585938, 330.75], [329.13677978515625, 85.75, 491.81982421875, 334.25], [182.7101593017578, 602.5437622070312, 325.7013854980469, 737.1737670898438], [943.3939208984375, 903, 1075.4864501953125, 1008.0365600585938], [738.5, 964.5911865234375, 906.4522094726562, 1038.4461669921875], [500.9229736328125, 962.5, 676.1024780273438, 1068.5850830078125], [278.2011413574219, 952.8790283203125, 379.6333923339844, 993.9000244140625], [549.3031616210938, 1479.488037109375, 611.1741333007812, 1520.21533203125], [418.6273193359375, 1454.8348388671875, 551.09375, 1497.1363525390625], [1092, 1762.4608154296875, 1216.3964843749998, 1888.547119140625], [707.7142944335938, 1762.25, 869.75, 1939.8713378906248], [244.91903686523438, 1746.5, 481.1681823730469, 1878.8394775390625], [951.7036743164062, 62.40200424194336, 1368.695556640625, 794.9620971679688], [523.95556640625, 68.17755889892578, 938.8749389648438, 799.5732421875], [123.44168090820312, 68.47573852539062, 515.5376586914062, 803.0018920898438], [120.82357025146484, 833.89111328125, 1357.199951171875, 1572.2509765625], [121.42137908935547, 1616.058837890625, 1363.186767578125, 2028.48193359375], [1045, 1048, 1098, 1092], [314, 1099, 355, 1152], [1008, 1681, 1072, 1724], [252, 483, 288, 538], [453, 1641, 728, 1708], [414, 327, 459, 388], [384, 1454, 429, 1501]], "labels": [0, 0, 0, 0, 0, 0, 0, 0, 0, 0, 0, 1, 1, 1, 1, 1, 1, 1, 1, 1, 1, 1, 1, 1, 2, 2, 2, 2, 2, 3, 3, 3, 3, 3, 3, 3], "image_id": 654}, "character_clusters": [0, 0, 1, 2, 2, 1, 1, 0, 1, 3, 3], "text_char_matches": [[2, 2], [3, 7], [4, 0], [5, 0], [6, 0], [7, 8], [9, 8], [8, 8], [10, 1], [12, 1], [0, 2], [1, 2]], "text_tail_matches": [[2, 5], [3, 3], [4, 0], [5, 0], [6, 0], [7, 1], [9, 6], [8, 6], [10, 2], [12, 4]], "text_classification": [1, 1, 1, 1, 1, 1, 1, 1, 1, 1, 1, 0, 1], "character_names": ["Ry\u014dma Terasaka", "Ry\u014dma Terasaka", "Nagisa Shiota", "none", "none", "Nagisa Shiota", "Nagisa Shiota", "Ry\u014dma Terasaka", "Nagisa Shiota", "Korosensei", "Korosensei"]}