{"bbox_annotations": {"bboxes_as_x1y1x2y2": [[989.9634399414062, 1607.392822265625, 1199.278564453125, 2035.55224609375], [113.89273071289062, 1037.75, 456.05609130859375, 1522.1527099609375], [555.6129150390625, 1039.111328125, 1043.7047119140625, 1522.422119140625], [142.38304138183594, 1601.25, 316.75, 2028.1549072265623], [955.5, 364, 1375.570068359375, 1518.720458984375], [463.3204040527344, 1668.7359619140625, 598.5092163085938, 2034.290283203125], [1265.679443359375, 1803.9859619140625, 1372.36669921875, 2030.721923828125], [1194.74365234375, 166.40536499023438, 1314.7593994140625, 238.3962860107422], [939.7454833984375, 148.68655395507812, 1157.0396728515625, 316.75], [1043, 999.25, 1270.028564453125, 1284.7098388671875], [189, 68.25, 738.5, 1169.0], [727.3038330078125, 349.794677734375, 822.2618408203125, 549.1423950195312], [1177.286865234375, 1613.5, 1326.47705078125, 1813.0], [592.2716674804688, 1760.5, 790.6884765625, 2017.75], [209.64523315429688, 1755.25, 399.8466491699219, 1959.754638671875], [860.641357421875, 50.95291519165039, 1379.1571044921875, 1527.0994873046875], [113.3154296875, 14.775538444519043, 1027.0762939453125, 1528.685791015625], [118.73402404785156, 1562.8836669921875, 1377.742431640625, 2041.3863525390625], [297, 1679, 337, 1724], [1093, 371, 1147, 422], [576, 1745, 616, 1783], [1134, 1605, 1181, 1647], [1209, 966, 1255, 1021]], "labels": [0, 0, 0, 0, 0, 0, 0, 1, 1, 1, 1, 1, 1, 1, 1, 2, 2, 2, 3, 3, 3, 3, 3], "image_id": 650}, "character_clusters": [0, 1, 0, 2, 3, 1, 4], "text_char_matches": [[0, 4], [1, 4], [2, 4], [5, 0], [6, 5], [7, 3]], "text_tail_matches": [[1, 1], [0, 1], [2, 4], [5, 3], [6, 2], [7, 0]], "text_classification": [1, 1, 1, 0, 0, 1, 1, 1], "character_names": ["none", "none", "none", "none", "Korosensei", "none", "none"]}