{"bbox_annotations": {"bboxes_as_x1y1x2y2": [[569.9959106445312, 1051.75, 673.75, 1181.25], [408.78607177734375, 980.3538208007812, 460.7640380859375, 1107.193115234375], [29.53278923034668, 1106, 93.92416191101074, 1223.25], [566.5608520507812, 978.0613403320312, 647.0708618164062, 1101.434814453125], [31.5, 922.25, 1258.25, 2026.5966796875], [710.5232543945312, 981.5288696289062, 785.5169677734375, 1102.0889892578125], [407.8951416015625, 981.193603515625, 464.4435729980469, 1109.5899658203125], [455.0341491699219, 972.8068237304688, 536.1661987304688, 1103.2938232421875], [772.9234619140625, 987.3640747070312, 846.1967163085938, 1089.61767578125], [26.793399810791016, 75.71685791015625, 703.5, 585.4413452148438], [557.3225708007812, 1097.951171875, 764.4368896484375, 1380.01513671875], [838.76416015625, 178.02845764160156, 1084.643310546875, 580.2909088134766], [323.94171142578125, 1090.25, 421.75, 1333.064697265625], [303.33856201171875, 981.4672241210938, 360.1593322753906, 1066.1898193359375], [570.5, 1009.75, 668.5, 1090.25], [332.5, 1018.5, 472.5, 1202.25], [1094.9971923828125, 109.64978790283203, 1204.080078125, 323.75], [1072.849609375, 413.39642333984375, 1197.35302734375, 532.40966796875], [727.9151000976562, 157.05368041992188, 843.409912109375, 327.9198303222656], [728.80517578125, 377.3866882324219, 829.5, 523.25], [532.7896728515625, 276.5, 685.7406616210938, 406.6006774902344], [753.569580078125, 717.5, 1005.3640747070312, 856.22998046875], [327.6378479003906, 652.75, 523.3832397460938, 852.25], [124.11590576171875, 747.25, 228.99534606933594, 872.1953124999999], [114.9297866821289, 1118.477294921875, 306.3706741333008, 1283.20166015625], [224, 1466.5, 301, 1505.0], [206.5, 1613.5, 320.25, 1687.0], [120.07305145263672, 1540.05908203125, 216.15321350097656, 1689.1400146484375], [120.75, 1688.75, 262.5, 1734.25], [31.5, 1636.25, 115.5, 1685.25], [721.6709594726562, 66.10591888427734, 1274.05615234375, 589.1450805664062], [20.750808715820312, 66.46992492675781, 711.94384765625, 589.7335205078125], [18.092912673950195, 606.8073120117188, 1267.0284423828125, 2026.31494140625], [1053, 154, 1097, 200], [498, 437, 548, 486], [826, 275, 882, 326], [167, 888, 221, 956], [481, 833, 545, 889]], "labels": [0, 0, 0, 0, 0, 0, 0, 0, 0, 0, 0, 0, 0, 0, 0, 0, 1, 1, 1, 1, 1, 1, 1, 1, 1, 1, 1, 1, 1, 1, 2, 2, 2, 3, 3, 3, 3, 3], "image_id": 681}, "character_clusters": [0, 1, 2, 3, 4, 5, 6, 7, 8, 9, 10, 9, 11, 12, 13, 14], "text_char_matches": [[0, 11], [1, 11], [2, 11], [3, 11], [4, 9]], "text_tail_matches": [[0, 0], [1, 0], [2, 2], [3, 2], [4, 1], [6, 4], [7, 3]], "text_classification": [1, 1, 1, 1, 1, 1, 1, 1, 1, 0, 0, 0, 0, 0], "character_names": ["none", "Taiga Okajima", "none", "none", "Korosensei", "none", "none", "none", "none", "Kaede Kayano", "Tomohito Sugino", "Kaede Kayano", "none", "none", "none", "Koki Mimura"]}