{"bbox_annotations": {"bboxes_as_x1y1x2y2": [[35, 1426.25, 598.474365234375, 2030.291015625], [0, 98, 1279.25, 1424.5], [624.75, 75.25, 1113.0, 557.3412857055664], [705.25, 154, 1081.5, 588], [941.5, 1328.25, 1282.75, 2019.5], [1028.6029052734375, 202.74957275390625, 1166.217041015625, 305.1630554199219], [893.5283203125, 102.14828491210938, 959.5947265625, 275.1000061035156], [558.25, 108.14888000488281, 626.9424438476562, 152.12254333496094], [470.9742431640625, 108.11742401123047, 558.87841796875, 171.5], [105.99091339111328, 863.5676879882812, 248.57892608642578, 1281.0], [773.5, 1440.25, 981.5449829101562, 1531.2816162109375], [568.2745361328125, 1419.25, 727.904541015625, 1560.426025390625], [598.1522216796875, 1791.5455322265625, 765.7350463867188, 1880.1339111328125], [-1.2840747833251953, 66.95330047607422, 1288.9381103515625, 1465.8375244140625], [742.9513549804688, 1253.9271240234375, 1281.0616455078125, 2022.7669677734375], [13.524842262268066, 1365.9644775390625, 792.6858520507812, 2030.3692626953125], [616, 97, 662, 137]], "labels": [0, 0, 0, 0, 0, 1, 1, 1, 1, 1, 1, 1, 1, 2, 2, 2, 3], "image_id": 665}, "character_clusters": [0, 1, 2, 1, 2], "text_char_matches": [[0, 3], [6, 0], [7, 0], [2, 2], [3, 2], [5, 4]], "text_tail_matches": [[2, 0], [3, 0]], "text_classification": [1, 0, 1, 1, 0, 1, 1, 1], "character_names": ["Ry\u014dma Terasaka", "Nagisa Shiota", "Korosensei", "Nagisa Shiota", "Korosensei"]}