{"bbox_annotations": {"bboxes_as_x1y1x2y2": [[690.6630859375, 65.54605102539062, 1378.35302734375, 864.5], [422.87896728515625, 498.807861328125, 486.7507629394531, 654.0567626953125], [116.05210876464844, 234.0142822265625, 346.7067565917969, 629.9088134765625], [341.39166259765625, 465.8744201660156, 436.9239807128906, 654.3895874023438], [1003.7612915039062, 1341.616943359375, 1368.9061279296875, 2022.555419921875], [689.2606811523438, 918.75, 1165.5, 1287.7320556640625], [350.3428039550781, 1412.7060546875, 528.5, 1576.75], [254.2202911376953, 452.84332275390625, 333.60479736328125, 539.2034912109375], [440.46075439453125, 366.56939697265625, 633.0220947265625, 622.3455200195312], [715.071044921875, 217.3827362060547, 900.530029296875, 409.3994140625], [327.750244140625, 104.09672546386719, 596.498046875, 350.0], [357.8622741699219, 428.75, 462.0, 473.39697265625], [142.8931427001953, 632.5392456054688, 401.51319885253906, 795.2804565429688], [446.0248107910156, 684.0814819335938, 620.719970703125, 770.5884399414062], [1116.13671875, 956.6473388671875, 1293.1595458984375, 1215.1097412109375], [585.1530151367188, 965.71044921875, 684.9530639648438, 1011.0857543945312], [601.8612670898438, 1170.75, 694.75, 1261.90771484375], [402.74871826171875, 988.75, 591.5, 1223.3544921875], [186.43099975585938, 1074.5, 329.4310302734375, 1245.21240234375], [825.4603271484375, 1428, 955.0709228515625, 1569.650390625], [845.25, 1814.75, 978.25, 1923.73583984375], [633.5, 1395.1531982421875, 782.2060546875, 1651.92138671875], [557.0330810546875, 1772.75, 719.1005859375, 1915.1372070312498], [275.798583984375, 1447.25, 376.25, 1540.6640625], [305.7685852050781, 1809.5, 444.2857971191406, 1982.8289794921875], [655.8450317382812, 41.71870422363281, 1388.3309326171875, 865.9181518554688], [120.13225555419922, 67.32990264892578, 644.9302368164062, 873.7003784179688], [123.58564758300781, 912.494873046875, 1366.068603515625, 1305.3900146484375], [800.8425903320312, 1333.7271728515625, 1364.2808837890625, 2028.8634033203125], [115.86376190185547, 1328.3800048828125, 790.906982421875, 2033.665283203125], [944, 348, 1026, 409], [945, 1537, 993, 1566], [581, 516, 625, 571]], "labels": [0, 0, 0, 0, 0, 0, 0, 0, 0, 1, 1, 1, 1, 1, 1, 1, 1, 1, 1, 1, 1, 1, 1, 1, 1, 2, 2, 2, 2, 2, 3, 3, 3], "image_id": 648}, "character_clusters": [0, 1, 2, 3, 4, 4, 4, 5, 6], "text_char_matches": [[0, 0], [4, 0], [3, 0], [5, 0], [10, 4], [11, 4], [15, 6], [12, 6], [13, 6], [6, 0], [8, 0]], "text_tail_matches": [[0, 0], [4, 2], [3, 2], [10, 1], [11, 1]], "text_classification": [1, 1, 1, 1, 1, 1, 1, 0, 1, 1, 1, 1, 1, 1, 0, 1], "character_names": ["Tadaomi Karasuma", "none", "Kotaro Takebayashi", "Taiga Okajima", "Korosensei", "Korosensei", "Korosensei", "none", "Toka Yada"]}