{"bbox_annotations": {"bboxes_as_x1y1x2y2": [[315.5481872558594, 967.119384765625, 1120.0, 1389.4183349609375], [103.60731506347656, 236.98402404785156, 214.15280151367188, 541.8153228759766], [368.1165771484375, 510.4529113769531, 937.2418212890625, 966.637451171875], [232.54066467285156, 387.3989562988281, 505.4940948486328, 539.0606079101562], [1045.953125, 487.2864990234375, 1136.6600341796875, 546.2245483398438], [878.513427734375, 422.6497802734375, 1012.3557739257812, 538.5888061523438], [440.5299072265625, 210.21560668945312, 819.8904418945312, 532.1554565429688], [972.4105834960938, 220.9640655517578, 1277.5, 537.2049713134766], [1090.25, 1687, 1277.5, 1897], [964.25, 1867.25, 1195.25, 2030.0], [670.25, 1907.5, 866.25, 2031.75], [413, 1967, 488.25, 2031.75], [269.5, 1986.25, 325.5, 2028.25], [939.75, 1993.25, 981.75, 2028.25], [1060.5, 428.75, 1221.5, 540.75], [1077.5419921875, 103.68232727050781, 1158.708984375, 167.66786193847656], [154.03477478027344, 121.13883972167969, 602.7389373779297, 202.39532470703125], [203.1469268798828, 343.89068603515625, 314.3548583984375, 430.8749084472656], [804.8036499023438, 677.1498413085938, 894.6763305664062, 740.7171630859375], [1023.78466796875, 1153.7159423828125, 1120.181396484375, 1226.956787109375], [503.15570068359375, 1324.75, 574.4107055664062, 1419.25], [143.12979125976562, 1137.723876953125, 300.24908447265625, 1205.6279296875], [293.3299865722656, 1447.229736328125, 938.0, 1578.11767578125], [610.75, 1624, 882.0, 1818.25], [782.25, 1783.25, 960.75, 1958.25], [465.5, 1627.5, 633.5, 1844.5], [267.75, 1653.75, 486.5, 1886.5], [0, 1624, 337.75, 1951.25], [99.91141510009766, 72.33824157714844, 1273.3271484375, 552.2258911132812], [97.19155883789062, 568.697021484375, 1283.4371337890625, 943.309326171875], [106.14086151123047, 963.3231201171875, 1276.8177490234375, 1393.93798828125], [0.8531153202056885, 1405.0283203125, 1280.546142578125, 2037.8568115234375], [576, 1347, 603, 1381]], "labels": [0, 0, 0, 0, 0, 0, 0, 0, 0, 0, 0, 0, 0, 0, 0, 1, 1, 1, 1, 1, 1, 1, 1, 1, 1, 1, 1, 1, 2, 2, 2, 2, 3], "image_id": 635}, "character_clusters": [0, 1, 2, 3, 4, 5, 6, 7, 8, 9, 10, 11, 12, 13, 14], "text_char_matches": [[1, 6], [4, 0], [6, 0]], "text_tail_matches": [[5, 0]], "text_classification": [0, 1, 0, 0, 1, 0, 1, 1, 0, 0, 0, 0, 0], "character_names": ["Nagisa Shiota", "none", "Korosensei", "Toka Yada", "none", "none", "Koki Mimura", "none", "none", "none", "none", "none", "none", "none", "none"]}