{"bbox_annotations": {"bboxes_as_x1y1x2y2": [[1172.5, 1739.3773193359375, 1320.81396484375, 1975.75], [298.3408203125, 1712.3118896484375, 471.7660217285156, 2101.968017578125], [29.88033676147461, 1768, 291.51150131225586, 2098.105712890625], [54.154502868652344, 1293.51904296875, 106.6949462890625, 1557.402587890625], [58.147911071777344, 1690.8526611328125, 172.81016540527344, 1888.366455078125], [1215.8818359375, 909.9265747070312, 1319.7340087890625, 1045.5445556640625], [423.6645812988281, 0, 1319.5, 661.891637802124], [322.2052001953125, 1092.974853515625, 463.7545166015625, 1191.2481689453125], [467.65240478515625, 1092.3426513671875, 556.2738037109375, 1198.3133544921875], [0, 888.554443359375, 1398.25, 2098.25], [885.5109252929688, 904.7102661132812, 997.3297119140625, 1041.25], [921.9199829101562, 1090.25, 1093.75, 1215.2642822265623], [160.3304443359375, 1657.2156982421875, 260.2337646484375, 1773.857177734375], [64.75, 721.9148559570312, 748.8836059570312, 1042.7093505859375], [1200.5, 1811.25, 1282.75, 1944.25], [1104.25, 1816.5, 1176.0, 1961.75], [696.9229736328125, 38.161441802978516, 930.6386108398438, 267.811222076416], [1032.56005859375, 395.5, 1191.5426025390625, 534.2322998046875], [129.049072265625, 0, 438.9013671875, 206.34189701080322], [164.95359802246094, 372.4141845703125, 393.3563537597656, 571.6735229492188], [1039.980712890625, 780.9570922851562, 1199.4168701171875, 978.25], [128.52890014648438, 749, 294.52789306640625, 1009.6685791015625], [1028.6282958984375, 1233.75, 1203.0950927734375, 1405.2801513671877], [148.9557342529297, 1372, 328.1821594238281, 1523.96240234375], [292.25, 1825.25, 313.25, 1897.0], [62.580078125, 0.8705243468284607, 1319.4537353515625, 675.19580078125], [57.063514709472656, 710.066650390625, 1325.8829345703125, 1064.396728515625], [-2.6077449321746826, 652.8844604492188, 1394.4677734375, 2079.734375], [953, 451, 1007, 501], [435, 475, 505, 539]], "labels": [0, 0, 0, 0, 0, 0, 0, 0, 0, 0, 0, 0, 0, 0, 0, 0, 1, 1, 1, 1, 1, 1, 1, 1, 1, 2, 2, 2, 3, 3], "image_id": 673}, "character_clusters": [0, 1, 2, 3, 4, 5, 6, 7, 8, 6, 9, 10, 11, 12, 13, 14], "text_char_matches": [[4, 13], [5, 13], [6, 13], [7, 13], [1, 6], [3, 6]], "text_tail_matches": [[1, 0], [3, 1]], "text_classification": [0, 1, 0, 1, 1, 1, 1, 1, 0], "character_names": ["none", "none", "Ry\u014dma Terasaka", "none", "none", "Meg Kataoka", "Korosensei", "none", "none", "Korosensei", "none", "none", "Hinano Kurahashi", "Nagisa Shiota", "none", "none"]}