{"bbox_annotations": {"bboxes_as_x1y1x2y2": [[433.4102783203125, 492.36297607421875, 612.48388671875, 773.1024780273438], [370.2405700683594, 528.5, 508.56610107421875, 775.7454223632812], [1086.8233642578125, 437.7207336425781, 1279.5181884765625, 782.362060546875], [217.31214904785156, 571.097412109375, 302.8706359863281, 775.25], [103.28632354736328, 436.8550109863281, 260.1525344848633, 780.4663696289062], [520.6057739257812, 424.4386901855469, 818.1558837890625, 771.9786376953125], [1009.75, 835.8601684570312, 1268.7667236328125, 1179.7738037109375], [807.49267578125, 516.1326293945312, 975.5986938476562, 773.4810791015625], [73.5, 768.25, 1275.75, 2023.0], [43.75, 1629.25, 318.1112518310547, 2022.630859375], [185.5, 535.5, 276.5, 784.0], [504, 116.49991607666016, 1257.8028564453125, 183.75], [294, 120.75, 458.5, 225.75], [112, 56, 383.25, 353.5], [984.4796142578125, 377.07318115234375, 1070.8055419921875, 458.4912414550781], [945.3946533203125, 539, 1121.302734375, 711.7186279296875], [685.6366577148438, 328.1899719238281, 894.09375, 476.16558837890625], [477.8835144042969, 367.3771667480469, 562.55908203125, 453.2121276855469], [217.66122436523438, 438.81903076171875, 305.5399475097656, 530.6922607421875], [981.0192260742188, 1096.642578125, 1106.9566650390625, 1153.4466552734375], [975.2421264648438, 1194.2772216796875, 1162.4552001953125, 1296.60791015625], [302.41217041015625, 915.25, 441.20147705078125, 1044.8526611328125], [166.0921173095703, 1193.5, 374.9422912597656, 1367.0888671875], [356.64910888671875, 1923.082275390625, 425.6474304199219, 1970.1131591796875], [262.8878173828125, 1917.9393310546875, 351.693603515625, 1965.852294921875], [108.53453063964844, 78.95235443115234, 1273.773193359375, 368.4525451660156], [104.1829605102539, 378.9394226074219, 1280.5020751953125, 784.9922485351562], [17.12735366821289, 818.420166015625, 1284.601318359375, 2028.476806640625], [465, 1013, 512, 1049], [221, 1934, 261, 1973]], "labels": [0, 0, 0, 0, 0, 0, 0, 0, 0, 0, 0, 1, 1, 1, 1, 1, 1, 1, 1, 1, 1, 1, 1, 1, 1, 2, 2, 2, 3, 3], "image_id": 632}, "character_clusters": [0, 1, 2, 3, 4, 5, 6, 7, 6, 5, 8], "text_char_matches": [[10, 8], [11, 8], [13, 9], [12, 9]], "text_tail_matches": [[10, 0], [11, 0]], "text_classification": [1, 0, 0, 0, 0, 0, 0, 0, 0, 0, 1, 1, 1, 1], "character_names": ["Tomohito Sugino", "none", "Kaede Kayano", "none", "Rio Nakamura", "Nagisa Shiota", "Korosensei", "Yuzuki Fuwa", "Korosensei", "Nagisa Shiota", "Hinano Kurahashi"]}