{"bbox_annotations": {"bboxes_as_x1y1x2y2": [[268.26531982421875, 178.42416381835938, 542.5, 803.3576354980469], [75.13241577148438, 855.6519165039062, 491.78277587890625, 2026.5], [635.25, 864.2333374023438, 820.75, 1104.1260986328125], [940.6652221679688, 308.31561279296875, 1191.7852783203125, 650.7449340820312], [70, 122.6396484375, 280.40360260009766, 560.19384765625], [1023.24072265625, 855.083984375, 1322.947021484375, 1118.550537109375], [664.2998046875, 265.8653259277344, 872.6633911132812, 643.048583984375], [708.8192749023438, 1140.46044921875, 1099.0, 2022.968017578125], [1160.25, 334.25, 1319.5, 647.5], [848.75, 15.75, 1079.75, 374.5], [594.34814453125, 167.94967651367188, 704.5469970703125, 245.0], [951.59912109375, 661.0388793945312, 1100.7884521484375, 824.631591796875], [417.4454650878906, 150.48118591308594, 535.4832153320312, 250.59909057617188], [230.06820678710938, 103.25, 324.2880554199219, 193.67416381835938], [410.96685791015625, 408.0783386230469, 545.0997314453125, 570.5], [108.53496551513672, 559.3060913085938, 264.1268539428711, 784.080322265625], [832.0144653320312, 890.1384887695312, 958.5599365234375, 1088.264892578125], [963.759765625, 987.4331665039062, 1040.5614013671875, 1048.69189453125], [585.5521240234375, 1079.527587890625, 653.8228759765625, 1123.9022216796875], [512.21923828125, 942.0868530273438, 586.637939453125, 982.3465576171875], [541.4368896484375, 1239.606689453125, 683.8812866210938, 1403.3402099609375], [537.537841796875, 1675.62939453125, 777.0, 1954.8001708984375], [272.46209716796875, 920.76025390625, 324.5477294921875, 1039.2354736328125], [557.779052734375, 32.51647186279297, 1327.6009521484375, 800.1971435546875], [70.229248046875, 65.84026336669922, 562.4005126953125, 807.2442626953125], [512.7149658203125, 839.8146362304688, 1327.625, 1128.78857421875], [510.7004699707031, 1131.5361328125, 1330.16064453125, 2024.2547607421875], [70.18241119384766, 830.3201293945312, 495.1487731933594, 2025.7918701171875], [126, 492, 162, 544], [297, 1100, 335, 1159], [799, 1849, 857, 1906], [713, 1305, 770, 1373], [395, 269, 439, 326], [583, 875, 626, 909], [1024, 1033, 1073, 1073], [202, 108, 241, 151]], "labels": [0, 0, 0, 0, 0, 0, 0, 0, 0, 1, 1, 1, 1, 1, 1, 1, 1, 1, 1, 1, 1, 1, 1, 2, 2, 2, 2, 2, 3, 3, 3, 3, 3, 3, 3, 3], "image_id": 657}, "character_clusters": [0, 0, 1, 1, 1, 0, 0, 1, 1], "text_char_matches": [[1, 6], [3, 0], [5, 0], [4, 4], [6, 4], [7, 5], [8, 5], [10, 2], [11, 7], [12, 7], [13, 1]], "text_tail_matches": [[3, 4], [5, 4], [4, 7], [6, 0], [8, 6], [7, 6], [10, 5], [11, 3], [12, 2], [13, 1]], "text_classification": [0, 1, 0, 1, 1, 1, 1, 1, 1, 0, 1, 1, 1, 1], "character_names": ["Nagisa Shiota", "Nagisa Shiota", "Korosensei", "Korosensei", "Korosensei", "Nagisa Shiota", "Nagisa Shiota", "Korosensei", "Korosensei"]}