{"bbox_annotations": {"bboxes_as_x1y1x2y2": [[760.5264282226562, 420.2868957519531, 1355.8935546875, 1314.0746154785156], [881.5612182617188, 1390.3228759765625, 1090.87646484375, 1971.5684814453125], [329.77239990234375, 196.26866149902344, 394.2150573730469, 367.83953857421875], [273, 561.75, 742, 1141.0], [1009.75, 68.9676284790039, 1349.25, 372.96338653564453], [619.4749755859375, 1120.8773193359375, 737.4404296875, 1304.436279296875], [122.5, 619.5, 241.5, 721.0], [423.5, 416.5, 495.25, 540.75], [1053.0775146484375, 81.86011505126953, 1142.23828125, 170.7471160888672], [922.9402465820312, 92.75, 1047.4329833984375, 258.6551208496094], [590.6491088867188, 267.6143493652344, 642.814208984375, 319.2364807128906], [496.9603576660156, 270.2871398925781, 578.4188842773438, 325.9520263671875], [1153.839599609375, 1058.306884765625, 1231.6502685546875, 1101.156982421875], [786.9119262695312, 1081.8604736328125, 932.0986938476562, 1170.2498779296875], [541.9248046875, 548.4920654296875, 670.0293579101562, 618.2656860351562], [246.3307342529297, 1090.4727783203125, 427.6441345214844, 1220.7178955078125], [1143.4932861328125, 1430.2447509765625, 1287.135498046875, 1632.634033203125], [855.7720336914062, 1690.463134765625, 925.8240356445312, 1832.875], [587.767578125, 1706.61572265625, 729.0736083984375, 1778.0499267578125], [254.2779083251953, 1527.4072265625, 444.13934326171875, 1625.1953125], [112.46898651123047, 6.314782619476318, 1354.6954345703125, 375.72613525390625], [758.8892822265625, 413.9742736816406, 1357.769287109375, 1313.5750732421875], [115.83659362792969, 404.2680358886719, 740.1818237304688, 1317.151611328125], [119.28543853759766, 1357.6173095703125, 1357.0447998046875, 2024.243408203125], [1127, 132, 1171, 177], [473, 280, 510, 312]], "labels": [0, 0, 0, 0, 0, 0, 0, 0, 1, 1, 1, 1, 1, 1, 1, 1, 1, 1, 1, 1, 2, 2, 2, 2, 3, 3], "image_id": 658}, "character_clusters": [0, 0, 0, 1, 1, 2, 3, 4], "text_char_matches": [[3, 2], [2, 2], [0, 4], [1, 4], [4, 0], [5, 0], [6, 0], [7, 0], [8, 1], [10, 1], [11, 1]], "text_tail_matches": [[0, 0], [1, 0], [2, 1], [3, 1]], "text_classification": [1, 1, 1, 1, 1, 1, 1, 1, 1, 0, 1, 1], "character_names": ["Nagisa Shiota", "Nagisa Shiota", "Nagisa Shiota", "Korosensei", "Korosensei", "none", "none", "none"]}