{"bbox_annotations": {"bboxes_as_x1y1x2y2": [[788.6683349609375, 1461.25, 1279.25, 2025.2529296875], [863.4732055664062, 1640.7098388671875, 1219.75, 2022.7630615234375], [34.73884201049805, 1284.5, 605.5, 2021.25], [670.3294677734375, 151.41159057617188, 833.6489868164062, 313.2611083984375], [409.83465576171875, 246.24920654296875, 557.01611328125, 315.5973815917969], [681.8219604492188, 939.75, 892.241455078125, 1168.2523193359375], [392.7608947753906, 946.75, 595.8385620117188, 1176.5093994140625], [1011.2637939453125, 1291.5, 1272.5888671875, 1599.53662109375], [635.2633666992188, 1324.75, 876.4719848632812, 1542.8896484375], [647.88818359375, 1762.25, 818.787109375, 1965.4473876953125], [378.6369323730469, 1464.75, 513.20263671875, 1604.8955078125], [78.7254638671875, 1455.7052001953125, 229.25, 1528.5863037109375], [72.389892578125, 1774.1708984375, 250.3396759033203, 1908.7398681640625], [28.385955810546875, 57.4706916809082, 1279.4815673828125, 1242.6715087890625], [624.5462646484375, 1281.40478515625, 1279.9967041015625, 2030.1688232421875], [24.394563674926758, 1273.9342041015625, 608.9308471679688, 2027.689208984375], [206, 1406, 246, 1449], [799, 1719, 837, 1759], [783, 1576, 831, 1630]], "labels": [0, 0, 0, 1, 1, 1, 1, 1, 1, 1, 1, 1, 1, 2, 2, 2, 3, 3, 3], "image_id": 655}, "character_clusters": [0, 1, 0], "text_char_matches": [[5, 0], [6, 0], [8, 2], [9, 2], [2, 0], [0, 0], [1, 0], [3, 0]], "text_tail_matches": [[5, 2], [6, 1], [8, 0], [9, 0]], "text_classification": [1, 1, 1, 1, 0, 1, 1, 0, 1, 1], "character_names": ["Ry\u014dma Terasaka", "Nagisa Shiota", "Ry\u014dma Terasaka"]}