{"bbox_annotations": {"bboxes_as_x1y1x2y2": [[758.056396484375, 1088.2330322265625, 920.743896484375, 1202.6947021484375], [54.25, 56, 288.07916259765625, 532], [969.01611328125, 1112.8702392578125, 1273.7384033203125, 1398.3076171875], [20.386877059936523, 311.21490478515625, 687.75, 806.4668579101562], [615.8546142578125, 1129.900146484375, 794.00341796875, 1398.5206298828125], [596.56591796875, 817.25, 881.84814453125, 1122.3671875], [440.66796875, 788.7463989257812, 632.5689086914062, 1032.0758056640625], [577.5, 22.75, 1221.5, 700.0], [859.25, 703.5, 1013.25, 932.75], [1151.5, 626.5, 1282.75, 1076.25], [836.5, 1023.75, 1008.0, 1207.5], [414.75, 1421, 1274.0, 2028.25], [1054.6904296875, 672.8840942382812, 1119.36962890625, 805.8408203125], [982.8235473632812, 925.2465209960938, 1159.2113037109375, 1025.72119140625], [759.193115234375, 716.6638793945312, 874.7703857421875, 795.6427001953125], [717.0987548828125, 805.7445068359375, 777.2179565429688, 846.7054443359375], [627.95703125, 789.4942626953125, 685.029052734375, 832.2329711914062], [795.7360229492188, 1265.2454833984375, 906.659912109375, 1370.250244140625], [417.84326171875, 1100.5452880859375, 619.4391479492188, 1356.404052734375], [529.65478515625, 66.10585021972656, 760.9539184570312, 301.13970947265625], [766.5, 437.5, 985.25, 670.25], [340.4342346191406, 240.97898864746094, 499.24261474609375, 372.13165283203125], [57.3150749206543, 47.747379302978516, 161.08820724487305, 145.80139541625977], [345.78399658203125, 887.25, 460.77435302734375, 999.5299682617189], [168.61512756347656, 877.89208984375, 291.9205627441406, 1000.410400390625], [109.42082977294922, 1066.7860107421875, 258.22972869873047, 1232.502197265625], [955.7138061523438, 1484, 1161.904052734375, 1653.8861083984375], [477.0030822753906, 1778, 637.56640625, 1886.9730224609375], [117.50707244873047, 1743, 309.0374069213867, 1972.2589111328125], [371.5331115722656, 631.2636108398438, 1273.2591552734375, 1408.7843017578125], [-51.318721771240234, -7.342582702636719, 1297.122802734375, 2085.006591796875], [410.7976989746094, 1411.7783203125, 1282.85009765625, 2038.5224609375], [309, 426, 361, 480], [870, 916, 926, 956], [577, 1018, 613, 1062]], "labels": [0, 0, 0, 0, 0, 0, 0, 0, 0, 0, 0, 0, 1, 1, 1, 1, 1, 1, 1, 1, 1, 1, 1, 1, 1, 1, 1, 1, 1, 2, 2, 2, 3, 3, 3], "image_id": 645}, "character_clusters": [0, 1, 2, 3, 4, 3, 1, 1, 1, 1, 1, 1], "text_char_matches": [[9, 3], [0, 5], [1, 5], [6, 5], [14, 5], [15, 5], [12, 5], [13, 5], [16, 5]], "text_tail_matches": [[9, 0], [1, 1], [6, 2]], "text_classification": [1, 1, 0, 0, 0, 0, 1, 0, 0, 1, 0, 0, 1, 1, 1, 1, 1], "character_names": ["none", "Korosensei", "none", "Tadaomi Karasuma", "Meg Kataoka", "Tadaomi Karasuma", "Korosensei", "Korosensei", "Korosensei", "Korosensei", "Korosensei", "Korosensei"]}