{"bbox_annotations": {"bboxes_as_x1y1x2y2": [[1148.709228515625, 671.3029174804688, 1308.928466796875, 919.311279296875], [900.6336669921875, 701.75, 1018.7582397460938, 987.1746826171875], [1275.75, 799.75, 1372.0, 1338.75], [923.8274536132812, 1464.6307373046875, 1356.990234375, 1993.1129150390625], [714.82861328125, 680.7986450195312, 800.2589721679688, 991.029541015625], [896, 829.5, 1053.5, 1265.25], [939.75, 1034.25, 1184.75, 1473.5], [752.5, 841.75, 1345.75, 1718.5], [0, 43.75, 178.5, 407.75], [36.75, 474.25, 344.75, 743.75], [0, 756, 150.5, 1067.5], [0, 1202.25, 215.25, 1489.25], [190.75, 1385.34814453125, 502.0447235107422, 1613.5], [185.5, 1758.75, 589.75, 2044.0], [719.6299438476562, 94.68115234375, 1368.6431884765625, 2013.888916015625], [1.7839819192886353, 20.957359313964844, 684.6925659179688, 2032.047607421875]], "labels": [0, 0, 0, 0, 0, 0, 0, 1, 1, 1, 1, 1, 1, 1, 2, 2], "image_id": 670}, "character_clusters": [0, 1, 2, 3, 4, 5, 6], "text_char_matches": [], "text_tail_matches": [], "text_classification": [0, 0, 0, 0, 0, 0, 0], "character_names": ["none", "Hinano Kurahashi", "none", "none", "none", "none", "none"]}