{"bbox_annotations": {"bboxes_as_x1y1x2y2": [[1042.9049072265625, 1956.75048828125, 1083.4249267578125, 2025.6298828125], [994.005126953125, 1958.2923583984375, 1034.2630615234375, 2030.9100341796875], [28, 436.8301696777344, 1081.5, 1185.8677673339844], [32.644100189208984, 1235.5, 143.5, 1576.496826171875], [409.80084228515625, 1234.740234375, 959.2002563476562, 2028.25], [293.42437744140625, 81.06842803955078, 691.25, 360.24417877197266], [786.56298828125, 80.5, 951.01953125, 365.29730224609375], [833.2508544921875, 1825.25, 966.8972778320312, 2028.759765625], [1067.1629638671875, 1856.2288818359375, 1221.6162109375, 2024.544189453125], [948.5, 1911, 1022.0, 2028.25], [1223.25, 1911, 1279.25, 2026.5], [1202.25, 1944.25, 1232.0, 2021.25], [69.05428314208984, 131.25, 269.12789154052734, 299.25], [945.1935424804688, 512.75, 1133.74169921875, 646.959716796875], [892.5, 815.5, 1144.2039794921875, 1081.3701171875], [135.2677459716797, 899.5, 343.134521484375, 1100.36474609375], [972.015380859375, 1326.5, 1150.896728515625, 1526.383056640625], [228.06442260742188, 1295, 434.13568115234375, 1561.1072998046875], [66.8545150756836, 1563.4730224609375, 173.48548889160156, 1628.7930908203125], [72.81989288330078, 1765.5540771484375, 197.00704956054688, 1899.572265625], [24.1544246673584, 66.71212768554688, 1284.589599609375, 373.1653747558594], [17.72795867919922, 403.6120910644531, 1286.6182861328125, 1188.72314453125], [123.59190368652344, 1221.114013671875, 1282.5797119140625, 2035.79443359375], [27.513866424560547, 1220.409912109375, 203.5482940673828, 2022.975341796875], [866, 619, 926, 677], [359, 865, 436, 937], [301, 195, 353, 237]], "labels": [0, 0, 0, 0, 0, 0, 0, 0, 0, 0, 0, 0, 1, 1, 1, 1, 1, 1, 1, 1, 2, 2, 2, 2, 3, 3, 3], "image_id": 679}, "character_clusters": [0, 1, 2, 3, 3, 2, 3, 4, 5, 6, 7, 8], "text_char_matches": [[0, 5], [1, 2], [2, 2], [3, 2], [4, 4], [5, 4], [7, 4]], "text_tail_matches": [[0, 2], [1, 0], [2, 0], [3, 1]], "text_classification": [1, 1, 1, 1, 1, 1, 0, 1], "character_names": ["none", "none", "Korosensei", "Nagisa Shiota", "Nagisa Shiota", "Korosensei", "Nagisa Shiota", "Masayoshi Kimura", "Hinano Kurahashi", "none", "none", "none"]}