{"bbox_annotations": {"bboxes_as_x1y1x2y2": [[407.1168212890625, 428.2602844238281, 609.1685180664062, 686.5723876953125], [790.0995483398438, 234.8767852783203, 851.5617065429688, 307.3125305175781], [1077.4600830078125, 524.8509521484375, 1189.292724609375, 670.7177734375], [1275.1356201171875, 301.95245361328125, 1361.5, 609.0], [642.089599609375, 218.55055236816406, 709.5155029296875, 318.5], [185.5, 1118.25, 1061.3406677246094, 2024.1153564453123], [315, 292.10308837890625, 460.4216613769531, 668.5], [122.5, 0, 1363.25, 1361.5983276367188], [487.2817687988281, 225.6283721923828, 560.0066528320312, 318.112060546875], [143.5, 673.75, 383.3259735107422, 1083.8194580078125], [857.1134033203125, 451.5623474121094, 971.9658203125, 667.2433471679688], [911.9024658203125, 208.25, 988.75, 460.25], [563.150390625, 267.78997802734375, 677.3131713867188, 435.92218017578125], [120.75, 442.75, 196.0, 911.75], [1011.8884887695312, 134.4917449951172, 1256.200439453125, 458.5], [616, 780.97998046875, 861.0497436523438, 945.634765625], [1044.7230224609375, 1692.25, 1280.1173095703125, 1942.6630859375], [118.69017791748047, 56.787513732910156, 1360.4583740234375, 1361.361572265625], [117.27304077148438, 1389.9932861328125, 1365.134521484375, 2029.9827880859375], [938, 402, 1005, 470], [745, 625, 776, 670]], "labels": [0, 0, 0, 0, 0, 0, 0, 0, 0, 0, 0, 0, 0, 0, 1, 1, 1, 2, 2, 3, 3], "image_id": 676}, "character_clusters": [0, 1, 2, 3, 4, 5, 6, 5, 7, 8, 9, 10, 11, 12], "text_char_matches": [[0, 7], [1, 7], [2, 5]], "text_tail_matches": [[0, 0], [1, 1]], "text_classification": [1, 1, 1], "character_names": ["Koki Mimura", "Manami Okuda", "none", "none", "none", "Korosensei", "Yukiko Kanzaki", "Korosensei", "none", "Yuma Isogai", "none", "none", "Taiga Okajima", "Hinano Kurahashi"]}