{"bbox_annotations": {"bboxes_as_x1y1x2y2": [[796.5240478515625, 401.6114807128906, 1206.2462158203125, 702.8232421875], [512.2825927734375, 1270.5, 683.4285278320312, 1466.0421142578125], [934.5, 768.25, 1208.909423828125, 1464.298583984375], [234.5, 820.75, 634.3171997070312, 1262.8153076171875], [368.09979248046875, 1536.5, 790.2188720703125, 2037.1580810546875], [34.496742248535156, 852.25, 305.2969741821289, 1472.5699462890625], [719.6483764648438, 19.25, 1038.8673095703125, 365.55232667922974], [1071.9344482421875, 198.56484985351562, 1166.90185546875, 328.18133544921875], [337.75, 507.5, 644.0, 775.25], [155.12106323242188, 167.62123107910156, 310.451171875, 239.03749084472656], [97.80740356445312, 437.5, 269.92938232421875, 664.1058959960938], [1089.026611328125, 748.18115234375, 1149.75, 915.25], [910.0592041015625, 1258.25, 1027.44873046875, 1332.08251953125], [609.214111328125, 815.5, 837.08740234375, 1110.686767578125], [455.72589111328125, 826, 544.4647216796875, 872.9508056640625], [696.9827270507812, 1216.4111328125, 832.9159545898438, 1346.77392578125], [432.8105163574219, 1265.25, 520.1818237304688, 1340.5], [247.52088928222656, 1233.75, 429.2427978515625, 1431.7579345703125], [1049.05126953125, 1688.75, 1199.9813232421875, 1765.62548828125], [823.740966796875, 1769.25, 1001.15478515625, 1938.9957275390625], [345.4809265136719, 1533, 479.7452392578125, 1766.8505859375], [114.4674072265625, 1718.5, 296.04254150390625, 1890.0], [65.3499984741211, -5.449578285217285, 1308.45751953125, 732.8776245117188], [876.0759887695312, 724.3709106445312, 1284.302734375, 1472.7532958984375], [19.301342010498047, 761.3221435546875, 877.0582885742188, 1473.590087890625], [28.62824249267578, 1518.0625, 1278.3702392578125, 2034.682373046875], [914, 1090, 951, 1153], [204, 1286, 254, 1351], [557, 880, 598, 920]], "labels": [0, 0, 0, 0, 0, 0, 1, 1, 1, 1, 1, 1, 1, 1, 1, 1, 1, 1, 1, 1, 1, 1, 2, 2, 2, 2, 3, 3, 3], "image_id": 647}, "character_clusters": [0, 1, 2, 2, 3, 0], "text_char_matches": [[7, 3], [9, 3], [11, 5], [10, 5], [12, 4], [13, 4], [14, 4], [15, 4]], "text_tail_matches": [[6, 0], [7, 2], [9, 2], [10, 1], [11, 1]], "text_classification": [0, 1, 0, 1, 1, 0, 1, 1, 0, 1, 1, 1, 1, 1, 1, 1], "character_names": ["Rio Nakamura", "Hinata Okano", "Korosensei", "Korosensei", "Nagisa Shiota", "Rio Nakamura"]}