{"bbox_annotations": {"bboxes_as_x1y1x2y2": [[369.618408203125, 1449, 536.5599975585938, 1630.998046875], [63.47648239135742, 1454.25, 203.0583152770996, 1628.0413818359375], [661.5, 103.25, 1100.75, 565.25], [539.1510009765625, 1572.4818115234375, 594.3438110351562, 1629.2218017578125], [260.10484313964844, 1573.25, 304.5, 1629.9541015625], [285.0678405761719, 1507.7860107421875, 397.0035095214844, 1631.87646484375], [554.4684448242188, 1033.0130615234375, 749.439453125, 1633.7982177734375], [306.25, 1678.025146484375, 935.770721435547, 2024.088134765625], [797.6786499023438, 1210.01806640625, 1074.5, 1627.5269775390625], [197.1171417236328, 1537.51953125, 268.9374694824219, 1626.85595703125], [943.25, 1138.22509765625, 1276.7030029296875, 1626.5689697265625], [37.533607482910156, 1565.533447265625, 83.99435424804688, 1625.0408935546875], [474.25, 1566.25, 549.5, 1636.25], [912.1029663085938, 114.09539031982422, 988.8223876953125, 190.30165100097656], [976.3157958984375, 448, 1193.2626953125, 645.3035278320312], [636.2725219726562, 122.76253509521484, 748.52783203125, 222.82327270507812], [449.1168518066406, 197.60255432128906, 608.6193237304688, 488.25], [474.2450866699219, 105.3590316772461, 572.8824462890625, 152.25860595703125], [494.4518127441406, 624.75, 626.5, 693.620849609375], [125.28314971923828, 419.9798278808594, 300.7377700805664, 578.396484375], [1041.2445068359375, 810.2969360351562, 1218.72705078125, 943.1303100585938], [776.742431640625, 919.4820556640625, 974.6676635742188, 1207.4512939453125], [851.9507446289062, 794.77685546875, 942.8565063476562, 836.28076171875], [774.3778076171875, 1291.427490234375, 873.5095825195312, 1425.3519287109375], [568.0477905273438, 854.76123046875, 675.492431640625, 895.0859985351562], [563.927734375, 1041.8089599609375, 677.131591796875, 1082.1717529296875], [121.0174789428711, 1051.75, 325.40453338623047, 1220.5999755859375], [339.5, 1849.75, 467.25, 1940.3641357421875], [318.5, 1853.25, 374.5, 1995.0], [137.7196044921875, 1817.9769287109375, 295.4512634277344, 1861.5479736328125], [430.4396667480469, 69.38754272460938, 1290.3011474609375, 719.7198486328125], [771.1405029296875, 720.340576171875, 1280.37841796875, 1629.2012939453125], [8.986103057861328, 718.2788696289062, 678.3567504882812, 1641.445556640625], [16.831993103027344, 1666.18505859375, 1276.26953125, 2028.24658203125], [267, 684, 325, 792], [597, 1144, 630, 1194], [119, 1327, 177, 1426]], "labels": [0, 0, 0, 0, 0, 0, 0, 0, 0, 0, 0, 0, 0, 1, 1, 1, 1, 1, 1, 1, 1, 1, 1, 1, 1, 1, 1, 1, 1, 1, 2, 2, 2, 2, 3, 3, 3], "image_id": 651}, "character_clusters": [0, 1, 2, 3, 4, 5, 6, 7, 8, 9, 2, 10, 11], "text_char_matches": [[8, 8], [10, 8], [9, 8], [12, 6], [11, 6], [16, 7], [13, 1], [6, 0]], "text_tail_matches": [[6, 0], [13, 2], [12, 1], [11, 1]], "text_classification": [0, 1, 1, 1, 1, 0, 1, 1, 1, 1, 1, 1, 1, 1, 0, 0, 1], "character_names": ["Hiroto Maehara", "Koki Mimura", "Korosensei", "none", "none", "none", "none", "Nagisa Shiota", "Hinano Kurahashi", "none", "Korosensei", "none", "none"]}