{"bbox_annotations": {"bboxes_as_x1y1x2y2": [[504.5488586425781, 434.2681884765625, 637.0911865234375, 649.4108276367188], [390.25, 397.25, 535.5, 625.651123046875], [919.3485717773438, 778.2706298828125, 1352.25048828125, 1272.9267578125], [84.04944610595703, 610.4306640625, 903.0, 2116.40234375], [654.5, 432.5777893066406, 747.6083984375, 654.5], [1072.6500244140625, 1513.75, 1397.147705078125, 2098.486328125], [1203.9932861328125, 211.3566436767578, 1297.753173828125, 390.25], [1020.5672607421875, 369.2872619628906, 1204.074462890625, 525.0619506835938], [1221.5, 437.02484130859375, 1372.410400390625, 601.6696166992188], [871.3175659179688, 437.3455505371094, 941.8070068359375, 525.0], [794.5, 455, 843.5, 523.25], [831.25, 549.5, 901.25, 637.0], [745.5, 565.25, 805.0, 638.75], [783.0343627929688, 662.2081909179688, 858.37353515625, 716.9208984375], [591.5697631835938, 396.6650085449219, 658.6348876953125, 458.1881408691406], [696.5, 670.25, 754.25, 715.75], [201.94784545898438, 190.7589874267578, 347.6597900390625, 333.6966552734375], [84.80302429199219, 303.0703430175781, 231.6890411376953, 504.7617492675781], [248.5, 640.5, 301.0, 701.75], [113.75, 635.25, 171.5, 703.5], [1250.5623779296875, 826, 1359.75, 920.9762573242189], [1221.114013671875, 998.5586547851562, 1309.0186767578125, 1087.0703125], [929.8802490234375, 1066.790283203125, 1035.93408203125, 1238.2247314453125], [1285.1536865234375, 1235.0572509765625, 1365.8463134765625, 1277.33154296875], [1149.33447265625, 1347.0867919921875, 1366.9478759765625, 1612.1519775390625], [916.9478149414062, 1349.25, 1043.0, 1636.6224365234375], [678.6535034179688, 924, 891.9073486328125, 1202.934814453125], [145.50718688964844, 1499.75, 453.25, 1868.578369140625], [77.94954681396484, -13.547842025756836, 1396.62744140625, 716.161376953125], [911.1975708007812, 766.7498779296875, 1384.3963623046875, 1275.0869140625], [909.2500610351562, 1320.89208984375, 1403.4847412109375, 2097.423828125], [68.06172180175781, 715.8734741210938, 903.4442138671875, 2095.91064453125], [1024, 1044, 1062, 1087], [1193, 1063, 1234, 1106], [1004, 1581, 1084, 1648], [1354, 1214, 1388, 1257]], "labels": [0, 0, 0, 0, 0, 0, 1, 1, 1, 1, 1, 1, 1, 1, 1, 1, 1, 1, 1, 1, 1, 1, 1, 1, 1, 1, 1, 1, 2, 2, 2, 2, 3, 3, 3, 3], "image_id": 194}, "character_clusters": [0, 1, 1, 1, 2, 0], "text_char_matches": [[16, 2], [18, 5], [19, 5], [21, 5], [0, 0], [1, 0], [10, 0], [11, 0], [15, 2], [14, 2], [17, 5], [8, 0], [20, 5]], "text_tail_matches": [[14, 1], [15, 1], [16, 0], [17, 3], [19, 2]], "text_classification": [1, 1, 0, 0, 0, 0, 0, 0, 1, 0, 1, 1, 0, 0, 1, 1, 1, 1, 1, 1, 1, 1], "character_names": ["Riko Aida", "Taiga Kagami", "Taiga Kagami", "Taiga Kagami", "Shinji Koganei", "Riko Aida"]}