{"bbox_annotations": {"bboxes_as_x1y1x2y2": [[94.5, 1625.75, 378.449951171875, 2100.973388671875], [1146.917724609375, 533.75, 1272.25, 719.6231689453125], [67.0750732421875, 421.75, 502.25, 1344.0262451171875], [840.5655517578125, 839.4668579101562, 1275.75, 1344.193603515625], [797.113037109375, 155.75, 981.2960205078125, 779.5334930419923], [1001.5643310546875, 530.69091796875, 1153.549560546875, 719.6563110351562], [628.466064453125, 1406.3499755859375, 1277.5, 1937.25927734375], [1190.263916015625, 208.89903259277344, 1270.658447265625, 251.1287078857422], [1061.7222900390625, 318.56500244140625, 1200.86376953125, 512.7503662109375], [1125.3970947265625, 731.265869140625, 1209.775634765625, 777.8465576171875], [1160.697265625, 887.3106079101562, 1268.1934814453125, 1008.0405883789062], [1140.1431884765625, 1060.5, 1274.42138671875, 1136.948974609375], [510.4660949707031, 231.89892578125, 693.5975341796875, 407.75], [557.726806640625, 516.25, 815.5, 666.1343994140625], [406.20611572265625, 1077.7476806640625, 631.8511962890625, 1290.9237060546875], [49.265625, 970.5866088867188, 206.5, 1132.902099609375], [55.47713851928711, 1900.5, 154.02944564819336, 1972.25], [786.7241821289062, 138.6869354248047, 1280.5439453125, 782.313232421875], [840.3582153320312, 836.43212890625, 1277.4998779296875, 1349.9443359375], [11.027956008911133, -1.865905523300171, 848.254150390625, 1346.429443359375], [63.460357666015625, 1397.09326171875, 1277.937255859375, 1957.0223388671875], [1172, 495, 1209, 536], [1134, 1003, 1174, 1033]], "labels": [0, 0, 0, 0, 0, 0, 0, 1, 1, 1, 1, 1, 1, 1, 1, 1, 1, 2, 2, 2, 2, 3, 3], "image_id": 195}, "character_clusters": [0, 0, 1, 1, 1, 2, 1], "text_char_matches": [[1, 1], [0, 1], [3, 3], [5, 2], [8, 2], [9, 0]], "text_tail_matches": [[0, 0], [1, 0], [3, 1]], "text_classification": [1, 1, 0, 1, 0, 1, 0, 0, 1, 1], "character_names": ["Riko Aida", "Riko Aida", "Taiga Kagami", "Taiga Kagami", "Taiga Kagami", "Shinji Koganei", "Taiga Kagami"]}