{"bbox_annotations": {"bboxes_as_x1y1x2y2": [[758.8009033203125, 1730.75, 982.078857421875, 2096.899658203125], [976.9883422851562, 256.6803283691406, 1259.483154296875, 931.0870666503906], [942.5476684570312, 1764.0252685546875, 1038.3953857421875, 1900.4056396484375], [374.0261535644531, 378, 513.6461791992188, 767.9166259765625], [1.5898749828338623, 757.75, 173.8329474925995, 927.496826171875], [114.53677368164062, 295.75, 390.8357849121094, 924.5399627685547], [914.053955078125, 1589, 1295.651123046875, 2098.64111328125], [833.7394409179688, 460.25, 1065.75, 925.9831542968751], [75.84881591796875, 932.473388671875, 351.3478698730469, 1450.8912353515625], [416.5, 1746.5, 727.379638671875, 2096.78076171875], [497.6501159667969, 331.4336242675781, 723.5796508789062, 739.2027587890625], [-4.674839973449707, 1499.5296630859375, 517.039454460144, 2098.25], [1061.9034423828125, 1121.636474609375, 1397.1658935546875, 1469.45703125], [550.4737548828125, 605.5, 822.5, 929.5152587890625], [1218, 759.5, 1295, 931.0], [1121.75, 462, 1207.5, 593.25], [892.5, 773.5, 966.0, 929.25], [589.75, 446.25, 649.25, 523.25], [239.75, 582.75, 285.25, 687.75], [99.75, 854, 147.0, 925.75], [725.5422973632812, 1009.75, 981.0723266601562, 1138.0367431640625], [785.5653076171875, 1233.1553955078125, 960.75, 1421.0], [433.8402099609375, 934.5, 660.6355590820312, 1047.8009033203123], [441, 1127, 619.5, 1302], [1171.5234375, 1531.345703125, 1291.52099609375, 1630.9942626953125], [914.6631469726562, 1506.918701171875, 1011.0857543945312, 1677.9998779296875], [763.1165161132812, 1651.060302734375, 851.7033081054688, 1750.2015380859375], [1118.25, 1993.25, 1244.25, 2100.0], [838.25, 1921.5, 901.25, 2026.5], [634.7592163085938, 1564.373291015625, 720.5330200195312, 1645.9637451171875], [481.9316711425781, 1604.57958984375, 589.1605224609375, 1708.14306640625], [430.5, 1932, 523.25, 2098.25], [0, 1825.25, 192.5, 2070.25], [827.174560546875, 0.3083556890487671, 1302.08349609375, 935.7872924804688], [334.7986145019531, 3.715632915496826, 844.99365234375, 934.5966186523438], [-0.6130397319793701, 0.16616284847259521, 389.8409423828125, 937.22998046875], [-3.253370523452759, 924.1747436523438, 1383.4158935546875, 1462.2781982421875], [746.0347900390625, 1445.8768310546875, 1302.3060302734375, 2096.01708984375], [-2.778226137161255, 1453.1236572265625, 739.1868286132812, 2092.054443359375]], "labels": [0, 0, 0, 0, 0, 0, 0, 0, 0, 0, 0, 0, 0, 0, 0, 1, 1, 1, 1, 1, 1, 1, 1, 1, 1, 1, 1, 1, 1, 1, 1, 1, 1, 2, 2, 2, 2, 2, 2], "image_id": 225}, "character_clusters": [0, 1, 2, 3, 4, 5, 6, 7, 8, 0, 9, 9, 10, 11, 12], "text_char_matches": [[11, 0], [9, 6], [10, 2], [15, 11], [14, 11]], "text_tail_matches": [], "text_classification": [0, 1, 0, 0, 0, 0, 0, 0, 0, 1, 1, 1, 0, 0, 1, 1, 0, 0], "character_names": ["none", "Junpei Hy\u016bga", "none", "none", "none", "none", "none", "none", "none", "none", "Taiga Kagami", "Taiga Kagami", "none", "none", "none"]}