{"bbox_annotations": {"bboxes_as_x1y1x2y2": [[1211.52783203125, 1302.8570556640625, 1317.96044921875, 1658.9644775390625], [292.25, 1643.3994140625, 647.0262451171875, 2099.481201171875], [133, 142.24740600585938, 435.0909805297852, 441.21826171875], [983.5, 1235.5, 1166.314208984375, 1688.75], [238, 1774.5, 366.9015197753906, 2056.686767578125], [848.0078125, 934.5, 950.746826171875, 1233.9857177734375], [179.07745361328125, 507.3509521484375, 649.6096801757812, 1037.75], [22.438926696777344, 1495.6571044921875, 129.5, 1867.25], [246.8323211669922, 1100.75, 416.5, 1574.2777099609373], [1085.8409423828125, 314.82623291015625, 1232.0, 553.0], [773.5, 1247.75, 916.7796630859376, 1307.7542724609375], [666.50439453125, 1506.75, 838.408203125, 1716.53369140625], [567, 211.75, 645.75, 276.7354431152344], [573.7847900390625, 624.2265014648438, 623.7725219726562, 655.3394775390625], [84.53193664550781, 756, 206.52194213867188, 965.9664306640625], [482.5020751953125, 1188.25, 645.75, 1359.244873046875], [115.5, 1697.5, 234.5, 1832.25], [648.3908081054688, 0.2810060977935791, 1319.4273681640625, 1952.12255859375], [124.58844757080078, 131.54275512695312, 653.909423828125, 451.9864807128906], [1.512134075164795, 502.0711364746094, 651.9788208007812, 1047.8565673828125], [0.4371345043182373, 1090.507568359375, 652.2117309570312, 2097.361572265625], [212, 844, 263, 886], [558, 727, 595, 765], [538, 283, 582, 321]], "labels": [0, 0, 0, 0, 0, 0, 0, 0, 0, 1, 1, 1, 1, 1, 1, 1, 1, 2, 2, 2, 2, 3, 3, 3], "image_id": 209}, "character_clusters": [0, 1, 2, 1, 3, 2, 1, 4, 1], "text_char_matches": [[5, 6], [6, 6], [7, 1], [1, 3], [2, 3], [3, 2], [4, 6]], "text_tail_matches": [[3, 2], [4, 1], [5, 0]], "text_classification": [1, 1, 1, 1, 1, 1, 1, 1], "character_names": ["none", "Taiga Kagami", "Tetsuya Kuroko", "Taiga Kagami", "none", "Tetsuya Kuroko", "Taiga Kagami", "none", "Taiga Kagami"]}