{"bbox_annotations": {"bboxes_as_x1y1x2y2": [[980, 155.75, 1123.5, 428.75], [185.72900390625, 1587.25, 663.25, 2105.387451171875], [1192.1976318359375, 421.75, 1397.8238525390625, 801.3010864257812], [689.5, 1396.46728515625, 925.2671508789062, 1673.947021484375], [530.25, 21, 1010.4299926757812, 1216.531810760498], [1203.67626953125, 726.25, 1400.2958984375, 1148.9820556640625], [106.75, 671.2850952148438, 243.91139221191406, 1216.25], [987.74755859375, 738.3737182617188, 1202.5931396484375, 1145.7861328125], [838.7566528320312, 1206.1019287109375, 1217.8983154296875, 1674.1029052734375], [160.72976684570312, 1219.75, 703.7298889160156, 1683.5], [231.77320861816406, 525, 596.9588775634766, 1214.5], [1074.5, 1212.75, 1397.7701416015625, 1676.303466796875], [1218, 175, 1345.75, 362.25], [1052.7801513671875, 505.75, 1189.0662841796875, 663.25], [991.3465576171875, 658.75244140625, 1063.7493896484375, 771.75], [1331.75, 1016.75, 1405.25, 1148.0], [197.46759033203125, 151.2787628173828, 470.75, 413.0], [770, 722.75, 978.25, 1072.75], [393.75, 901.25, 509.25, 1076.25], [108.5, 936.25, 185.5, 1100.75], [1197.005126953125, 1416.7568359375, 1312.0557861328125, 1506.75], [1040.5120849609375, 1520.75, 1224.857421875, 1674.1396484375], [703.0941772460938, 1317.9359130859375, 768.8969116210938, 1351.9730224609375], [162.47425842285156, 1445.204833984375, 283.4826965332031, 1579.1700439453125], [1172.5, 1778.5555419921875, 1307.1882324218748, 1896.63916015625], [1067.6788330078125, 1817.292724609375, 1153.3389892578125, 1964.012451171875], [979.31298828125, 148.88494873046875, 1395.1783447265625, 1161.1859130859375], [105.51176452636719, 6.560522079467773, 998.359619140625, 1219.2039794921875], [105.31031799316406, 1202.256591796875, 1393.53759765625, 1687.38330078125], [150.88800048828125, 1678.62744140625, 1387.9803466796875, 2094.669677734375], [996, 1915, 1061, 1973]], "labels": [0, 0, 0, 0, 0, 0, 0, 0, 0, 0, 0, 0, 1, 1, 1, 1, 1, 1, 1, 1, 1, 1, 1, 1, 1, 1, 2, 2, 2, 2, 3], "image_id": 218}, "character_clusters": [0, 1, 2, 3, 4, 5, 6, 7, 2, 8, 9, 10], "text_char_matches": [[11, 9], [13, 1], [12, 1], [0, 2], [1, 7], [2, 7]], "text_tail_matches": [[12, 0], [13, 0]], "text_classification": [1, 1, 1, 0, 1, 0, 0, 0, 1, 0, 1, 1, 1, 1], "character_names": ["none", "Riko Aida", "none", "none", "Junpei Hy\u016bga", "Taiga Kagami", "none", "none", "none", "none", "none", "none"]}