{"bbox_annotations": {"bboxes_as_x1y1x2y2": [[105.07804870605469, -0.22170692682266235, 1398.25, 615.7782930731773], [747.25, 1104.25, 964.25, 1463.3409423828125], [899.5, 1337, 1293.25, 1535.5533447265625], [735.6737670898438, 618.4120483398438, 1314.25, 1109.682373046875], [104.35477447509766, 1108.9326171875, 427.0, 1535.001220703125], [450.6950988769531, 859.25, 612.6207275390625, 1105.30126953125], [1090.503173828125, 268.006103515625, 1295.0, 453.25], [124.01155853271484, 296.01458740234375, 322.71105194091797, 509.25], [1155.5428466796875, 658, 1311.56787109375, 812.5426025390625], [1006.2069702148438, 803.25, 1177.609619140625, 1020.6315307617188], [211.37811279296875, 729.75, 338.9233703613281, 896.7785034179688], [1194.6170654296875, 1140.720703125, 1357.5323486328125, 1335.25], [1050, 1667.75, 1200.2579345703125, 1877.75], [618.745361328125, 1295, 763.2088623046875, 1495.6151123046875], [474.5035095214844, 1147.055908203125, 584.499267578125, 1316.9788818359375], [115.15852355957031, 1270.5, 272.25189208984375, 1505.380859375], [238.67501831054688, 1732.5, 426.15673828125, 1900.090576171875], [98.87818145751953, -0.2606034278869629, 1388.8199462890625, 625.3773803710938], [123.2171859741211, 605.2280883789062, 1378.402587890625, 1106.7757568359375], [594.7531127929688, 1091.29736328125, 1406.8126220703125, 1541.9117431640625], [103.1981201171875, 1092.9556884765625, 589.3135986328125, 1539.932373046875], [218.10232543945312, 1584.4661865234375, 455.4781799316406, 2041.0716552734375], [768, 1466, 823, 1503], [1182, 1344, 1225, 1390]], "labels": [0, 0, 0, 0, 0, 0, 1, 1, 1, 1, 1, 1, 1, 1, 1, 1, 1, 2, 2, 2, 2, 2, 3, 3], "image_id": 210}, "character_clusters": [0, 1, 0, 0, 1, 1], "text_char_matches": [[0, 0], [1, 0], [2, 3], [3, 3], [5, 2], [7, 2], [10, 2], [6, 2], [4, 3], [8, 2], [9, 2]], "text_tail_matches": [[5, 1], [7, 0]], "text_classification": [1, 1, 1, 1, 1, 1, 1, 1, 1, 1, 1], "character_names": ["Taiga Kagami", "Tetsuya Kuroko", "Taiga Kagami", "Taiga Kagami", "Tetsuya Kuroko", "Tetsuya Kuroko"]}