{"bbox_annotations": {"bboxes_as_x1y1x2y2": [[549.0144653320312, 1113, 638.3023071289062, 1504.692626953125], [204.50189208984375, 993.3207397460938, 448.2889099121094, 1440.25], [642.8062744140625, 890.4649658203125, 964.25, 1443.75], [920.7664184570312, 1288.9698486328125, 1401.2666015625, 2100.977294921875], [332.1451721191406, 1575.462646484375, 636.2615966796875, 1939.8345947265625], [374.5, 1464.75, 456.75, 1506.75], [1007.3419189453125, 311.5962829589844, 1198.0968017578125, 529.636962890625], [789.25, 239.75, 980.0, 381.5], [789.25, 451.5, 981.75, 647.5], [430.874267578125, 82.25, 687.981689453125, 260.75714111328125], [383.99005126953125, 347.4713439941406, 664.3366088867188, 601.4191284179688], [129.87527465820312, 537.25, 343.3875732421875, 742.0610961914062], [1128.694091796875, 1037.113037109375, 1302.82421875, 1264.7056884765625], [649.25, 1191.75, 761.25, 1373.75], [668.5, 1499.9974365234375, 928.2719116210936, 1756.762939453125], [1085, 1702.75, 1214.5, 1876.0], [336, 1095.5, 402.5, 1167.25], [491.9326477050781, 1313.4892578125, 566.2069091796875, 1384.4564208984375], [140.43321228027344, 1793.5634765625, 231.73260498046875, 1877.623046875], [114.53654479980469, 0.01933872699737549, 1317.439208984375, 875.6412353515625], [642.9816284179688, 819.72900390625, 1390.9757080078125, 2104.745849609375], [117.23587036132812, 905.1254272460938, 635.6424560546875, 1515.0635986328125], [117.45925903320312, 1562.2137451171875, 639.2462158203125, 1949.064697265625]], "labels": [0, 0, 0, 0, 0, 0, 1, 1, 1, 1, 1, 1, 1, 1, 1, 1, 1, 1, 1, 2, 2, 2, 2], "image_id": 234}, "character_clusters": [0, 1, 1, 2, 2, 3], "text_char_matches": [[6, 3], [12, 4]], "text_tail_matches": [], "text_classification": [1, 0, 0, 0, 0, 1, 1, 0, 1, 0, 0, 0, 1], "character_names": ["none", "none", "none", "Junpei Hy\u016bga", "Junpei Hy\u016bga", "none"]}