{"bbox_annotations": {"bboxes_as_x1y1x2y2": [[463.75, 640.5, 1370.25, 2100.5849609375], [255.5, 925.75, 607.25, 1790.25], [596.75, 635.6112060546875, 1398.25, 2003.75], [1016.75, 973, 1181.25, 1200.5], [738.5, 1050, 934.5, 1288], [374.5, 1135.75, 465.5, 1279.25], [113.43721771240234, -10.20502758026123, 1403.0943603515625, 2089.016357421875]], "labels": [0, 0, 0, 1, 1, 1, 2], "image_id": 228}, "character_clusters": [0, 1, 2], "text_char_matches": [], "text_tail_matches": [], "text_classification": [0, 0, 0], "character_names": ["Tetsuya Kuroko", "none", "none"]}