{"bbox_annotations": {"bboxes_as_x1y1x2y2": [[696.5, 1297.4229736328125, 1392.3399658203125, 2098.294677734375], [85.75, 374.5, 422.72435760498047, 1304.1319885253906], [449.75, 0, 1390.5218505859375, 1297.5244607925415], [1296.790771484375, 480.1650695800781, 1373.9168701171875, 516.4949951171875], [661.4698486328125, 191.1940460205078, 924.9183349609375, 497.0], [927.3433227539062, 787.6895751953125, 1190.0, 843.5], [927.5, 843.5, 1272.25, 899.5], [485.4571228027344, 637.7587280273438, 787.8356323242188, 1036.1400146484375], [576.308837890625, 354.87579345703125, 654.8391723632812, 395.91412353515625], [931, 901.25, 1146.25, 955.5], [1300.568359375, 979.4190063476562, 1360.1629638671875, 1021.1975708007812], [1138.7220458984375, 973.9683837890625, 1184.2371826171875, 1019.8661499023438], [531.4351806640625, 589.7211303710938, 607.2320556640625, 628.519287109375], [990.5, 981.75, 1016.75, 1016.75], [823.450439453125, 1022.596923828125, 950.2597045898438, 1069.25], [827.75, 1095.5, 946.75, 1158.5], [825.2371826171875, 1184.04736328125, 997.5, 1246.5787353515625], [522.8851318359375, 1187.941162109375, 596.4063110351562, 1224.930908203125], [249.5604248046875, 94.477294921875, 431.7420959472656, 355.25], [123.6675796508789, 95.2396469116211, 208.08462524414062, 175.0691375732422], [343, 1113, 438.0513610839844, 1254.2972412109375], [164.5, 1447.900146484375, 598.5, 1769.9443359375], [440.1621398925781, -4.823416709899902, 1393.3626708984375, 1296.8092041015625], [85.9421615600586, -6.029051780700684, 435.1139221191406, 1308.6824951171875], [78.85698699951172, 1320.9052734375, 1398.1773681640625, 2093.198486328125], [298, 1084, 348, 1147]], "labels": [0, 0, 0, 1, 1, 1, 1, 1, 1, 1, 1, 1, 1, 1, 1, 1, 1, 1, 1, 1, 1, 1, 2, 2, 2, 3], "image_id": 202}, "character_clusters": [0, 1, 0], "text_char_matches": [[16, 1], [15, 1], [1, 1], [4, 1], [17, 1], [18, 1]], "text_tail_matches": [[17, 0]], "text_classification": [1, 1, 1, 1, 1, 1, 1, 1, 1, 1, 1, 1, 1, 1, 1, 1, 1, 1, 1], "character_names": ["Taiga Kagami", "Riko Aida", "Taiga Kagami"]}