{"bbox_annotations": {"bboxes_as_x1y1x2y2": [[738.5, 1047.8812255859375, 934.8017578125001, 1194.7271728515625], [940.73291015625, 952.7410278320312, 1149.75, 1198.75], [287.3272399902344, 467.25, 423.5, 673.75], [1003.7379150390625, 238.4542694091797, 1302.7279052734375, 674.0452728271484], [0, 742, 537.25, 1196.90234375], [387.2915344238281, 92.5171890258789, 810.1690673828125, 676.2802505493164], [315.77630615234375, 765.1541748046875, 743.75, 1197.9898681640625], [1211.0638427734375, 259.32220458984375, 1284.268798828125, 299.27545166015625], [825.6470947265625, 211.75, 969.5, 425.25], [658, 146.7724609375, 804.5233154296875, 365.75], [165.8253173828125, 298.1810607910156, 214.08641052246094, 469.4910583496094], [33.143882751464844, 460.4189453125, 168.0, 561.716064453125], [1111.254150390625, 792.75, 1282.75, 1036.0], [533.9666137695312, 883.75, 693.5853271484375, 1025.0277099609375], [169.3284454345703, 855.75, 288.75, 1058.75], [71.65774536132812, 991.1886596679688, 170.0433349609375, 1216.25], [815.9964599609375, 138.9087371826172, 1304.898193359375, 684.1935424804688], [-6.918257713317871, 5.479681491851807, 810.3392944335938, 680.5233764648438], [8.180009841918945, 733.75048828125, 1304.4608154296875, 1207.52197265625], [-1.9676685333251953, 1335.9349365234375, 1297.935546875, 2092.175048828125], [913, 386, 1002, 453], [1212, 359, 1251, 407]], "labels": [0, 0, 0, 0, 0, 0, 0, 1, 1, 1, 1, 1, 1, 1, 1, 1, 2, 2, 2, 2, 3, 3], "image_id": 197}, "character_clusters": [0, 1, 0, 1, 2, 1, 3], "text_char_matches": [[2, 5], [3, 2], [4, 2], [1, 3], [0, 3], [5, 1], [6, 1], [7, 1], [8, 1]], "text_tail_matches": [[0, 1], [1, 0]], "text_classification": [1, 1, 1, 1, 1, 1, 1, 1, 1], "character_names": ["Shinji Koganei", "Riko Aida", "Shinji Koganei", "Riko Aida", "none", "Riko Aida", "none"]}