{"bbox_annotations": {"bboxes_as_x1y1x2y2": [[426.25067138671875, 1407, 741.96435546875, 2098.25], [749.3905029296875, 1136.887939453125, 960.9924926757812, 2098.25], [766.5, 651.5072631835938, 1285.1964111328125, 2102.6984252929688], [981.75, 1276.3021240234375, 1160.0714111328125, 1604.75], [394.4846496582031, 368.6122131347656, 739.7571411132812, 946.9206848144531], [1039.5, 314.53875732421875, 1259.722412109375, 663.1544799804688], [776.6719970703125, 1573.25, 947.7606811523438, 1888.25], [481.25, 90.09246063232422, 724.5, 372.75], [53.446109771728516, 582.75, 235.57930374145508, 861.8034057617188], [334.15283203125, 771.75, 425.4579162597656, 840.6274414062501], [467.25, 1053.5, 740.25, 1144.1936035156248], [443.4703063964844, 1237.3773193359375, 690.5447998046875, 1404.20263671875], [239.86695861816406, 1157.78955078125, 414.75, 1285.9461669921875], [68.25, 1463, 276.87560272216797, 1789.3851318359375], [747.3308715820312, 7.050123691558838, 1279.9361572265625, 2106.21142578125], [-4.483538627624512, -4.533398151397705, 742.1776733398438, 956.044189453125], [422.95184326171875, 1008.409423828125, 743.7870483398438, 2095.52197265625], [2.7632265090942383, 1008.735107421875, 416.8394775390625, 2099.70556640625]], "labels": [0, 0, 0, 0, 0, 1, 1, 1, 1, 1, 1, 1, 1, 1, 2, 2, 2, 2], "image_id": 231}, "character_clusters": [0, 1, 2, 3, 0], "text_char_matches": [[0, 2], [2, 4], [3, 4], [6, 0], [5, 0], [7, 0], [8, 0], [4, 4]], "text_tail_matches": [], "text_classification": [1, 1, 1, 1, 1, 1, 1, 1, 1], "character_names": ["Riko Aida", "none", "none", "none", "Riko Aida"]}