{"bbox_annotations": {"bboxes_as_x1y1x2y2": [[817.1688232421875, 2.3481221199035645, 1327.731689453125, 697.2710347175598], [484.14569091796875, 752.2562255859375, 997.5, 1488.7052001953125], [344.0736999511719, 1067.5, 517.71728515625, 1484.2423095703125], [886.2120361328125, 870.7313232421875, 1108.4376220703125, 1484.763916015625], [4.275631904602051, 759.591796875, 187.06232929229736, 1488.802734375], [1027.25, 1066.1719970703125, 1328.0316162109375, 1488.0885009765625], [1102.5, 456.75, 1249.5, 631.75], [320.04541015625, 613.2275390625, 834.75, 688.1041870117188], [291.04052734375, 172.53555297851562, 462.0, 323.75], [106.80297088623047, 231, 275.50011444091797, 600.25], [1034.25, 876.75, 1255.78662109375, 1121.75], [630, 1130.5, 726.25, 1247.75], [605.0354614257812, 1491, 798.0, 1529.4130859375], [203.7781524658203, 820.75, 386.75, 1115.8385009765625], [400.75, 1261.75, 458.5, 1337.0], [51.47893142700195, 1263.5, 270.534366607666, 1399.803466796875], [1195.6435546875, 1654.6961669921875, 1283.142578125, 1748.25], [1048.25, 1752.0584716796875, 1207.0391845703125, 2005.8218994140625], [314.3570861816406, 1587.25, 459.9766845703125, 1836.6763916015625], [92.05205535888672, 1737.42138671875, 299.5283737182617, 1969.996337890625], [6.640964508056641, 1.461920142173767, 1330.202880859375, 698.3463745117188], [-6.980091094970703, 748.69189453125, 1328.0721435546875, 1494.131103515625], [-2.573239803314209, 1542.1658935546875, 1329.7806396484375, 2098.576904296875]], "labels": [0, 0, 0, 0, 0, 0, 1, 1, 1, 1, 1, 1, 1, 1, 1, 1, 1, 1, 1, 1, 2, 2, 2], "image_id": 188}, "character_clusters": [0, 0, 1, 2, 3, 4], "text_char_matches": [], "text_tail_matches": [], "text_classification": [0, 0, 1, 1, 1, 0, 0, 1, 0, 1, 1, 1, 1, 1], "character_names": ["none", "none", "none", "none", "none", "none"]}