{"bbox_annotations": {"bboxes_as_x1y1x2y2": [[437.5, 435.13580322265625, 533.75, 649.25], [1058.75, 407.75, 1231.085693359375, 713.5598754882812], [1169.6190185546875, 33.25, 1398.0146484375, 712.1188392639161], [384.68304443359375, 483.1473083496094, 472.33148193359375, 605.3558959960938], [725.4884643554688, 120.75414276123047, 1041.6038818359375, 719.798454284668], [94.56059265136719, 1706.25, 213.5, 2058.0], [99.75, 999.25, 878.5, 2056.25], [1070.3851318359375, 121.89434051513672, 1221.0074462890625, 307.45381927490234], [733.7330932617188, 600.25, 826.0, 650.755859375], [311.8663330078125, 176.06602478027344, 441.8334045410156, 340.16094970703125], [177.03866577148438, 290.3272399902344, 309.5995178222656, 514.1727294921875], [1128.75, 1258.25, 1256.5, 1457.75], [1028.794677734375, 1727.25, 1169.0, 1820.5987548828123], [626.5, 1678.25, 675.5, 1732.5], [358.75, 1811.25, 845.25, 2042.25], [523.25, 1828.75, 567.0, 1874.25], [420, 1615.25, 483, 1701.0], [434, 1797.25, 507.5, 1828.75], [686, 2002, 782.25, 2098.25], [339.5, 1729, 386.75, 1797.25], [364, 1909.25, 418.25, 1979.25], [259, 1856.75, 329, 1919.75], [1053.901123046875, 1.08872652053833, 1398.2030029296875, 723.5650024414062], [726.071044921875, 3.1861648559570312, 1045.736572265625, 724.5881958007812], [91.58111572265625, 2.8945505619049072, 713.96826171875, 724.8909912109375], [1171.316650390625, 774.8887939453125, 1303.3548583984375, 1086.52734375], [89.88289642333984, 774.01611328125, 1193.632568359375, 1089.9049072265625], [887.0418090820312, 1132.3424072265625, 1397.880615234375, 2096.267333984375], [94.39122009277344, 1126.174560546875, 874.84912109375, 2089.228759765625], [805, 525, 865, 600]], "labels": [0, 0, 0, 0, 0, 0, 0, 1, 1, 1, 1, 1, 1, 1, 1, 1, 1, 1, 1, 1, 1, 1, 2, 2, 2, 2, 2, 2, 2, 3], "image_id": 206}, "character_clusters": [0, 0, 1, 1, 1, 2, 1], "text_char_matches": [[0, 2], [1, 4], [2, 3], [3, 3]], "text_tail_matches": [[1, 0]], "text_classification": [1, 1, 1, 1, 0, 0, 0, 0, 0, 0, 0, 0, 0, 0, 0], "character_names": ["Tetsuya Kuroko", "Tetsuya Kuroko", "Taiga Kagami", "Taiga Kagami", "Taiga Kagami", "none", "Taiga Kagami"]}