{"bbox_annotations": {"bboxes_as_x1y1x2y2": [[986.6709594726562, 1704.778564453125, 1256.8634033203125, 2099.69970703125], [671.1404418945312, 1444.973876953125, 968.9691772460938, 2105.81689453125], [-2.6639773845672607, 1420.806640625, 181.10372281074524, 2094.4345703125], [1021.0399169921875, 212.10116577148438, 1242.0458984375, 600.25], [0, 38.4229850769043, 1261.75, 1098.2069206237793], [20.94219398498535, 1101.9813232421875, 644.0, 1418.377197265625], [1181.0894775390625, 165.68060302734375, 1247.3203125, 299.8302917480469], [997.5, 87.55948638916016, 1116.408935546875, 222.54694366455078], [873.3384399414062, 238.60545349121094, 987.9194946289062, 326.5322570800781], [216.8466339111328, 529.3546142578125, 351.75, 761.2291870117188], [40.024044036865234, 778.9426879882812, 186.9344596862793, 962.8961791992188], [1115.875732421875, 1499.75, 1252.8822021484375, 1655.014892578125], [676.5180053710938, 1533.136474609375, 799.7823486328125, 1687.8677978515625], [1100.75, 1976.048095703125, 1232.0, 2052.785888671875], [558.6001586914062, 1442, 654.8744506835938, 1680.3155517578125], [390.5166931152344, 1555.75, 528.137939453125, 1744.4290771484373], [198.68853759765625, 1782.0438232421875, 288.86962890625, 1923.25], [33.25, 1781.5, 133.0, 1932.4256591796875], [2.069932222366333, -5.341055870056152, 1271.7060546875, 1106.0758056640625], [-14.6864595413208, 1097.2352294921875, 1204.686767578125, 1419.7528076171875], [664.2772827148438, 1414.4990234375, 1268.6943359375, 2098.90478515625], [183.25289916992188, 1413.3857421875, 656.6050415039062, 2099.34033203125], [5.005673885345459, 1396.5452880859375, 170.30030822753906, 2094.9443359375], [1206, 1697, 1243, 1757]], "labels": [0, 0, 0, 0, 0, 0, 1, 1, 1, 1, 1, 1, 1, 1, 1, 1, 1, 1, 2, 2, 2, 2, 2, 3], "image_id": 241}, "character_clusters": [0, 1, 0, 0, 1, 0], "text_char_matches": [[3, 4], [4, 4], [2, 4], [1, 4], [0, 4], [5, 0], [6, 1], [8, 0], [9, 0], [10, 2], [11, 2]], "text_tail_matches": [[5, 0]], "text_classification": [0, 1, 1, 1, 1, 1, 1, 0, 1, 1, 1, 1], "character_names": ["Tetsuya Kuroko", "Taiga Kagami", "Tetsuya Kuroko", "Tetsuya Kuroko", "Taiga Kagami", "Tetsuya Kuroko"]}