{"bbox_annotations": {"bboxes_as_x1y1x2y2": [[248.5, 358.75, 1403.4403076171875, 2098.25], [120.75, 1587.25, 312.03572845458984, 1963.5], [225.75, 675.5, 869.75, 1961.75], [931, 29.75, 1401.380859375, 867.5596990585326], [0, 0, 605.5, 896], [834.75, 992.25, 925.75, 1191.75], [927.5, 1106, 1398.25, 2098.25], [131.51895141601562, 1103.0849609375, 391.1855163574219, 1388.0654296875], [402.5, 1496.25, 563.5, 1779.75], [81.57295989990234, -5.155742168426514, 1389.383056640625, 2094.3173828125]], "labels": [0, 0, 0, 1, 1, 1, 1, 1, 1, 2], "image_id": 220}, "character_clusters": [0, 1, 2], "text_char_matches": [[4, 2]], "text_tail_matches": [], "text_classification": [0, 0, 0, 0, 1, 0], "character_names": ["Taiga Kagami", "none", "none"]}