{"bbox_annotations": {"bboxes_as_x1y1x2y2": [[-1.5118211507797241, 1247.75, 647.787434220314, 2103.17138671875], [906.4456176757812, 469, 1402.01318359375, 2098.25], [1114.9166259765625, 300.7751770019531, 1290.8275146484375, 486.6239929199219], [1011.5271606445312, 610.75, 1128.13916015625, 659.6364135742188], [957.5508422851562, 1423.712890625, 1143.368408203125, 1627.3160400390625], [829.840087890625, 1697.5, 993.0974731445312, 1870.3109130859375], [518.7345581054688, 312.9073791503906, 686.41455078125, 522.2584838867188], [283.35577392578125, 579.8462524414062, 499.1440124511719, 764.58251953125], [817.70068359375, -1.1463671922683716, 1389.5972900390625, 2098.603759765625], [-4.111867904663086, 7.108139991760254, 804.5921630859375, 2105.689697265625]], "labels": [0, 0, 1, 1, 1, 1, 1, 1, 2, 2], "image_id": 242}, "character_clusters": [0, 0], "text_char_matches": [[0, 1], [1, 1], [2, 1], [3, 1], [4, 1], [5, 1]], "text_tail_matches": [], "text_classification": [1, 1, 1, 1, 1, 1], "character_names": ["Tetsuya Kuroko", "Tetsuya Kuroko"]}