{"bbox_annotations": {"bboxes_as_x1y1x2y2": [[810.9656372070312, 324.0303955078125, 1290.2442626953125, 1291.5], [927.5, 1499.359619140625, 1282.150146484375, 2103.92431640625], [1.3526782989501953, 1807.721923828125, 280.37629890441895, 2097.58349609375], [355.3112487792969, 1603.99951171875, 643.809326171875, 1939.7237548828125], [56, 386.75, 756.1788330078125, 1397.0040283203125], [202.14437866210938, 1467.3436279296875, 341.18914794921875, 1939.0], [29.75, 203, 824.25, 1317.75], [871.5, 1807.75, 1019.6027221679688, 2098.9423828125], [799.75, 1923.25, 894.25, 2098.25], [1118.25, 215.25, 1276.0998535156248, 491.6249084472656], [815.5, 75.99481201171875, 998.4214477539061, 339.6689758300781], [625.9287719726562, 124.19422912597656, 758.741943359375, 432.25], [553, 614.25, 757.75, 868.0], [474.25, 932.75, 626.5, 1139.25], [71.28992462158203, 1132.25, 169.69749450683594, 1203.9151611328125], [1125.775390625, 1536.5, 1269.73046875, 1642.0949707031252], [664.6322631835938, 1807.75, 836.1215209960938, 2026.3856201171877], [546.6505126953125, 1484.8828125, 633.0327758789062, 1683.4185791015625], [229.25, 1664.25, 374.5, 1867.25], [99.64202880859375, 1533.682373046875, 227.24508666992188, 1702.1795654296875], [801.51123046875, -11.195182800292969, 1280.060546875, 1368.1390380859375], [-6.211548805236816, -7.005688667297363, 821.9535522460938, 1401.4202880859375], [656.2750244140625, 1384.5504150390625, 1283.3480224609375, 2096.44140625], [48.54287338256836, 1427.056396484375, 645.605712890625, 1953.5316162109375], [506, 1651, 549, 1706], [1204, 510, 1255, 606]], "labels": [0, 0, 0, 0, 0, 0, 0, 0, 0, 1, 1, 1, 1, 1, 1, 1, 1, 1, 1, 1, 2, 2, 2, 2, 3, 3], "image_id": 223}, "character_clusters": [0, 1, 0, 2, 3, 1, 0, 4, 5], "text_char_matches": [[0, 0], [1, 0], [2, 6], [7, 7], [6, 1], [8, 3], [10, 3]], "text_tail_matches": [[0, 1], [8, 0]], "text_classification": [1, 1, 1, 0, 0, 1, 1, 1, 1, 0, 1], "character_names": ["Taiga Kagami", "none", "Taiga Kagami", "Junpei Hy\u016bga", "none", "none", "Taiga Kagami", "none", "none"]}