{"bbox_annotations": {"bboxes_as_x1y1x2y2": [[1047.8970947265625, 1760.7008056640625, 1161.173583984375, 1977.2154541015625], [396.71527099609375, 369.7498779296875, 516.25, 586.25], [842.082275390625, 1492.545654296875, 1077.712646484375, 2099.89208984375], [98.83910369873047, 1494.628662109375, 489.62728118896484, 2099.5234375], [597.3890991210938, 87.39896392822266, 1074.1163330078125, 1099.8573989868164], [91.22308349609375, 0, 441.0, 673.75], [404.25, 214.52914428710938, 579.8704833984376, 672.0], [199.5, 735.3012084960938, 579.8834381103516, 1096.2923583984375], [1153.8934326171875, 1347.6617431640625, 1398.26416015625, 2104.882568359375], [505.8492736816406, 1444.647216796875, 713.7753295898438, 2100.973388671875], [943.25, 281.75, 1291.5, 1100.75], [1156.75, 1806, 1214.5, 1982.75], [1011.5, 1813, 1074.5, 1954.75], [1221.5, 143.92214965820312, 1371.6595458984375, 293.0446472167969], [628.25, 61.25, 1162.0, 572.25], [913.5, 339.5, 1008.0, 567.0], [1137.5, 560, 1398.25, 1088.5], [1093.75, 512.75, 1158.5, 673.75], [115.61165618896484, 516.25, 191.59873962402344, 577.9423217773438], [115.01750946044922, 967.6210327148438, 183.65850830078125, 1037.2288818359375], [1175.754638671875, 1260.1514892578125, 1311.696533203125, 1428.1055908203125], [842.0254516601562, 1301.1688232421875, 1004.898681640625, 1437.5909423828125], [638.7725219726562, 1195.25, 811.7216796875, 1429.21435546875], [541.3887939453125, 1216.70947265625, 597.7398071289062, 1251.1441650390625], [373.43878173828125, 1191.75, 488.25, 1242.42333984375], [129.46649169921875, 1191.75, 311.1940002441406, 1459.9761962890625], [119.76898193359375, 1855.910888671875, 231.17092895507812, 1950.9287109375], [584.5469360351562, -10.188004493713379, 1401.4512939453125, 1105.477783203125], [93.92216491699219, -0.9707540273666382, 585.290283203125, 680.4093017578125], [91.53995513916016, 724.089599609375, 581.3816528320312, 1104.28857421875], [832.2593994140625, 1153.0318603515625, 1398.719482421875, 2098.431396484375], [506.71087646484375, 1152.8079833984375, 834.9593505859375, 2100.18505859375], [100.64974975585938, 1154.505615234375, 498.3113098144531, 2103.002685546875], [1233, 414, 1278, 455]], "labels": [0, 0, 0, 0, 0, 0, 0, 0, 0, 0, 0, 0, 0, 1, 1, 1, 1, 1, 1, 1, 1, 1, 1, 1, 1, 1, 1, 2, 2, 2, 2, 2, 2, 3], "image_id": 226}, "character_clusters": [0, 1, 2, 3, 4, 2, 5, 4, 9, 3, 6, 7, 8], "text_char_matches": [[0, 10], [6, 7], [7, 8], [8, 2], [9, 9], [12, 3], [11, 3], [13, 3]], "text_tail_matches": [[0, 0]], "text_classification": [1, 0, 0, 0, 0, 1, 1, 1, 1, 1, 1, 1, 1, 1], "character_names": ["none", "none", "none", "Riko Aida", "Taiga Kagami", "none", "none", "Taiga Kagami", "none", "Riko Aida", "Tetsuya Kuroko", "none", "none"]}