{"bbox_annotations": {"bboxes_as_x1y1x2y2": [[747.0697021484375, 635.25, 1392.7645263671875, 1716.75], [5.004161834716797, 243.25, 556.9443473815918, 2098.25], [1106.4036865234375, 272.52490234375, 1328.6351318359375, 491.75], [1095.5, 1268.75, 1310.75, 1457.75], [436.88427734375, 1347.5, 769.45654296875, 1784.2593994140625], [259, 1016.75, 388.5, 1277.5], [707.7108154296875, -16.21918296813965, 1397.1083984375, 2083.38037109375], [-2.4551212787628174, -7.908600807189941, 1396.2730712890625, 2091.937744140625]], "labels": [0, 0, 1, 1, 1, 1, 2, 2], "image_id": 236}, "character_clusters": [0, 0], "text_char_matches": [[0, 0], [2, 1]], "text_tail_matches": [], "text_classification": [1, 0, 1, 0], "character_names": ["Taiga Kagami", "Taiga Kagami"]}