{"bbox_annotations": {"bboxes_as_x1y1x2y2": [[1057.8466796875, 598.0206298828125, 1171.505126953125, 752.1359252929688], [554.6111450195312, 742, 625.9334106445312, 983.8894653320312], [317.2484130859375, 275.14154052734375, 391.6646728515625, 457.39007568359375], [115.5, 63, 327.25, 459.61697387695307], [636.4896240234375, 0, 959.6156616210938, 733.25], [4.48458194732666, 526.6094360351562, 479.5, 984.6779174804688], [191.284423828125, 229.35171508789062, 311.98260498046875, 447.7934265136719], [378, 736.75, 472.205810546875, 953.9372558593749], [939.75, 498.75, 1103.584228515625, 739.2174072265625], [452.8901672363281, 770, 582.75, 983.5], [873.25, 1100.75, 1296.5338134765625, 2099.433349609375], [357, 1.7096936702728271, 628.9625244140625, 463.0804212093353], [756, 262.5, 1050, 843.5], [1128.75, 665, 1221.5, 785.75], [1.75, 1048.25, 239.75, 2098.25], [0, 1485.75, 325.5, 2098.25], [94.5, 1671.25, 367.5, 2098.25], [252, 1751.75, 460.25, 2098.25], [346.5, 1898.75, 448.0, 2098.25], [1090.427001953125, 118.58955383300781, 1277.889404296875, 379.72071838378906], [640.5, 714, 1300.25, 1018.5], [530.1591796875, 180.50271606445312, 626.5, 262.66278076171875], [245, 80.81903839111328, 348.25, 259.0], [563.7346801757812, 566.5857543945312, 630.31787109375, 642.9111328125], [406, 586.5721435546875, 486.5, 684.25], [45.674495697021484, 652.75, 147.0, 756.0], [515.266357421875, 1314.25, 687.7445678710938, 1440.2835693359375], [906.5, 1753.5, 997.5, 1848.0], [572.3304443359375, 1890, 693.0, 2003.75], [327.7635498046875, 1238.8642578125, 457.4921569824219, 1442.5362548828125], [15.75, 1755.25, 540.75, 2049.25], [634.8314819335938, -1.813209056854248, 1295.5682373046875, 1007.659423828125], [114.51409149169922, 1.7516099214553833, 625.9403686523438, 466.27471923828125], [8.057323455810547, 516.5222778320312, 643.4049682617188, 987.7396850585938], [466.0994567871094, 1040.5584716796875, 1298.356201171875, 2091.773681640625], [-0.5451351404190063, 1037.97216796875, 466.2996520996094, 2089.9873046875], [639, 1544, 711, 1590], [107, 791, 156, 835], [477, 251, 552, 323], [246, 241, 282, 268], [573, 658, 619, 747], [418.25, 708.75, 470.75, 754.25]], "labels": [0, 0, 0, 0, 0, 0, 0, 0, 0, 0, 0, 0, 0, 0, 0, 0, 0, 0, 0, 1, 1, 1, 1, 1, 1, 1, 1, 1, 1, 1, 1, 2, 2, 2, 2, 2, 3, 3, 3, 3, 3, 3], "image_id": 199}, "character_clusters": [0, 1, 2, 3, 4, 5, 5, 6, 7, 8, 5, 4, 3, 9, 4, 3, 7, 0, 9], "text_char_matches": [[6, 5], [7, 10], [2, 11], [3, 6], [4, 1], [5, 7]], "text_tail_matches": [[2, 2], [3, 3], [4, 4], [5, 5], [6, 1], [7, 0]], "text_classification": [1, 1, 1, 1, 1, 1, 1, 1, 0, 0, 1, 1], "character_names": ["none", "none", "Kenji Takeda", "none", "none", "Riko Aida", "Riko Aida", "none", "none", "none", "Riko Aida", "none", "none", "none", "none", "none", "none", "none", "none"]}