{"bbox_annotations": {"bboxes_as_x1y1x2y2": [[290.56982421875, 969.8515014648438, 655.0218505859375, 1363.41015625], [209.7449188232422, 1205.1025390625, 329.32098388671875, 1354.1827392578125], [1070.7056884765625, 776.3607788085938, 1160.25, 902.0281982421875], [693, 999.5653076171875, 1282.1387939453125, 2104.964599609375], [69.84629821777344, 0.935941219329834, 415.5666961669922, 443.70550298690796], [860.0741577148438, 575.75, 980.0, 801.5], [530.1464233398438, 689.5, 617.75, 834.8250732421875], [0.347408652305603, 486.006103515625, 361.4718898534775, 907.953125], [487.64337158203125, 837.170654296875, 588.0, 905.0667724609375], [1155.3330078125, 149.81752014160156, 1276.3104248046875, 197.08319091796875], [1047.119873046875, 351.8163757324219, 1151.2899169921875, 563.5], [871.5, 682.5, 913.5, 722.75], [494.8979187011719, 294.3622131347656, 643.7984619140625, 381.6988525390625], [336.94293212890625, 596.75, 427.92181396484375, 664.9327392578125], [1116.369873046875, 972.5932006835938, 1276.9453125, 1161.95166015625], [729.75, 1468.25, 953.75, 1754.6639404296875], [545.4195556640625, 1074.3363037109375, 673.1766357421875, 1139.4005126953125], [49, 999.769775390625, 282.96288681030273, 1226.75], [531.206298828125, 1470.0771484375, 662.807861328125, 1689.075927734375], [422.91241455078125, 1459.5, 507.3663635253906, 1597.75], [423.5, 1729, 680.75, 1932], [87.53064727783203, 1421.41064453125, 362.25, 1541.7186279296875], [187.25, 1604.75, 243.25, 1811.25], [51.74022674560547, 1680.522705078125, 177.91824340820312, 1883.0902099609375], [415.92327880859375, 1.6171306371688843, 1284.7861328125, 910.2723388671875], [6.65435791015625, 0.13105273246765137, 425.5767822265625, 448.07977294921875], [-2.394601821899414, 477.068359375, 449.0823669433594, 912.7539672851562], [682.5447998046875, 958.418701171875, 1284.1702880859375, 2095.54052734375], [-4.457774639129639, 952.5262451171875, 677.4048461914062, 1370.5086669921875], [-0.7426947355270386, 1409.4337158203125, 677.38818359375, 2096.147216796875], [539, 1206, 589, 1254]], "labels": [0, 0, 0, 0, 0, 0, 0, 0, 0, 1, 1, 1, 1, 1, 1, 1, 1, 1, 1, 1, 1, 1, 1, 1, 2, 2, 2, 2, 2, 2, 3], "image_id": 221}, "character_clusters": [0, 1, 2, 3, 4, 3, 4, 5, 1], "text_char_matches": [[7, 0], [5, 7], [6, 7], [8, 7]], "text_tail_matches": [[7, 0]], "text_classification": [1, 1, 0, 1, 1, 1, 1, 1, 1, 1, 0, 0, 0, 0, 1], "character_names": ["Junpei Hy\u016bga", "none", "none", "Taiga Kagami", "Tetsuya Kuroko", "Taiga Kagami", "Tetsuya Kuroko", "Riko Aida", "none"]}