{"bbox_annotations": {"bboxes_as_x1y1x2y2": [[843.5, 15.75, 1298.5, 868.0], [638.75, 451.5, 920.5, 866.25], [537.25, 14, 619.5, 372.75], [197.75, 435.75, 588.0, 857.5], [770, 934.5, 988.75, 1253.0], [1130.5, 931, 1298.5, 1233.75], [990.5, 1179.5, 1260.0, 1400.0], [913.5, 1319.5, 1118.25, 1604.75], [0, 1172.5, 505.75, 2098.25], [505.75, 1354.5, 763.0, 2098.25], [918.75, 1778, 1296.75, 2098.25], [1090.25, 453.25, 1298.5, 831.25], [799.8785400390625, 177.50282287597656, 901.1163330078125, 244.67660522460938], [703.5, 241.35545349121094, 815.5, 451.5], [798, 656.25, 880.25, 808.5], [631.7931518554688, 610.0993041992188, 702.4248657226562, 684.0738525390625], [327.2770080566406, 132.94732666015625, 482.5599365234375, 212.0024871826172], [388.5, 218.75, 500.5, 322.0], [238.65931701660156, 180.67796325683594, 290.3062744140625, 234.56121826171875], [154.60137939453125, 158.83277893066406, 241.3531494140625, 228.88125610351562], [26.652254104614258, 208.9131317138672, 143.49978828430176, 333.12921142578125], [506.1634521484375, 488.25, 619.809326171875, 678.333984375], [453.25, 581, 519.75, 735], [59.545719146728516, 643.2570190429688, 165.00766372680664, 831.25], [1193.5, 1006.25, 1237.25, 1088.5], [1097.25, 1263.5, 1142.75, 1302.0], [992.25, 1400, 1036.0, 1464.75], [539.3981323242188, 938, 745.5, 1097.975830078125], [519.8421020507812, 1128.75, 730.8390502929688, 1358.0], [638.8963012695312, 4.013599395751953, 1299.5675048828125, 870.1250610351562], [-0.37283897399902344, 2.601262092590332, 625.3970947265625, 374.7301940917969], [0.4796922206878662, 427.0303039550781, 622.6561279296875, 869.4451293945312], [763.2041625976562, 914.7010498046875, 1301.7313232421875, 1713.03369140625], [760.1107788085938, 1771.9302978515625, 1292.044189453125, 2102.05322265625], [503.4740905761719, 912.7337036132812, 764.358642578125, 2098.95361328125], [-5.732440948486328, 911.3464965820312, 502.4619445800781, 2093.015625], [807, 366, 860, 413], [688, 627, 727, 667], [160, 740, 216, 795], [467, 439, 539, 494]], "labels": [0, 0, 0, 0, 0, 0, 0, 0, 0, 0, 0, 1, 1, 1, 1, 1, 1, 1, 1, 1, 1, 1, 1, 1, 1, 1, 1, 1, 1, 2, 2, 2, 2, 2, 2, 2, 3, 3, 3, 3], "image_id": 227}, "character_clusters": [0, 1, 2, 1, 3, 4, 5, 0, 0, 6, 0], "text_char_matches": [[1, 0], [2, 0], [4, 1], [8, 2], [9, 2], [10, 3], [12, 3], [17, 9], [16, 9]], "text_tail_matches": [[1, 0], [2, 0], [4, 1], [10, 3], [12, 2]], "text_classification": [0, 1, 1, 0, 1, 0, 0, 0, 1, 1, 1, 0, 1, 0, 0, 0, 1, 1], "character_names": ["Tetsuya Kuroko", "none", "none", "none", "none", "none", "none", "Tetsuya Kuroko", "Tetsuya Kuroko", "Riko Aida", "Tetsuya Kuroko"]}