{"bbox_annotations": {"bboxes_as_x1y1x2y2": [[876.6832275390625, 875.6802368164062, 918.7442626953125, 1075.512939453125], [140.84146118164062, 525.6769409179688, 701.2673645019531, 1206.785888671875], [817.44775390625, 900.7308959960938, 862.75, 1085.0], [134.75, 15.75, 672.0, 302.75], [1135.37890625, 707, 1270.5576171875, 927.4421997070311], [1051.7344970703125, 929.04296875, 1149.632568359375, 1078.8553466796875], [150.6064453125, 721, 355.65386962890625, 892.37890625], [43.66622543334961, 974.75, 159.33994674682617, 1069.77197265625], [945.9574584960938, 1451.866943359375, 1142.75, 1573.4627685546875], [134.72439575195312, 1547, 277.79254150390625, 1749.94091796875], [-6.116419792175293, -1.196184754371643, 1275.96875, 617.47509765625], [705.2337036132812, 665.2189331054688, 1286.787353515625, 1150.487060546875], [1.343446969985962, 630.2771606445312, 704.2110595703125, 1205.6951904296875], [-4.455918312072754, 1186.4599609375, 1285.8702392578125, 2091.6103515625], [133, 1079, 186, 1117]], "labels": [0, 0, 0, 1, 1, 1, 1, 1, 1, 1, 2, 2, 2, 2, 3], "image_id": 217}, "character_clusters": [0, 1, 1], "text_char_matches": [[1, 0], [2, 0], [3, 1], [4, 1], [5, 1], [6, 1]], "text_tail_matches": [[4, 0]], "text_classification": [0, 1, 1, 1, 1, 1, 1], "character_names": ["none", "Riko Aida", "Riko Aida"]}