{"bbox_annotations": {"bboxes_as_x1y1x2y2": [[581.910888671875, 784, 1402.97314453125, 2110.399169921875], [11.673956871032715, 780.998046875, 641.6680364608765, 2104.41455078125], [514.5, 47.25, 1398.25, 1127.0], [770, 1760.5, 1081.5, 2101.75], [467.87591552734375, -6.845033168792725, 1389.0650634765625, 2092.676513671875], [6.085565567016602, 126.64932250976562, 630.9217529296875, 2105.746826171875]], "labels": [0, 0, 1, 1, 2, 2], "image_id": 237}, "character_clusters": [0, 0], "text_char_matches": [], "text_tail_matches": [], "text_classification": [0, 0], "character_names": ["Tetsuya Kuroko", "Tetsuya Kuroko"]}