{"bbox_annotations": {"bboxes_as_x1y1x2y2": [[176.11050415039062, 893.8865966796875, 948.7154846191406, 1400.201416015625], [1004.8450317382812, 1621.325927734375, 1146.142333984375, 1910.453369140625], [92.5284423828125, 210.19512939453125, 553.4497680664062, 756.10205078125], [944.096435546875, 346.3923645019531, 1347.831787109375, 829.5570068359375], [581.1851196289062, -1.0558068752288818, 997.6400756835938, 823.5283606052399], [100.72161865234375, 1472.108642578125, 683.5119018554688, 2102.153076171875], [1116.5654296875, 1759.8057861328125, 1201.86865234375, 1944.667724609375], [1142.281005859375, 186.2803497314453, 1335.25, 390.25], [1228.935302734375, 568.75, 1358.2757568359375, 685.1254272460938], [668.5195922851562, 185.3746795654297, 792.1627197265625, 355.25], [797.1980590820312, 640.0491943359375, 960.9237670898438, 821.2376708984375], [577.1231079101562, 395.51971435546875, 687.7098388671875, 533.75], [370.0433044433594, 208.92568969726562, 547.75, 414.75], [117.88282775878906, 261.9624328613281, 206.4080047607422, 383.2717590332031], [280.0363464355469, 687.75, 383.25, 784.0], [1197.7198486328125, 932.75, 1343.1826171875, 1114.793701171875], [920.4266357421875, 936.25, 1096.87744140625, 1219.75], [127.75, 1023.75, 259.791748046875, 1103.66357421875], [1195.7154541015625, 1560.434814453125, 1285.1256103515625, 1603.9071044921875], [889.3159790039062, 1788.3529052734375, 986.9559326171875, 1891.857666015625], [694.7097778320312, 1540.1365966796875, 849.0498657226562, 1731.1751708984375], [141.67527770996094, 1774.6103515625, 297.5, 1953.3687744140625], [565.817626953125, -4.647365093231201, 1390.309326171875, 837.35595703125], [91.86804962158203, -4.54100227355957, 562.5259399414062, 835.8871459960938], [91.62972259521484, 884.7303466796875, 1395.2078857421875, 1399.0068359375], [867.467529296875, 1432.188232421875, 1291.1160888671875, 1952.7774658203125], [94.00235748291016, 1444.9417724609375, 863.1295776367188, 2093.31982421875], [224, 1120, 308, 1216], [659, 1739, 707, 1788], [1166, 479, 1211, 532], [444, 492, 488, 555], [1238, 1686, 1270, 1733], [954, 1701, 1007, 1742], [679, 496, 719, 539]], "labels": [0, 0, 0, 0, 0, 0, 0, 1, 1, 1, 1, 1, 1, 1, 1, 1, 1, 1, 1, 1, 1, 1, 2, 2, 2, 2, 2, 3, 3, 3, 3, 3, 3, 3], "image_id": 214}, "character_clusters": [0, 0, 1, 1, 0, 0, 1], "text_char_matches": [[0, 3], [1, 3], [2, 4], [4, 4], [5, 2], [6, 4], [7, 2], [9, 0], [8, 0], [10, 0], [12, 1], [11, 6], [13, 5], [14, 5]], "text_tail_matches": [[0, 2], [2, 6], [4, 6], [5, 3], [10, 0], [11, 4], [12, 5], [13, 1]], "text_classification": [1, 1, 1, 0, 1, 1, 1, 1, 1, 1, 1, 1, 1, 1, 1], "character_names": ["Taiga Kagami", "Taiga Kagami", "Tetsuya Kuroko", "Tetsuya Kuroko", "Taiga Kagami", "Taiga Kagami", "Tetsuya Kuroko"]}