{"bbox_annotations": {"bboxes_as_x1y1x2y2": [[768.25, 1212.75, 1401.719970703125, 1955.9237060546875], [346.9450988769531, 1445.5, 584.4917602539062, 1883.7875976562502], [116.4295654296875, 148.908203125, 701.9778442382812, 584.4962768554688], [1236.3328857421875, 363.012939453125, 1399.4521484375, 1482.0257568359375], [805, 657.3363647460938, 1405.664794921875, 1940.3021850585938], [734.8010864257812, 621.25, 1115.039306640625, 1681.75], [431.30126953125, 1583.75, 728.4448852539062, 2097.365478515625], [175.39183044433594, 1435, 347.0362243652344, 1905.75], [364.03973388671875, 650.6483764648438, 728.4943237304688, 1014.1430053710938], [260.2248840332031, 839.8612670898438, 416.650390625, 1032.291015625], [1235.67626953125, 370.71148681640625, 1397.359375, 940.4794921875], [707, 0, 1181.25, 694.75], [1140.343505859375, 305.7361145019531, 1334.2298583984375, 559.3290405273438], [1191.75, 1050, 1270.5, 1260], [791, 952, 904.75, 1197], [990.5, 1435, 1398.25, 2080.75], [1312.5, 1610, 1400.0, 1937.25], [605.2835693359375, 259.1168212890625, 672.4031372070312, 296.31689453125], [590.5267944335938, 700, 714.2349853515625, 829.5], [157.5, 876.75, 262.6064147949219, 949.795654296875], [545.9088745117188, 1240.75, 705.25, 1434.539306640625], [425.25, 1548.75, 488.25, 1617.0], [278.25, 1534.75, 323.75, 1618.75], [635.25, 1813, 691.25, 1921.5], [125.10149383544922, 1674.75, 270.0722885131836, 1910.7011718750002], [691.1328125, 4.706132411956787, 1390.56982421875, 1962.18701171875], [110.20166015625, 135.8306884765625, 715.3501586914062, 594.756591796875], [112.22895050048828, 639.0737915039062, 740.4818115234375, 1055.7154541015625], [116.449951171875, 1047.350830078125, 794.9758911132812, 2088.713134765625]], "labels": [0, 0, 0, 0, 0, 0, 0, 0, 0, 0, 0, 1, 1, 1, 1, 1, 1, 1, 1, 1, 1, 1, 1, 1, 1, 2, 2, 2, 2], "image_id": 224}, "character_clusters": [0, 1, 1, 2, 1, 3, 0, 3, 4, 5, 4], "text_char_matches": [[1, 4], [7, 8], [8, 9], [6, 2]], "text_tail_matches": [], "text_classification": [0, 1, 0, 0, 0, 0, 1, 1, 1, 1, 0, 0, 0, 1], "character_names": ["none", "Taiga Kagami", "Taiga Kagami", "none", "Taiga Kagami", "none", "none", "none", "none", "none", "none"]}