{"bbox_annotations": {"bboxes_as_x1y1x2y2": [[865.5474243164062, 1636.25, 1268.75, 1955.00341796875], [839.9887084960938, 967.75, 959.0, 1296.75], [1024.320556640625, 553.08251953125, 1245.3253173828125, 696.478759765625], [1281.818603515625, 936.25, 1396.52783203125, 1198.75], [89.72378540039062, 1454.4354248046875, 727.9380187988281, 2101.11376953125], [1122.2037353515625, 1015, 1188.83447265625, 1394.75], [269.5, -3.204721212387085, 892.0785522460938, 702.3790800571442], [998.4607543945312, 1001.9058227539062, 1122.82373046875, 1393.0], [717.5, 2.0882697105407715, 1162.0, 119.33013677597046], [150.5, 651, 829.5, 1391.25], [1179.5, 187.25, 1324.75, 413.0], [841.55029296875, 308, 1235.5, 512.75], [335.02392578125, 149.3669891357422, 464.18072509765625, 379.75], [224.8934783935547, 373.6700439453125, 285.8385925292969, 414.8200378417969], [123.5323486328125, 433.5476989746094, 258.6769104003906, 643.1420288085938], [1003.5084228515625, 778.75, 1103.791259765625, 1006.25], [741.833984375, 862.75, 826.148193359375, 934.7327270507811], [280.85858154296875, 1099, 385.0, 1166.066650390625], [182.22425842285156, 789.25, 278.1670837402344, 953.75], [108.5, 997.5, 225.75, 1163.8110351562498], [1151.5, 1496.25, 1290.9057617187502, 1676.5], [734.8292236328125, 1496.25, 885.6759643554688, 1717.560791015625], [735, 1750, 868, 1923.25], [736.75, 1888.25, 904.75, 2026.5], [576.285888671875, 1587.25, 703.5, 1685.406494140625], [110.4809341430664, 1813, 233.94007873535156, 1935.265502929688], [81.54183959960938, 3.0092999935150146, 1399.489013671875, 703.3690185546875], [1120.0496826171875, 744.6205444335938, 1400.1937255859375, 1398.5877685546875], [831.62548828125, 751.2625122070312, 1118.6754150390625, 1397.04443359375], [86.99310302734375, 733.9642333984375, 830.7528076171875, 1400.8065185546875], [719.428955078125, 1445.3165283203125, 1296.6480712890625, 1972.985595703125], [89.98983764648438, 1450.7943115234375, 720.6702270507812, 2098.078369140625], [204, 1939, 250, 1977], [727, 978, 766, 1016], [1060, 981, 1103, 1051], [566, 1795, 614, 1852], [831, 1682, 923, 1754], [236, 1073, 281, 1111], [1142, 1653, 1197, 1725]], "labels": [0, 0, 0, 0, 0, 0, 0, 0, 0, 0, 1, 1, 1, 1, 1, 1, 1, 1, 1, 1, 1, 1, 1, 1, 1, 1, 2, 2, 2, 2, 2, 2, 3, 3, 3, 3, 3, 3, 3], "image_id": 192}, "character_clusters": [0, 1, 2, 0, 3, 1, 1, 0, 0, 0], "text_char_matches": [[0, 8], [2, 6], [4, 8], [3, 8], [5, 7], [6, 9], [8, 9], [9, 9], [10, 0], [11, 0], [14, 4], [15, 4]], "text_tail_matches": [[6, 1], [5, 2], [8, 5], [9, 5], [10, 6], [11, 4], [14, 3], [15, 0]], "text_classification": [1, 0, 1, 1, 1, 1, 1, 0, 1, 1, 1, 1, 0, 0, 1, 1], "character_names": ["Riko Aida", "none", "none", "Riko Aida", "Shinji Koganei", "none", "none", "Riko Aida", "Riko Aida", "Riko Aida"]}