{"bbox_annotations": {"bboxes_as_x1y1x2y2": [[428.75, 817.25, 758.0270385742188, 1131.081298828125], [647.5, 313.25, 892.5, 587.7528686523438], [908.9015502929688, 687.8681030273438, 1307.7708740234375, 1131.4276123046875], [105.37525939941406, 66.5, 337.4458312988281, 595.9717407226562], [580.1165771484375, 493.050537109375, 726.764892578125, 599.6333618164062], [175.36611938476562, 768.4038696289062, 378.9512634277344, 1127.5135498046875], [1039.2664794921875, 167.10293579101562, 1101.3089599609375, 206.8090362548828], [853.7418212890625, 200.24159240722656, 957.25, 271.8929443359375], [730.4837036132812, 120.88966369628906, 835.6878662109375, 287.0], [428.708740234375, 119.92874908447266, 581.98193359375, 325.5], [228.9481658935547, 56.07361602783203, 407.75, 162.45782470703125], [118.69939422607422, 147.0091552734375, 189.8598175048828, 191.64292907714844], [1187.736083984375, 758.988525390625, 1302.4346923828125, 829.9237060546875], [744.1458740234375, 705.25, 885.5, 973.4400024414062], [191.6461944580078, 745.6931762695312, 275.8091735839844, 784.9293823242188], [114.53197479248047, 841.88818359375, 223.31838989257812, 970.30322265625], [1204, 1433.25, 1361.6617431640625, 1476.0970458984375], [1048.8270263671875, 1600.3104248046875, 1207.416259765625, 1641.4501953125], [794.01806640625, 1605.930419921875, 910.8438720703125, 1688.7457275390625], [372.75, 1513.75, 826.0, 1678.25], [369.25, 1715, 894.25, 1877.75], [383.734375, 1825.25, 871.5, 1974.0], [395.5, 1646.75, 736.75, 1769.25], [441, 1373.75, 497, 1435.1696777343752], [434.9150695800781, 2000.25, 654.5, 2070.25], [970.7108764648438, -1.5981048345565796, 1397.720703125, 606.065673828125], [413.67626953125, 0.14269351959228516, 959.9962768554688, 602.0951538085938], [107.33197021484375, -2.10870361328125, 412.1729431152344, 609.1299438476562], [899.8873291015625, 651.5988159179688, 1310.3631591796875, 1136.1036376953125], [100.46788024902344, 654.2208862304688, 900.770263671875, 1134.620849609375], [106.27216339111328, 1180.586181640625, 1390.622802734375, 2092.6591796875], [530, 351, 570, 400], [1231, 913, 1273, 958], [724, 976, 770, 1015], [212, 900, 251, 942], [154, 229, 212, 282]], "labels": [0, 0, 0, 0, 0, 0, 1, 1, 1, 1, 1, 1, 1, 1, 1, 1, 1, 1, 1, 1, 1, 1, 1, 1, 1, 2, 2, 2, 2, 2, 2, 3, 3, 3, 3, 3], "image_id": 196}, "character_clusters": [0, 0, 0, 1, 1, 1], "text_char_matches": [[1, 1], [2, 1], [3, 4], [4, 3], [6, 2], [7, 0], [9, 5], [8, 5], [10, 5], [11, 5], [0, 1], [5, 3]], "text_tail_matches": [[3, 0], [5, 4], [6, 1], [7, 2], [8, 3], [9, 3]], "text_classification": [1, 1, 1, 1, 1, 1, 1, 1, 1, 1, 1, 1, 0, 0, 0, 0, 0, 0, 0], "character_names": ["Shinji Koganei", "Shinji Koganei", "Shinji Koganei", "Riko Aida", "Riko Aida", "Riko Aida"]}