{"bbox_annotations": {"bboxes_as_x1y1x2y2": [[222.66600036621094, 375.7001647949219, 455.97906494140625, 643.2987060546875], [642.2107543945312, 714.6918334960938, 740.0979614257812, 804.6527099609375], [173.47406005859375, 1543.5228271484375, 211.75088500976562, 1612.4453125], [731.5, 882, 1398.25, 2106.8203125], [314.9635009765625, 897.75, 472.5, 1105.59814453125], [257.74542236328125, 708.2909545898438, 352.93267822265625, 801.9923095703125], [725.1536865234375, 430.1385803222656, 904.6426391601562, 640.5488891601562], [805.9682006835938, 712.5328369140625, 952.0, 938.7338256835938], [680.3817138671875, 2.347527503967285, 1289.515380859375, 645.223443031311], [417.48223876953125, 713.9392700195312, 559.119873046875, 876.1981201171875], [105, 1534.75, 162.75, 1615.25], [442.91827392578125, 290.5531005859375, 745.88232421875, 643.6550903320312], [482.5934753417969, 969.5, 626.5, 1110.925537109375], [705.4653930664062, 995.75, 1032.5, 2103.884033203125], [133, 817.25, 273.9955139160156, 1105.529541015625], [178.5, 712.25, 252.0, 736.75], [680.75, 1055.25, 766.5, 1111.25], [269.5, 1634.5, 325.5, 1736.0], [98, 1589, 145.25, 1650.25], [1151.055419921875, 155.3582763671875, 1263.5, 285.25], [1023.75, 342.5789794921875, 1205.75, 474.25], [112.16250610351562, 306.25, 223.65269470214844, 395.8463134765625], [1023.75, 1405.25, 1167.25, 1603.0], [885.5, 1617, 955.5, 1860.25], [154.6245880126953, 1712.7020263671875, 288.4686279296875, 1841.8907470703125], [-1.0553479194641113, 3.989879846572876, 1298.747802734375, 647.791015625], [-3.983151912689209, 703.55029296875, 1298.9229736328125, 1117.2032470703125], [555.279296875, 1158.5133056640625, 1376.2060546875, 2096.276123046875], [67.213134765625, 1172.050048828125, 553.3529663085938, 1964.706787109375]], "labels": [0, 0, 0, 0, 0, 0, 0, 0, 0, 0, 0, 0, 0, 0, 0, 0, 0, 0, 0, 1, 1, 1, 1, 1, 1, 2, 2, 2, 2], "image_id": 219}, "character_clusters": [0, 1, 2, 3, 4, 5, 6, 7, 3, 8, 9, 10, 11, 12, 12, 13, 14, 15, 16], "text_char_matches": [[0, 8], [1, 8], [2, 8]], "text_tail_matches": [], "text_classification": [1, 1, 1, 0, 0, 1], "character_names": ["Tetsuya Kuroko", "none", "none", "Taiga Kagami", "none", "none", "none", "none", "Taiga Kagami", "none", "none", "none", "none", "none", "none", "none", "none", "none", "none"]}