{"bbox_annotations": {"bboxes_as_x1y1x2y2": [[69.73312377929688, -6.50823450088501, 519.75, 1099.491765499115], [811.19873046875, 1020.25, 1153.941162109375, 1384.25], [459.8189392089844, 141.32325744628906, 1258.25, 1020.3277740478516], [1157.256103515625, 1866.2625732421875, 1400.799072265625, 2103.370361328125], [71.75, 1148, 299.25, 1625.75], [400.75, 1310.75, 1058.75, 1800.75], [1044.75, 448, 1398.25, 913.5], [294, 0, 791, 652.75], [859.25, 484.75, 1002.75, 691.25], [70, 1519, 1398.25, 2098.25], [514.5, 1575, 595.0, 1669.5], [68.5129165649414, 0.31642913818359375, 1393.609130859375, 1121.5411376953125], [67.84780883789062, 969.9854125976562, 1395.68212890625, 2095.897216796875]], "labels": [0, 0, 0, 0, 0, 0, 1, 1, 1, 1, 1, 2, 2], "image_id": 230}, "character_clusters": [0, 1, 2, 3, 4, 2], "text_char_matches": [], "text_tail_matches": [], "text_classification": [0, 0, 0, 0, 0], "character_names": ["none", "none", "Tetsuya Kuroko", "none", "none", "Tetsuya Kuroko"]}