{"bbox_annotations": {"bboxes_as_x1y1x2y2": [[361.33135986328125, 414.27703857421875, 670.4694213867188, 1119.418701171875], [109.6954345703125, 232.2838897705078, 317.2893371582031, 1164.746353149414], [227.31507873535156, 551.25, 427.7752685546875, 1143.166259765625], [1187.6199951171875, 149.0731964111328, 1301.3948974609375, 736.0875396728516], [840, 1408.2659912109375, 1048.8563232421875, 1645.165771484375], [505.9173583984375, 196.70225524902344, 587.2333374023438, 278.672119140625], [280.9449462890625, 101.67554473876953, 491.3088073730469, 337.75], [500.2472229003906, 286.4658508300781, 589.6397705078125, 348.6864013671875], [500.5, 742, 621.25, 925.75], [320.25, 803.25, 423.5, 931.0], [609.9240112304688, 2.447068691253662, 1393.20947265625, 2101.80859375], [115.97415924072266, -13.340216636657715, 706.3075561523438, 1166.2261962890625], [109.37796020507812, 1135.332763671875, 767.3453369140625, 2097.658203125]], "labels": [0, 0, 0, 1, 1, 1, 1, 1, 1, 1, 2, 2, 2], "image_id": 238}, "character_clusters": [0, 1, 2], "text_char_matches": [[4, 0], [2, 0]], "text_tail_matches": [], "text_classification": [1, 1, 0, 1, 1, 0, 0], "character_names": ["Junpei Hy\u016bga", "none", "none"]}