{"bbox_annotations": {"bboxes_as_x1y1x2y2": [[433.4848937988281, 61.25, 811.7594604492188, 1091.435230255127], [977.9154052734375, 516.63134765625, 1278.9769287109375, 1091.2259521484375], [-0.2791076898574829, 218.38893127441406, 273.46344602108, 1089.024429321289], [702.4782104492188, 1088.5538330078125, 1249.9381103515625, 1415.0555419921875], [740.25, 205.50338745117188, 907.0180053710938, 463.75], [271.25, 207.85240173339844, 423.5, 356.6689758300781], [221.59231567382812, 421.75, 372.75, 632.5492553710938], [31.762680053710938, 756, 176.75, 1022.8569335937499], [240.29649353027344, 1233.8587646484375, 297.1223449707031, 1266.0032958984375], [1020.25, 1587.25, 1183.0, 1661.82861328125], [811.2806396484375, 1569.775634765625, 854.36474609375, 1600.065185546875], [238.48684692382812, 1611.75, 373.1632385253906, 1750.345703125], [112.0082778930664, 1792.8197021484375, 229.10487365722656, 1866.5987548828125], [429.7652587890625, -7.763028144836426, 1274.1697998046875, 1108.767578125], [-6.45729923248291, 145.4840850830078, 427.9626159667969, 1101.4371337890625], [563.7047119140625, 1081.110107421875, 1273.17919921875, 1417.5042724609375], [111.8490219116211, 1403.9569091796875, 1276.3565673828125, 2098.25048828125]], "labels": [0, 0, 0, 0, 1, 1, 1, 1, 1, 1, 1, 1, 1, 2, 2, 2, 2], "image_id": 215}, "character_clusters": [0, 1, 0, 0], "text_char_matches": [[0, 1], [2, 1], [1, 1], [3, 1], [5, 3], [7, 3], [8, 3], [6, 1], [4, 3]], "text_tail_matches": [], "text_classification": [1, 1, 1, 1, 1, 1, 1, 1, 1], "character_names": ["Tetsuya Kuroko", "Taiga Kagami", "Tetsuya Kuroko", "Tetsuya Kuroko"]}