{"bbox_annotations": {"bboxes_as_x1y1x2y2": [[77.47340393066406, 253.5673828125, 523.8106231689453, 2090.3515625], [566.3180541992188, 253.1931915283203, 1095.7552490234375, 1925.2449493408203], [208.25, 0, 616.0, 1634.5], [1057.3621826171875, 781.425537109375, 1220.5201416015625, 988.2845458984375], [78.44692993164062, 0.38239359855651855, 1390.138671875, 2099.686767578125], [1015, 771, 1058, 812]], "labels": [0, 0, 0, 1, 2, 3], "image_id": 368}, "character_clusters": [0, 1, 2], "text_char_matches": [[0, 1]], "text_tail_matches": [[0, 0]], "text_classification": [1], "character_names": ["Issei Ichij\u014d", "Chitoge Kirisaki", "Adelt Wogner Kirisaki"]}