{"bbox_annotations": {"bboxes_as_x1y1x2y2": [[0.9792134165763855, 1189.333251953125, 187.5741383433342, 1507.6376953125], [1.4797359704971313, -3.391662120819092, 666.75, 1024.8445439338684], [682.9988403320312, 414.01373291015625, 1051.503662109375, 1026.8193359375], [225.50253295898438, 1382.46142578125, 315.8749694824219, 1502.6051025390625], [126.0779037475586, 1310.955810546875, 270.37389373779297, 1507.929443359375], [295.7432861328125, 1370.854248046875, 424.80450439453125, 1503.8388671875], [488.805908203125, 1090.9931640625, 903.0800170898438, 1497.665283203125], [914.2862548828125, 1094.6846923828125, 1314.3157958984375, 1481.5048828125], [1039.53271484375, 616.979248046875, 1244.9703369140625, 849.92578125], [470.7972106933594, 233.9844207763672, 734.7882690429688, 377.4571228027344], [1133.6239013671875, 1191.4637451171875, 1253.0631103515625, 1370.764404296875], [594.9229125976562, 1079.1048583984375, 810.084716796875, 1140.527099609375], [386.3924255371094, 1205.3050537109375, 532.5531005859375, 1387.86279296875], [1095.9525146484375, 1634.5, 1251.50341796875, 1833.67431640625], [970.1985473632812, 1870.8516845703125, 1120.70263671875, 1957.43115234375], [1102.5, 1923.25, 1239.0, 2030.0], [556.8661499023438, 1680, 684.4603881835938, 1799.3061523437502], [151.23745727539062, 1746.5, 303.16046142578125, 1898.115966796875], [-2.842813730239868, -3.18328595161438, 1319.8321533203125, 1047.99951171875], [904.98974609375, 1072.0885009765625, 1312.626708984375, 1490.9422607421875], [467.9686584472656, 1084.166259765625, 901.10888671875, 1509.360595703125], [-10.886430740356445, 1089.493408203125, 484.1273193359375, 1525.134765625], [797.5407104492188, 1525.093994140625, 1313.9068603515625, 2093.944091796875], [514.08935546875, 1547.16748046875, 764.6695556640625, 1903.530029296875], [133.53033447265625, 1631.3465576171875, 319.0113830566406, 2015.0977783203125]], "labels": [0, 0, 0, 0, 0, 0, 0, 0, 1, 1, 1, 1, 1, 1, 1, 1, 1, 1, 2, 2, 2, 2, 2, 2, 2], "image_id": 335}, "character_clusters": [0, 1, 2, 3, 4, 5, 2, 1], "text_char_matches": [[0, 2], [2, 7], [4, 7], [5, 7], [8, 7], [9, 7]], "text_tail_matches": [], "text_classification": [1, 0, 1, 0, 1, 1, 0, 0, 1, 1], "character_names": ["none", "Raku Ichij\u014d", "Chitoge Kirisaki", "none", "none", "none", "Chitoge Kirisaki", "Raku Ichij\u014d"]}