{"bbox_annotations": {"bboxes_as_x1y1x2y2": [[459.9230041503906, 1175.1966552734375, 706.3409423828125, 1982.81591796875], [31.243267059326172, 1599.04931640625, 440.6117362976074, 2097.65234375], [-4.626023769378662, 0, 959.6239762306213, 727.49320936203], [1137.5, 325.02130126953125, 1261.75, 662.9484252929688], [61.25, 1067.5, 435.083927154541, 1452.5], [890.805419921875, 1130.9869384765625, 1054.414306640625, 1362.91796875], [735, 1361.5, 999.25, 2009.0], [1130.870361328125, 211.8630828857422, 1264.58837890625, 263.7554626464844], [1214.99072265625, 278.4335632324219, 1304.852783203125, 329.7012939453125], [915.7492065429688, 242.08921813964844, 1082.93896484375, 376.0673522949219], [591.5503540039062, 180.72410583496094, 698.5294799804688, 230.80751037597656], [174.86793518066406, 546.1499633789062, 283.160400390625, 607.7589721679688], [1137.9500732421875, 736.083740234375, 1276.980712890625, 806.4810180664062], [1118.275634765625, 852.5191040039062, 1237.67333984375, 1010.9556274414062], [640.119140625, 758.8884887695312, 761.2986450195312, 833.6444091796875], [532.7842407226562, 858.4398803710938, 701.164306640625, 1020.0496826171875], [260.23822021484375, 813.23388671875, 410.28387451171875, 924.6182250976562], [62.57748031616211, 816.6638793945312, 168.10068893432617, 901.3511962890625], [1040.3638916015625, 1318.5489501953125, 1204.0, 1436.75], [1205.75, 1629.25, 1321.25, 1750.0], [529.3421630859375, 1100.218017578125, 739.408447265625, 1193.2108154296875], [286.4515380859375, 1193.18701171875, 416.5699768066406, 1269.882568359375], [130.87872314453125, 1487.987548828125, 265.0191345214844, 1713.1854248046875], [980.0314331054688, 12.62962818145752, 1312.4569091796875, 672.5838623046875], [-1.5107989311218262, -4.640731334686279, 990.942626953125, 712.97119140625], [708.951416015625, 711.2440795898438, 1317.9034423828125, 1079.0869140625], [7.91337776184082, 746.8596801757812, 570.7808227539062, 1035.6182861328125], [453.6507873535156, 1068.04052734375, 1336.2449951171875, 2099.25439453125], [1.385253667831421, 1049.445068359375, 441.1046447753906, 2093.505859375], [1028, 937, 1092, 991]], "labels": [0, 0, 0, 0, 0, 0, 0, 1, 1, 1, 1, 1, 1, 1, 1, 1, 1, 1, 1, 1, 1, 1, 1, 2, 2, 2, 2, 2, 2, 3], "image_id": 327}, "character_clusters": [0, 1, 0, 1, 0, 0, 0], "text_char_matches": [[2, 3], [7, 3], [8, 3], [15, 1], [6, 2], [5, 2]], "text_tail_matches": [[5, 0], [6, 0]], "text_classification": [0, 0, 1, 1, 1, 1, 1, 1, 1, 0, 1, 0, 1, 0, 0, 1], "character_names": ["Chitoge Kirisaki", "Raku Ichij\u014d", "Chitoge Kirisaki", "Raku Ichij\u014d", "Chitoge Kirisaki", "Chitoge Kirisaki", "Chitoge Kirisaki"]}