{"bbox_annotations": {"bboxes_as_x1y1x2y2": [[859.1973876953125, 290.5, 1287.127197265625, 936.29052734375], [805.6513061523438, 1131.06298828125, 1060.5, 2044.0], [342.09893798828125, 230.68284606933594, 592.0678100585938, 964.25], [75.76708984375, 1775.6378173828125, 695.838134765625, 2099.22021484375], [102.91482543945312, 554.75, 309.75, 967.75], [601.1439208984375, -1.3594999313354492, 789.9888916015625, 950.4661226272583], [980.722900390625, 1324.782958984375, 1401.6168212890625, 2098.301513671875], [75.3570327758789, 1023.9521484375, 681.6930923461914, 1734.25], [1108.0966796875, 126.34141540527344, 1255.6790771484375, 248.67604064941406], [812.4205322265625, 170.7291717529297, 919.9974365234375, 225.5346221923828], [846.8262329101562, 613.7269287109375, 1027.6707763671875, 852.7958984375], [404.50762939453125, 127.13914489746094, 490.11065673828125, 176.1892547607422], [390.50982666015625, 622.7671508789062, 563.9650268554688, 788.01416015625], [276.5408630371094, 745.7682495117188, 372.9873046875, 855.6256713867188], [155.43234252929688, 866.672607421875, 231.0378875732422, 930.9484252929688], [1234.3388671875, 1077.470703125, 1325.4813232421875, 1157.3944091796875], [1089.7271728515625, 1065.20556640625, 1253.19677734375, 1288.687744140625], [1083.757568359375, 1661.6376953125, 1235.958740234375, 1886.8807373046875], [766.353515625, 1714.064453125, 932.9057006835938, 1967.638427734375], [448.0019226074219, 1057.3056640625, 640.2728271484375, 1248.0938720703125], [487.7648620605469, 1470.1173095703125, 667.705322265625, 1630.6300048828125], [552.748779296875, 1786.8690185546875, 674.0314331054688, 1840.284423828125], [802.398681640625, -5.302096843719482, 1403.3057861328125, 947.1583862304688], [601.047607421875, -6.838774681091309, 791.79638671875, 960.5501098632812], [73.34192657470703, -1.572789192199707, 593.3775024414062, 974.8638305664062], [670.192626953125, 970.5262451171875, 1401.0977783203125, 2099.045654296875], [73.88854217529297, 1007.3121337890625, 682.0090942382812, 1745.2236328125], [74.28666687011719, 1767.3912353515625, 686.521728515625, 2098.708251953125], [1037, 1215, 1082, 1255], [463, 1289, 508, 1329], [449, 1525, 490, 1566], [878, 1640, 913, 1695], [472, 479, 509, 532], [173, 791, 210, 839], [440, 217, 480, 278]], "labels": [0, 0, 0, 0, 0, 0, 0, 0, 1, 1, 1, 1, 1, 1, 1, 1, 1, 1, 1, 1, 1, 1, 2, 2, 2, 2, 2, 2, 3, 3, 3, 3, 3, 3, 3], "image_id": 362}, "character_clusters": [0, 1, 1, 1, 0, 1, 0, 1], "text_char_matches": [[0, 0], [2, 0], [4, 2], [3, 2], [8, 1], [7, 1], [9, 1], [10, 1], [12, 7], [11, 7], [6, 4], [13, 3]], "text_tail_matches": [[4, 4], [3, 6], [6, 5], [7, 0], [8, 0], [10, 3], [11, 1], [12, 2]], "text_classification": [1, 0, 1, 1, 1, 0, 1, 1, 1, 1, 1, 1, 1, 1], "character_names": ["Raku Ichij\u014d", "Kosaki Onodera", "Kosaki Onodera", "Kosaki Onodera", "Raku Ichij\u014d", "Kosaki Onodera", "Raku Ichij\u014d", "Kosaki Onodera"]}