{"bbox_annotations": {"bboxes_as_x1y1x2y2": [[152.87841796875, 112.12071228027344, 577.678955078125, 691.5914154052734], [540.6673583984375, 1282.802978515625, 1413.1044921875, 2102.90283203125], [78.42567443847656, 1288.6724853515625, 538.0515289306641, 2094.96435546875], [588.9760131835938, 4.269102096557617, 1048.61865234375, 688.3839702606201], [121.5864486694336, 758.9558715820312, 426.1510238647461, 1000.2554931640625], [956.6248779296875, 985.547119140625, 1060.72119140625, 1163.4791259765625], [765.165771484375, 832.5196533203125, 945.6777954101562, 1154.64697265625], [1133.7366943359375, 212.72633361816406, 1309.067138671875, 331.6499328613281], [871.581787109375, 362.25, 1041.466796875, 591.8742065429688], [148.2954559326172, 74.78578186035156, 312.5914611816406, 390.55799865722656], [1182.3936767578125, 799.4050903320312, 1312.8748779296875, 875.0390625], [547.4204711914062, 850.5, 718.4417724609375, 1050.6990966796875], [376.2082214355469, 1008.3884887695312, 500.63037109375, 1089.125244140625], [301, 1100.3233642578125, 374.786865234375, 1142.75], [351.7408752441406, 1166.68212890625, 433.3071594238281, 1216.6859130859375], [129.54588317871094, 1021.0198364257812, 278.0276794433594, 1167.697265625], [1027.353271484375, 1309.4619140625, 1300.236328125, 1393.1741943359375], [843.140625, 1293.2611083984375, 1017.0623168945312, 1352.935302734375], [357.7264709472656, 1358.5, 580.916748046875, 1593.857421875], [175.8215789794922, 1816.3951416015625, 399.91766357421875, 1996.4610595703125], [1081.6246337890625, 12.33945369720459, 1350.2806396484375, 695.31298828125], [591.3264770507812, 2.7832746505737305, 1068.4224853515625, 696.6248168945312], [75.46536254882812, -2.0632669925689697, 576.8137817382812, 695.553955078125], [466.8133850097656, 742.5691528320312, 1399.338134765625, 1219.125], [77.17489624023438, 752.9784545898438, 473.8351135253906, 1231.567626953125], [535.4735107421875, 1267.4205322265625, 1398.176513671875, 2098.0556640625], [74.03580474853516, 1273.2999267578125, 541.93798828125, 2091.416748046875], [252, 1715, 288, 1764], [334, 1560, 382, 1601], [183, 935, 243, 1005], [337, 930, 417, 1012]], "labels": [0, 0, 0, 0, 0, 0, 0, 1, 1, 1, 1, 1, 1, 1, 1, 1, 1, 1, 1, 1, 2, 2, 2, 2, 2, 2, 2, 3, 3, 3, 3], "image_id": 370}, "character_clusters": [0, 1, 2, 0, 1, 1, 0], "text_char_matches": [[0, 5], [1, 5], [2, 5], [3, 5], [4, 5], [9, 1], [5, 4], [8, 4], [11, 2], [12, 2]], "text_tail_matches": [[5, 3], [8, 2], [11, 1], [12, 0]], "text_classification": [1, 1, 1, 1, 1, 1, 0, 0, 1, 1, 0, 1, 1], "character_names": ["Chitoge Kirisaki", "Raku Ichij\u014d", "Issei Ichij\u014d", "Chitoge Kirisaki", "Raku Ichij\u014d", "Raku Ichij\u014d", "Chitoge Kirisaki"]}