{"bbox_annotations": {"bboxes_as_x1y1x2y2": [[865.9942016601562, 705.7047119140625, 1191.345947265625, 1075.18017578125], [534.8604736328125, 1377.25, 750.703857421875, 2097.26123046875], [736.5897827148438, 886.777099609375, 857.1533203125, 1071.904052734375], [783.6373291015625, 1377.00341796875, 974.054443359375, 2103.783203125], [76.72663879394531, 703.3212280273438, 480.54859924316406, 1075.9224853515625], [932.3519287109375, 0, 1400.7513427734375, 640.3880424499512], [666.75, 173.25, 981.91748046875, 637.53759765625], [1029.510986328125, 81.6574478149414, 1322.119140625, 198.47064208984375], [902.916015625, 400.02215576171875, 1017.7161865234375, 443.83538818359375], [607.0281372070312, 81.80574035644531, 796.775634765625, 366.5606231689453], [349.9356689453125, 109.0032730102539, 563.7695922851562, 346.06681060791016], [181.86537170410156, 88.09599304199219, 323.3836364746094, 219.5779266357422], [134.08595275878906, 376.25, 278.77752685546875, 550.6723022460938], [1132.1961669921875, 709.9786376953125, 1327.152099609375, 1064.9560546875], [683.114990234375, 716.2381591796875, 875.1936645507812, 862.3395385742188], [661.5361938476562, 984.3527221679688, 742.2057495117188, 1051.130859375], [510.98028564453125, 714.7459106445312, 640.8212280273438, 934.2396850585938], [402.7056884765625, 879.1422119140625, 548.0245971679688, 1070.9847412109375], [1008, 1237.25, 1280.01513671875, 1444.5444335937498], [1032.0982666015625, 1659.0032958984375, 1154.0584716796875, 1725.5167236328125], [1198.3603515625, 1822.0201416015625, 1324.2156982421875, 1881.66748046875], [1084.5955810546875, 1904.5848388671875, 1192.4365234375, 1965.57958984375], [215.05075073242188, 1326.72216796875, 467.3392028808594, 1391.25], [444.393798828125, 1764, 564.8391723632812, 1842.114990234375], [339.5, 1660.75, 459.65917968750006, 1733.3880615234375], [308, 1942.5, 428.75, 1997.8461914062498], [593.25146484375, -5.120225429534912, 1398.101806640625, 642.4853515625], [81.09205627441406, -2.9934659004211426, 590.1444702148438, 642.639892578125], [657.1393432617188, 686.3073120117188, 1384.62744140625, 1076.86572265625], [78.042236328125, 692.1170043945312, 650.7353515625, 1083.1495361328125], [73.34713745117188, 1131.3995361328125, 1395.5057373046875, 2099.8154296875], [375, 972, 418, 1031], [732, 1009, 772, 1047], [740, 870, 793, 911]], "labels": [0, 0, 0, 0, 0, 0, 0, 1, 1, 1, 1, 1, 1, 1, 1, 1, 1, 1, 1, 1, 1, 1, 1, 1, 1, 1, 2, 2, 2, 2, 2, 3, 3, 3], "image_id": 342}, "character_clusters": [0, 1, 2, 0, 2, 0, 1], "text_char_matches": [[0, 5], [2, 5], [4, 5], [3, 5], [5, 6], [6, 0], [7, 2], [8, 0], [9, 4], [10, 4], [11, 3]], "text_tail_matches": [[7, 2], [8, 1], [9, 0], [10, 0]], "text_classification": [1, 1, 1, 1, 1, 1, 1, 1, 1, 1, 1, 1, 0, 0, 0, 1, 0, 0, 0], "character_names": ["Raku Ichij\u014d", "Chitoge Kirisaki", "Kyoko Hihara", "Raku Ichij\u014d", "Kyoko Hihara", "Raku Ichij\u014d", "Chitoge Kirisaki"]}