{"bbox_annotations": {"bboxes_as_x1y1x2y2": [[-14.225507736206055, 1458.6824951171875, 1038.100664138794, 2096.984619140625], [580.8212280273438, 82.4093246459961, 1063.64111328125, 1672.0466537475586], [-5.094888687133789, 1.0633796453475952, 659.1139736175537, 1435.38674390316], [1106.4422607421875, 544.4714965820312, 1255.1826171875, 599.4114990234375], [1028.2447509765625, 910.5873413085938, 1205.5755615234375, 1070.881591796875], [519.3377075195312, 955.5, 695.4207763671875, 1172.8385009765625], [142.74012756347656, 585.950927734375, 268.9926452636719, 635.8612060546875], [395.0233154296875, 1020.25, 539.3272705078125, 1310.2845458984375], [79.24266815185547, 1096.118408203125, 206.2232208251953, 1139.2886962890625], [1127.519775390625, 1633.8238525390625, 1233.4534912109375, 1715.5260009765625], [892.3172607421875, 1760.436767578125, 1087.23291015625, 1912.4686279296875], [711.5668334960938, 1486.5833740234375, 819.5616455078125, 1545.3675537109375], [195.42343139648438, 1545.900146484375, 300.3680419921875, 1596.06494140625], [110.88995361328125, 1689.8170166015625, 267.68084716796875, 1893.1319580078125], [627.7421875, -2.7788310050964355, 1307.6094970703125, 1542.185302734375], [2.7834625244140625, 4.852956771850586, 655.9246215820312, 1427.46044921875], [-1.3816237449645996, 1448.97705078125, 1304.4774169921875, 2097.58447265625], [291, 1621, 341, 1671], [164, 978, 200, 1020]], "labels": [0, 0, 0, 1, 1, 1, 1, 1, 1, 1, 1, 1, 1, 1, 2, 2, 2, 3, 3], "image_id": 321}, "character_clusters": [0, 0, 0], "text_char_matches": [[1, 1], [2, 2], [4, 2], [5, 2], [6, 0], [7, 0], [9, 0], [10, 0]], "text_tail_matches": [[5, 1], [9, 0], [10, 0]], "text_classification": [0, 1, 1, 0, 1, 1, 1, 1, 0, 1, 1], "character_names": ["Raku Ichij\u014d", "Raku Ichij\u014d", "Raku Ichij\u014d"]}