{"bbox_annotations": {"bboxes_as_x1y1x2y2": [[703.1377563476562, 986.5671997070312, 1141.137451171875, 1291.2484130859375], [285.21661376953125, 1363.417724609375, 562.34521484375, 2103.637939453125], [984.7735595703125, 620.423828125, 1280.8255615234375, 926.235595703125], [-9.011345863342285, 3.8685433864593506, 715.5100164413452, 454.42078948020935], [794.9666137695312, 1398.5592041015625, 1008.935791015625, 2102.9521484375], [316.82708740234375, 991.2398071289062, 681.3436279296875, 1290.3385009765625], [756.7940063476562, 486.0459899902344, 989.4927978515625, 924.3775634765625], [6.150216102600098, 523.7522583007812, 730.5717859268188, 920.562744140625], [1091.1668701171875, 168.6638641357422, 1261.403564453125, 310.2301025390625], [824.3836059570312, 234.8817901611328, 1074.9664306640625, 345.2146911621094], [596.8521728515625, 154.80352783203125, 741.5072631835938, 255.6942901611328], [114.01187133789062, 193.16302490234375, 231.60873413085938, 343.145751953125], [565.5936889648438, 553.7346801757812, 720.1707153320312, 766.2715454101562], [104.5714340209961, 721.64306640625, 289.1214828491211, 787.8084106445312], [1150.37109375, 1033.3233642578125, 1272.065673828125, 1213.332763671875], [121.41447448730469, 986.7822875976562, 322.0668029785156, 1239.3292236328125], [576.9042358398438, 1414.06201171875, 776.2401733398438, 1689.260009765625], [757.7327880859375, 0.5109116435050964, 1328.1890869140625, 929.4581298828125], [-8.478790283203125, 4.130555152893066, 748.2791137695312, 460.74835205078125], [-3.0067861080169678, 514.289306640625, 745.9154663085938, 931.7265625], [696.656494140625, 975.51904296875, 1323.5462646484375, 1292.8629150390625], [56.6581916809082, 974.7334594726562, 684.9213256835938, 1296.9522705078125], [3.46640944480896, 1335.176513671875, 1331.29345703125, 2092.971435546875]], "labels": [0, 0, 0, 0, 0, 0, 0, 0, 1, 1, 1, 1, 1, 1, 1, 1, 1, 2, 2, 2, 2, 2, 2], "image_id": 371}, "character_clusters": [0, 1, 0, 0, 0, 1, 1, 1], "text_char_matches": [[3, 2], [4, 2], [5, 2], [6, 0], [7, 0], [8, 4]], "text_tail_matches": [], "text_classification": [1, 1, 1, 1, 1, 1, 1, 1, 1], "character_names": ["Raku Ichij\u014d", "Chitoge Kirisaki", "Raku Ichij\u014d", "Raku Ichij\u014d", "Raku Ichij\u014d", "Chitoge Kirisaki", "Chitoge Kirisaki", "Chitoge Kirisaki"]}