{"bbox_annotations": {"bboxes_as_x1y1x2y2": [[915.25, 1419.25, 1232.0, 1988.2133789062498], [11.874458312988281, 1.378713607788086, 670.248420715332, 859.0913600921631], [385.9482116699219, 920.5, 596.0191650390625, 1356.9835205078125], [115.50881958007812, 1105.510009765625, 216.46633911132812, 1346.9815673828125], [672.8839721679688, 4.100529670715332, 1321.25, 857.1110277175903], [686.138427734375, 920.5, 1207.5, 1349.8082275390627], [429.5596923828125, 1454.25, 762.275390625, 2102.1005859375], [807.9699096679688, 741.5961303710938, 988.716552734375, 825.9564208984375], [466.48974609375, 730.3199462890625, 643.6229858398438, 783.4905395507812], [1172.5, 1208.035888671875, 1239.9617919921875, 1233.75], [654.214599609375, 1105.591796875, 757.1166381835938, 1151.67431640625], [300.99114990234375, 1086.3485107421875, 401.01556396484375, 1134.079833984375], [1279.25, 1496.25, 1326.5, 1592.5], [1112.5689697265625, 1545.23486328125, 1277.5, 1618.9193115234375], [860.4797973632812, 1442.3883056640625, 985.6174926757812, 1607.609375], [644.114990234375, 1430.312255859375, 802.2105102539062, 1558.948974609375], [451.0313415527344, 1531.25, 575.75, 1657.3229980468748], [218.59144592285156, 1440.25, 393.8112487792969, 1536.6971435546875], [216.11181640625, 1895.7738037109375, 371.7096862792969, 1948.971435546875], [671.2015991210938, -6.0578718185424805, 1327.9912109375, 869.3762817382812], [-3.3134937286376953, -5.416814804077148, 672.16015625, 857.5972900390625], [612.3067626953125, 915.38232421875, 1330.0343017578125, 1359.59375], [-2.85908579826355, 917.0070190429688, 603.7338256835938, 1362.5938720703125], [824.142333984375, 1414.40380859375, 1326.6622314453125, 2096.70947265625], [429.7408447265625, 1401.8419189453125, 823.72314453125, 2104.031982421875], [0.5007833242416382, 1408.523681640625, 413.95306396484375, 2095.371337890625], [765, 1161, 804, 1194], [1124, 1274, 1169, 1313]], "labels": [0, 0, 0, 0, 0, 0, 0, 1, 1, 1, 1, 1, 1, 1, 1, 1, 1, 1, 1, 2, 2, 2, 2, 2, 2, 2, 3, 3], "image_id": 357}, "character_clusters": [0, 1, 0, 1, 0, 0, 2], "text_char_matches": [[3, 5], [10, 3], [9, 3], [8, 3], [7, 3], [2, 5]], "text_tail_matches": [[2, 1], [3, 0]], "text_classification": [0, 0, 1, 1, 0, 0, 0, 1, 1, 1, 1, 0], "character_names": ["Chitoge Kirisaki", "Raku Ichij\u014d", "Chitoge Kirisaki", "Raku Ichij\u014d", "Chitoge Kirisaki", "Chitoge Kirisaki", "Kosaki Onodera"]}