{"bbox_annotations": {"bboxes_as_x1y1x2y2": [[85.51261901855469, 1382.5, 729.8434295654297, 2100.44677734375], [750.4906616210938, 1381.599853515625, 1402.2357177734375, 2098.65283203125], [883.2214965820312, 590.2977905273438, 1026.2333984375, 1203.5784912109375], [392, 70, 707, 421.8683853149414], [624.9689331054688, 863.596923828125, 832.1199340820312, 1148.166748046875], [783.8170166015625, 1887.5081787109375, 907.1791381835938, 1935.5478515625], [509.0652160644531, 1891.549560546875, 664.806884765625, 1940.7716064453125], [78.61966705322266, 4.760831832885742, 1397.626953125, 1317.8094482421875], [738.0458374023438, 1368.19140625, 1396.7095947265625, 2097.419677734375], [82.28388214111328, 1375.767578125, 735.9694213867188, 2101.223876953125], [913, 1824, 949, 1866], [510, 1792, 546, 1835]], "labels": [0, 0, 0, 0, 1, 1, 1, 2, 2, 2, 3, 3], "image_id": 328}, "character_clusters": [0, 1, 1, 0], "text_char_matches": [[0, 2], [1, 1], [2, 0]], "text_tail_matches": [[1, 0], [2, 1]], "text_classification": [1, 1, 1], "character_names": ["Chitoge Kirisaki", "Raku Ichij\u014d", "Raku Ichij\u014d", "Chitoge Kirisaki"]}