{"bbox_annotations": {"bboxes_as_x1y1x2y2": [[193.92593383789062, 1881.25, 421.75, 2099.421875], [155.7288818359375, 1390.3131103515625, 407.64324951171875, 1754.932373046875], [373.7942810058594, 1394.9708251953125, 574.550537109375, 1767.3719482421875], [597.3458862304688, 506.07464599609375, 823.75439453125, 850.1263427734375], [206.35740661621094, 920.2078247070312, 490.8579559326172, 1188.8538818359375], [593.25, 1453.359130859375, 1395.5620117187502, 2098.25], [820.75, 514.5, 1081.5, 861.0], [1095.5, 623, 1398.25, 854], [791.4979858398438, 426.41839599609375, 974.3392944335938, 483.4844665527344], [190.75, 214.53579711914062, 331.591064453125, 803.5422668457031], [1161.444091796875, 1020.0250244140625, 1301.363037109375, 1069.1072998046875], [1003.8049926757812, 942.5199584960938, 1138.5662841796875, 1103.50537109375], [555.45654296875, 964.25, 733.7008666992188, 1092.246826171875], [114.83625030517578, 1026.41015625, 217.1671905517578, 1106.5772705078125], [1216.438720703125, 1338.2825927734375, 1321.9149169921875, 1422.7882080078125], [1101.53466796875, 1413.505859375, 1227.0819091796875, 1504.4749755859375], [767.5006103515625, 1355.9342041015625, 897.6092529296875, 1410.900146484375], [470.81494140625, 1292.9241943359375, 569.5951538085938, 1350.648193359375], [307.4396057128906, 1304.5120849609375, 478.7318420410156, 1385.87890625], [120.54164123535156, 1539.4810791015625, 235.80772399902344, 1615.767822265625], [134.77899169921875, 1681.0391845703125, 264.69476318359375, 1843.824462890625], [453.25, 1938.286376953125, 559.077880859375, 1988.0], [72.7469482421875, -4.50066614151001, 1396.1689453125, 861.8847045898438], [509.2251892089844, 917.5950927734375, 1401.75537109375, 1193.288330078125], [76.2643051147461, 910.0173950195312, 501.90948486328125, 1200.0234375], [581.22802734375, 1238.6212158203125, 1399.3460693359375, 2092.24658203125], [69.05892944335938, 1238.7069091796875, 573.3494873046875, 2096.310546875], [210, 1039, 249, 1080], [503, 1398, 538, 1445], [224, 1552, 258, 1591]], "labels": [0, 0, 0, 0, 0, 0, 0, 1, 1, 1, 1, 1, 1, 1, 1, 1, 1, 1, 1, 1, 1, 1, 2, 2, 2, 2, 2, 3, 3, 3], "image_id": 360}, "character_clusters": [0, 1, 2, 2, 1, 1, 1], "text_char_matches": [[5, 3], [4, 4], [3, 4], [6, 4], [8, 5], [7, 5], [11, 2], [12, 1], [13, 1], [2, 6]], "text_tail_matches": [[6, 0], [10, 1], [11, 1], [12, 2], [13, 2]], "text_classification": [0, 0, 1, 1, 1, 1, 1, 1, 1, 0, 1, 1, 1, 1, 0], "character_names": ["Chitoge Kirisaki", "Raku Ichij\u014d", "Kosaki Onodera", "Kosaki Onodera", "Raku Ichij\u014d", "Raku Ichij\u014d", "Raku Ichij\u014d"]}