{"bbox_annotations": {"bboxes_as_x1y1x2y2": [[1196.1644287109375, 1887.7279052734375, 1295.489501953125, 2084.6201171875], [757.7883911132812, 1825.898681640625, 807.9627685546875, 1916.8790283203125], [751.009033203125, 1826.6929931640625, 804.68115234375, 1922.6868896484375], [87.5, 0, 996.3849716186523, 1475.25], [1286.4501953125, 1832.5550537109375, 1376.7491455078125, 1925.0], [761.2800903320312, 1826.5003662109375, 810.3956909179688, 1907.819091796875], [80.92084503173828, 1478.75, 535.5324783325195, 2102.620849609375], [617.0050659179688, 1850.25537109375, 701.5496826171875, 1952.439697265625], [762.6851806640625, 15.539887428283691, 1312.50146484375, 1691.8656930923462], [698.111572265625, 1829.6796875, 777.761474609375, 1933.58984375], [911.75, 1659, 1278.4423828125, 2098.04541015625], [816.5831909179688, 1887.90673828125, 952.4274291992188, 2080.519287109375], [549.5, 1925, 619.5, 2098.25], [1349.25, 1834, 1398.25, 2098.25], [674.9171752929688, 154.60195922851562, 857.0894775390625, 314.3997497558594], [387.9048156738281, 179.54208374023438, 639.739013671875, 416.4518737792969], [1142.9329833984375, 1543.0137939453125, 1327.94921875, 1830.5574951171875], [635.3645629882812, 1552.4732666015625, 788.8110961914062, 1782.5423583984375], [478.4501647949219, 1616.8992919921875, 641.5762329101562, 1901.548828125], [146.5791015625, 1566.2972412109375, 264.3364562988281, 1619.8675537109375], [79.94950866699219, -2.3578226566314697, 1390.4027099609375, 1469.9151611328125], [529.781005859375, 1467.0711669921875, 1376.406982421875, 2093.23486328125], [88.51329040527344, 1467.126953125, 538.3817749023438, 2098.6728515625], [765, 1750, 817, 1791], [1120, 1811, 1165, 1851], [846, 262, 896, 304], [462, 1869, 510, 1914], [537, 496, 583, 565]], "labels": [0, 0, 0, 0, 0, 0, 0, 0, 0, 0, 0, 0, 0, 0, 1, 1, 1, 1, 1, 1, 2, 2, 2, 3, 3, 3, 3, 3], "image_id": 332}, "character_clusters": [0, 1, 2, 3, 4, 5, 3, 6, 3, 7, 3, 8, 9, 10], "text_char_matches": [[0, 8], [1, 3], [2, 10], [3, 10], [4, 6]], "text_tail_matches": [[0, 2], [1, 4], [1, 2], [0, 4], [2, 1], [3, 0], [4, 3], [3, 3], [4, 0]], "text_classification": [1, 1, 1, 1, 1, 0], "character_names": ["none", "none", "none", "Chitoge Kirisaki", "none", "none", "Chitoge Kirisaki", "none", "Chitoge Kirisaki", "none", "Chitoge Kirisaki", "none", "none", "none"]}