{"bbox_annotations": {"bboxes_as_x1y1x2y2": [[450.3027648925781, 1207.0538330078125, 535.8400268554688, 1363.9576416015625], [616.9810180664062, 1424.7913818359375, 727.085205078125, 1559.613037109375], [830.0531005859375, 1233.75, 1303.7020263671875, 2098.25], [869.373046875, 1019.0098876953125, 1381.210693359375, 1380.75], [557.7605590820312, 1876.603759765625, 744.1778564453125, 2099.534423828125], [332.355224609375, 1744.705322265625, 538.7173461914062, 2100.029296875], [89.89962768554688, 1.7420814037322998, 1011.7564392089844, 953.064285993576], [310.82281494140625, 1246.494140625, 406.6469421386719, 1384.625], [80.49967193603516, 1606.394287109375, 359.53076934814453, 2089.399169921875], [1022, 304.5, 1398.25, 952.0], [1179.2100830078125, 778.9480590820312, 1305.855712890625, 851.6312866210938], [854.2390747070312, 499.0876159667969, 1001.71142578125, 658.0115356445312], [161.5293426513672, 611.5759887695312, 322.1746520996094, 806.4165649414062], [1215.868896484375, 1085.9876708984375, 1290.2449951171875, 1123.9140625], [731.638671875, 1078.529052734375, 890.7042236328125, 1223.6856689453125], [536.8560791015625, 1030.75, 694.126220703125, 1267.1907958984377], [149.2225341796875, 1044.75, 309.4936828613281, 1263.5279541015625], [1242.458984375, 1465.5833740234375, 1324.75, 1531.25], [1153.3240966796875, 1717.999755859375, 1305.679443359375, 1864.7510986328125], [697.5153198242188, 1620.6763916015625, 944.7147216796875, 1908.90283203125], [778.0540771484375, 1477.7373046875, 904.6888427734375, 1550.235107421875], [556.1722412109375, 1602.5550537109375, 680.1615600585938, 1643.4827880859375], [557.7686157226562, 1806.0421142578125, 657.1508178710938, 1857.17138671875], [401.4027099609375, 1543.5, 528.9869995117188, 1683.1531982421875], [141.85964965820312, 1490.9278564453125, 324.5574951171875, 1690.521484375], [1018.9728393554688, -2.8367533683776855, 1400.1683349609375, 958.39404296875], [72.58589935302734, 2.3175806999206543, 1007.409912109375, 960.8591918945312], [717.9763793945312, 1004.9573974609375, 1396.6334228515625, 1395.5699462890625], [78.37020111083984, 1008.1990966796875, 707.5602416992188, 1399.2984619140625], [549.2701416015625, 1422.316162109375, 1403.985107421875, 2095.941162109375], [82.1751708984375, 1442.81396484375, 541.15283203125, 2098.753173828125], [818, 605, 859, 643], [337, 684, 372, 725], [901, 1594, 946, 1637], [872, 1241, 920, 1275], [1175, 1142, 1212, 1178], [1134, 1653, 1171, 1696]], "labels": [0, 0, 0, 0, 0, 0, 0, 0, 0, 0, 1, 1, 1, 1, 1, 1, 1, 1, 1, 1, 1, 1, 1, 1, 1, 2, 2, 2, 2, 2, 2, 3, 3, 3, 3, 3, 3], "image_id": 336}, "character_clusters": [0, 1, 1, 0, 0, 1, 1, 1, 0, 1], "text_char_matches": [[2, 6], [1, 6], [4, 3], [5, 0], [6, 7], [9, 2], [13, 5], [14, 8]], "text_tail_matches": [[1, 0], [2, 1], [3, 4], [4, 3], [8, 5], [9, 2]], "text_classification": [0, 1, 1, 1, 1, 1, 1, 0, 1, 1, 1, 1, 1, 1, 1], "character_names": ["Raku Ichij\u014d", "Chitoge Kirisaki", "Chitoge Kirisaki", "Raku Ichij\u014d", "Raku Ichij\u014d", "Chitoge Kirisaki", "Chitoge Kirisaki", "Chitoge Kirisaki", "Raku Ichij\u014d", "Chitoge Kirisaki"]}