{"bbox_annotations": {"bboxes_as_x1y1x2y2": [[666.8043212890625, 1165.81005859375, 694.1907958984375, 1230.470703125], [660.2559204101562, 59.234169006347656, 1360.8021240234375, 299.21485137939453], [726.3431396484375, 1284.187255859375, 1255.9844970703125, 2100.568359375], [110.50501251220703, 1235.8345947265625, 571.661018371582, 2096.1201171875], [696.5, 1151.5, 747.25, 1235.5], [0, 388.5, 1009.75, 603.75], [1130.5, 418.25, 1260.8621826171875, 472.5624694824219], [990.2875366210938, 503.9237060546875, 1356.25, 595.0536499023438], [122.3906021118164, 216.58753967285156, 376.4982681274414, 409.4136657714844], [1159.5142822265625, 769.0517578125, 1283.5380859375, 897.7123413085938], [932.7904052734375, 844.6721801757812, 1035.87255859375, 1009.955810546875], [312.89453125, 802.1630859375, 424.5178527832031, 1014.5177001953125], [180.20489501953125, 802.43701171875, 308.219970703125, 902.4302368164062], [1143.64892578125, 1667.6004638671875, 1320.815673828125, 1894.4991455078125], [710.3563842773438, 1610.135986328125, 857.591552734375, 1805.4976806640625], [581.8885498046875, 1767.3687744140625, 693.2595825195312, 1859.374755859375], [119.53728485107422, 1849.1246337890625, 223.8094482421875, 1898.7359619140625], [4.5395731925964355, -1.432567834854126, 1365.990966796875, 614.5216674804688], [7.866418361663818, 661.2068481445312, 1369.1650390625, 1396.08984375], [717.9441528320312, 1420.01806640625, 1378.2625732421875, 2094.86376953125], [2.348393201828003, 1418.469970703125, 718.4454956054688, 2096.552490234375], [173, 1716, 211, 1767], [1109, 1654, 1148, 1703], [867, 1672, 907, 1720]], "labels": [0, 0, 0, 0, 0, 0, 1, 1, 1, 1, 1, 1, 1, 1, 1, 1, 1, 2, 2, 2, 2, 3, 3, 3], "image_id": 320}, "character_clusters": [0, 1, 1, 0, 1, 0], "text_char_matches": [[7, 2], [8, 2], [9, 2], [10, 3], [5, 2], [6, 2], [3, 2], [4, 2]], "text_tail_matches": [[7, 1], [8, 2], [9, 2], [10, 0]], "text_classification": [0, 0, 1, 1, 1, 1, 1, 1, 1, 1, 1], "character_names": ["Raku Ichij\u014d", "The Promise Girl", "The Promise Girl", "Raku Ichij\u014d", "The Promise Girl", "Raku Ichij\u014d"]}