{"bbox_annotations": {"bboxes_as_x1y1x2y2": [[432.802978515625, 1830.0906982421875, 468.7293395996094, 1954.1324462890625], [355.2221984863281, 1808.7681884765625, 418.4902648925781, 1960.263916015625], [709.944091796875, 225.4148406982422, 896.1634521484375, 610.9213714599609], [780.6505737304688, 325.5, 1384.25, 1429.4039306640625], [318.2928466796875, 295.9203796386719, 765.0393676757812, 1398.4167175292969], [545.671142578125, 1805.9266357421875, 600.0745239257812, 1956.553466796875], [951.4249877929688, 199.65696716308594, 1350.1612548828125, 978.3970794677734], [208.6586456298828, 819.6010131835938, 465.20692443847656, 1275.8084716796875], [1113.878173828125, 1598.5452880859375, 1220.1044921875, 1661.6734619140625], [1179.976806640625, 1693.340576171875, 1341.666748046875, 1765.697509765625], [960.9747924804688, 1527.394775390625, 1122.346923828125, 1594.7069091796875], [1144.5743408203125, 1856.73583984375, 1197.74560546875, 2036.7288818359375], [965.8779296875, 1772.79833984375, 1020.9692993164062, 1952.40771484375], [781.4246826171875, 1581.3560791015625, 835.8389892578125, 1753.723388671875], [343.1361999511719, 1564.6175537109375, 644.5527954101562, 1644.4232177734375], [109.0569839477539, -5.280223369598389, 1389.5491943359375, 1420.4228515625], [911.0325317382812, 1444.503173828125, 1397.485595703125, 2093.868896484375], [111.31704711914062, 1472.8485107421875, 888.5745849609375, 2096.958984375]], "labels": [0, 0, 0, 0, 0, 0, 1, 1, 1, 1, 1, 1, 1, 1, 1, 2, 2, 2], "image_id": 356}, "character_clusters": [0, 1, 0, 2, 1, 2], "text_char_matches": [[0, 3], [1, 3]], "text_tail_matches": [], "text_classification": [1, 1, 0, 0, 0, 0, 0, 0, 0], "character_names": ["Kosaki Onodera", "Chitoge Kirisaki", "Kosaki Onodera", "Raku Ichij\u014d", "Chitoge Kirisaki", "Raku Ichij\u014d"]}