{"bbox_annotations": {"bboxes_as_x1y1x2y2": [[458.5, 1387.75, 836.631103515625, 2098.25], [628.330322265625, 241.00042724609375, 750.43115234375, 477.7866516113281], [287, 806.75, 471.96466064453125, 995.75], [736.75, 1265.25, 1199.859619140625, 2107.763671875], [1.6658530235290527, 90.96040344238281, 343.31184911727905, 481.83876037597656], [0.07866919040679932, 596.4950561523438, 472.5777231454849, 1184.75], [659.75, 771.75, 886.53564453125, 1182.228271484375], [833.1500854492188, 600.25, 1052.086181640625, 1180.2674560546875], [1022.9970703125, 685.5482177734375, 1226.4476318359375, 1183.189697265625], [-0.7531099319458008, 1542.2657470703125, 156.0360746383667, 1934.94775390625], [789.25, 175.2320556640625, 976.642333984375, 480.00494384765625], [504, 624.6880493164062, 624.75, 1179.79345703125], [32.47663879394531, 1737.0352783203125, 302.8174591064453, 1933.75], [1068.604736328125, 121.71575164794922, 1221.6898193359375, 259.08760833740234], [1010.4286499023438, 301.5516662597656, 1150.10107421875, 388.5972900390625], [785.6323852539062, 178.40402221679688, 862.5526733398438, 228.41539001464844], [399.78289794921875, 173.80467224121094, 502.7205810546875, 287.766357421875], [162.91668701171875, 159.97174072265625, 337.3501892089844, 320.05389404296875], [742.5164794921875, 568.75, 857.5, 778.75], [637, 619.5, 659.75, 665.0], [327.76806640625, 630.4788818359375, 451.9057312011719, 688.5797729492188], [78.59158325195312, 1000.1452026367188, 212.23062133789062, 1111.68701171875], [1023.75, 1328.25, 1233.6187744140625, 1499.75], [419.1564636230469, 1338.75, 632.4735717773438, 1479.31787109375], [79.75140380859375, 1380.75, 153.2855987548828, 1415.75], [369.4869384765625, -2.092587947845459, 1266.8299560546875, 491.2582092285156], [-0.7545441389083862, 2.717059850692749, 357.2269592285156, 491.2961120605469], [495.41845703125, 541.889404296875, 1271.0401611328125, 1188.7186279296875], [-1.7648518085479736, 541.078369140625, 480.3792419433594, 1191.3411865234375], [354.0077819824219, 1242.796630859375, 1277.6307373046875, 2096.537841796875], [1.053292989730835, 1236.80712890625, 348.166015625, 1939.7301025390625], [1025, 174, 1068, 213], [1002, 1556, 1047, 1611], [515, 261, 553, 296], [555, 1575, 595, 1626], [102, 1471, 135, 1518], [164, 855, 186, 901], [604, 660, 635, 698], [164, 315, 198, 357], [368, 754, 399, 794]], "labels": [0, 0, 0, 0, 0, 0, 0, 0, 0, 0, 0, 0, 0, 1, 1, 1, 1, 1, 1, 1, 1, 1, 1, 1, 1, 2, 2, 2, 2, 2, 2, 3, 3, 3, 3, 3, 3, 3, 3, 3], "image_id": 7}, "character_clusters": [0, 1, 1, 2, 3, 0, 1, 0, 2, 3, 3, 3, 1], "text_char_matches": [[0, 10], [1, 10], [3, 1], [4, 4], [6, 11], [7, 2], [8, 5], [9, 0], [10, 0], [11, 9]], "text_tail_matches": [[0, 0], [1, 0], [3, 2], [4, 7], [6, 6], [7, 8], [8, 5], [9, 1], [10, 3], [11, 4]], "text_classification": [1, 1, 0, 1, 1, 0, 1, 1, 1, 1, 1, 1], "character_names": ["none", "Y\u016bma Kuga", "Y\u016bma Kuga", "none", "Osamu Mikumo", "none", "Y\u016bma Kuga", "none", "none", "Osamu Mikumo", "Osamu Mikumo", "Osamu Mikumo", "Y\u016bma Kuga"]}