{"bbox_annotations": {"bboxes_as_x1y1x2y2": [[1130.5, 1755.3216552734375, 1399.4901123046877, 2096.901123046875], [1074.5, 742.7402954101562, 1349.25, 1017.883544921875], [458.5, 7.54554557800293, 939.75, 554.0914440155029], [792.75, 1605.7581787109375, 1158.5, 2100.494873046875], [754.25, 1625.4075927734375, 885.5, 1778.088623046875], [868, 1105.95849609375, 1220.7152099609375, 1433.25], [353.5, 766.5, 586.25, 1434.9656982421875], [451.5, 1114.75, 824.25, 1436.2596435546875], [304.5, 1510.25, 722.75, 2102.550537109375], [1225, 1227.710693359375, 1399.2442626953125, 1436.75], [1126.5989990234375, 1751.57421875, 1191.052490234375, 1847.4935302734375], [1240.75, 243.25, 1298.990234375, 267.75], [983.5, 152.25, 1081.083984375, 280.0], [232.75, 238, 355.98828125, 282.0959167480469], [1005.2799072265625, 663.8589477539062, 1138.73974609375, 775.25], [878.7422485351562, 827.4603271484375, 1030.7630615234375, 938.6694946289062], [1274, 1103.0106201171875, 1347.5, 1230.25], [1214.5, 1190.8355712890625, 1279.779541015625, 1309.0], [614.71435546875, 693.1937255859375, 820.8602294921875, 844.7835693359375], [215.01199340820312, 680.75, 372.48828125, 838.087158203125], [213.87313842773438, 1076.4598388671875, 296.31915283203125, 1113.0], [1151.56787109375, 1559.25, 1324.9581298828125, 1702.75], [856.6805419921875, 1583, 987.8801879882812, 1615.25], [762.005859375, 1825.25, 933.3530883789062, 1943.7615966796875], [601.8152465820312, 1615.6910400390625, 704.4461059570312, 1650.25], [199.34852600097656, 1584.1470947265625, 336.9130859375, 1773.3885498046875], [116.52645111083984, 1.8665939569473267, 1398.96923828125, 564.2555541992188], [855.6132202148438, 613.922119140625, 1396.093017578125, 1027.3948974609375], [853.1148071289062, 1078.3858642578125, 1405.9786376953125, 1450.173828125], [118.36185455322266, 615.2120971679688, 842.431396484375, 1444.610595703125], [744.8960571289062, 1502.919921875, 1402.350830078125, 2092.460205078125], [121.53611755371094, 1495.7042236328125, 730.081787109375, 2094.34228515625], [1159, 312, 1196, 345], [377, 317, 420, 351], [264, 1847, 296, 1889], [1046, 879, 1089, 913], [612, 1726, 641, 1764], [1241, 1777, 1268, 1822], [747, 888, 777, 935], [914, 1683, 942, 1720], [310, 1066, 342, 1095], [892, 1737, 931, 1771]], "labels": [0, 0, 0, 0, 0, 0, 0, 0, 0, 0, 0, 1, 1, 1, 1, 1, 1, 1, 1, 1, 1, 1, 1, 1, 1, 1, 2, 2, 2, 2, 2, 2, 3, 3, 3, 3, 3, 3, 3, 3, 3, 3], "image_id": 14}, "character_clusters": [0, 0, 0, 1, 2, 1, 0, 1, 0, 3, 4], "text_char_matches": [[0, 2], [2, 2], [3, 1], [4, 1], [7, 7], [8, 7], [9, 6], [10, 0], [11, 3], [12, 3], [13, 8], [14, 8]], "text_tail_matches": [[0, 0], [2, 1], [3, 3], [4, 3], [7, 6], [9, 8], [10, 5], [11, 7], [12, 9], [13, 4], [14, 2]], "text_classification": [1, 1, 1, 1, 1, 1, 1, 1, 1, 1, 1, 1, 1, 1, 1], "character_names": ["Y\u016bma Kuga", "Y\u016bma Kuga", "Y\u016bma Kuga", "none", "none", "none", "Y\u016bma Kuga", "none", "Y\u016bma Kuga", "none", "none"]}