{"bbox_annotations": {"bboxes_as_x1y1x2y2": [[444.1651306152344, 1594.25, 497.0, 1750.17626953125], [965.059814453125, 228.0734405517578, 1295.0, 894.25], [329.6456604003906, 1629.25, 418.25, 1783.25], [780.5, 1167.25, 1071.5404052734375, 1448.6927490234375], [458.5, 371.1728515625, 931.54833984375, 894.25], [1015, 1223.25, 1261.1778564453125, 1449.633056640625], [806.450927734375, 1797.7210693359375, 1242.5, 2101.250244140625], [386.33599853515625, 1737.75, 589.0556030273438, 1948.636962890625], [662.7777099609375, 1701, 868.0, 2099.183349609375], [278.25, 1630.2939453125, 376.7423400878906, 1823.5], [159.25, 502.82647705078125, 486.5, 894.25], [400.75, 1590.75, 451.5, 1772.75], [1062.25, 230.1919708251953, 1283.3182373046875, 301.0], [1152.024169921875, 788.8740844726562, 1290.8692626953125, 855.75], [751.1876831054688, 224.2867431640625, 928.0400390625, 391.8908386230469], [540.2234497070312, 248.19129943847656, 720.6358032226562, 308.0], [386.16546630859375, 228.41952514648438, 520.6800537109375, 334.25], [161.65451049804688, 252.8551025390625, 343.7506408691406, 388.3586120605469], [1120.0457763671875, 1046.404296875, 1276.411865234375, 1137.5], [1177.1802978515625, 1262.9459228515625, 1291.1014404296875, 1353.462890625], [981.75, 1149.75, 1050.0, 1314.25], [819.1734008789062, 1026.8160400390625, 937.9808349609375, 1149.02001953125], [549.5, 1009.75, 675.0347900390625, 1123.9287109375], [295.8762512207031, 1102.17236328125, 415.81268310546875, 1184.75], [216.7439422607422, 1305.6170654296875, 362.31048583984375, 1419.0380859375], [1158.5, 1595.526123046875, 1258.708740234375, 1657.25], [1008.6785278320312, 1708.26318359375, 1159.3165283203125, 1762.25], [660.7649536132812, 1585.354248046875, 761.3797607421875, 1613.5], [962.2454223632812, 192.69338989257812, 1295.6121826171875, 898.224853515625], [122.31275177001953, -1.7644554376602173, 940.804931640625, 901.7778930664062], [773.1542358398438, 954.3284301757812, 1293.62060546875, 1453.8182373046875], [118.95165252685547, 954.7609252929688, 757.721435546875, 1459.871337890625], [647.3382568359375, 1514.3402099609375, 1303.506591796875, 2109.405517578125], [124.17095947265625, 1507.0743408203125, 627.7335815429688, 1957.144287109375], [1115, 1821, 1146, 1867], [474, 359, 508, 399], [1153, 1208, 1189, 1245], [690, 1662, 718, 1699], [838, 1201, 872, 1247]], "labels": [0, 0, 0, 0, 0, 0, 0, 0, 0, 0, 0, 0, 1, 1, 1, 1, 1, 1, 1, 1, 1, 1, 1, 1, 1, 1, 1, 1, 2, 2, 2, 2, 2, 2, 3, 3, 3, 3, 3], "image_id": 12}, "character_clusters": [0, 1, 2, 1, 3, 3, 1, 1, 3, 4, 1, 5], "text_char_matches": [[0, 1], [1, 1], [2, 10], [5, 10], [3, 4], [4, 4], [6, 5], [9, 3], [10, 5], [11, 3], [12, 3], [13, 6], [14, 6], [15, 8]], "text_tail_matches": [[3, 1], [4, 1], [6, 2], [9, 4], [13, 0], [14, 0], [15, 3]], "text_classification": [1, 1, 1, 1, 1, 1, 1, 0, 0, 1, 1, 1, 1, 1, 1, 1], "character_names": ["none", "Osamu Mikumo", "none", "Osamu Mikumo", "Y\u016bma Kuga", "Y\u016bma Kuga", "Osamu Mikumo", "Osamu Mikumo", "Y\u016bma Kuga", "none", "Osamu Mikumo", "none"]}