{"bbox_annotations": {"bboxes_as_x1y1x2y2": [[626.5, 254.19482421875, 806.75, 514.5], [292.7344970703125, 854.8905029296875, 510.47662353515625, 1102.265625], [886.3944702148438, 1694.882568359375, 1084.8074951171875, 1920.0008544921875], [291.53424072265625, 1642.0615234375, 584.9483642578125, 2100.622314453125], [798.2783813476562, 257.0261535644531, 1002.614990234375, 514.5], [94.5, 204.10182189941406, 356.55479431152344, 516.25], [4.32451057434082, 1646.670166015625, 296.4499988555908, 2099.28173828125], [147, 967.75, 563.5, 1569.75], [1086.64013671875, 209.38015747070312, 1240.7000732421875, 245.73593139648438], [1078.9866943359375, 340.21661376953125, 1202.2698974609375, 430.2974853515625], [496.3075866699219, 223.90966796875, 601.662109375, 290.4532165527344], [348.25, 239.75, 422.6655578613281, 273.0], [542.5, 540.75, 1274.0, 1519.0], [327.25, 518.6796875, 462.1633605957032, 628.25], [7, 145.25, 353.5, 1573.25], [208.25, 749, 290.5, 813.75], [1174.25, 1587.25, 1272.25, 1807.75], [815.5, 1637.478515625, 901.0307006835936, 1792.0], [605.3408813476562, 1767.783203125, 782.9840698242188, 1872.5], [473.1152038574219, -2.8257384300231934, 1276.0474853515625, 528.54443359375], [9.910774230957031, -2.0538477897644043, 457.5233154296875, 535.0838012695312], [14.26234245300293, 566.56201171875, 1283.050537109375, 1575.5135498046875], [727.9929809570312, 1534.9981689453125, 1279.723876953125, 2097.550048828125], [273.9688720703125, 1598.3994140625, 763.3982543945312, 2099.96337890625], [0.8356228470802307, 1627.7266845703125, 297.0544128417969, 2096.78125], [1023, 409, 1062, 440], [375, 317, 409, 352], [560, 1779, 608, 1824], [605, 289, 643, 325], [300, 855, 340, 900]], "labels": [0, 0, 0, 0, 0, 0, 0, 0, 1, 1, 1, 1, 1, 1, 1, 1, 1, 1, 1, 2, 2, 2, 2, 2, 2, 3, 3, 3, 3, 3], "image_id": 21}, "character_clusters": [0, 0, 1, 0, 1, 1, 0, 1], "text_char_matches": [[0, 4], [1, 4], [2, 0], [3, 5], [5, 1], [7, 1], [10, 3]], "text_tail_matches": [[0, 0], [1, 0], [2, 3], [3, 1], [5, 4], [7, 4], [10, 2]], "text_classification": [1, 1, 1, 1, 0, 1, 0, 1, 0, 0, 1], "character_names": ["Osamu Mikumo", "Osamu Mikumo", "Y\u016bma Kuga", "Osamu Mikumo", "Y\u016bma Kuga", "Y\u016bma Kuga", "Osamu Mikumo", "Y\u016bma Kuga"]}