{"bbox_annotations": {"bboxes_as_x1y1x2y2": [[592.7686157226562, 192.9375, 732.043701171875, 449.30279541015625], [99.75, 1897.41943359375, 194.0761260986328, 2101.806396484375], [0, 936.8046264648438, 602, 1391.25], [268.64117431640625, 1758.75, 374.5, 2104.3876953125], [625.3268432617188, 526.75, 883.4412841796875, 860.2575073242188], [474.580322265625, 295.38458251953125, 616.6334228515625, 449.75], [1001, 209.52951049804688, 1268.3236083984375, 861.3877868652344], [-3.2361598014831543, 318.18328857421875, 306.6395421028137, 865.5927734375], [826, 1659, 1269.4635009765625, 2098.25732421875], [355.25, 1702.75, 563.5, 2100.099365234375], [630, 1824.124755859375, 840, 2097.730712890625], [920.5, 313.25, 1130.5, 673.75], [757.956787109375, 223.5194854736328, 877.343505859375, 280.71246337890625], [350.7017517089844, 211.1807861328125, 519.9765014648438, 297.42303466796875], [441.7032775878906, 623.7479858398438, 601.2463989257812, 679.9305419921875], [338.2913818359375, 667.1819458007812, 482.48992919921875, 802.4898071289062], [144.2510223388672, 252.5932159423828, 289.5887451171875, 419.5521545410156], [34.03245544433594, 659.8592529296875, 131.6805877685547, 814.781494140625], [188.44798278808594, 773.82568359375, 290.79962158203125, 806.75], [1004.6066284179688, 1146.815185546875, 1150.6453857421875, 1195.964599609375], [1020.25, 1590.75, 1270.5, 1635.9395751953123], [125.4188232421875, 1059.5272216796875, 328.2357482910156, 1585.5], [1085, 1811.3370361328125, 1219.75, 1870.75], [785.2532958984375, 1904, 881.1261596679688, 2021.25], [595.799072265625, 1695.75, 724.5, 1834.0], [110.54473114013672, 1702.75, 310.44771575927734, 1867.25], [913.8580322265625, 188.75157165527344, 1269.254638671875, 868.0656127929688], [331.1362609863281, -0.18899068236351013, 887.1159057617188, 458.6937561035156], [325.04168701171875, 508.4109191894531, 894.9807739257812, 872.7627563476562], [-6.738471984863281, 193.3194580078125, 314.94140625, 872.45556640625], [-6.303506851196289, 924.3509521484375, 1270.0118408203125, 1595.276123046875], [92.63751220703125, 1639.2999267578125, 1261.297607421875, 2098.3037109375], [989, 1014, 1023, 1048], [163, 440, 199, 481], [578, 1860, 615, 1895], [581, 725, 618, 756], [1037, 1933, 1078, 1979], [531, 238, 567, 273], [303, 1831, 342, 1872], [733.25, 239.75, 763.0, 274.75]], "labels": [0, 0, 0, 0, 0, 0, 0, 0, 0, 0, 0, 1, 1, 1, 1, 1, 1, 1, 1, 1, 1, 1, 1, 1, 1, 1, 2, 2, 2, 2, 2, 2, 3, 3, 3, 3, 3, 3, 3, 3], "image_id": 5}, "character_clusters": [0, 1, 0, 2, 3, 3, 0, 0, 3, 0, 4], "text_char_matches": [[1, 0], [2, 0], [3, 4], [4, 4], [5, 7], [7, 7], [8, 2], [11, 8], [13, 9], [14, 9]], "text_tail_matches": [[1, 7], [2, 5], [3, 3], [4, 3], [5, 1], [8, 0], [11, 4], [13, 2], [14, 6]], "text_classification": [0, 1, 1, 1, 1, 1, 0, 1, 1, 0, 0, 1, 1, 1, 1], "character_names": ["Y\u016bma Kuga", "none", "Y\u016bma Kuga", "none", "Osamu Mikumo", "Osamu Mikumo", "Y\u016bma Kuga", "Y\u016bma Kuga", "Osamu Mikumo", "Y\u016bma Kuga", "none"]}