{"bbox_annotations": {"bboxes_as_x1y1x2y2": [[122.03832244873047, 873.25, 703.5, 2103.6753540039062], [364, 596.75, 1023.75, 841.75], [105, 1907.5, 246.75, 2096.6376953125005], [283.63421630859375, 0, 952.0, 525], [694.75, 1739.5, 1211.0, 2102.0751953125], [971.25, 1394.75, 1155.0, 1666.0377197265625], [1112.3426513671875, 243.1049346923828, 1212.792724609375, 281.916259765625], [974.1509399414062, 342.0379333496094, 1160.65625, 494.6122131347656], [748.1870727539062, 215.54913330078125, 851.0901489257812, 288.1044616699219], [270.1832275390625, 197.721923828125, 377.4299621582031, 321.89605712890625], [67.85415649414062, 275.3516540527344, 230.9000244140625, 398.38580322265625], [1060.208740234375, 677.542236328125, 1217.778564453125, 775.25], [164.7412567138672, 690.91845703125, 297.38092041015625, 757.75], [930.1895141601562, 1078.2037353515625, 1152.6171875, 1179.9713134765625], [1121.7193603515625, 1837.2562255859375, 1219.7529296875, 1884.925048828125], [986.630126953125, 1877.5748291015625, 1106.8101806640625, 1991.36962890625], [2.867722511291504, 5.03623628616333, 1279.464111328125, 530.2833862304688], [104.77935028076172, 586.7963256835938, 1285.45849609375, 850.5983276367188], [-3.9740145206451416, 896.2944946289062, 1290.084228515625, 2096.7099609375], [6.477326393127441, 1726.3935546875, 1276.1136474609375, 2100.584716796875], [684, 262, 724, 297], [943, 1985, 984, 2025], [338, 729, 378, 761], [1004, 809, 1047, 848], [920, 217, 1060, 265], [431, 237, 515, 271]], "labels": [0, 0, 0, 0, 0, 0, 1, 1, 1, 1, 1, 1, 1, 1, 1, 1, 2, 2, 2, 2, 3, 3, 3, 3, 3, 3], "image_id": 1}, "character_clusters": [0, 1, 0, 1, 2, 2], "text_char_matches": [[2, 3], [5, 1], [6, 1], [7, 1], [8, 4], [9, 4]], "text_tail_matches": [[0, 4], [1, 4], [2, 0], [3, 5], [4, 5], [5, 3], [6, 2], [8, 1], [9, 1]], "text_classification": [1, 1, 1, 1, 1, 1, 1, 1, 1, 1], "character_names": ["Y\u016bma Kuga", "Sh\u016bji Miwa", "Y\u016bma Kuga", "Sh\u016bji Miwa", "Osamu Mikumo", "Osamu Mikumo"]}