{"bbox_annotations": {"bboxes_as_x1y1x2y2": [[306.92364501953125, 1640.9425048828125, 631.75, 2101.233642578125], [847.6366577148438, 301.8509216308594, 1011.5203857421875, 744.6922607421875], [833, 848.75, 1117.324951171875, 1256.4097900390625], [1.311299204826355, 134.75, 417.27455604076385, 750.3806610107422], [406, 287.45196533203125, 834.75, 747.25], [-0.9527087211608887, 817.4848022460938, 366.5472912788391, 1257.367431640625], [755.4195556640625, 1730.2373046875, 990.5, 2101.28759765625], [609, 274.75, 983.5, 724.5], [715.75, 309.75, 1086.75, 694.75], [824.25, 344.75, 1121.75, 638.75], [1056.9410400390625, 232.78981018066406, 1189.003662109375, 333.3044738769531], [816.3687133789062, 158.65277099609375, 914.6201782226562, 243.71066284179688], [834.75, 337.75, 885.5, 434.0], [773.5, 371, 831.25, 469], [58.57411575317383, 167.75970458984375, 290.7112159729004, 320.1087646484375], [1091.15869140625, 877.2466430664062, 1225.918701171875, 977.462158203125], [792.75, 1058.3768310546875, 851.8319702148438, 1216.25], [615.6046142578125, 844.4008178710938, 794.652099609375, 1039.255859375], [637.68994140625, 1139.38720703125, 734.5466918945312, 1195.25], [363.12420654296875, 981.75, 555.8455200195312, 1121.75], [265.859375, 1374.260498046875, 390.8733215332031, 1512.784912109375], [1059.0355224609375, 1671.2308349609375, 1179.84619140625, 1730.75], [640.5, 1863.75, 787.9306030273438, 1928.5], [577.9471435546875, 1684.855224609375, 716.688720703125, 1778.0], [55.53691101074219, 1664.7152099609375, 255.3911895751953, 1839.25], [-5.111140251159668, -0.629948079586029, 1295.2247314453125, 752.3309326171875], [595.2166137695312, 805.4321899414062, 1282.5831298828125, 1260.139892578125], [-5.24655294418335, 807.6290283203125, 579.5941772460938, 1269.7025146484375], [103.09081268310547, 1312.793701171875, 1284.109130859375, 1557.0003662109375], [-2.8956353664398193, 1611.0130615234375, 1279.1666259765625, 2100.956298828125], [254, 1770, 297, 1807], [1118, 1041, 1155, 1073], [1020, 1733, 1058, 1761], [516, 1784, 556, 1818], [332, 1096, 369, 1132], [872, 264, 904, 307], [794, 1018, 834, 1057], [136, 375, 171, 430]], "labels": [0, 0, 0, 0, 0, 0, 0, 0, 0, 0, 1, 1, 1, 1, 1, 1, 1, 1, 1, 1, 1, 1, 1, 1, 1, 2, 2, 2, 2, 2, 3, 3, 3, 3, 3, 3, 3, 3], "image_id": 17}, "character_clusters": [0, 1, 1, 0, 2, 0, 1, 3, 4, 5], "text_char_matches": [[1, 1], [0, 3], [4, 3], [5, 2], [7, 2], [8, 2], [9, 5], [11, 6], [13, 0], [14, 0]], "text_tail_matches": [[1, 5], [4, 7], [5, 1], [7, 6], [8, 6], [9, 4], [11, 2], [13, 3], [14, 0]], "text_classification": [1, 1, 0, 0, 1, 1, 0, 1, 1, 1, 1, 1, 0, 1, 1], "character_names": ["Osamu Mikumo", "Y\u016bma Kuga", "Y\u016bma Kuga", "Osamu Mikumo", "none", "Osamu Mikumo", "Y\u016bma Kuga", "none", "none", "none"]}