{"bbox_annotations": {"bboxes_as_x1y1x2y2": [[268.38348388671875, 257.25, 497.43743896484375, 579.1340942382811], [124.25, 1613.2362060546875, 359.3359909057617, 2102.907958984375], [514.5, 651, 1116.5, 966], [734.1463623046875, 0.8473679423332214, 1358.0, 577.5], [1176, 1646.75, 1398.5289306640623, 2101.958740234375], [612.5, 1720.25, 878.0602416992188, 2099.494873046875], [434, 813.75, 995.75, 1613.5], [1134.595703125, 178.67884826660156, 1312.30419921875, 290.4844665527344], [639.15869140625, 214.75120544433594, 809.772705078125, 329.08251953125], [312.5434875488281, 201.6045379638672, 376.30450439453125, 242.14602661132812], [200.11917114257812, 238.34169006347656, 263.3713684082031, 302.6708984375], [1070.8101806640625, 730.703857421875, 1213.254150390625, 840.0], [206.0273895263672, 810.1266479492188, 392.3216552734375, 921.9495239257812], [1090.758056640625, 1114.0565185546875, 1311.6915283203125, 1315.7952880859375], [216.82240295410156, 1167.8807373046875, 388.26947021484375, 1268.691162109375], [1151.5, 1706.6075439453125, 1234.9215087890625, 1769.25], [920.5, 1673.348388671875, 1076.6954345703125, 1839.25], [430.5, 1681.011962890625, 573.518310546875, 1877.9638671875], [159.25, 1706.25, 204.75, 1729.0], [613.094970703125, -1.2686266899108887, 1387.5675048828125, 585.8848266601562], [125.18003845214844, 0.774894654750824, 595.8423461914062, 585.0303955078125], [67.6948471069336, 642.7277221679688, 1310.2080078125, 976.277099609375], [125.14584350585938, 1004.242919921875, 1396.6156005859375, 1580.185546875], [1120.658203125, 1617.7718505859375, 1403.4373779296875, 2098.290283203125], [388.7176818847656, 1610.0767822265625, 1099.641845703125, 2097.526611328125], [123.44245147705078, 1608.6256103515625, 363.3866882324219, 2102.659912109375], [241, 327, 276, 364], [1007, 1274, 1049, 1309], [426, 1283, 473, 1318], [785, 351, 828, 387], [593, 1863, 631, 1894], [1175, 1839, 1211, 1884], [1104, 325, 1139, 363], [927, 1874, 956, 1906]], "labels": [0, 0, 0, 0, 0, 0, 0, 1, 1, 1, 1, 1, 1, 1, 1, 1, 1, 1, 1, 2, 2, 2, 2, 2, 2, 2, 3, 3, 3, 3, 3, 3, 3, 3], "image_id": 2}, "character_clusters": [0, 1, 2, 1, 1, 0, 0], "text_char_matches": [[0, 3], [1, 3], [2, 0], [3, 0], [4, 6], [5, 6], [6, 6], [7, 6], [8, 4], [9, 5], [10, 5], [11, 1]], "text_tail_matches": [[0, 6], [1, 3], [2, 0], [3, 0], [6, 1], [7, 2], [8, 5], [9, 7], [10, 4]], "text_classification": [1, 1, 1, 1, 1, 1, 1, 1, 1, 1, 1, 1], "character_names": ["Y\u016bma Kuga", "Osamu Mikumo", "Bamster", "Osamu Mikumo", "Osamu Mikumo", "Y\u016bma Kuga", "Y\u016bma Kuga"]}