{"bbox_annotations": {"bboxes_as_x1y1x2y2": [[584.5, 1471.75, 635.6114501953125, 1572.2275390624998], [464.14178466796875, -5.290612697601318, 1086.75, 766.4593873023987], [228.9669189453125, 1539.60400390625, 317.37298583984375, 1674.226806640625], [-2.649165630340576, 1716.361328125, 238.14781618118286, 1944.25], [497.3235168457031, 1500.854736328125, 546.7384643554688, 1636.210205078125], [435.1985778808594, 1492.2774658203125, 487.3389587402344, 1619.8594970703125], [538.6454467773438, 1444.0592041015625, 582.4862060546875, 1552.8271484375], [-1.743614673614502, 195.35585021972656, 445.4984812736511, 808.6800079345703], [168, 1610, 376.25, 1944.25], [84.74925231933594, 1551.02099609375, 143.5, 1711.4124755859375], [29.75, 1561.181884765625, 87.5, 1711.5], [381.5, 1499.75, 469.0, 1762.25], [0, 1564.5, 38.5, 1720.25], [1035.896484375, 245.69174194335938, 1229.8372802734375, 364.38763427734375], [409.5, 229.4530792236328, 573.2841186523438, 319.67779541015625], [178.5, 819, 1139.25, 1776.25], [430.31134033203125, -0.2272769808769226, 1280.967529296875, 756.9599609375], [0.3491401672363281, 186.5062255859375, 452.61553955078125, 810.4368286132812], [-6.924098968505859, 759.9609375, 1277.925048828125, 1953.327880859375], [1032, 427, 1077, 468], [558, 359, 595, 396]], "labels": [0, 0, 0, 0, 0, 0, 0, 0, 0, 0, 0, 0, 0, 1, 1, 1, 2, 2, 2, 3, 3], "image_id": 15}, "character_clusters": [0, 1, 2, 3, 4, 5, 6, 7, 8, 9, 10, 11, 12], "text_char_matches": [[0, 1], [1, 1]], "text_tail_matches": [[0, 0], [1, 1]], "text_classification": [1, 1, 0], "character_names": ["none", "none", "none", "none", "none", "none", "none", "Y\u016bma Kuga", "none", "none", "none", "none", "none"]}