{"bbox_annotations": {"bboxes_as_x1y1x2y2": [[649.25, 1475.25, 1242.5, 2102.28759765625], [229.07958984375, 248.21212768554688, 510.47564697265625, 561.8119506835938], [730.2631225585938, 0, 1108.309326171875, 562.33913230896], [346.5, 1790.25, 619.5, 2098.25], [240.164794921875, 1083.4925537109375, 1065.6142578125, 1429.75], [628.25, 650.606201171875, 871.5, 1010.9755859375], [1207.41259765625, 190.90757751464844, 1309.386474609375, 325.88665771484375], [1085.5067138671875, 418.25, 1243.2298583984375, 526.7423095703125], [589.4584350585938, 220.45672607421875, 757.47998046875, 306.56951904296875], [665, 441, 728.9896240234375, 556.5], [483, 362.25, 589.9855957031249, 395.5], [213.5, 222.27464294433594, 267.23919677734375, 257.25], [1109.5, 736.4476928710938, 1269.7725830078125, 890.75], [885.5, 689.8685913085938, 995.1372680664062, 777.0], [605.5, 768.344482421875, 642.25, 883.75], [256.2669372558594, 700.8856811523438, 491.75, 949.3998413085938], [1089.78515625, 1171.802001953125, 1277.2757568359375, 1356.25], [236.08370971679688, 1188.25, 376.4347229003906, 1265.25], [1206.49462890625, 1579.1409912109375, 1332.6334228515625, 1739.5], [1052.7412109375, 1823.697509765625, 1202.7978515625, 1954.75], [259.07843017578125, 1627.8853759765625, 396.9078674316406, 1664.25], [176.09786987304688, 1783.3990478515625, 324.5966796875, 1846.25], [524.9974365234375, 3.2134203910827637, 1394.703369140625, 568.3847045898438], [124.30506134033203, -0.8027136325836182, 519.4039306640625, 572.7217407226562], [115.73762512207031, 634.4277954101562, 1399.963623046875, 1020.6240234375], [117.459716796875, 1075.6580810546875, 1397.5772705078125, 1438.394775390625], [121.05551147460938, 1488.0003662109375, 1391.6763916015625, 2095.91064453125], [241, 304, 277, 350], [1119, 290, 1159, 325], [1128, 1627, 1174, 1664], [379, 1289, 419, 1325], [764, 309, 808, 345], [315, 1877, 350, 1911], [860, 745, 899, 775]], "labels": [0, 0, 0, 0, 0, 0, 1, 1, 1, 1, 1, 1, 1, 1, 1, 1, 1, 1, 1, 1, 1, 1, 2, 2, 2, 2, 2, 3, 3, 3, 3, 3, 3, 3], "image_id": 20}, "character_clusters": [0, 0, 1, 1, 0, 1], "text_char_matches": [[0, 2], [2, 2], [4, 2], [5, 1], [7, 5], [6, 1], [9, 1], [10, 4], [11, 4], [12, 0], [13, 0], [14, 3], [15, 3]], "text_tail_matches": [[0, 1], [2, 4], [4, 4], [5, 0], [7, 6], [11, 3], [12, 2], [13, 2], [14, 5], [15, 5]], "text_classification": [1, 0, 1, 0, 1, 1, 1, 1, 0, 1, 1, 1, 1, 1, 1, 1], "character_names": ["Osamu Mikumo", "Osamu Mikumo", "Y\u016bma Kuga", "Y\u016bma Kuga", "Osamu Mikumo", "Y\u016bma Kuga"]}