{"bbox_annotations": {"bboxes_as_x1y1x2y2": [[789.25, 606.882568359375, 1379.0, 1156.9959716796875], [361.7688903808594, 1524.25, 603.75, 1942.5], [663.25, 1228.5, 907.0677490234375, 1911.0], [1104.100830078125, 1523.939453125, 1396.2235107421875, 1941.4208984375], [938.8778686523438, 1228.5, 1185.2828369140625, 1676.05908203125], [190.37355041503906, 104.96444702148438, 654.5, 521.2421875], [1023.50146484375, 136.5, 1328.0582275390625, 520.0875854492188], [197.75, 908.25, 459.3873748779297, 1153.25], [126, 1415.74658203125, 344.60284423828125, 1944.25], [865.1555786132812, 133.17066955566406, 992.6394653320312, 271.08538818359375], [801.0184936523438, 348.60198974609375, 958.6354370117188, 484.5663757324219], [595.367919921875, 214.93301391601562, 707.1453857421875, 252.6231689453125], [445.8927917480469, 284.4649963378906, 608.71728515625, 454.87994384765625], [1109.9163818359375, 665.5671997070312, 1326.7967529296875, 842.1737060546875], [558.666259765625, 698.25, 729.968505859375, 819.9788818359375], [240.63209533691406, 626.8704223632812, 370.25396728515625, 788.9208984375], [362.25, 873.25, 420.0, 936.25], [1147.6815185546875, 1264.4781494140625, 1352.75, 1433.25], [1027.05859375, 1806, 1179.5888671875, 1944.25], [684.25, 1315.2904052734375, 746.988037109375, 1362.8614501953125], [444.0968322753906, 1298.5, 597.472900390625, 1439.29638671875], [246.07301330566406, 1272.25, 385.3399353027344, 1411.7838134765625], [540.75, 1730.75, 633.5, 1788.5], [206.5, 1813, 356.0609130859375, 1923.25], [752.6133422851562, 1.726466417312622, 1394.3590087890625, 529.0045166015625], [119.7404556274414, 0.3822058439254761, 735.125244140625, 528.8170776367188], [486.0835876464844, 576.791015625, 1398.50830078125, 1160.0904541015625], [118.32271575927734, 576.7276000976562, 473.679443359375, 1170.45361328125], [934.8173828125, 1210.1605224609375, 1399.6298828125, 1957.0772705078125], [654.0082397460938, 1208.6353759765625, 906.076416015625, 1945.818115234375], [121.86579132080078, 1212.765869140625, 638.0681762695312, 1952.6612548828125], [547, 171, 590, 207], [995, 407, 1035, 439], [379, 1760, 417, 1796], [1065, 866, 1111, 919], [716, 1437, 751, 1478], [463, 1516, 495, 1561], [719, 892, 762, 937], [291, 833, 325, 873]], "labels": [0, 0, 0, 0, 0, 0, 0, 0, 0, 1, 1, 1, 1, 1, 1, 1, 1, 1, 1, 1, 1, 1, 1, 1, 2, 2, 2, 2, 2, 2, 2, 3, 3, 3, 3, 3, 3, 3, 3], "image_id": 18}, "character_clusters": [0, 1, 0, 2, 3, 0, 1, 1, 0], "text_char_matches": [[0, 6], [1, 6], [2, 5], [3, 5], [4, 0], [5, 0], [6, 7], [8, 7], [9, 7], [10, 2], [11, 1], [12, 1], [14, 1]], "text_tail_matches": [[0, 1], [1, 1], [2, 0], [3, 0], [4, 3], [5, 6], [6, 7], [10, 4], [11, 5], [12, 5], [14, 2]], "text_classification": [1, 1, 1, 1, 1, 1, 1, 1, 1, 1, 1, 1, 1, 0, 1], "character_names": ["Osamu Mikumo", "Y\u016bma Kuga", "Osamu Mikumo", "none", "none", "Osamu Mikumo", "Y\u016bma Kuga", "Y\u016bma Kuga", "Osamu Mikumo"]}