{"bbox_annotations": {"bboxes_as_x1y1x2y2": [[127.75, 2.029752731323242, 1072.2074279785159, 987.0], [701.75, 1684.6148681640625, 964.25, 2102.847900390625], [1214.5, 1361.5, 1398.25, 1533.0], [1193.5, 183.75, 1402.7333984375, 661.5], [643.5872192382812, 961.92431640625, 1259.3033447265625, 1636.25], [563.8868408203125, 1397.084228515625, 644.4269409179688, 1509.3895263671875], [1116.5, 1020.25, 1361.5, 1198.75], [266.24560546875, 1459.14013671875, 369.357177734375, 1574.8687744140625], [949.11767578125, 1806.093505859375, 1176.248046875, 2099.407470703125], [166.32894897460938, 1671.054443359375, 588.0, 2101.1015625], [1139.25, 215.25, 1195.25, 346.5], [1198.75, 301, 1249.5, 411.25], [1186.720703125, 619.0507202148438, 1275.203125, 685.6174926757812], [1140.5142822265625, 791.0794067382812, 1248.12158203125, 883.927734375], [728, 96.25, 782.25, 253.75], [675.5, 224, 733.25, 391.7742614746094], [682.5, 701.75, 731.5, 871.5], [195.04345703125, 802.6726684570312, 331.2349853515625, 902.4754638671875], [1095.5, 1103.3377685546875, 1172.5, 1330.0], [1165.6583251953125, 1299.0517578125, 1225.4757080078125, 1433.25], [493.5, 1190, 618.8859252929688, 1246], [236.417236328125, 1113, 411.2028503417969, 1219.9822998046875], [356.0422058105469, 1323, 441.0, 1489.25], [184.46987915039062, 1310.59814453125, 314.85400390625, 1384.25], [1139.010986328125, 1705.4805908203125, 1260.2857666015625, 1800.75], [1177.75, 1879.8902587890625, 1246.0, 2012.5000000000002], [941.5, 1723.1053466796875, 1015.148681640625, 1853.25], [566.8963623046875, 1644.4501953125, 678.2537841796875, 1799.0], [360.5, 1715, 463.75, 1795.5], [199.5, 1838.0478515625, 329.0, 1914.5], [1072.3184814453125, 184.8750762939453, 1401.7276611328125, 972.9775390625], [114.57534790039062, -7.3142008781433105, 1071.586669921875, 993.6175537109375], [456.1378479003906, 1002.6323852539062, 1391.968017578125, 1632.08203125], [122.37928009033203, 1057.525146484375, 471.8123779296875, 1582.244873046875], [118.19287872314453, 1630.3529052734375, 1296.034912109375, 2099.37060546875], [1186, 515, 1219, 556], [354, 778, 393, 815], [248, 1433, 285, 1472], [409, 1846, 451, 1899], [1150, 1842, 1182, 1881], [629, 1214, 668, 1248]], "labels": [0, 0, 0, 0, 0, 0, 0, 0, 0, 0, 1, 1, 1, 1, 1, 1, 1, 1, 1, 1, 1, 1, 1, 1, 1, 1, 1, 1, 1, 1, 2, 2, 2, 2, 2, 3, 3, 3, 3, 3, 3], "image_id": 22}, "character_clusters": [0, 1, 0, 0, 1, 2, 0, 3, 0, 3], "text_char_matches": [[2, 3], [3, 3], [7, 0], [10, 4], [11, 7], [13, 7], [14, 8], [18, 9], [19, 9]], "text_tail_matches": [[2, 0], [3, 0], [7, 1], [10, 5], [11, 2], [13, 2], [14, 4], [18, 3], [19, 3]], "text_classification": [0, 0, 1, 1, 0, 0, 0, 1, 0, 0, 1, 1, 0, 1, 1, 0, 0, 1, 1, 1], "character_names": ["Y\u016bma Kuga", "Osamu Mikumo", "Y\u016bma Kuga", "Y\u016bma Kuga", "Osamu Mikumo", "none", "Y\u016bma Kuga", "none", "Y\u016bma Kuga", "none"]}