{"bbox_annotations": {"bboxes_as_x1y1x2y2": [[590.5283203125, 1484, 756.58740234375, 1788.821533203125], [284.4563903808594, 1699.25, 514.5, 1930.25], [542.5, 1354.5, 691.25, 1792.6218261718752], [1149.6795654296875, 826.5796508789062, 1399.626220703125, 1120.7640380859375], [481.25, 0, 1029.0, 1116.5], [581.0928344726562, 1725.5, 753.1761474609375, 1930.833740234375], [1092, 178.5, 1401.587158203125, 761.25], [843.5, 1198.75, 1272.25, 2095.525390625], [206.5, 267.75, 420.0, 656.25], [119, 462, 371, 1118.25], [1319.5, 347.3155212402344, 1379.0, 502.25], [910, 138.25, 1039.5, 1016.6044311523439], [117.25, 182, 224.0, 500.5], [346.5, 655.9573364257812, 416.5, 1092.0], [1220.4349365234375, 1301.1151123046875, 1324.75, 1342.25], [1214.5, 1447.25, 1261.75, 1575.0], [816.0744018554688, 1807.75, 1036.6397705078125, 1898.75], [564.920166015625, 1279.2041015625, 655.513916015625, 1314.25], [356.61138916015625, 1265.82666015625, 449.6291198730469, 1295.0], [255.99098205566406, 1347.1182861328125, 357.0, 1428.0], [159.25, 1720.0689697265625, 259.0, 1847.5697021484375], [1083.4066162109375, 171.69313049316406, 1401.619873046875, 796.2389526367188], [1089.6002197265625, 821.2373657226562, 1401.937744140625, 1130.736083984375], [475.55877685546875, -3.2749414443969727, 1069.681396484375, 1122.0618896484375], [112.90534973144531, 170.59942626953125, 451.9595947265625, 1126.3585205078125], [769.9761352539062, 1170.119873046875, 1398.109130859375, 2099.609619140625], [535.3936157226562, 1175.061767578125, 755.5208129882812, 1942.6805419921875], [111.70198822021484, 1180.4737548828125, 519.42431640625, 1944.1856689453125], [377, 1424, 421, 1462], [1231, 1401, 1266, 1445], [824, 1681, 856, 1727], [242, 847, 308, 914], [578, 769, 889, 921]], "labels": [0, 0, 0, 0, 0, 0, 0, 0, 0, 0, 1, 1, 1, 1, 1, 1, 1, 1, 1, 1, 1, 2, 2, 2, 2, 2, 2, 2, 3, 3, 3, 3, 3], "image_id": 10}, "character_clusters": [0, 1, 2, 2, 3, 3, 3, 1, 1, 3], "text_char_matches": [[1, 4], [3, 9], [4, 7], [6, 7], [7, 2], [8, 1], [9, 1]], "text_tail_matches": [[1, 4], [3, 3], [4, 1], [6, 2], [8, 0], [9, 0]], "text_classification": [0, 1, 0, 1, 1, 0, 1, 1, 1, 1, 0], "character_names": ["none", "Y\u016bma Kuga", "Osamu Mikumo", "Osamu Mikumo", "none", "none", "none", "Y\u016bma Kuga", "Y\u016bma Kuga", "none"]}