{"bbox_annotations": {"bboxes_as_x1y1x2y2": [[122.69147491455078, 1444.7027587890625, 221.79531860351562, 1547.1905517578125], [357.1243591308594, 1790.197265625, 491.3884582519531, 1953.2132568359375], [326.3271179199219, 1629.7430419921875, 418.10772705078125, 1708.3553466796875], [116.00112915039062, 236.25, 444.8414611816406, 837.161865234375], [993.497314453125, 81.30266571044922, 1396.1854248046875, 897.8446578979492], [738.5, 1466.83251953125, 759.60791015625, 1510.25], [178.54823303222656, 1852.5552978515625, 334.3514404296875, 1962.6871337890625], [376.27825927734375, 1445.510986328125, 455.8495788574219, 1533.33056640625], [209.82485961914062, 952.8557739257812, 921.8211975097656, 1381.744140625], [209.8828887939453, 1724.232177734375, 317.66827392578125, 1859.8951416015625], [459.9631042480469, 521.2034301757812, 744.1467895507812, 801.80859375], [713.9884033203125, 1478.1959228515625, 738.5, 1550.201904296875], [938, 1456, 964.25, 1487.5], [789.3130493164062, 134.00421142578125, 985.2647705078125, 463.59088134765625], [559.9221801757812, 213.1724395751953, 741.1783447265625, 416.16937255859375], [129.87368774414062, 160.19992065429688, 253.22772216796875, 335.9017028808594], [130.55770874023438, 583.9733276367188, 301.12188720703125, 871.2467041015625], [1086.5391845703125, 991.1780395507812, 1181.1641845703125, 1231.0562744140625], [161.98672485351562, 995.3291015625, 382.5747985839844, 1267.1507568359375], [1198.7000732421875, 1526.3857421875, 1304.0965576171875, 1666.60986328125], [782.0510864257812, 1472.4427490234375, 922.8685913085938, 1616.70849609375], [725.3571166992188, 1661.708984375, 788.8652954101562, 1710.7174072265625], [739.6644287109375, 1802.1712646484375, 801.194580078125, 1866.4869384765625], [380.0789489746094, 1585.7694091796875, 489.46197509765625, 1665.3515625], [285.1497802734375, 1545.3133544921875, 403.5461120605469, 1624.3082275390625], [767.6295776367188, -1.6088694334030151, 1398.8701171875, 897.78662109375], [123.99076080322266, -1.9346237182617188, 754.6167602539062, 892.6382446289062], [124.6220932006836, 944.4047241210938, 1397.979736328125, 1389.1539306640625], [692.733154296875, 1421.8076171875, 1313.580078125, 1966.47705078125], [495.3076477050781, 1428.51611328125, 680.705322265625, 1966.750732421875], [117.92620086669922, 1432.113525390625, 496.1512145996094, 1968.0419921875], [406, 1138, 443, 1173], [593, 462, 633, 506], [196, 370, 232, 412], [1002, 1128, 1039, 1158], [294, 644, 414, 698]], "labels": [0, 0, 0, 0, 0, 0, 0, 0, 0, 0, 0, 0, 0, 1, 1, 1, 1, 1, 1, 1, 1, 1, 1, 1, 1, 2, 2, 2, 2, 2, 2, 3, 3, 3, 3, 3], "image_id": 647}, "character_clusters": [0, 1, 2, 3, 3, 4, 5, 6, 3, 7, 2, 8, 9], "text_char_matches": [[0, 10], [1, 10], [2, 3], [3, 10], [4, 8], [5, 8], [6, 10], [7, 8]], "text_tail_matches": [[1, 1], [3, 4], [2, 2], [4, 3], [5, 0]], "text_classification": [1, 1, 1, 1, 1, 1, 1, 1, 1, 1, 0, 0], "character_names": ["none", "none", "Naruto Uzumaki", "Iruka Umino", "Iruka Umino", "none", "none", "none", "Iruka Umino", "none", "Naruto Uzumaki", "none", "none"]}