{"bbox_annotations": {"bboxes_as_x1y1x2y2": [[882.0825805664062, 1566.4510498046875, 1263.5343017578125, 2038.59814453125], [544.9815063476562, 1275.75, 690.6573486328125, 1471.2919921875], [352.9367370605469, 1822.0240478515625, 823.144775390625, 2075.432861328125], [280.67913818359375, 1797.635986328125, 437.9791564941406, 2033.3829345703125], [290.5, 3.5, 1398.25, 1002.5423812866211], [761.067138671875, 1066.1466064453125, 1321.29345703125, 1499.50341796875], [125.49728393554688, 1173.1158447265625, 417.50750732421875, 1493.4873046875], [169.56654357910156, 625.7135620117188, 354.79266357421875, 763.7943725585938], [1247.571533203125, 1080.5777587890625, 1309.5484619140625, 1180.311767578125], [803.6139526367188, 1175.8536376953125, 862.260986328125, 1207.07275390625], [483.992431640625, 1067.5, 724.2760620117188, 1271.4566650390625], [226.10574340820312, 1154.1888427734375, 299.5297546386719, 1203.451416015625], [148.75, 1162.2574462890625, 234.41094970703122, 1242.8184814453125], [1274, 1573.25, 1310.75, 1681.75], [889, 1613.5, 1039.9637451171875, 1734.119873046875], [1230.6795654296875, 1907.5, 1324.6112060546875, 1982.70654296875], [479.3116149902344, 1567.806396484375, 822.2080078125, 1834.5283203125], [677.25, 1825.25, 752.5, 1883.0], [650.2349853515625, 1865.2711181640625, 711.5416259765625, 1925.113525390625], [119.52101135253906, -5.968031406402588, 1408.0118408203125, 1010.4439697265625], [739.1730346679688, 1052.48681640625, 1322.899169921875, 1508.0311279296875], [121.01532745361328, 1049.305419921875, 736.5460815429688, 1503.2662353515625], [860.957275390625, 1537.052490234375, 1324.318359375, 2076.0546875], [121.74523162841797, 1528.9200439453125, 838.4659423828125, 2112.46435546875], [470, 1776, 511, 1815], [437, 1144, 495, 1183], [885, 1155, 924, 1187], [1241, 1845, 1276, 1893], [193, 1219, 222, 1255], [253, 1188, 280, 1215]], "labels": [0, 0, 0, 0, 0, 0, 0, 1, 1, 1, 1, 1, 1, 1, 1, 1, 1, 1, 1, 2, 2, 2, 2, 2, 3, 3, 3, 3, 3, 3], "image_id": 679}, "character_clusters": [0, 0, 0, 1, 2, 1, 1], "text_char_matches": [[0, 1], [3, 6], [9, 3], [7, 0], [2, 5], [1, 5], [6, 0]], "text_tail_matches": [[2, 2], [3, 1], [4, 5], [5, 4], [8, 3], [9, 0]], "text_classification": [1, 1, 1, 1, 0, 0, 1, 1, 0, 1, 0, 0], "character_names": ["Iruka Umino", "Iruka Umino", "Iruka Umino", "Mizuki", "Naruto Uzumaki", "Mizuki", "Mizuki"]}