{"bbox_annotations": {"bboxes_as_x1y1x2y2": [[512.436279296875, 1449.1361083984375, 962.6084594726562, 1959.97412109375], [88.81082153320312, 1445.5, 362.28424072265625, 1712.86767578125], [588.2456665039062, 806.75, 920.1769409179688, 1389.0994873046877], [89.25, 1764.905029296875, 478.0334777832031, 2098.24267578125], [426.8487548828125, 987, 571.5926513671875, 1388.3626708984375], [987, 934.5, 1268.75, 1289.75], [90.25020599365234, 842.7008666992188, 519.75, 1275.75], [897.75, 1715, 1162.68603515625, 1959.0770263671875], [801.5, 633.5, 899.5, 724.5], [841.1862182617188, 599.8363647460938, 899.75146484375, 643.1171875], [775.25, 593.25, 838.25, 645.75], [1193.819580078125, 839.46630859375, 1253.5218505859375, 895.2150268554688], [1108.234619140625, 869.9453735351562, 1163.645751953125, 912.3901977539062], [1006.027099609375, 831.4310913085938, 1073.0224609375, 887.4910888671875], [693, 1258.25, 845.25, 1354.5], [89.47864532470703, 1215.3717041015625, 262.80387115478516, 1315.5655517578125], [1104.905517578125, 1500.42919921875, 1253.8114013671875, 1710.2210693359375], [513.0958251953125, 1680.2666015625, 691.1213989257812, 1924.38818359375], [391.9742126464844, 1446.302001953125, 475.7781066894531, 1548.75], [85.10063171386719, 1819.0777587890625, 260.2519836425781, 1978.1865234375], [80.70244598388672, -3.090941905975342, 1275.7236328125, 752.97265625], [943.9241943359375, 794.376953125, 1278.6005859375, 1397.2642822265625], [578.8804931640625, 799.9998168945312, 926.4034423828125, 1393.598876953125], [81.34390258789062, 797.3073120117188, 570.2257690429688, 1396.9212646484375], [497.7255859375, 1433.103271484375, 1277.5211181640625, 1959.7998046875], [80.74665069580078, 1429.500732421875, 493.48260498046875, 1715.6195068359375], [84.97711944580078, 1758.4708251953125, 484.1355895996094, 2098.602783203125], [232, 1091, 275, 1138]], "labels": [0, 0, 0, 0, 0, 0, 0, 0, 0, 1, 1, 1, 1, 1, 1, 1, 1, 1, 1, 1, 2, 2, 2, 2, 2, 2, 2, 3], "image_id": 658}, "character_clusters": [0, 0, 1, 1, 1, 1, 0, 1, 1], "text_char_matches": [[6, 6], [7, 7], [8, 0], [9, 1]], "text_tail_matches": [[6, 0]], "text_classification": [0, 0, 0, 0, 0, 0, 1, 1, 1, 1, 0], "character_names": ["Iruka Umino", "Iruka Umino", "Naruto Uzumaki", "Naruto Uzumaki", "Naruto Uzumaki", "Naruto Uzumaki", "Iruka Umino", "Naruto Uzumaki", "Naruto Uzumaki"]}