{"bbox_annotations": {"bboxes_as_x1y1x2y2": [[265.4438781738281, 1127, 557.3178100585938, 1465.0479736328125], [119.17533111572266, 173.25, 512.4597854614258, 528.649658203125], [703.3336791992188, 250.4146728515625, 1382.761474609375, 1458.2486572265625], [121.24127960205078, 1524.5433349609375, 563.4462966918945, 2100.64111328125], [219.65943908691406, 866.0879516601562, 342.574462890625, 988.0875244140625], [605.8185424804688, 1758.2601318359375, 787.3172607421875, 2104.936767578125], [666.75, 0, 1368.5, 420], [848.3765869140625, 425.43841552734375, 970.37548828125, 478.5294189453125], [748.6172485351562, 717.8521118164062, 873.25, 1122.0123291015625], [540.9290161132812, 84.44682312011719, 641.5562133789062, 159.3417205810547], [140.19927978515625, 914.3828125, 660.059814453125, 1075.3524169921875], [575.1156616210938, 1193.827392578125, 639.9024047851562, 1404.01171875], [261.8213806152344, 1355.7373046875, 548.6220092773438, 1471.5440673828125], [131.12783813476562, 1172.52490234375, 275.0269775390625, 1436.2430419921875], [857.9180297851562, 1553.1575927734375, 1004.3258666992188, 1861.0601806640625], [564.40576171875, 1527.75, 813.75, 1748.904541015625], [125.76744842529297, 1549.198486328125, 304.45214080810547, 1897.2587890625], [685.8854370117188, -4.027900218963623, 1397.3531494140625, 1477.470458984375], [116.85518646240234, 162.94056701660156, 670.6060180664062, 537.5438842773438], [117.76587677001953, 579.0249633789062, 670.9088134765625, 1075.9298095703125], [119.5146484375, 1111.9239501953125, 665.0517578125, 1473.416748046875], [1040.526123046875, 1507.885009765625, 1321.8079833984375, 2099.915771484375], [114.52030944824219, 1513.2056884765625, 1034.3125, 2095.233642578125], [279, 1221, 333, 1271], [505.75, 1279.25, 551.25, 1309.0]], "labels": [0, 0, 0, 0, 0, 0, 1, 1, 1, 1, 1, 1, 1, 1, 1, 1, 1, 2, 2, 2, 2, 2, 2, 3, 3], "image_id": 643}, "character_clusters": [0, 1, 0, 1, 1, 0], "text_char_matches": [[7, 0], [5, 0], [8, 3], [10, 3]], "text_tail_matches": [[7, 0], [5, 1]], "text_classification": [0, 0, 0, 0, 1, 0, 0, 1, 1, 1, 1], "character_names": ["Naruto Uzumaki", "Iruka Umino", "Naruto Uzumaki", "Iruka Umino", "Iruka Umino", "Naruto Uzumaki"]}