{"bbox_annotations": {"bboxes_as_x1y1x2y2": [[794.4827880859375, 1520.75, 1251.656005859375, 1961.460205078125], [935.3170776367188, 173.25, 1202.884033203125, 633.4000244140625], [510.96746826171875, 332.6434020996094, 906.6082153320312, 589.6173095703125], [276.0052185058594, 1328.2362060546875, 528.5234375, 1523.02783203125], [258.5196228027344, 1704.8858642578125, 713.7805786132812, 2102.67529296875], [254.30361938476562, 495.83038330078125, 340.4993896484375, 592.6703491210938], [885.3329467773438, 824.25, 991.7666015625, 944.3507080078126], [493.5129089355469, 991.3652954101562, 713.9848022460938, 1158.2982177734375], [941.1069946289062, 174.5412139892578, 1212.1175537109375, 316.1633605957031], [475.53338623046875, 241.5950164794922, 534.6484375, 390.5615539550781], [262.5, 257.25, 397.25, 390.25], [116.35250091552734, 90.79826354980469, 214.98316955566406, 166.05995178222656], [1168.810302734375, 722.7015991210938, 1270.5821533203125, 883.8175048828125], [1011.6080932617188, 811.7316284179688, 1192.76708984375, 1146.7783203125], [905.1502075195312, 753.7757568359375, 980.4805297851562, 809.4002075195312], [201.00018310546875, 740.25, 498.6602783203125, 923.7157592773436], [1076.175537109375, 1285.1063232421875, 1278.4815673828125, 1487.6710205078125], [774.427001953125, 1291.4862060546875, 920.5989379882812, 1533.3818359375], [448.6644287109375, 1295.635009765625, 647.0350341796875, 1375.605224609375], [80.5, 1272.25, 306.25, 1436.75], [608.4857177734375, 1735.3267822265625, 681.0266723632812, 1807.0321044921875], [534.668212890625, 1698.5574951171875, 610.6875610351562, 1758.1202392578125], [537.1759033203125, 1821.93701171875, 609.819580078125, 1876.290283203125], [104.7114028930664, 1735.6802978515625, 275.17334747314453, 1905.8184814453125], [197.75, 1988.0927734375, 265.20965576171875, 2044.90576171875], [933.1345825195312, 157.80850219726562, 1278.634765625, 650.8739013671875], [87.1055908203125, 166.70860290527344, 913.9341430664062, 649.056396484375], [81.5866470336914, 692.3952026367188, 1281.6375732421875, 1209.55517578125], [740.9603881835938, 1255.99560546875, 1286.5858154296875, 1969.7030029296875], [82.15545654296875, 1251.4676513671875, 722.7378540039062, 1623.3406982421875], [80.90709686279297, 1661.4027099609375, 715.7298583984375, 2106.4990234375], [1116, 1510, 1150, 1548], [285, 1829, 322, 1867], [494, 810, 542, 845], [886, 1557, 930, 1595], [520, 371, 556, 412], [981.75, 848.75, 1018.5, 876.75]], "labels": [0, 0, 0, 0, 0, 0, 0, 0, 1, 1, 1, 1, 1, 1, 1, 1, 1, 1, 1, 1, 1, 1, 1, 1, 1, 2, 2, 2, 2, 2, 2, 3, 3, 3, 3, 3, 3], "image_id": 670}, "character_clusters": [0, 1, 2, 2, 2, 1, 0, 2], "text_char_matches": [[1, 2], [4, 6], [5, 6], [7, 6], [8, 0], [9, 0], [10, 3], [15, 4]], "text_tail_matches": [[1, 4], [4, 5], [5, 5], [7, 2], [8, 0], [9, 3], [15, 1]], "text_classification": [0, 1, 0, 0, 1, 1, 0, 1, 1, 1, 1, 0, 0, 0, 0, 1, 0], "character_names": ["Mizuki", "Naruto Uzumaki", "Iruka Umino", "Iruka Umino", "Iruka Umino", "Naruto Uzumaki", "Mizuki", "Iruka Umino"]}