{"bbox_annotations": {"bboxes_as_x1y1x2y2": [[780.4756469726562, 1640.272705078125, 1000.5479125976562, 2102.785888671875], [187.8856658935547, 193.73687744140625, 531.1868743896484, 593.0021362304688], [-0.26283562183380127, 652.4703979492188, 252.61015021800995, 1088.389404296875], [90.4669418334961, 1149.6065673828125, 1115.626121520996, 1582.5262451171875], [693.0950317382812, 152.8206024169922, 1177.75, 1092.0], [441.08465576171875, 1638, 760.45849609375, 2100.97021484375], [96.25, 1636.25, 302.75, 2099.636474609375], [539, 0, 1286.25, 666.75], [1138.3253173828125, 500.189208984375, 1288.2777099609375, 670.25], [582.19775390625, 204.5180206298828, 737.2523803710938, 480.9799346923828], [368.35797119140625, 204.83213806152344, 524.14111328125, 455.50103759765625], [96.57350158691406, 91.00359344482422, 198.03724670410156, 166.2803192138672], [56.24179458618164, 188.8765411376953, 192.6946907043457, 391.30279541015625], [303.2280578613281, 696.8292846679688, 527.3287963867188, 1059.7015380859375], [1088.8253173828125, 1204.670654296875, 1277.98681640625, 1516.6043701171875], [949.4111938476562, 1170.587158203125, 1046.369384765625, 1250.2054443359375], [1047.5364990234375, 1697.9141845703125, 1252.2591552734375, 2015.0860595703125], [669.8679809570312, 1652.0186767578125, 750.3956909179688, 1769.9881591796875], [547.2388916015625, -1.4299392700195312, 1291.1610107421875, 1103.343994140625], [3.01133394241333, 171.60348510742188, 530.2865600585938, 602.0311889648438], [-6.138157844543457, 635.989990234375, 536.9083862304688, 1103.1468505859375], [87.05389404296875, 1138.7200927734375, 1286.0185546875, 1590.678955078125], [783.4769897460938, 1619.218994140625, 1285.25146484375, 2101.88623046875], [328.5621032714844, 1619.893310546875, 759.8721923828125, 2099.6826171875], [93.34540557861328, 1632.5469970703125, 322.0323486328125, 2099.67529296875], [777, 284, 820, 325], [1027, 1308, 1071, 1351], [639, 1736, 670, 1760], [935, 1790, 1002, 1845]], "labels": [0, 0, 0, 0, 0, 0, 0, 1, 1, 1, 1, 1, 1, 1, 1, 1, 1, 1, 2, 2, 2, 2, 2, 2, 2, 3, 3, 3, 3], "image_id": 682}, "character_clusters": [0, 1, 0, 2, 2, 1, 1], "text_char_matches": [[1, 4], [2, 4], [3, 1], [5, 1], [6, 2], [7, 3], [9, 0], [10, 5]], "text_tail_matches": [[2, 0], [7, 1], [9, 3], [10, 2]], "text_classification": [0, 1, 1, 1, 0, 1, 1, 1, 0, 1, 1], "character_names": ["Mizuki", "Iruka Umino", "Mizuki", "Naruto Uzumaki", "Naruto Uzumaki", "Iruka Umino", "Iruka Umino"]}