{"bbox_annotations": {"bboxes_as_x1y1x2y2": [[122.5, 175, 488.25, 616.1170654296875], [509.0259094238281, 1214.7071533203125, 1182.7292785644531, 1943.478271484375], [141.69931030273438, 1247.9510498046875, 465.5909423828125, 1967.4755859375], [613.624755859375, 173.25, 1397.4642333984375, 1101.6668395996094], [479.5, 113.75, 1398.25, 1113.0], [1184.144775390625, 87.55364990234375, 1278.638916015625, 162.16958618164062], [554.1862182617188, 768.25, 709.3745727539062, 1008.411376953125], [120.13300323486328, 276.4505920410156, 209.33119201660156, 512.8303833007812], [131.25, 686, 469.0, 1093.75], [1139.0189208984375, 1262.2230224609375, 1311.589599609375, 1367.022216796875], [363.82708740234375, 1234.2056884765625, 453.1387023925781, 1266.650146484375], [129.8352508544922, 1177.8350830078125, 248.5634765625, 1260.5858154296875], [119.8479232788086, 1695.45703125, 204.5859375, 1803.047119140625], [507.4134826660156, 144.15127563476562, 1401.6888427734375, 1100.6533203125], [115.20912170410156, 159.6338348388672, 496.0317077636719, 623.5342407226562], [113.38735961914062, 663.8589477539062, 493.56854248046875, 1111.4056396484375], [483.72674560546875, 1142.818603515625, 1312.30517578125, 1966.06884765625], [118.89842224121094, 1139.9615478515625, 464.1092834472656, 1969.166015625], [1119, 1297, 1154, 1329], [204, 1616, 245, 1666], [764, 798, 797, 830], [340, 1251, 375, 1282], [205, 378, 236, 421]], "labels": [0, 0, 0, 0, 1, 1, 1, 1, 1, 1, 1, 1, 1, 2, 2, 2, 2, 2, 3, 3, 3, 3, 3], "image_id": 675}, "character_clusters": [0, 1, 2, 2], "text_char_matches": [[2, 3], [5, 1], [8, 2], [3, 0], [6, 2], [7, 2]], "text_tail_matches": [[2, 2], [3, 4], [5, 0], [6, 3], [8, 1]], "text_classification": [0, 0, 1, 1, 0, 1, 1, 1, 1], "character_names": ["Naruto Uzumaki", "Iruka Umino", "Mizuki", "Mizuki"]}