{"bbox_annotations": {"bboxes_as_x1y1x2y2": [[343, 1057.15576171875, 666.75, 1463.0], [659.8037109375, 1682.941162109375, 955.5, 1952.85595703125], [208.63294982910156, 1686.0858154296875, 496.6497344970703, 1961.1290283203125], [1142.7550048828125, 1519, 1310.658447265625, 1962.60400390625], [318.5783996582031, 1754.501220703125, 376.8456726074219, 1806.4619140625], [426.1761474609375, 231.51756286621094, 939.0892333984375, 623.1634979248047], [809.7775268554688, 271.3855895996094, 1017.8627319335938, 442.8407287597656], [754.3377075195312, 912.791015625, 1089.5943603515625, 1469.1513671875], [210.65357971191406, 1720.2470703125, 300.53924560546875, 1791.587158203125], [234.5, 1172.5, 322.0, 1242.5], [345.7220458984375, 225.75, 442.1097412109375, 380.40759277343756], [1102.5, 1228.5, 1398.25, 1484.0], [992.6471557617188, 933.4319458007812, 1078.3890380859375, 1044.3905029296875], [108.5, 854, 761.25, 1123.402587890625], [1006.5577392578125, 1536.7855224609375, 1065.882568359375, 1815.15185546875], [855.7293090820312, 1602.8616943359375, 944.2572021484375, 1645.00634765625], [766.3118286132812, 1566.76611328125, 841.6732177734375, 1650.75], [544.1824340820312, 1603.9913330078125, 748.0400390625, 1676.662109375], [113.47443389892578, 0.7713586091995239, 1395.4058837890625, 852.5863647460938], [1113.449951171875, 894.0640258789062, 1395.319091796875, 1475.694580078125], [749.8921508789062, 890.8678588867188, 1093.9422607421875, 1474.1002197265625], [116.1443862915039, 887.0045166015625, 737.0379028320312, 1466.645263671875], [979.9976196289062, 1503.73876953125, 1309.0140380859375, 1963.2451171875], [519.30908203125, 1511.748779296875, 964.3675537109375, 1961.001953125], [108.92188262939453, 1508.84716796875, 500.0751647949219, 1964.218994140625], [674, 1751, 708, 1793], [833, 1648, 864, 1685]], "labels": [0, 0, 0, 0, 0, 0, 0, 0, 0, 0, 1, 1, 1, 1, 1, 1, 1, 1, 2, 2, 2, 2, 2, 2, 2, 3, 3], "image_id": 681}, "character_clusters": [0, 1, 2, 2, 1, 1, 0, 2, 0, 1], "text_char_matches": [[4, 3], [7, 1], [0, 5], [2, 7], [5, 1]], "text_tail_matches": [[5, 1], [7, 0]], "text_classification": [1, 0, 1, 0, 1, 1, 0, 1], "character_names": ["Naruto Uzumaki", "Mizuki", "Iruka Umino", "Iruka Umino", "Mizuki", "Mizuki", "Naruto Uzumaki", "Iruka Umino", "Naruto Uzumaki", "Mizuki"]}