{"bbox_annotations": {"bboxes_as_x1y1x2y2": [[369.5837707519531, 481.25, 596.8558349609375, 679.025390625], [812.0996704101562, 1664.3822021484375, 846.7710571289062, 1718.89794921875], [196.5221710205078, 181.96473693847656, 454.9549102783203, 621.5863189697266], [1045.43603515625, 799.3106689453125, 1319.77001953125, 1216.5931396484375], [507.21484375, 1029.737548828125, 558.1192016601562, 1119.7552490234375], [906.7933959960938, 945.8175048828125, 951.8326416015625, 1119.2501220703125], [237.72207641601562, 511.4242248535156, 410.5720520019531, 687.2181396484375], [122.1204833984375, 470.75, 316.8913879394531, 683.2922973632812], [376.25, 397.2483215332031, 669.1266479492186, 683.7036743164062], [857.9312133789062, 1650.611083984375, 904.8792114257812, 1712.6636962890625], [1199.8424072265625, 91.36332702636719, 1302.739990234375, 168.5194854736328], [1151.5, 511, 1223.25, 584.5], [813.236083984375, 456.9066162109375, 866.4467163085938, 525.0328979492188], [997.9569091796875, 632.0725708007812, 1067.3590087890625, 667.523681640625], [504.5327453613281, 210.22232055664062, 654.6309814453125, 378.82843017578125], [125.5846939086914, 238.6172637939453, 246.38101196289062, 345.3690490722656], [894.1173706054688, 825.0391845703125, 1002.707275390625, 861.747802734375], [431.732177734375, 813.80078125, 565.312255859375, 906.0137329101562], [847.765380859375, 1284.7081298828125, 1039.2105712890625, 1522.0107421875], [600.4349975585938, 1284.668701171875, 837.793701171875, 1568.197265625], [464.1391296386719, 1669.5477294921875, 635.4151000976562, 1874.6258544921875], [692.857666015625, 161.8654327392578, 1317.4700927734375, 695.2061767578125], [122.31903076171875, 166.9288787841797, 670.7695922851562, 690.4314575195312], [1034.0614013671875, 740.1773071289062, 1324.6514892578125, 1229.15673828125], [421.3896179199219, 736.0656127929688, 1012.6278076171875, 1221.628173828125], [119.07357025146484, 738.5905151367188, 418.4527587890625, 1231.36962890625], [121.24989318847656, 1268.3861083984375, 1395.798095703125, 2096.921875], [214, 292, 261, 335], [920, 906, 953, 946], [637, 1716, 673, 1751], [896, 1521, 933, 1567], [525, 385, 562, 431], [484, 940, 520, 981]], "labels": [0, 0, 0, 0, 0, 0, 0, 0, 0, 0, 1, 1, 1, 1, 1, 1, 1, 1, 1, 1, 1, 2, 2, 2, 2, 2, 2, 3, 3, 3, 3, 3, 3], "image_id": 651}, "character_clusters": [0, 1, 2, 3, 1, 3, 4, 5, 6, 3], "text_char_matches": [[5, 2], [7, 4], [6, 5], [4, 0], [8, 9], [9, 9], [10, 1]], "text_tail_matches": [[4, 4], [5, 0], [6, 1], [7, 5], [8, 3], [9, 3], [10, 2]], "text_classification": [0, 0, 0, 0, 1, 1, 1, 1, 1, 1, 1], "character_names": ["Hiruzen Sarutobi", "Naruto Uzumaki", "Iruka Umino", "Mizuki", "Naruto Uzumaki", "Mizuki", "none", "none", "none", "Mizuki"]}