{"bbox_annotations": {"bboxes_as_x1y1x2y2": [[967.765869140625, 1601.38427734375, 1224.3994140625, 1895.649169921875], [235.95211791992188, 353.41192626953125, 413.6361083984375, 558.651611328125], [246.7976837158203, 1589.0037841796875, 605.7758331298828, 1902.6976318359375], [810.8438110351562, 1170.75, 969.5, 1387.4737548828123], [416.98992919921875, 1102.68408203125, 628.4955444335938, 1291.8050537109375], [83.27989959716797, 943.25, 358.74889373779297, 1427.5572509765625], [755.1690673828125, 275.1795349121094, 851.7666015625, 395.3121643066406], [745.5, 1895.25, 838.25, 1944.25], [718.1693115234375, 899.79248046875, 1286.883056640625, 1280.8245849609375], [381.5, 946.75, 652.75, 1090.25], [91.98414611816406, 1217.9190673828125, 155.4488525390625, 1272.809326171875], [94.5, 1289.75, 140.0, 1342.25], [1032.5, 1466.5, 1174.25, 1611.75], [702.2310791015625, 1736.926025390625, 813.929443359375, 1799.1796875], [544.25, 1510.25, 610.75, 1561.0], [90.10748291015625, 1587.067626953125, 257.467041015625, 1706.596435546875], [-2.711886167526245, -1.144614815711975, 1284.0953369140625, 887.4549560546875], [701.3742065429688, 921.0440063476562, 1286.494384765625, 1425.69140625], [374.5234375, 929.5492553710938, 675.404541015625, 1431.3370361328125], [78.17558288574219, 931.73388671875, 365.9491271972656, 1434.48974609375], [637.430908203125, 1474.5797119140625, 1281.8551025390625, 1956.1317138671875], [80.68099975585938, 1474.516845703125, 624.5366821289062, 1961.535888671875], [258, 1598, 302, 1646], [760, 1846, 792, 1885]], "labels": [0, 0, 0, 0, 0, 0, 0, 0, 1, 1, 1, 1, 1, 1, 1, 1, 2, 2, 2, 2, 2, 2, 3, 3], "image_id": 674}, "character_clusters": [0, 1, 1, 1, 0, 0, 0, 1], "text_char_matches": [[7, 2], [5, 7]], "text_tail_matches": [[5, 1], [7, 0]], "text_classification": [0, 0, 0, 0, 0, 1, 0, 1], "character_names": ["Naruto Uzumaki", "Iruka Umino", "Iruka Umino", "Iruka Umino", "Naruto Uzumaki", "Naruto Uzumaki", "Naruto Uzumaki", "Iruka Umino"]}