{"bbox_annotations": {"bboxes_as_x1y1x2y2": [[814.028076171875, 1719.7340087890625, 1281.693603515625, 2096.3466796875], [1058.75, 565.1539916992188, 1178.7391357421875, 765.0700073242188], [120.49229431152344, 1328.5323486328125, 394.59043884277344, 1948.0364990234375], [1122.3043212890625, 1475.6094970703125, 1219.08837890625, 1574.57421875], [210.0950164794922, 1158.4072265625, 484.8638153076172, 1262.5670166015625], [192.15133666992188, 547.2266845703125, 285.99560546875, 711.1226196289062], [515.7349243164062, 435.75, 628.7667236328125, 714.2072143554688], [427, 1342.25, 498.75, 1429.75], [577.501220703125, 89.3381118774414, 675.1438598632812, 165.3170928955078], [453.37060546875, 209.8092041015625, 704.2029418945312, 413.49932861328125], [225.75, 420, 304.5, 532], [1167.746337890625, 912.3926391601562, 1316.54443359375, 1197.0048828125], [628.25, 1034.25, 1071.0, 1181.25], [611.5697631835938, 884.771240234375, 715.7385864257812, 980.2006225585938], [372.75, 1097.25, 607.25, 1261.75], [283.9795227050781, 981.4384765625, 350.42437744140625, 1026.970947265625], [1224.3768310546875, 1481.4039306640625, 1307.784423828125, 1570.5452880859375], [1259.9454345703125, 1777.3499755859375, 1306.9527587890625, 1889.4609375], [787.3115234375, 1779.7371826171875, 845.7852783203125, 2010.731689453125], [495.25, 1342.25, 595.0, 1400.0], [539, 1631, 668.5, 1743], [724.251953125, -2.20949649810791, 1310.530029296875, 394.28741455078125], [731.609130859375, 406.09637451171875, 1317.345947265625, 784.9971313476562], [120.30523681640625, 166.3471221923828, 716.6014404296875, 774.0784301757812], [589.3567504882812, 816.7164306640625, 1317.81201171875, 1282.9710693359375], [109.03011322021484, 809.1453857421875, 578.4325561523438, 1271.884765625], [731.5794677734375, 1319.4263916015625, 1320.062744140625, 1663.2357177734375], [739.8411254882812, 1708.11376953125, 1325.7271728515625, 2098.637939453125], [118.0892333984375, 1312.54931640625, 714.4318237304688, 1966.4490966796875], [1234, 1839, 1261, 1870]], "labels": [0, 0, 0, 0, 0, 0, 0, 0, 1, 1, 1, 1, 1, 1, 1, 1, 1, 1, 1, 1, 1, 2, 2, 2, 2, 2, 2, 2, 2, 3], "image_id": 653}, "character_clusters": [0, 0, 1, 0, 2, 0, 2, 0], "text_char_matches": [[1, 6], [3, 5], [10, 0], [2, 5], [9, 0]], "text_tail_matches": [[9, 0]], "text_classification": [0, 1, 1, 1, 0, 1, 1, 0, 0, 1, 1, 0, 0], "character_names": ["Naruto Uzumaki", "Naruto Uzumaki", "Mizuki", "Naruto Uzumaki", "Hiruzen Sarutobi", "Naruto Uzumaki", "Hiruzen Sarutobi", "Naruto Uzumaki"]}