{"bbox_annotations": {"bboxes_as_x1y1x2y2": [[1096.41748046875, 941.2742309570312, 1198.33544921875, 1095.1539306640625], [520.7034912109375, 732.1926879882812, 815.4888916015625, 989.42529296875], [607.4008178710938, 53.024349212646484, 1106.1431884765625, 661.4405479431152], [888.0560302734375, 1094.54833984375, 1399.1458740234375, 1852.450439453125], [215.25, 1683.5, 1081.5, 2098.25], [987, 0, 1398.25, 565.25], [152.25, 0, 747.25, 1907.5], [1186.8699951171875, 732.6917724609375, 1353.470947265625, 888.2451171875], [9.112191200256348, 11.329364776611328, 1408.99267578125, 2111.2236328125]], "labels": [0, 0, 0, 0, 0, 1, 1, 1, 2], "image_id": 684}, "character_clusters": [0, 1, 1, 1, 1], "text_char_matches": [[2, 0]], "text_tail_matches": [], "text_classification": [1, 1, 1], "character_names": ["Mizuki", "Naruto Uzumaki", "Naruto Uzumaki", "Naruto Uzumaki", "Naruto Uzumaki"]}