{"bbox_annotations": {"bboxes_as_x1y1x2y2": [[615.12158203125, 1408.75, 834.1896362304688, 1842.75], [532.9885864257812, 905.1851806640625, 940.776123046875, 1357.7889404296875], [124.2966079711914, 925.129638671875, 490.3605422973633, 1352.9488525390625], [311.870849609375, 1528.5233154296875, 417.7745361328125, 1635.6375732421875], [343.85662841796875, 92.75, 1114.75, 754.5333633422852], [971.25, 910, 1310.460205078125, 1352.4910888671875], [861.0914916992188, 1412.5328369140625, 1308.8680419921875, 1956.8778076171875], [367.5, 525, 861.0, 759.8482666015625], [1053.5, 1095.5, 1316.0, 1351.0], [327.25, 1596, 365.75, 1646.75], [291.2941589355469, 132.81216430664062, 462.6720886230469, 296.7490234375], [1156.82421875, 932.6900634765625, 1215.773193359375, 979.1193237304688], [701.4639892578125, 1270.5, 789.4736938476562, 1335.5098876953125], [417.8404541015625, 926.4248657226562, 484.1028137207031, 1032.992919921875], [876.75, 1701, 969.5, 1797.25], [429.95123291015625, 1502.647216796875, 523.1263427734375, 1546.9486083984375], [124.65714263916016, -3.50688099861145, 1381.94140625, 850.0667724609375], [966.0306396484375, 884.699951171875, 1320.1923828125, 1363.5843505859375], [522.8124389648438, 896.123291015625, 943.041015625, 1366.353271484375], [117.60675048828125, 888.7063598632812, 505.7815246582031, 1365.6937255859375], [859.7979736328125, 1395.92236328125, 1314.721923828125, 1963.041748046875], [606.30419921875, 1397.8016357421875, 837.1511840820312, 1962.9281005859375], [120.3099136352539, 1399.568115234375, 588.1795043945312, 1964.6053466796875], [955, 1667, 988, 1699], [405, 1536, 441, 1569], [1169, 976, 1188, 998]], "labels": [0, 0, 0, 0, 0, 0, 0, 0, 0, 0, 1, 1, 1, 1, 1, 1, 2, 2, 2, 2, 2, 2, 2, 3, 3, 3], "image_id": 667}, "character_clusters": [0, 0, 1, 0, 0, 2, 2, 2, 0, 2], "text_char_matches": [[4, 6], [5, 3], [3, 2]], "text_tail_matches": [[1, 2], [5, 1], [4, 0]], "text_classification": [1, 0, 0, 1, 1, 1], "character_names": ["Iruka Umino", "Iruka Umino", "Mizuki", "Iruka Umino", "Iruka Umino", "Naruto Uzumaki", "Naruto Uzumaki", "Naruto Uzumaki", "Iruka Umino", "Naruto Uzumaki"]}