{"bbox_annotations": {"bboxes_as_x1y1x2y2": [[941.4886474609375, 1530.3387451171875, 1279.9468994140625, 1963.17578125], [417.3424072265625, 1534.75, 830.34375, 1956.5], [891.3578491210938, 593.1007690429688, 1263.672119140625, 976.7471923828125], [789.2515258789062, 435.8149108886719, 864.8507080078125, 506.4411315917969], [1007.0275268554688, 227.98573303222656, 1100.190185546875, 514.5492095947266], [164.51234436035156, 809.0167846679688, 646.8209991455078, 1347.5], [717.5, 1083.25, 1084.1142578125, 1470.2801513671875], [505.75, 332.5, 561.75, 393.75], [474.0797424316406, 223.32363891601562, 524.3744506835938, 285.0320129394531], [417.2057800292969, 394.6605224609375, 487.5937194824219, 454.34027099609375], [693.4951171875, 683.552001953125, 911.4217529296875, 891.8135986328125], [1098.727783203125, 1110.2113037109375, 1263.7677001953125, 1394.09423828125], [418.8112487792969, 720.7921752929688, 512.4873046875, 776.4048461914062], [366.1476135253906, 1266.1043701171875, 538.6217651367188, 1425.628662109375], [398.4359436035156, 1546.2464599609375, 502.7354736328125, 1725.0987548828125], [149.50100708007812, 1688.5390625, 209.52352905273438, 1869.6507568359375], [1004.853271484375, -1.4090046882629395, 1279.6182861328125, 529.54638671875], [-8.354372024536133, 2.758678913116455, 985.8331298828125, 537.146240234375], [676.2791748046875, 576.91455078125, 1278.1334228515625, 981.9368286132812], [672.462646484375, 1027.7440185546875, 1278.37939453125, 1475.9542236328125], [-5.117231369018555, 588.0444946289062, 654.803466796875, 1483.8121337890625], [850.97607421875, 1521.9981689453125, 1277.371337890625, 1965.71533203125], [402.2370910644531, 1528.5247802734375, 831.4418334960938, 1964.1417236328125], [80.3302001953125, 1519.2364501953125, 390.28717041015625, 1963.7032470703125], [908, 667, 957, 702], [436, 799, 467, 838], [1017, 1185, 1081, 1235]], "labels": [0, 0, 0, 0, 0, 0, 0, 0, 1, 1, 1, 1, 1, 1, 1, 1, 2, 2, 2, 2, 2, 2, 2, 2, 3, 3, 3], "image_id": 644}, "character_clusters": [0, 1, 0, 0, 1, 1, 1, 1], "text_char_matches": [[2, 2], [4, 5], [3, 6], [7, 0], [0, 7], [1, 7]], "text_tail_matches": [[2, 0], [4, 1], [3, 2]], "text_classification": [1, 1, 1, 1, 1, 0, 0, 1], "character_names": ["Iruka Umino", "Naruto Uzumaki", "Iruka Umino", "Iruka Umino", "Naruto Uzumaki", "Naruto Uzumaki", "Naruto Uzumaki", "Naruto Uzumaki"]}