{"bbox_annotations": {"bboxes_as_x1y1x2y2": [[780.1163330078125, 178.96539306640625, 1105.82666015625, 729.3729248046875], [175, 1419.8621826171875, 661.0485992431641, 1964.8057861328125], [225.29983520507812, 306.2493896484375, 374.8791198730469, 421.886962890625], [392.4475402832031, 1039.7120361328125, 665.860595703125, 1279.49072265625], [989.4580688476562, 1466.7105712890625, 1395.57568359375, 1917.45361328125], [760.4666137695312, 851.7470092773438, 944.8279418945312, 1003.660400390625], [247.2711181640625, 231.9546356201172, 754.1892700195312, 672.7281951904297], [675.5, 1414, 820.75, 1638], [168, 1499.75, 602, 1958.25], [1167.34375, 92.47854614257812, 1275.37744140625, 169.59986877441406], [793.4376220703125, 567.63916015625, 878.6642456054688, 675.0201416015625], [132.44699096679688, 186.56903076171875, 209.04275512695312, 418.3255310058594], [1137.688720703125, 837.9780883789062, 1303.111572265625, 1070.8880615234375], [1111.25, 1139.25, 1281.0, 1251.25], [859.25, 1204, 1065.75, 1347.5], [133.71327209472656, 845.25, 342.7936706542969, 1035.237060546875], [1241.37841796875, 1850.4697265625, 1400.546630859375, 1960.0645751953125], [537.0062255859375, 1464.9454345703125, 640.8732299804688, 1559.223388671875], [441, 1680, 691.25, 1968.75], [119, 1415.75, 301, 1919.75], [1130.81103515625, 160.4781036376953, 1398.8629150390625, 742.5906982421875], [772.2950439453125, 159.90248107910156, 1109.5721435546875, 742.0579833984375], [114.37644958496094, 166.15223693847656, 760.1741943359375, 754.1885986328125], [111.15892028808594, 780.6494750976562, 1307.920166015625, 1359.6239013671875], [980.933837890625, 1403.0162353515625, 1395.27587890625, 1958.9632568359375], [663.9006958007812, 1403.6375732421875, 965.8643798828125, 1968.8150634765625], [115.16297149658203, 1405.84716796875, 664.5230712890625, 1967.907470703125], [359, 874, 463, 933], [1063, 834, 1135, 882], [219, 294, 265, 337]], "labels": [0, 0, 0, 0, 0, 0, 0, 0, 0, 1, 1, 1, 1, 1, 1, 1, 1, 1, 1, 1, 2, 2, 2, 2, 2, 2, 2, 3, 3, 3], "image_id": 673}, "character_clusters": [0, 0, 0, 1, 1, 0, 1, 1, 1], "text_char_matches": [[1, 0], [3, 5], [6, 5], [2, 2]], "text_tail_matches": [[2, 2], [3, 1], [6, 0]], "text_classification": [0, 1, 1, 1, 0, 0, 1, 0, 1, 0, 0], "character_names": ["Iruka Umino", "Iruka Umino", "Iruka Umino", "Naruto Uzumaki", "Naruto Uzumaki", "Iruka Umino", "Naruto Uzumaki", "Naruto Uzumaki", "Naruto Uzumaki"]}