{"bbox_annotations": {"bboxes_as_x1y1x2y2": [[890.3165893554688, 346.1791687011719, 1283.5185546875, 770.366455078125], [224, 899.5, 533.3603668212891, 1378.6121826171875], [252.59130859375, 203.57395935058594, 655.4969482421875, 838.9606781005859], [1190, 999.0542602539062, 1312.398193359375, 1149.75], [123.48233795166016, 1435.8232421875, 562.458869934082, 2107.507080078125], [399.2803039550781, 1823.5338134765625, 598.4733276367188, 1998.2962646484375], [642.2620849609375, 1222.091552734375, 710.0203247070312, 1281.279541015625], [925.5811157226562, 1529.5, 1260.396484375, 1948.2185058593752], [123.77983093261719, 1433.704345703125, 488.02781677246094, 2108.298828125], [672, 973, 722.75, 1030.75], [1195.9453125, 89.07791137695312, 1290.32373046875, 166.0640869140625], [694.3992309570312, 230.9499053955078, 826.853515625, 467.920166015625], [570.974365234375, 319.71343994140625, 681.7591552734375, 455.8628845214844], [507.207275390625, 205.2395782470703, 628.583251953125, 300.1851806640625], [136.4237060546875, 526.75, 253.98342895507812, 793.4888305664062], [630.4443359375, 923.92529296875, 677.7107543945312, 987.1600341796875], [124.24650573730469, 1132.7816162109375, 271.7163391113281, 1355.9688720703125], [1182.755126953125, 1481.3963623046875, 1309.8232421875, 1656.0018310546875], [1052.79443359375, 1455.4500732421875, 1161.6036376953125, 1533.894775390625], [934.0400390625, 1445.81591796875, 1056.0823974609375, 1533.898193359375], [773.2283325195312, 1512.12890625, 918.8863525390625, 1624.6837158203125], [774.4637451171875, 1775.9827880859375, 890.1796875, 1927.082275390625], [567.1297607421875, 1457.951171875, 734.0144653320312, 1835.415283203125], [295.75, 1736, 428.75, 1842.75], [847.9075927734375, 156.9732666015625, 1315.7379150390625, 842.493896484375], [126.60807800292969, 153.62222290039062, 831.80126953125, 844.57568359375], [558.0934448242188, 883.16845703125, 1319.0308837890625, 1387.0565185546875], [118.99325561523438, 883.8505249023438, 541.2659301757812, 1387.7188720703125], [757.6295166015625, 1421.7071533203125, 1323.43115234375, 1964.7921142578125], [120.8621826171875, 1421.7474365234375, 735.7964477539062, 2096.34130859375], [810, 310, 850, 353], [268, 1183, 308, 1229], [255, 518, 296, 571], [670, 954, 699, 990], [1135, 1520, 1176, 1561]], "labels": [0, 0, 0, 0, 0, 0, 0, 0, 0, 0, 1, 1, 1, 1, 1, 1, 1, 1, 1, 1, 1, 1, 1, 1, 2, 2, 2, 2, 2, 2, 3, 3, 3, 3, 3], "image_id": 661}, "character_clusters": [0, 0, 1, 0, 2, 3, 1, 3, 1, 3], "text_char_matches": [[1, 0], [4, 2], [6, 1], [12, 8], [10, 7], [11, 7], [7, 7], [5, 9]], "text_tail_matches": [[1, 0], [4, 2], [5, 3], [6, 1], [7, 4]], "text_classification": [0, 1, 0, 0, 1, 1, 1, 1, 0, 0, 1, 1, 1, 0], "character_names": ["Mizuki", "Mizuki", "Iruka Umino", "Mizuki", "none", "Naruto Uzumaki", "Iruka Umino", "Naruto Uzumaki", "Iruka Umino", "Naruto Uzumaki"]}