{"bbox_annotations": {"bboxes_as_x1y1x2y2": [[424.6925048828125, 1582.3153076171875, 518.3221435546875, 1664.25], [651, 1590.75, 752.1640625, 1830.1922607421875], [363.229736328125, 1580.846923828125, 525.3546142578125, 1942.878662109375], [126.94649505615234, 386.80841064453125, 500.2682113647461, 704.5064086914062], [246.8267822265625, 1373.479248046875, 529.2137451171875, 1924.0914306640625], [987.7006225585938, 200.9557342529297, 1315.383544921875, 705.7964324951172], [1029, 1666.6314697265625, 1306.1895751953125, 1965.2945556640625], [822.5, 925.75, 1310.75, 1289.75], [526.2503662109375, 310.9681701660156, 680.4602661132812, 573.4747924804688], [260.75, 1566.865478515625, 377.0293273925781, 1923.920166015625], [201.25, 1547.2593994140625, 329.0, 1897.5968017578125], [526.9993286132812, 1555.9072265625, 650.5191040039062, 1923.25], [962.5, 1736, 1116.5, 1958.25], [619.5, 1519, 714.0, 1729], [1194.437744140625, 93.53848266601562, 1294.898681640625, 170.8069610595703], [755.5025024414062, 218.6476593017578, 918.112060546875, 421.89385986328125], [746.8843383789062, 473.3076171875, 901.9771728515625, 621.451416015625], [147.88389587402344, 191.48651123046875, 344.6071472167969, 395.2872619628906], [1144.5, 791, 1289.75, 948.5], [978.5966796875, 774.2366943359375, 1113.269287109375, 915.4165649414062], [838.9041137695312, 794.5852661132812, 934.4488525390625, 898.1871948242188], [140.00758361816406, 794.6134033203125, 349.8409118652344, 1066.057861328125], [1079.5780029296875, 1356.861572265625, 1304.837646484375, 1649.7442626953125], [754.9767456054688, 1362.404541015625, 926.017333984375, 1947.2474365234375], [133, 1352.75, 719.25, 1501.5], [985.130615234375, 174.0008544921875, 1316.9871826171875, 718.5982666015625], [124.81927490234375, 165.413330078125, 965.2183837890625, 711.7019653320312], [813.62841796875, 754.4803466796875, 1316.8128662109375, 1300.6861572265625], [123.57453155517578, 752.9796752929688, 799.58544921875, 1299.656494140625], [957.2782592773438, 1326.9183349609375, 1311.4678955078125, 1967.6593017578125], [116.76226806640625, 1337.35498046875, 934.7078247070312, 1960.6322021484375], [659, 291, 705, 331], [370, 264, 426, 308]], "labels": [0, 0, 0, 0, 0, 0, 0, 0, 0, 0, 0, 0, 0, 0, 1, 1, 1, 1, 1, 1, 1, 1, 1, 1, 1, 2, 2, 2, 2, 2, 2, 3, 3], "image_id": 671}, "character_clusters": [0, 1, 2, 3, 4, 5, 6, 3, 7, 8, 9, 10, 11, 12], "text_char_matches": [[1, 8], [3, 8], [6, 7], [8, 6], [5, 7]], "text_tail_matches": [[1, 0], [3, 1]], "text_classification": [0, 1, 0, 1, 0, 1, 1, 1, 1, 1, 1], "character_names": ["none", "none", "none", "Iruka Umino", "none", "Naruto Uzumaki", "Yajirobee", "Iruka Umino", "Mizuki", "none", "none", "none", "none", "none"]}