{"bbox_annotations": {"bboxes_as_x1y1x2y2": [[855.75, 176.75, 1281.0, 756.1002960205078], [200.69705200195312, 1162.8924560546875, 274.2922058105469, 1326.4410400390625], [113.67178344726562, 457.2073059082031, 562.6982421875, 750.9487915039062], [740.9985961914062, 1612.010498046875, 1281.4969482421875, 2097.97412109375], [850.1654052734375, 891.2918701171875, 1254.685302734375, 1427.9632568359375], [102.67646789550781, 880.8213500976562, 176.6154022216797, 1083.509521484375], [302.39056396484375, 1666, 667.7371826171875, 2097.661865234375], [264.25, 832.4397583007812, 353.0718688964844, 1059.222412109375], [700, 813.9890747070312, 832.4246826171875, 1100.75], [169.60269165039062, 981.8590698242188, 231.9436492919922, 1082.404541015625], [208.25, 831.25, 327.25, 943.25], [1143.7110595703125, 184.48812866210938, 1279.4371337890625, 450.821533203125], [736.9057006835938, 214.91461181640625, 828.7380981445312, 286.7879943847656], [668.4163208007812, 426.1130065917969, 859.7086181640625, 730.562255859375], [471.8845520019531, 256.2603454589844, 624.7034912109375, 429.5312194824219], [0, 143.5, 460.25, 595.0], [127.11698913574219, 86.28485870361328, 213.6509552001953, 163.94293212890625], [1100.75, 824.25, 1282.3665771484375, 1078.0], [704.5237426757812, 1102.5, 913.5, 1423.7921142578125], [439.25, 817.9244384765625, 669.2371215820312, 1293.3330078125], [1015.5587768554688, 1540.46533203125, 1255.8939208984375, 1779.937255859375], [738.5, 1492.75, 861.0, 1958.25], [611.9203491210938, 1522.6934814453125, 708.1687622070312, 1666.656982421875], [233.57618713378906, 1484.714111328125, 517.4261627197266, 1792.3365478515625], [0, 1412.25, 239.75, 2098.1572265625], [661.5337524414062, 163.49566650390625, 1284.84423828125, 761.1685791015625], [64.18488311767578, 163.5389404296875, 639.99853515625, 761.6112670898438], [696.955810546875, 800.7341918945312, 1286.7044677734375, 1436.22705078125], [91.54375457763672, 795.1311645507812, 680.0911865234375, 1432.461669921875], [736.3438110351562, 1475.3974609375, 1281.760986328125, 2104.302001953125], [235.5462646484375, 1475.4544677734375, 708.1317749023438, 2100.34228515625], [0.43519437313079834, 1460.0838623046875, 228.4979705810547, 2091.29638671875]], "labels": [0, 0, 0, 0, 0, 0, 0, 0, 0, 0, 0, 1, 1, 1, 1, 1, 1, 1, 1, 1, 1, 1, 1, 1, 1, 2, 2, 2, 2, 2, 2, 2], "image_id": 666}, "character_clusters": [0, 1, 2, 2, 3, 4, 1, 5, 6, 7, 8], "text_char_matches": [[3, 2], [9, 3], [11, 6], [0, 0], [2, 0], [6, 0], [7, 0], [8, 0], [12, 0], [10, 3]], "text_tail_matches": [], "text_classification": [1, 0, 1, 1, 0, 0, 1, 1, 1, 1, 0, 1, 1, 0], "character_names": ["Iruka Umino", "Naruto Uzumaki", "Mizuki", "Mizuki", "Hiruzen Sarutobi", "none", "Naruto Uzumaki", "none", "none", "none", "none"]}