{"bbox_annotations": {"bboxes_as_x1y1x2y2": [[890.75, 1697.8516845703125, 1058.75, 1818.25], [964.4981079101562, 1527.66015625, 1054.8831787109375, 1635.9534912109375], [117.25, 1503.25, 224.0, 1958.25], [1123.5, 1729, 1323.1212158203125, 1959.3995361328127], [913.1582641601562, 1789.9376220703125, 1095.34033203125, 1955.0052490234375], [371, 1539.076904296875, 863.2755126953125, 1925.0], [264.25, 1515.5, 740.25, 1947.75], [154, 119, 1400, 1417.5], [555.7523803710938, 785.1490478515625, 637.7761840820312, 920.9232177734375], [1116.5, 1533, 1309.735107421875, 1682.819580078125], [771.4382934570312, 1540.949462890625, 861.0, 1699.2198486328125], [252, 1503.25, 421.75, 1759.018310546875], [101.21414184570312, -3.409874439239502, 1400.533447265625, 1446.5091552734375], [888.6057739257812, 1488.030517578125, 1321.816162109375, 1970.447509765625], [243.92893981933594, 1488.067138671875, 867.6328125, 1968.395263671875], [120.08208465576172, 1491.43798828125, 235.8602294921875, 1968.104736328125]], "labels": [0, 0, 0, 0, 0, 0, 0, 0, 1, 1, 1, 1, 2, 2, 2, 2], "image_id": 655}, "character_clusters": [0, 1, 2, 3, 4, 5, 6, 2], "text_char_matches": [[2, 5], [3, 5]], "text_tail_matches": [], "text_classification": [1, 1, 1, 1], "character_names": ["none", "none", "Kurama", "none", "none", "Iruka Umino", "none", "Kurama"]}