{"bbox_annotations": {"bboxes_as_x1y1x2y2": [[984.2752685546875, 1752.8673095703125, 1166.5521240234375, 1936.720703125], [96.25, 185.61219787597656, 348.25, 567.0], [256.92864990234375, 1668.4676513671875, 443.09881591796875, 1900.190673828125], [744.6574096679688, 388.5, 1271.770751953125, 865.7159423828125], [394.03271484375, 464.1533508300781, 703.6092529296875, 874.2800903320312], [568.5165405273438, 1693.55615234375, 955.7147827148438, 2001.67529296875], [446.25, 179.04473876953125, 705.25, 481.25], [239.75, 649.25, 365.75, 824.25], [91, 553, 330.75, 878.5], [1098.5770263671875, 188.11351013183594, 1276.15869140625, 471.3391571044922], [751.9451293945312, 235.03115844726562, 929.3353271484375, 442.0663146972656], [355.7804260253906, 206.77499389648438, 414.3720397949219, 493.6654968261719], [109.67029571533203, 93.12162017822266, 221.05718994140625, 167.03404235839844], [836.5, 1086.75, 1121.75, 1512.0], [8.75, 1072.75, 749.0, 1422.75], [280, 1149.75, 733.25, 1596.0], [952, 1543.5, 1212.75, 1804.25], [330.75, 1767.5, 533.75, 2096.5], [740.5333251953125, 170.5211944580078, 1285.7745361328125, 869.8809814453125], [86.92674255371094, 171.7061767578125, 724.3732299804688, 886.567138671875], [-3.833448886871338, 926.18798828125, 1280.4923095703125, 1673.650146484375], [515.6121215820312, 1527.9171142578125, 1278.31298828125, 2097.424072265625], [76.72490692138672, 1637.8170166015625, 549.9759521484375, 2100.621826171875], [861, 476, 905, 519], [1130, 460, 1157, 489]], "labels": [0, 0, 0, 0, 0, 0, 0, 0, 0, 1, 1, 1, 1, 1, 1, 1, 1, 1, 2, 2, 2, 2, 2, 3, 3], "image_id": 660}, "character_clusters": [0, 0, 0, 1, 0, 1, 2, 0, 1], "text_char_matches": [[0, 3], [1, 3], [2, 4]], "text_tail_matches": [[0, 1], [1, 0]], "text_classification": [1, 1, 1, 0, 0, 0, 0, 0, 0], "character_names": ["Iruka Umino", "Iruka Umino", "Iruka Umino", "Naruto Uzumaki", "Iruka Umino", "Naruto Uzumaki", "Mizuki", "Iruka Umino", "Naruto Uzumaki"]}