{"bbox_annotations": {"bboxes_as_x1y1x2y2": [[803.0263671875, 1396.0908203125, 964.041748046875, 1505.3067626953125], [707, 1659, 1194.4034423828125, 2096.826416015625], [87.2544937133789, 656.1859741210938, 408.6842727661133, 815.6865234375], [613.5814208984375, 1243.087158203125, 743.1434326171875, 1389.22607421875], [422.77362060546875, 661.9054565429688, 887.25, 802.1803588867188], [347.4197998046875, 751.32763671875, 1277.5, 1109.5], [523.4331665039062, 179.6572265625, 1051.55859375, 601.9227294921875], [957.0335693359375, 1231.9334716796875, 1058.007080078125, 1527.3095703125], [1059.454345703125, 261.07135009765625, 1274.329345703125, 532.6026611328125], [301.7723388671875, 209.7946319580078, 520.7283935546875, 536.4163360595703], [94.5645523071289, 218.6964111328125, 309.05945587158203, 581.082763671875], [112.4683837890625, 90.95472717285156, 210.62789916992188, 165.84718322753906], [1124.6568603515625, 1222.9619140625, 1261.677978515625, 1432.76025390625], [1136.79248046875, 1768.14501953125, 1260.3150634765625, 1913.9522705078125], [745.5, 1678.25, 836.5, 1781.5], [505.5625915527344, 1695.75, 678.8905029296875, 1909.7073974609377], [84.98526000976562, 168.5331573486328, 1279.72900390625, 607.9011840820312], [77.77310180664062, 650.891357421875, 1281.1539306640625, 1123.1158447265625], [487.8761901855469, 1153.10498046875, 1284.5521240234375, 1571.9517822265625], [491.4205017089844, 1610.575927734375, 1294.642333984375, 2096.04296875], [86.39702606201172, 1146.112548828125, 470.7544250488281, 1967.121826171875], [1074, 1347, 1114, 1382], [700, 1753, 739, 1786], [1067, 1808, 1100, 1844]], "labels": [0, 0, 0, 0, 0, 0, 0, 0, 1, 1, 1, 1, 1, 1, 1, 1, 2, 2, 2, 2, 2, 3, 3, 3], "image_id": 686}, "character_clusters": [0, 1, 2, 1, 3, 0, 1, 3], "text_char_matches": [[0, 6], [1, 6], [2, 6], [4, 7], [7, 1], [5, 1]], "text_tail_matches": [[4, 0], [5, 2], [7, 1]], "text_classification": [1, 1, 1, 0, 1, 1, 0, 1], "character_names": ["Mizuki", "Iruka Umino", "none", "Iruka Umino", "Naruto Uzumaki", "Mizuki", "Iruka Umino", "Naruto Uzumaki"]}