{"bbox_annotations": {"bboxes_as_x1y1x2y2": [[831.4696044921875, 59.420101165771484, 1277.645751953125, 413.723201751709], [519.4727783203125, 906.1248168945312, 934.5897216796875, 1379.064697265625], [609, 1482.222900390625, 827.75, 1606.5], [727.526611328125, 1437.734130859375, 1156.658203125, 1966.3472900390625], [759.5992431640625, 476.87054443359375, 1057.673095703125, 841.2399291992188], [92.75, 453.9022521972656, 385.1669387817383, 840.2916870117188], [106.81359100341797, 1669.544921875, 450.3729476928711, 1961.767822265625], [468.8918762207031, 499.85986328125, 729.0957641601562, 833.8021850585938], [402.2063903808594, 1656.993408203125, 663.9097290039062, 1961.187255859375], [1133.1693115234375, 555.9826049804688, 1273.604248046875, 712.1677856445312], [274.53515625, 217.34323120117188, 555.2257690429688, 415.856689453125], [109.63249206542969, 92.95722198486328, 211.4720001220703, 166.30862426757812], [1011.4982299804688, 937.3231811523438, 1236.430419921875, 1208.06005859375], [153.018798828125, 1035.1927490234375, 373.9936218261719, 1172.6844482421875], [1185.8262939453125, 1510.240234375, 1264.827392578125, 1543.7666015625], [1109.4471435546875, 1663.7928466796875, 1274.8734130859375, 1872.1353759765625], [439.7145080566406, 1450.224365234375, 578.259033203125, 1619.067626953125], [310.89801025390625, 1630.8719482421875, 433.4479675292969, 1671.7098388671875], [100.9146957397461, 1441.2698974609375, 288.6174545288086, 1662.6978759765625], [761.4566650390625, 5.789398193359375, 1279.07421875, 422.7583312988281], [757.0053100585938, 461.5579528808594, 1284.859130859375, 850.9197387695312], [79.15026092529297, 163.92172241210938, 736.2349853515625, 850.0665893554688], [81.67234802246094, 891.5750122070312, 1281.421142578125, 1383.6636962890625], [714.7506103515625, 1423.3106689453125, 1285.039306640625, 1963.3515625], [81.71601104736328, 1420.7027587890625, 710.8226928710938, 1968.3740234375], [256, 422, 295, 458], [1166, 1497, 1200, 1524], [1071, 1674, 1108, 1707], [394, 1484, 430, 1519], [392, 1700, 432, 1736], [172, 1643, 219, 1690]], "labels": [0, 0, 0, 0, 0, 0, 0, 0, 0, 1, 1, 1, 1, 1, 1, 1, 1, 1, 1, 2, 2, 2, 2, 2, 2, 3, 3, 3, 3, 3, 3], "image_id": 652}, "character_clusters": [0, 1, 0, 1, 1, 0, 0, 1, 1], "text_char_matches": [[1, 5], [0, 5], [4, 5], [3, 5], [6, 3], [7, 6], [9, 6], [8, 8], [5, 3]], "text_tail_matches": [[1, 0], [5, 1], [6, 2], [7, 3], [8, 4], [9, 5]], "text_classification": [1, 1, 0, 1, 1, 1, 1, 1, 1, 1], "character_names": ["Mizuki", "Naruto Uzumaki", "Mizuki", "Naruto Uzumaki", "Naruto Uzumaki", "Mizuki", "Mizuki", "Naruto Uzumaki", "Naruto Uzumaki"]}