{"bbox_annotations": {"bboxes_as_x1y1x2y2": [[984.5493774414062, 1664.5706787109375, 1136.228271484375, 1890.9439697265625], [674.6968994140625, 1560.4747314453125, 940.1779174804688, 1921.67626953125], [119.08644104003906, 280.3373107910156, 337.322998046875, 741.1981201171875], [117.41830444335938, 1381.8258056640625, 554.6072998046875, 1962.954833984375], [477.6956787109375, 808.1773681640625, 1077.93505859375, 1324.154052734375], [115.00519561767578, 821.4229736328125, 409.45081329345703, 1322.987548828125], [540.8997802734375, -0.37785619497299194, 1138.95751953125, 733.870923101902], [260.75, 0, 1396.5, 381.5], [1217.515869140625, 213.00308227539062, 1354.3759765625, 478.48822021484375], [249.90625, 252.75328063964844, 356.7750244140625, 323.1090087890625], [1103.60400390625, 843.991943359375, 1279.50146484375, 1180.3548583984375], [595.8053588867188, 826.4818725585938, 705.9710083007812, 918.5255737304688], [435.0714111328125, 845.079345703125, 563.3790283203125, 1049.5579833984375], [1130.37646484375, 1455.5352783203125, 1287.0489501953125, 1599.817626953125], [1156.340087890625, 1640.0400390625, 1355.6065673828125, 1952.0069580078125], [597.1660766601562, 1451.9000244140625, 793.6766967773438, 1659.103515625], [414.82470703125, 1396.064453125, 547.8800659179688, 1684.9658203125], [368.4931945800781, -3.696168899536133, 1396.225830078125, 751.0856323242188], [117.6804428100586, 122.3095932006836, 364.968994140625, 744.8323974609375], [423.9950256347656, 790.8241577148438, 1295.634521484375, 1329.3121337890625], [115.37268829345703, 792.0125122070312, 415.76025390625, 1336.2275390625], [566.1294555664062, 1366.0672607421875, 1390.071533203125, 2094.0859375], [116.9530258178711, 1363.7821044921875, 552.030517578125, 1966.263427734375], [1056, 1478, 1101, 1516], [1053, 1055, 1092, 1093], [765, 1696, 804, 1738], [558, 973, 595, 1007], [333, 371, 366, 412]], "labels": [0, 0, 0, 0, 0, 0, 0, 1, 1, 1, 1, 1, 1, 1, 1, 1, 1, 2, 2, 2, 2, 2, 2, 3, 3, 3, 3, 3], "image_id": 649}, "character_clusters": [0, 1, 1, 2, 0, 2, 2], "text_char_matches": [[1, 2], [3, 4], [5, 4], [4, 4], [6, 1], [7, 1], [8, 1], [9, 1], [2, 4]], "text_tail_matches": [[2, 4], [3, 1], [5, 3], [6, 0], [7, 0], [8, 2]], "text_classification": [0, 1, 1, 1, 1, 1, 1, 1, 1, 1], "character_names": ["Mizuki", "Iruka Umino", "Iruka Umino", "Naruto Uzumaki", "Mizuki", "Naruto Uzumaki", "Naruto Uzumaki"]}