{"bbox_annotations": {"bboxes_as_x1y1x2y2": [[533.3040771484375, 1623.3900146484375, 882.1665649414062, 1962.5977783203125], [113.15694427490234, 1623.511474609375, 516.8532028198242, 1964.484130859375], [351.20513916015625, 0, 1406.6831665039062, 1090.2463188171387], [200.93408203125, 1151.2420654296875, 909.5390625, 1564.0146484375], [912.0774536132812, 1625.12451171875, 1310.75, 1959.8795166015625], [174.33810424804688, 654.6016845703125, 389.3111572265625, 1035.49853515625], [1106.356201171875, 1206.9215087890625, 1298.3570556640625, 1485.0562744140625], [906.2222900390625, 1286.32568359375, 1081.736083984375, 1530.5037841796875], [1254.475830078125, 1677.9217529296875, 1313.529052734375, 1709.75], [115.35131072998047, -5.32659912109375, 1399.5228271484375, 1083.933349609375], [121.38453674316406, 1135.6793212890625, 1313.787841796875, 1568.82080078125], [903.9769897460938, 1604.0718994140625, 1318.3504638671875, 1966.401123046875], [532.2364501953125, 1605.4547119140625, 887.348388671875, 1967.8629150390625], [119.55213928222656, 1607.4722900390625, 515.154052734375, 1968.3011474609375], [427, 757, 480, 808], [1234, 1699, 1268, 1740]], "labels": [0, 0, 0, 0, 0, 1, 1, 1, 1, 2, 2, 2, 2, 2, 3, 3], "image_id": 669}, "character_clusters": [0, 0, 1, 0, 2], "text_char_matches": [[0, 2], [1, 2], [2, 2], [3, 4]], "text_tail_matches": [[0, 0], [3, 1]], "text_classification": [1, 1, 1, 1], "character_names": ["Naruto Uzumaki", "Naruto Uzumaki", "Iruka Umino", "Naruto Uzumaki", "Mizuki"]}