{"bbox_annotations": {"bboxes_as_x1y1x2y2": [[666.8114624023438, 1622.906982421875, 819.4398193359375, 1819.5484619140625], [241.5, 1488.8192138671875, 577.3087615966797, 2065.0], [602.7687377929688, 815.5, 817.25, 1338.75], [939.75, 827.75, 1278.05517578125, 1433.9002685546875], [275.87677001953125, 70, 1001.0662841796875, 753.926025390625], [906.5, 1545.25, 1190.4975585937502, 2101.131591796875], [1029.0179443359375, 362.4039001464844, 1203.770263671875, 596.77294921875], [102.5531005859375, 398.70135498046875, 319.5646667480469, 537.69384765625], [857.025634765625, 901.5654907226562, 999.1385498046875, 1109.3106689453125], [428.40899658203125, 817.25, 645.7114868164062, 1172.176025390625], [98.82262420654297, 1131.252685546875, 283.6535873413086, 1389.599365234375], [1108.0240478515625, 1504.4171142578125, 1256.9193115234375, 1731.9041748046875], [245.2576141357422, 1505, 401.9742736816406, 1729.3665771484375], [1.3779520988464355, -0.046062469482421875, 1284.011474609375, 767.8767700195312], [928.5155029296875, 810.0309448242188, 1282.9420166015625, 1438.291259765625], [533.7188110351562, 804.8801879882812, 920.1578979492188, 1437.909423828125], [80.5763168334961, 797.7937622070312, 559.4639892578125, 1441.7816162109375], [902.6697998046875, 1485.3216552734375, 1278.680419921875, 2106.660888671875], [592.1178588867188, 1476.0936279296875, 884.4862060546875, 2096.8818359375], [239.58914184570312, 1486.99169921875, 576.9373168945312, 2094.5693359375], [4.069101810455322, 1482.573486328125, 224.20619201660156, 2098.72119140625], [1184, 1767, 1221, 1810], [424, 1605, 460, 1641], [999, 975, 1032, 1010]], "labels": [0, 0, 0, 0, 0, 0, 1, 1, 1, 1, 1, 1, 1, 2, 2, 2, 2, 2, 2, 2, 2, 3, 3, 3], "image_id": 678}, "character_clusters": [0, 1, 0, 1, 0, 1], "text_char_matches": [[0, 3], [1, 3], [2, 3], [3, 3], [4, 3], [5, 5], [6, 1]], "text_tail_matches": [[2, 2], [5, 0], [6, 1]], "text_classification": [1, 1, 1, 1, 1, 1, 1], "character_names": ["Naruto Uzumaki", "Iruka Umino", "Naruto Uzumaki", "Iruka Umino", "Naruto Uzumaki", "Iruka Umino"]}