{"bbox_annotations": {"bboxes_as_x1y1x2y2": [[738.5, 1753.5, 974.75, 1892.3201904296873], [8.528608322143555, 652.75, 1009.631757736206, 1455.7879028320312], [850.8319091796875, 1030.0191650390625, 1121.671142578125, 1257.5362548828125], [396.4775390625, 1604.75, 678.03515625, 2097.622802734375], [994.5107421875, 1601.6156005859375, 1278.34716796875, 2096.648193359375], [353.5, 180.25, 1083.25, 484.75], [1076.076171875, 231.36459350585938, 1262.03369140625, 423.7373046875], [929.25, 481.25, 1269.8411865234375, 1594.5135498046875], [57.75, 122.5, 777.0, 518.0], [389.13458251953125, 1892.78271484375, 483.57147216796875, 2029.879638671875], [0, 1568, 367.5, 2098.25], [-12.071455001831055, 434.6070861816406, 1310.622314453125, 1608.6046142578125], [998.385498046875, 1582.616455078125, 1284.48095703125, 2094.412109375], [695.0399780273438, 1596.07666015625, 977.2491455078125, 2099.039794921875], [360.3492736816406, 1598.294189453125, 675.8606567382812, 2098.33642578125], [-3.3502936363220215, 1595.4310302734375, 344.34490966796875, 2094.07568359375], [933, 299, 1027, 340]], "labels": [0, 0, 0, 0, 0, 0, 1, 1, 1, 1, 1, 2, 2, 2, 2, 2, 3], "image_id": 680}, "character_clusters": [0, 0, 1, 1, 0, 0], "text_char_matches": [[0, 5], [3, 3]], "text_tail_matches": [[0, 0]], "text_classification": [1, 0, 0, 1, 0], "character_names": ["Mizuki", "Mizuki", "Iruka Umino", "Iruka Umino", "Mizuki", "Mizuki"]}