{"bbox_annotations": {"bboxes_as_x1y1x2y2": [[357, 1003.9578857421875, 881.7359619140625, 1405.982666015625], [880.25, 1579.93994140625, 1279.25, 1960.0], [636.6746215820312, 1464.3873291015625, 859.6062622070312, 1957.1258544921875], [908.25, 860.56787109375, 1239.13671875, 1297.5467529296875], [373.7685546875, 1521.31494140625, 430.2679443359375, 1590.8389892578125], [99.75, 191.1853790283203, 1041.25, 715.5114898681641], [423.99114990234375, 1595.5948486328125, 621.4072265625, 1910.0189208984375], [0, 777, 288.75, 1409.6038818359375], [1041.3648681640625, 153.12396240234375, 1280.0614013671875, 558.4884033203125], [100.4896469116211, 223.57913208007812, 317.5388717651367, 609.8510131835938], [1056.417724609375, 1245.3524169921875, 1204.6676025390625, 1366.7332763671875], [660.4013671875, 782.7770385742188, 860.9659423828125, 1019.8007202148438], [344.37579345703125, 794.5, 482.3148498535156, 1034.11572265625], [132.9221649169922, 820.8826293945312, 221.84701538085938, 966.0120849609375], [1179.4093017578125, 1514.864501953125, 1258.2744140625, 1559.976318359375], [907.6700439453125, 1504.05126953125, 1023.8197631835938, 1643.3544921875], [94.0330810546875, 1475.9705810546875, 338.7568359375, 1938.3739013671875], [78.73060607910156, 2.854308605194092, 1287.1903076171875, 722.8152465820312], [902.9953002929688, 755.328369140625, 1286.673828125, 1405.94970703125], [306.8842468261719, 759.159423828125, 891.6781005859375, 1412.185302734375], [3.347904920578003, 760.7379150390625, 293.5138854980469, 1413.5076904296875], [877.9835205078125, 1448.8853759765625, 1286.718505859375, 1966.9163818359375], [86.09877014160156, 1447.26318359375, 860.2200317382812, 1964.475341796875], [336, 1585, 388, 1626], [491, 1004, 536, 1048], [672, 1043, 703, 1074], [1011.5, 1648.5, 1039.5, 1694.0]], "labels": [0, 0, 0, 0, 0, 0, 0, 0, 1, 1, 1, 1, 1, 1, 1, 1, 1, 2, 2, 2, 2, 2, 2, 3, 3, 3, 3], "image_id": 662}, "character_clusters": [0, 1, 2, 3, 1, 0, 0, 1], "text_char_matches": [[1, 7], [0, 7], [4, 0], [3, 0], [6, 1], [7, 1], [8, 6], [5, 7]], "text_tail_matches": [[3, 2], [4, 1], [8, 0], [7, 3]], "text_classification": [1, 1, 0, 1, 1, 1, 1, 1, 1], "character_names": ["Mizuki", "Iruka Umino", "none", "Naruto Uzumaki", "Iruka Umino", "Mizuki", "Mizuki", "Iruka Umino"]}