{"bbox_annotations": {"bboxes_as_x1y1x2y2": [[799.0289916992188, 1240.75, 1025.6500244140625, 1515.5], [201.96498107910156, 1189.185791015625, 692.5190582275391, 1947.8526611328125], [1154.4547119140625, 1172.5001220703125, 1206.209228515625, 1243.186767578125], [102.36766052246094, 0.8227095007896423, 1055.178207397461, 684.9641889929771], [98.23017883300781, 747.2205810546875, 1253.0858917236328, 1105.582275390625], [1013.960205078125, 1572.1754150390625, 1291.5, 2100.818603515625], [1050.7803955078125, 169.32875061035156, 1279.806884765625, 619.3120269775391], [1168.6707763671875, 825.7818603515625, 1229.50341796875, 1021.8477783203125], [1105.630615234375, 1294.44384765625, 1273.5118408203125, 1492.8116455078125], [814.0260620117188, 1647.263916015625, 920.788818359375, 1981.157470703125], [546.0236206054688, 1217.4202880859375, 666.0911865234375, 1399.7330322265625], [669.2427978515625, 1656.0694580078125, 811.3740234375, 1887.4208984375], [92.91130065917969, 1254.6912841796875, 161.449462890625, 1396.362060546875], [40.578460693359375, 1601.25, 274.1030578613281, 1920.1497802734375], [94.54734802246094, 0.7646933197975159, 1295.7474365234375, 689.3546752929688], [94.18643951416016, 732.1234130859375, 1295.9642333984375, 1115.5135498046875], [776.7915649414062, 1147.716796875, 1296.5020751953125, 1525.001220703125], [762.5133056640625, 1561.2130126953125, 1291.691162109375, 2090.5634765625], [5.153906345367432, 1142.984619140625, 761.760986328125, 1959.1341552734375], [1001, 370, 1052, 413], [1019, 1342, 1093, 1398], [936, 1706, 999, 1759], [1114, 904, 1149, 941]], "labels": [0, 0, 0, 0, 0, 0, 1, 1, 1, 1, 1, 1, 1, 1, 2, 2, 2, 2, 2, 3, 3, 3, 3], "image_id": 664}, "character_clusters": [0, 0, 1, 1, 0, 2], "text_char_matches": [[0, 3], [1, 4], [2, 0], [4, 3], [7, 3], [3, 5], [5, 3], [6, 1]], "text_tail_matches": [[0, 0], [1, 3], [2, 1], [3, 2]], "text_classification": [1, 1, 1, 1, 1, 1, 1, 1], "character_names": ["Naruto Uzumaki", "Naruto Uzumaki", "Mizuki", "Mizuki", "Naruto Uzumaki", "Iruka Umino"]}