{"bbox_annotations": {"bboxes_as_x1y1x2y2": [[379.653564453125, 1471.75, 952.7442626953125, 1958.25], [94.42428588867188, 178.39344787597656, 653.4391784667969, 658.2042999267578], [951.533447265625, 962.8346557617188, 1076.747802734375, 1086.07763671875], [327.99725341796875, 1036.5621337890625, 443.62939453125, 1144.6214599609375], [460.8462829589844, 463.3701171875, 636.5986328125, 609.1728515625], [112.9213638305664, 93.51445007324219, 216.0176239013672, 164.82386779785156], [1149.6771240234375, 732.962158203125, 1273.858642578125, 1023.8388671875], [741.574462890625, 1108.2210693359375, 904.8582153320312, 1337.310302734375], [521.009521484375, 740.9579467773438, 682.7097778320312, 908.7075805664062], [99.25071716308594, 737.6766967773438, 347.17767333984375, 1098.327880859375], [947.2913818359375, 1576.75, 1250.91943359375, 1726.756103515625], [112.96971130371094, 1573.25, 408.99607849121094, 1722.0906982421875], [683.1240844726562, 165.91888427734375, 1282.0108642578125, 673.6124267578125], [86.95191955566406, 165.6680450439453, 668.871337890625, 664.544677734375], [726.0271606445312, 711.5387573242188, 1282.7445068359375, 1381.9141845703125], [83.48999786376953, 701.0714111328125, 710.5731811523438, 1377.059326171875], [80.46688079833984, 1421.6297607421875, 1277.33935546875, 1966.779296875], [1194, 1028, 1231, 1073], [904, 1202, 931, 1243]], "labels": [0, 0, 0, 0, 1, 1, 1, 1, 1, 1, 1, 1, 2, 2, 2, 2, 2, 3, 3], "image_id": 672}, "character_clusters": [0, 0, 1, 0], "text_char_matches": [[0, 1], [5, 3], [4, 3], [6, 0], [7, 0], [2, 1], [3, 1]], "text_tail_matches": [[2, 0], [3, 1]], "text_classification": [1, 0, 1, 1, 1, 1, 1, 1], "character_names": ["Hiruzen Sarutobi", "Hiruzen Sarutobi", "Naruto Uzumaki", "Hiruzen Sarutobi"]}