{"bbox_annotations": {"bboxes_as_x1y1x2y2": [[1073.460205078125, 1754.0814208984375, 1153.1143798828125, 1961.1414794921875], [126, 856.3831787109375, 500.0757904052735, 1455.561767578125], [716.2814331054688, 411.3175354003906, 890.3547973632812, 671.6297607421875], [980.7291259765625, 1871.0443115234375, 1051.289306640625, 1969.0736083984375], [868.7406616210938, 1228.5018310546875, 1313.8446044921875, 1514.0333251953125], [828.3185424804688, 741.6412963867188, 1043.00537109375, 1173.867431640625], [425.106689453125, 178.21742248535156, 752.4069213867188, 674.4065093994141], [353.5, 1572.275390625, 691.25, 2100.44091796875], [1202.082275390625, 86.16693878173828, 1293.528564453125, 164.43197631835938], [1091.6993408203125, 181.43621826171875, 1308.8734130859375, 537.9893798828125], [132.76596069335938, 283.4266357421875, 339.3714599609375, 509.25], [1124.5068359375, 771.75, 1302.005126953125, 1138.2939453125], [692.8759765625, 763.0015258789062, 838.1152954101562, 1135.8162841796875], [505.4403991699219, 760.4483032226562, 643.5003662109375, 1191.4163818359375], [134.75, 1148.172119140625, 271.5696411132813, 1328.25], [1217.9537353515625, 1585.2154541015625, 1273.7025146484375, 1793.7725830078125], [994.9337158203125, 1625.5709228515625, 1093.85302734375, 1673.4345703125], [797.4559326171875, 1568, 956.2280883789062, 1830.9903564453125], [668.2972412109375, 1659, 766.0504760742188, 1787.2301025390625], [143.9827423095703, 1614.9356689453125, 317.2723083496094, 1788.9466552734375], [160.80291748046875, 1811.99951171875, 296.6810302734375, 1955.5299072265625], [120.95128631591797, 165.9905242919922, 1312.4012451171875, 681.8922729492188], [677.556396484375, 720.7190551757812, 1316.8092041015625, 1178.810546875], [679.3865356445312, 1217.2677001953125, 1314.8760986328125, 1519.930908203125], [119.63813018798828, 719.9293823242188, 663.8732299804688, 1511.454833984375], [773.1800537109375, 1557.5960693359375, 1306.014404296875, 2094.915771484375], [120.95257568359375, 1551.943115234375, 764.5118408203125, 2091.673095703125], [338, 1682, 376, 1722], [365, 284, 398, 315], [1034, 474, 1073, 512], [962, 1733, 1010, 1772], [1164, 1738, 1199, 1779], [1075, 858, 1124, 909], [1024, 1692, 1051, 1728], [639, 1689, 678, 1730]], "labels": [0, 0, 0, 0, 0, 0, 0, 0, 1, 1, 1, 1, 1, 1, 1, 1, 1, 1, 1, 1, 1, 2, 2, 2, 2, 2, 2, 3, 3, 3, 3, 3, 3, 3, 3], "image_id": 659}, "character_clusters": [0, 1, 1, 1, 0, 1, 0, 1], "text_char_matches": [[2, 6], [1, 2], [3, 5], [4, 5], [5, 4], [6, 4], [9, 0], [7, 0], [8, 3], [11, 7], [12, 7], [10, 7]], "text_tail_matches": [[1, 2], [2, 1], [3, 5], [7, 4], [8, 6], [9, 3], [10, 7], [11, 0], [12, 0]], "text_classification": [0, 1, 1, 1, 1, 1, 1, 1, 1, 1, 1, 1, 1], "character_names": ["Iruka Umino", "Naruto Uzumaki", "Naruto Uzumaki", "Naruto Uzumaki", "Iruka Umino", "Naruto Uzumaki", "Iruka Umino", "Naruto Uzumaki"]}