{"bbox_annotations": {"bboxes_as_x1y1x2y2": [[375.6957702636719, 430.1998596191406, 1425.6757507324219, 2098.25], [93.37093353271484, 551.8229370117188, 409.6180953979492, 1008.0331420898438], [-1.1760532855987549, 4.51587438583374, 1398.650634765625, 2104.3291015625]], "labels": [0, 1, 2], "image_id": 404}, "character_clusters": [0], "text_char_matches": [[0, 0]], "text_tail_matches": [], "text_classification": [1], "character_names": ["Asta"]}