{"bbox_annotations": {"bboxes_as_x1y1x2y2": [[253.35507202148438, 399.8740234375, 384.8074645996094, 606.3596801757812], [410.0744323730469, 950.1553344726562, 553.0, 1256.0775146484375], [1115.5330810546875, 872.7340698242188, 1371.7891845703125, 1334.49462890625], [1040.7822265625, 1411.8839111328125, 1217.523681640625, 1843.973388671875], [1205.2210693359375, 1670.2333984375, 1395.0606689453125, 2102.140380859375], [249.79710388183594, 1791.39404296875, 661.3312225341797, 2097.8720703125], [558.25, 951.5645141601562, 732.9891357421875, 1256.171142578125], [634.522216796875, 125.35112762451172, 1098.0823974609375, 768.25], [393.75, 1426.25, 663.25, 1666.0], [140, 1429.75, 388.5, 1673.0], [633.5358276367188, 383.8321838378906, 731.2916259765625, 568.5529174804688], [360.5193786621094, 122.11066436767578, 514.8982543945312, 248.7787322998047], [143.14810180664062, 126.90449523925781, 320.9851379394531, 369.0557556152344], [1212.8887939453125, 883.75, 1347.0609130859375, 943.0516357421876], [1047.042236328125, 1211.9132080078125, 1147.00341796875, 1288.0556640625], [835.8046875, 891.849609375, 980.2637329101562, 1016.4878540039062], [161.1981658935547, 895.7906494140625, 410.5358581542969, 1055.6715087890625], [1222.4827880859375, 1517.260986328125, 1340.154052734375, 1577.1083984375], [930.033447265625, 1779.75, 1118.633544921875, 1925.3574218749998], [709.5491943359375, 1545.25, 868.0, 1690.735595703125], [323.6602478027344, 1494.1129150390625, 496.11529541015625, 1565.57763671875], [1134.420654296875, 102.86209106445312, 1398.482421875, 823.012939453125], [530.1106567382812, 4.909220218658447, 1133.2099609375, 812.3789672851562], [133.11004638671875, 0.22377222776412964, 533.4812622070312, 825.0221557617188], [1020.4750366210938, 847.4423217773438, 1373.985595703125, 1341.06103515625], [127.76097869873047, 850.5595703125, 1010.4963989257812, 1332.4991455078125], [900.7085571289062, 1366.69970703125, 1398.347412109375, 2095.552978515625], [669.9996337890625, 1359.9195556640625, 890.568603515625, 1964.738037109375], [126.38383483886719, 1357.42431640625, 667.5128784179688, 1760.4373779296875], [126.71250915527344, 1783.0377197265625, 661.310546875, 2097.56005859375], [1184, 1533, 1222, 1567]], "labels": [0, 0, 0, 0, 0, 0, 0, 0, 0, 0, 1, 1, 1, 1, 1, 1, 1, 1, 1, 1, 1, 2, 2, 2, 2, 2, 2, 2, 2, 2, 3], "image_id": 379}, "character_clusters": [0, 0, 0, 1, 0, 0, 1, 0, 1, 0], "text_char_matches": [[1, 0], [2, 0], [3, 2], [4, 2], [7, 3], [8, 4], [9, 4]], "text_tail_matches": [[7, 0]], "text_classification": [0, 1, 1, 1, 1, 1, 1, 1, 1, 1, 1], "character_names": ["Asta", "Asta", "Asta", "Yuno Grinberryall", "Asta", "Asta", "Yuno Grinberryall", "Asta", "Yuno Grinberryall", "Asta"]}