{"bbox_annotations": {"bboxes_as_x1y1x2y2": [[193.30494689941406, 1350.278564453125, 1271.4515533447266, 2101.079345703125], [235.49993896484375, 511.1107177734375, 489.85357666015625, 689.7023315429688], [760.1387329101562, 577.197021484375, 1189.309814453125, 1316.9981689453125], [133.1096649169922, 1136.2532958984375, 496.6168670654297, 1320.55908203125], [71.75, 717.3761596679688, 500.52867889404297, 1125.25], [560.5137939453125, 775.1674194335938, 815.1253051757812, 1315.994140625], [544.2752075195312, 158.84674072265625, 1245.03662109375, 471.1573486328125], [1027.867431640625, 261.9419860839844, 1084.62939453125, 296.4431457519531], [551.182861328125, 79.90958404541016, 697.1677856445312, 229.2500991821289], [364.9337158203125, 84.52539825439453, 534.2733764648438, 376.6987075805664], [225.75, 176.75, 390.25, 416.5], [60.2939453125, 84.69738006591797, 267.428466796875, 306.23336029052734], [1006.25, 477.75, 1349.25, 950.25], [1039.8726806640625, 1059.3958740234375, 1191.648193359375, 1226.75], [1052.880859375, 1230.7108154296875, 1135.9964599609375, 1291.88427734375], [160.13418579101562, 584.59375, 209.7342987060547, 616.7996826171875], [333.7983703613281, 785.75, 486.72393798828125, 942.0599365234375], [57.097652435302734, 931, 231.0, 1180.7520751953125], [982.948486328125, 1524.4976806640625, 1198.2342529296875, 1764.152099609375], [329.0722351074219, 1782.130859375, 514.2539672851562, 1931.4033203125], [95.2621841430664, 1597.6826171875, 319.75550079345703, 1768.1756591796875], [532.1260986328125, -4.4408040046691895, 1263.364013671875, 483.5264892578125], [10.515907287597656, -0.089292973279953, 547.9244384765625, 456.0285339355469], [503.19683837890625, 505.8142395019531, 1282.5865478515625, 1327.8828125], [105.33587646484375, 481.1365966796875, 503.6766662597656, 698.9588012695312], [30.336015701293945, 701.6710815429688, 499.78466796875, 1320.5264892578125], [-4.08349609375, 1357.50048828125, 1266.9688720703125, 2097.61328125], [1002, 971, 1065, 1041], [287, 846, 340, 887], [229, 925, 268, 980]], "labels": [0, 0, 0, 0, 0, 0, 0, 1, 1, 1, 1, 1, 1, 1, 1, 1, 1, 1, 1, 1, 1, 2, 2, 2, 2, 2, 2, 3, 3, 3], "image_id": 386}, "character_clusters": [0, 1, 2, 0, 2, 0, 0], "text_char_matches": [[0, 6], [1, 6], [2, 6], [4, 6], [6, 2], [7, 2], [8, 1], [9, 4], [10, 4], [11, 4], [12, 4], [13, 4]], "text_tail_matches": [[6, 0], [7, 0], [9, 1], [10, 2]], "text_classification": [1, 1, 1, 0, 1, 0, 1, 1, 1, 1, 1, 1, 1, 1], "character_names": ["Asta", "Yuno Grinberryall", "Revchi Salik", "Asta", "Revchi Salik", "Asta", "Asta"]}