{"bbox_annotations": {"bboxes_as_x1y1x2y2": [[623, 140.22569274902344, 812.684814453125, 458.43699645996094], [4.076194763183594, 186.9109344482422, 378.84493255615234, 501.82164001464844], [632.3864135742188, 1272.7408447265625, 1285.3292236328125, 2101.846923828125], [3.1357944011688232, 1274.0548095703125, 605.9287631511688, 2103.209716796875], [621.25, 559.7884521484375, 1108.7161865234375, 1222.6514892578125], [118.78759765625, 562.5665893554688, 628.25, 1227.5146484375], [819.2228393554688, 175.79446411132812, 1275.6282958984375, 501.3480529785156], [453.25, 134.75, 619.5, 446.25], [983.1551513671875, 104.69878387451172, 1143.2269287109375, 249.67119598388672], [842.0803833007812, 283.0577697753906, 984.4000244140625, 372.0426330566406], [1012.7947998046875, 341.71246337890625, 1100.968017578125, 405.24945068359375], [312.4356689453125, 256.3699951171875, 423.3824768066406, 343.8815002441406], [176.5693359375, 333.5924072265625, 294.5201416015625, 423.0591735839844], [2.297928810119629, 346.5, 150.33560276031494, 504.5987243652343], [826.3526611328125, 167.74388122558594, 1281.242919921875, 518.8867797851562], [443.5140686035156, -1.4292352199554443, 807.3773193359375, 519.9229125976562], [-2.9129295349121094, 169.7468719482422, 434.013427734375, 515.994140625], [-5.281412601470947, 557.2192993164062, 1282.1005859375, 1230.29443359375], [631.3629760742188, 1266.5335693359375, 1278.6712646484375, 2096.021728515625], [-3.6690802574157715, 1266.2061767578125, 624.4447631835938, 2102.432373046875], [1106, 333, 1164, 369], [125, 320, 162, 361]], "labels": [0, 0, 0, 0, 0, 0, 0, 0, 1, 1, 1, 1, 1, 1, 2, 2, 2, 2, 2, 2, 3, 3], "image_id": 402}, "character_clusters": [0, 1, 0, 1, 0, 1, 0, 1], "text_char_matches": [[2, 6], [1, 6], [3, 1], [4, 1]], "text_tail_matches": [[2, 0], [1, 0], [3, 1], [4, 1]], "text_classification": [0, 1, 1, 1, 1, 0], "character_names": ["Yuno Grinberryall", "Asta", "Yuno Grinberryall", "Asta", "Yuno Grinberryall", "Asta", "Yuno Grinberryall", "Asta"]}