{"bbox_annotations": {"bboxes_as_x1y1x2y2": [[-3.840959072113037, 7.843042850494385, 234.1372971534729, 837.3347420692444], [894.6776733398438, 212.79177856445312, 1277.685791015625, 839.7606506347656], [507.32928466796875, 888.684326171875, 892.0773315429688, 1164.711181640625], [1.7336010932922363, 886.474365234375, 268.29857301712036, 1178.5889892578125], [0.6018579006195068, 1218.599853515625, 342.1357934474945, 2043.08203125], [931.212646484375, 887.510009765625, 1274.8436279296875, 1178.8541259765625], [1099, 5.25, 1324.75, 472.5], [565.07666015625, 82.76759338378906, 860.7044677734375, 815.0497589111328], [409.5, 539, 451.5, 645.75], [1143.4906005859375, 1404.3460693359375, 1282.4334716796875, 1509.0712890625], [1062.25, 1667.75, 1197.0, 1848.0], [1120, 1804.25, 1317.75, 2056.25], [339.30645751953125, 1237.787353515625, 572.5271606445312, 1479.7349853515625], [916.5228881835938, 1975.666015625, 1064.3662109375, 2101.805419921875], [317.2475280761719, 1614.2108154296875, 480.636962890625, 1741.1834716796875], [-2.600109577178955, 2.0002126693725586, 1292.109619140625, 846.0730590820312], [916.1869506835938, 879.4633178710938, 1283.7532958984375, 1184.0008544921875], [273.5673522949219, 873.6671142578125, 912.38427734375, 1184.314208984375], [-1.9840031862258911, 885.0545043945312, 267.8183898925781, 1183.0927734375], [330.0146789550781, 1221.8076171875, 1289.311279296875, 2101.2216796875], [-0.2984777092933655, 1221.9443359375, 333.0762939453125, 2032.347412109375]], "labels": [0, 0, 0, 0, 0, 0, 1, 1, 1, 1, 1, 1, 1, 1, 1, 2, 2, 2, 2, 2, 2], "image_id": 394}, "character_clusters": [0, 1, 1, 0, 1, 2], "text_char_matches": [[3, 4], [8, 4]], "text_tail_matches": [], "text_classification": [0, 0, 0, 1, 0, 0, 0, 0, 1], "character_names": ["Revchi Salik", "Asta", "Asta", "Revchi Salik", "Asta", "Yuno Grinberryall"]}