{"bbox_annotations": {"bboxes_as_x1y1x2y2": [[573.1196899414062, 1139.25, 668.4324951171875, 1412.16455078125], [522.5930786132812, 1287.7960205078125, 600.8424682617188, 1406.6724853515625], [112.12823486328125, 1464.2880859375, 1220.2058715820312, 1719.0838623046875], [769.4706420898438, 711.7548828125, 1183.486328125, 1416.729736328125], [127.52920532226562, 726.2708129882812, 376.03802490234375, 1014.357421875], [0.28720200061798096, 1043.1214599609375, 370.084077000618, 1412.789306640625], [12.25, 7, 1307.25, 579.25], [979.4485473632812, 115.69625091552734, 1299.7255859375, 384.23802947998047], [164.7840576171875, 103.59097290039062, 420.43035888671875, 239.0515594482422], [146.26220703125, 308.4877624511719, 421.7664489746094, 390.3994140625], [613.888427734375, 652.1914672851562, 708.4324340820312, 696.6356201171875], [729.75, 1134, 923.0160522460938, 1297.718505859375], [196, 1622.25, 310.1266784667969, 1723.9742431640625], [-2.5197505950927734, 1.1966540813446045, 1317.697021484375, 608.2261352539062], [386.41802978515625, 698.6463012695312, 1312.864501953125, 1416.5797119140625], [-5.4163665771484375, 712.6788330078125, 384.0203857421875, 1027.9212646484375], [-0.4437267780303955, 1028.030029296875, 387.20721435546875, 1421.618408203125], [22.73988151550293, 1447.5797119140625, 1243.6624755859375, 1746.063232421875], [-0.8692622184753418, 1763.4193115234375, 1320.234130859375, 2103.480712890625], [343, 1624, 393, 1661], [712, 761, 757, 795], [835, 999, 865, 1037]], "labels": [0, 0, 0, 0, 0, 0, 0, 1, 1, 1, 1, 1, 1, 2, 2, 2, 2, 2, 2, 3, 3, 3], "image_id": 388}, "character_clusters": [0, 1, 2, 2, 0, 1, 1], "text_char_matches": [[0, 6], [1, 6], [2, 6], [3, 3], [4, 3], [5, 2]], "text_tail_matches": [[4, 2], [3, 1], [5, 0]], "text_classification": [1, 1, 1, 1, 1, 1], "character_names": ["Revchi Salik", "Asta", "Yuno Grinberryall", "Yuno Grinberryall", "Revchi Salik", "Asta", "Asta"]}