{"bbox_annotations": {"bboxes_as_x1y1x2y2": [[1060.1907958984375, 1769.611572265625, 1397.4873046875, 1992.6004638671875], [1070.69091796875, 1427.08642578125, 1394.2293701171875, 1749.218017578125], [451.5, 12.604249954223633, 1054.6573486328125, 641.0821552276611], [184.2042694091797, 191.0757598876953, 431.7494201660156, 371.3182067871094], [1080.6370849609375, 289.10638427734375, 1396.75146484375, 648.8689575195312], [279.6298828125, 680.1132202148438, 1069.9024658203125, 1161.1119384765625], [168, 386.75, 400.75, 614.25], [442.75, 1398.25, 756.0, 1909.25], [1226.75, 134.75, 1398.25, 306.25], [1072.75, 325.5, 1202.25, 651.0], [882, 80.5, 1106, 533.75], [497, 432.25, 789.25, 637.0], [337.25372314453125, 193.15530395507812, 417.82904052734375, 261.13128662109375], [165.55860900878906, 259.7511291503906, 210.33303833007812, 313.2695007324219], [369.25, 404.25, 449.75, 509.25], [119, 381.5, 327.25, 532.0], [1113.4510498046875, 759.1614379882812, 1331.9429931640625, 1084.486572265625], [1158.5, 1235.5, 1253.0, 1366.75], [1273.9754638671875, 1357.4002685546875, 1362.1314697265625, 1404.3271484375], [1089.5723876953125, 1664.74462890625, 1248.9970703125, 1748.0550537109375], [210, 1702.75, 896, 2037.0], [160.4502716064453, 1265.8740234375, 450.61097717285156, 1571.7408447265625], [1062.13134765625, 136.44097900390625, 1400.975830078125, 668.037353515625], [445.0686950683594, -0.17479956150054932, 1067.1324462890625, 649.9952392578125], [130.80760192871094, 172.31985473632812, 443.22613525390625, 383.1752014160156], [124.5948257446289, 386.6016845703125, 449.5250549316406, 640.6890869140625], [115.29957580566406, 666.4808349609375, 1390.2752685546875, 1161.22705078125], [1065.6226806640625, 1402.9072265625, 1403.4244384765625, 1749.3380126953125], [1055.29443359375, 1757.5054931640625, 1397.7603759765625, 1998.425537109375], [118.39786529541016, 1191.3814697265625, 1060.361572265625, 2096.2373046875], [207, 289, 243, 328], [1243, 1670, 1289, 1737], [1316, 1441, 1369, 1508]], "labels": [0, 0, 0, 0, 0, 0, 0, 0, 1, 1, 1, 1, 1, 1, 1, 1, 1, 1, 1, 1, 1, 1, 2, 2, 2, 2, 2, 2, 2, 2, 3, 3, 3], "image_id": 385}, "character_clusters": [0, 1, 0, 1, 0, 0, 0, 0], "text_char_matches": [[5, 3], [8, 5], [10, 1], [11, 1]], "text_tail_matches": [[5, 0], [10, 2], [11, 1]], "text_classification": [0, 0, 0, 0, 0, 1, 0, 0, 1, 0, 1, 1, 0, 1], "character_names": ["Asta", "Revchi Salik", "Asta", "Revchi Salik", "Asta", "Asta", "Asta", "Asta"]}