{"bbox_annotations": {"bboxes_as_x1y1x2y2": [[1085.0589599609375, 864.3771362304688, 1302.9417724609375, 1120.2601318359375], [136.06765747070312, 855.8585205078125, 838.8160705566406, 2087.438720703125], [976.9022216796875, 983.7127075195312, 1084.201904296875, 1116.2657470703125], [859.25, 1164.1915283203125, 1355.6475830078125, 1678.25], [862.75, 1667.75, 1102.5, 2019.5], [1070.5938720703125, 211.75, 1308.4947509765625, 434.94024658203125], [186.8071746826172, 255.5, 551.2288055419922, 371.4704895019531], [1298.5, 854, 1394.75, 997.5], [1220.73291015625, 1001, 1359.9586181640625, 1117.5230712890625], [894.2186279296875, 899.5, 977.2759399414062, 973.7671508789062], [847.4464721679688, 1053.7911376953125, 961.3145751953125, 1120.3133544921875], [1205.75, 1487.5, 1373.75, 1617.0], [873.1889038085938, 1233.75, 1015.1722412109375, 1406.36279296875], [1090.25, 1690.5, 1272.25, 1884.75], [841.0872802734375, 1783.877197265625, 899.67822265625, 1818.140380859375], [964.25, 1933.75, 1095.5, 2035.25], [652.6079711914062, 1139.25, 827.6168212890625, 1290.7371826171875], [577.5, 1624, 817.25, 2019.5], [248.2032012939453, 1712.726318359375, 444.76715087890625, 1870.12646484375], [133.5962677001953, 1.912030577659607, 1387.5738525390625, 817.1912231445312], [832.692626953125, 843.7000122070312, 1398.6673583984375, 1140.375732421875], [828.4994506835938, 1150.728759765625, 1407.3052978515625, 1997.079345703125], [135.9398956298828, 849.7101440429688, 841.302490234375, 2092.410400390625], [1164, 1022, 1207, 1075], [646, 1303, 688, 1342], [934, 1023, 966, 1057], [431, 1543, 466, 1585], [896, 1752, 932, 1793]], "labels": [0, 0, 0, 0, 0, 1, 1, 1, 1, 1, 1, 1, 1, 1, 1, 1, 1, 1, 1, 2, 2, 2, 2, 3, 3, 3, 3, 3], "image_id": 375}, "character_clusters": [0, 1, 2, 3, 1], "text_char_matches": [[3, 0], [4, 2], [9, 4], [11, 1], [13, 1]], "text_tail_matches": [[3, 0], [4, 2], [11, 1], [13, 3]], "text_classification": [1, 1, 0, 1, 1, 0, 1, 1, 1, 1, 1, 1, 0, 1], "character_names": ["none", "Yuno Grinberryall", "none", "Lemiel Silvamillion Clover", "Yuno Grinberryall"]}