{"bbox_annotations": {"bboxes_as_x1y1x2y2": [[18.77642250061035, 101.4866943359375, 1081.8977603912354, 2085.3681640625], [979.5880737304688, 235.5546875, 1257.7178955078125, 487.4158935546875], [-5.47504997253418, 11.478692054748535, 1393.9522705078125, 2111.2421875]], "labels": [0, 1, 2], "image_id": 403}, "character_clusters": [0], "text_char_matches": [[0, 0]], "text_tail_matches": [], "text_classification": [1], "character_names": ["Yuno Grinberryall"]}