{"bbox_annotations": {"bboxes_as_x1y1x2y2": [[924.9095458984375, 1946.8746337890625, 1002.10888671875, 2097.51220703125], [755.1025390625, 1920.1317138671875, 816.679931640625, 2079.9248046875], [649.1806030273438, 1978.3167724609375, 735.48193359375, 2100.29638671875], [904.67431640625, 1865.615478515625, 948.8565673828125, 1977.93310546875], [834.3121948242188, 1863.0208740234375, 882.0, 1970.5000000000002], [10.493314743041992, 238.53640747070312, 235.67663383483887, 943.9175109863281], [889.9096069335938, 1888.4124755859375, 934.6507568359375, 2003.9659423828125], [383.45635986328125, -0.5681455135345459, 1274.7777099609375, 950.212982416153], [725.5022583007812, 1870.4188232421875, 766.4137573242188, 1975.11669921875], [694.2315063476562, 1860.8662109375, 733.1139526367188, 1946.063232421875], [245, 745.5, 337.75, 827.75], [1.75, 1305.5, 281.75, 1576.75], [799.75, 1851.5, 824.25, 1895.25], [766.5, 1846.25, 792.75, 1883.0], [826, 1848, 855.75, 1886.5], [1032.704833984375, 527.0473022460938, 1229.9774169921875, 731.4189453125], [431.0465393066406, 600.4614868164062, 585.9810791015625, 885.7987060546875], [169.75550842285156, 348.8006896972656, 328.6747131347656, 471.8224792480469], [274.75, 512.75, 358.75, 738.5], [30.544021606445312, 734.1507568359375, 88.88252258300781, 768.4654541015625], [609.9708251953125, 1114.1103515625, 793.1265258789062, 1291.66943359375], [1012.9163208007812, 1491.2457275390625, 1192.2362060546875, 1673.9322509765625], [287.240478515625, 1591.415771484375, 500.22174072265625, 1819.26025390625], [252, 1319.5, 341.25, 1400.0], [91, 1428, 161, 1538.25], [25.768962860107422, 1587.25, 153.45678329467773, 1948.346923828125], [393.002685546875, 0.5919590592384338, 1261.7076416015625, 950.217529296875], [3.2580018043518066, 230.98353576660156, 381.7563171386719, 949.04736328125], [128.1851348876953, 1001.5889892578125, 1254.1444091796875, 1275.7392578125], [-7.356476783752441, 1280.34814453125, 1261.941650390625, 2083.157958984375], [40, 596, 74, 646], [942, 735, 1019, 781], [622, 771, 709, 848], [246, 506, 292, 581]], "labels": [0, 0, 0, 0, 0, 0, 0, 0, 0, 0, 0, 0, 0, 0, 0, 1, 1, 1, 1, 1, 1, 1, 1, 1, 1, 1, 2, 2, 2, 2, 3, 3, 3, 3], "image_id": 368}, "character_clusters": [0, 1, 2, 3, 4, 5, 6, 7, 8, 9, 7, 10, 11, 12, 13], "text_char_matches": [[0, 7], [1, 7], [2, 10], [4, 5]], "text_tail_matches": [[0, 1], [1, 2], [2, 3], [4, 0]], "text_classification": [1, 1, 1, 1, 1, 1, 1, 1, 0, 0, 0], "character_names": ["none", "none", "none", "none", "none", "Yuno Grinberryall", "none", "Asta", "none", "none", "Asta", "none", "none", "none", "none"]}