{"bbox_annotations": {"bboxes_as_x1y1x2y2": [[-6.8661346435546875, 563.6019897460938, 317.4031524658203, 1351.5728759765625], [745.5, 539.4453735351562, 1029.89208984375, 952.0], [400.01300048828125, 1217.7581787109375, 840.0685424804688, 1500.4775390625], [665, 1545.25, 1342.25, 2068.5], [812.49609375, 115.63937377929688, 1321.652587890625, 319.7257385253906], [424.37139892578125, 845.25, 737.79248046875, 1152.7115478515625], [1028.0653076171875, 1249.5, 1198.75, 1372.813720703125], [850.9559936523438, 1330, 1008.8704833984375, 1424.942138671875], [1020.5477294921875, 1489.25, 1275.5877685546875, 1902.572021484375], [377.77838134765625, 1483.2900390625, 650.982666015625, 1987.6717529296875], [107.94341278076172, 230.0025634765625, 403.2772445678711, 427.1628112792969], [412.836181640625, 1.6669481992721558, 1349.2554931640625, 1182.1748046875], [399.0483093261719, 1144.8759765625, 1310.39111328125, 1507.2806396484375], [378.43206787109375, 1531.2001953125, 1338.275634765625, 2081.407470703125], [-3.3455371856689453, 0.8823215961456299, 408.7856750488281, 2094.514892578125]], "labels": [0, 0, 0, 0, 1, 1, 1, 1, 1, 1, 1, 2, 2, 2, 2], "image_id": 399}, "character_clusters": [0, 0, 1, 0], "text_char_matches": [[2, 2], [3, 2], [4, 3], [5, 3]], "text_tail_matches": [], "text_classification": [1, 1, 1, 1, 1, 1, 1], "character_names": ["Asta", "Asta", "Revchi Salik", "Asta"]}