{"bbox_annotations": {"bboxes_as_x1y1x2y2": [[783.3997192382812, 1545.621337890625, 957.5609130859375, 2091.673095703125], [326.5907897949219, 1477.4146728515625, 633.2987670898438, 2107.796142578125], [608.55322265625, 353.8495178222656, 644.275146484375, 401.5166015625], [-3.0379533767700195, 0.5887359380722046, 1272.6722412109375, 2100.1884765625]], "labels": [0, 0, 0, 2], "image_id": 356}, "character_clusters": [0, 1, 2], "text_char_matches": [], "text_tail_matches": [], "text_classification": [], "character_names": ["none", "none", "none"]}