{"bbox_annotations": {"bboxes_as_x1y1x2y2": [[462.58502197265625, 3.661966323852539, 903.873046875, 521.65647315979], [943.3143310546875, 1207.044677734375, 1404.7984619140625, 1622.631591796875], [-3.1580746173858643, 4.605746269226074, 453.0955264568329, 503.4256315231323], [233.65252685546875, 588.3399047851562, 369.619873046875, 810.8216552734375], [967.912841796875, 574.6767578125, 1399.9117431640625, 1081.4742431640625], [401.0671691894531, 895.9549560546875, 738.05517578125, 1232.1060791015625], [22.75, 1281, 631.75, 1613.5], [969.2481689453125, 373.32135009765625, 1222.15966796875, 569.6940307617188], [964.25, 1634.5, 1384.25, 2021.25], [710.5, 7, 901.25, 483], [363.01214599609375, 224.96087646484375, 450.4307861328125, 296.71142578125], [88.71955108642578, 427.6109313964844, 189.12637329101562, 634.1039428710938], [582.75, 596.75, 738.5, 889.0], [732.8729858398438, 776.0526733398438, 904.0611572265625, 1013.6279907226562], [710.7954711914062, 1293.07861328125, 914.1632690429688, 1392.659912109375], [731.3023071289062, 1804.05029296875, 858.1446533203125, 1883.0333251953125], [497.4590759277344, 1311.41650390625, 628.5631103515625, 1418.2298583984375], [289.4413757324219, 1482.25, 600.25, 1745.800048828125], [69.65100860595703, 1554.491455078125, 249.76493072509766, 1823.400390625], [923.7444458007812, -1.8975108861923218, 1400.9422607421875, 2097.151123046875], [461.21624755859375, 3.7482082843780518, 914.257568359375, 531.7930908203125], [-0.010472536087036133, -2.910118579864502, 474.3395080566406, 525.3185424804688], [-3.766775131225586, 558.3897094726562, 919.357666015625, 1242.025634765625], [662.8837280273438, 1257.3905029296875, 936.5220336914062, 2085.609375], [-11.335685729980469, 1262.4796142578125, 698.2175903320312, 2093.49658203125], [444, 1361, 491, 1403]], "labels": [0, 0, 0, 0, 0, 0, 0, 1, 1, 1, 1, 1, 1, 1, 1, 1, 1, 1, 1, 2, 2, 2, 2, 2, 2, 3], "image_id": 398}, "character_clusters": [1, 0, 1, 2, 0, 1, 2], "text_char_matches": [[3, 2], [4, 2], [6, 5], [9, 6], [11, 6], [8, 3]], "text_tail_matches": [[9, 0]], "text_classification": [1, 0, 0, 1, 1, 0, 1, 1, 1, 1, 1, 1], "character_names": ["Revchi Salik", "Liebe", "Revchi Salik", "Asta", "Liebe", "Revchi Salik", "Asta"]}