{"bbox_annotations": {"bboxes_as_x1y1x2y2": [[814.5274047851562, 1136.227783203125, 917.7911376953125, 1326.8546142578125], [820.74072265625, 1407.6744384765625, 1036.4622802734375, 1981.3323974609375], [1095.621337890625, 1616.87109375, 1399.504638671875, 2097.80712890625], [1083.52099609375, 1178.5758056640625, 1156.8468017578125, 1326.436279296875], [265.0118103027344, 1605.0550537109375, 463.4400939941406, 1902.9500732421875], [136.5951690673828, 1681.52490234375, 288.07672119140625, 1895.7720947265625], [987.62890625, 87.29582977294922, 1331.93505859375, 878.6520309448242], [451.211669921875, 1095.8079833984375, 563.93798828125, 1328.972412109375], [932.2471923828125, 993.8191528320312, 1085.0020751953125, 1331.2239990234375], [124.71871185302734, 919.0400390625, 321.47701263427734, 1324.6954345703125], [472.4965515136719, 1424.183837890625, 705.626953125, 2043.124267578125], [89.25, 0, 999.25, 852.25], [859.25, 344.75, 983.5, 556.5], [766.5, 456.75, 876.75, 651.0], [1172.240966796875, 1059.7890625, 1346.59912109375, 1175.77880859375], [957.25, 925.75, 1029.0, 1022.0], [887.4008178710938, 1240.6612548828125, 974.9462280273438, 1300.4705810546875], [717.5, 938, 771.75, 1064], [476, 932.75, 624.75, 1099.0], [563.5, 1132.25, 609.0, 1211.0], [539, 1158.5, 595, 1254.75], [352.7598571777344, 992.4615478515625, 457.05096435546875, 1097.114501953125], [1162.3956298828125, 1442.702880859375, 1338.583984375, 1565.39892578125], [1050, 1466.5, 1142.75, 1617.0], [665.3400268554688, 1354.5, 840.5885620117188, 1681.5343017578125], [395.5, 1379, 455.0, 1415.75], [312.76171875, 1428.8297119140625, 426.29669189453125, 1540.3477783203125], [159.51695251464844, 1466.8326416015625, 308.9377136230469, 1574.4931640625], [113.16197204589844, -9.3900785446167, 1391.58154296875, 878.0625610351562], [126.11912536621094, 916.4902954101562, 1339.1761474609375, 1337.2471923828125], [1043.8804931640625, 1373.47314453125, 1395.0147705078125, 2093.530517578125], [469.9837951660156, 1360.8592529296875, 1042.6820068359375, 2093.5908203125], [125.38892364501953, 1365.222900390625, 458.12164306640625, 1904.1552734375], [227, 1614, 264, 1655], [445, 1106, 487, 1141], [1140, 1176, 1185, 1219], [875, 1190, 909, 1233], [1241, 1593, 1284, 1656]], "labels": [0, 0, 0, 0, 0, 0, 0, 0, 0, 0, 0, 1, 1, 1, 1, 1, 1, 1, 1, 1, 1, 1, 1, 1, 1, 1, 1, 1, 2, 2, 2, 2, 2, 3, 3, 3, 3, 3], "image_id": 363}, "character_clusters": [0, 1, 2, 3, 2, 0, 1, 4, 1, 2, 2], "text_char_matches": [[3, 3], [5, 0], [10, 7], [11, 2], [15, 5], [16, 5]], "text_tail_matches": [[3, 2], [5, 3], [10, 1], [11, 4], [15, 0], [16, 0]], "text_classification": [0, 0, 0, 1, 0, 1, 0, 0, 0, 0, 1, 1, 1, 0, 0, 1, 1], "character_names": ["Nash", "Yuno Grinberryall", "Asta", "none", "Asta", "Nash", "Yuno Grinberryall", "Lily Aquaria", "Yuno Grinberryall", "Asta", "Asta"]}