{"bbox_annotations": {"bboxes_as_x1y1x2y2": [[1062.2918701171875, 1658.5882568359375, 1110.877197265625, 1825.2916259765625], [452.0508728027344, 1297.3602294921875, 924.18017578125, 2104.55615234375], [313.61248779296875, 10.00344181060791, 1251.8668212890625, 688.6118402481079], [8.172374725341797, 1695.8438720703125, 382.9399223327637, 1922.52880859375], [161.78433227539062, 971.6331176757812, 399.8628234863281, 1253.3714599609375], [919.6514892578125, 881.4573364257812, 991.8997802734375, 1000.5939331054688], [423.0816650390625, 752.736328125, 561.236572265625, 1043.2113037109375], [175, 861, 210, 927.5], [14, 1302, 381.5, 1650.25], [998.197265625, 110.25, 1333.5, 677.999870300293], [95.1624526977539, 188.85450744628906, 366.61353302001953, 586.8448638916016], [1095.6641845703125, 834.2930908203125, 1250.444091796875, 995.5860595703125], [894.0863037109375, 733.25, 976.5, 900.2772216796875], [584.5, 862.75, 826.0, 1120.0], [801.1859130859375, 1109.5, 925.75, 1203.8489990234375], [457.56463623046875, 1125.8040771484375, 529.6340942382812, 1161.6815185546875], [30.118816375732422, 970.8086547851562, 128.17083358764648, 1032.8890380859375], [450.7186279296875, 1697.7236328125, 508.0271911621094, 1731.885986328125], [292.25, 1302, 372.75, 1492.75], [33.42372512817383, 1524.5435791015625, 211.9242286682129, 1716.7950439453125], [7.977402210235596, -2.228334426879883, 1260.7874755859375, 698.4508056640625], [573.5223388671875, 722.5541381835938, 1264.885986328125, 1262.02001953125], [417.85955810546875, 717.6052856445312, 563.8551635742188, 1254.919677734375], [-1.0476291179656982, 727.0592651367188, 422.5465087890625, 1263.4228515625], [925.5736694335938, 1284.0208740234375, 1263.16015625, 2099.03076171875], [397.45098876953125, 1284.449951171875, 925.175537109375, 2096.99169921875], [-1.6985952854156494, 1281.5269775390625, 385.04852294921875, 1935.02880859375], [533, 1660, 564, 1693], [113, 1070, 168, 1116], [147, 1398, 183, 1463], [496, 1058, 524, 1101], [1039, 889, 1104, 935], [817, 933, 872, 979]], "labels": [0, 0, 0, 0, 0, 0, 0, 0, 0, 1, 1, 1, 1, 1, 1, 1, 1, 1, 1, 1, 2, 2, 2, 2, 2, 2, 2, 3, 3, 3, 3, 3, 3], "image_id": 380}, "character_clusters": [0, 0, 1, 0, 1, 1, 1, 0, 2], "text_char_matches": [[1, 2], [2, 5], [4, 5], [5, 5], [8, 1], [10, 8], [7, 4], [6, 6]], "text_tail_matches": [[2, 4], [4, 5], [6, 3], [7, 1], [8, 0], [10, 2]], "text_classification": [0, 1, 1, 1, 1, 1, 1, 1, 1, 0, 1], "character_names": ["Yuno Grinberryall", "Yuno Grinberryall", "Asta", "Yuno Grinberryall", "Asta", "Asta", "Asta", "Yuno Grinberryall", "Revchi Salik"]}