{"bbox_annotations": {"bboxes_as_x1y1x2y2": [[831.039794921875, 1627.8756103515625, 1066.2882080078125, 2098.482177734375], [117.403076171875, 1561.83837890625, 495.0376281738281, 2100.33251953125], [307.81488037109375, 1886.75341796875, 492.9410095214844, 2102.07080078125], [470.8513488769531, 1942.22314453125, 598.0621948242188, 2101.830810546875], [813.69677734375, 1887.2686767578125, 987.1910400390625, 2096.379150390625], [555.566650390625, 1769.8209228515625, 873.22607421875, 2106.93310546875], [1172.83935546875, 209.73118591308594, 1364.5120849609375, 328.2549743652344], [172.33642578125, 230.15049743652344, 369.02520751953125, 304.14471435546875], [801.9490966796875, 670.527099609375, 1066.7867431640625, 1054.049072265625], [119, 486.5, 477.75, 992.25], [120.0522689819336, 7.323040962219238, 1400.8262939453125, 453.55029296875], [1079.6602783203125, 494.967529296875, 1397.552734375, 1957.0623779296875], [118.76748657226562, 490.0985412597656, 1061.087890625, 2084.163818359375]], "labels": [0, 0, 0, 0, 0, 0, 1, 1, 1, 1, 2, 2, 2], "image_id": 371}, "character_clusters": [0, 1, 2, 3, 4, 5], "text_char_matches": [], "text_tail_matches": [], "text_classification": [1, 1, 0, 0], "character_names": ["none", "none", "none", "none", "none", "none"]}