{"bbox_annotations": {"bboxes_as_x1y1x2y2": [[317.8764343261719, 510.7839660644531, 1392.3717956542969, 1205.75], [190.75, 140, 1372.0, 1230.25], [224.76486206054688, 1356.1988525390625, 785.0317077636719, 1976.760498046875], [61.71198654174805, -12.539005279541016, 1392.2904052734375, 2083.55712890625]], "labels": [0, 0, 1, 2], "image_id": 400}, "character_clusters": [0, 1], "text_char_matches": [[0, 0]], "text_tail_matches": [], "text_classification": [1], "character_names": ["Asta", "Revchi Salik"]}