{"bbox_annotations": {"bboxes_as_x1y1x2y2": [[450.20257568359375, 1512.8033447265625, 978.5496215820312, 2100.488525390625], [309.50225830078125, 724.6442260742188, 1272.314697265625, 1465.7012939453125], [900.4777221679688, 414.76739501953125, 1057.0203857421875, 658.5028076171875], [565.2412719726562, 395.13818359375, 730.072509765625, 665.4415283203125], [1136.3665771484375, 252.44552612304688, 1357.4521484375, 549.5250244140625], [976.1342163085938, 317.0433349609375, 1043.4825439453125, 369.05419921875], [423.873779296875, 446.25, 546.0, 561.5438842773438], [125.93608856201172, 305.22052001953125, 379.65792083740234, 514.5], [408.68304443359375, 689.8577880859375, 1184.0224609375, 805.456787109375], [1140.515869140625, 1042.7899169921875, 1334.556884765625, 1158.0152587890625], [145.6726837158203, 1001, 356.2929382324219, 1203.83447265625], [1085.520751953125, 1711.1024169921875, 1239.1507568359375, 1841.626953125], [287.0269470214844, 1624.4970703125, 415.39044189453125, 1744.28955078125], [204.85699462890625, 1858.1180419921875, 279.5923156738281, 1954.053466796875], [115.81869506835938, 4.967737197875977, 1395.5784912109375, 669.5421142578125], [119.31502532958984, 694.8304443359375, 1402.7552490234375, 1471.3963623046875], [123.50729370117188, 1504.846435546875, 1409.279296875, 2094.2421875], [998, 1781, 1061, 1829], [443, 1752, 503, 1800], [371, 1123, 448, 1186], [1041, 1136, 1130, 1194]], "labels": [0, 0, 0, 0, 1, 1, 1, 1, 1, 1, 1, 1, 1, 1, 2, 2, 2, 3, 3, 3, 3], "image_id": 357}, "character_clusters": [0, 1, 2, 3], "text_char_matches": [[1, 2], [2, 3], [0, 1], [3, 1], [5, 1], [6, 1], [7, 0], [8, 0], [9, 1]], "text_tail_matches": [[5, 3], [6, 2], [7, 0], [8, 1]], "text_classification": [1, 1, 1, 1, 1, 1, 1, 1, 1, 1], "character_names": ["Lily Aquaria", "Asta", "none", "none"]}