{"bbox_annotations": {"bboxes_as_x1y1x2y2": [[965.3994140625, 1951.625, 1063.9981689453125, 2099.012451171875], [467.1098937988281, 1945.510986328125, 581.1826782226562, 2111.18798828125], [1148.603271484375, 1546.37353515625, 1399.6549072265625, 2099.52099609375], [120.04269409179688, 1627.965087890625, 517.2141723632812, 2098.036376953125], [1141.4852294921875, 1969.3662109375, 1310.3677978515625, 2101.30419921875], [561.2003784179688, 1902.8289794921875, 695.7947387695312, 2099.510498046875], [651.1394653320312, 1967.3436279296875, 741.38916015625, 2083.551025390625], [655.3448486328125, 1780.78662109375, 981.0020141601562, 2098.423828125], [881.0636596679688, 1969.0374755859375, 967.4581298828125, 2067.24462890625], [111.97694396972656, 1854.1943359375, 182.5370330810547, 2005.123046875], [1024.9293212890625, 1893.1480712890625, 1167.660400390625, 2100.3876953125], [692.7059936523438, 239.4076690673828, 845.25, 378.0], [1134.265625, 826.1858520507812, 1323.968994140625, 1110.5904541015625], [245.46630859375, 1237.25, 430.5, 1421.93701171875], [115.41990661621094, -2.4894073009490967, 1392.137451171875, 548.8623657226562], [113.61454010009766, 601.2542114257812, 1390.372314453125, 2090.009033203125]], "labels": [0, 0, 0, 0, 0, 0, 0, 0, 0, 0, 0, 1, 1, 1, 2, 2], "image_id": 369}, "character_clusters": [0, 1, 2, 3, 4, 5, 6, 7, 8, 9, 10], "text_char_matches": [], "text_tail_matches": [], "text_classification": [1, 1, 1], "character_names": ["none", "none", "none", "none", "none", "none", "none", "none", "none", "none", "none"]}