{"bbox_annotations": {"bboxes_as_x1y1x2y2": [[1021.5715942382812, 1382.3961181640625, 1389.7734375, 1932.2388916015625], [116.25990295410156, 1373.7264404296875, 616.3789215087891, 2100.7265625], [835.6785278320312, 1416.9852294921875, 894.8239135742188, 1545.2626953125], [130.90274047851562, 8.729714393615723, 1242.3421936035156, 1321.1601343154907], [621.9769897460938, 1438.5, 915.1865234375, 1717.2779541015625], [1046.897216796875, 273.65911865234375, 1308.8983154296875, 662.8607177734375], [1193.5, 897.75, 1319.5, 1153.25], [931, 1050, 1034.25, 1260], [1015, 1412.25, 1181.25, 1737.75], [1249.769775390625, 1689.2698974609375, 1328.8697509765625, 1778.267333984375], [974.0377197265625, 1370.991943359375, 1032.5120849609375, 1505.3404541015625], [736.75, 1344, 854.0, 1562.75], [834.722900390625, 1655.8519287109375, 988.41845703125, 1815.8018798828125], [695.6537475585938, 1761.747314453125, 794.0413818359375, 1839.529052734375], [598.01220703125, 1759.4129638671875, 659.3854370117188, 1879.8055419921875], [483.50518798828125, 1406.6405029296875, 597.5630493164062, 1518.94580078125], [145.08880615234375, 1699.25, 325.3026428222656, 1912.3890380859375], [557.55517578125, 1852.5692138671875, 618.6964721679688, 1968.4072265625], [113.35369110107422, -3.9701967239379883, 1394.0572509765625, 1312.17431640625], [1000.1548461914062, 1365.8857421875, 1397.0313720703125, 1945.30078125], [617.3995971679688, 1348.6187744140625, 1022.9244384765625, 1939.9456787109375], [119.53018951416016, 1357.349853515625, 619.6817626953125, 2095.931396484375], [699, 1637, 736, 1692], [941, 642, 1054, 749]], "labels": [0, 0, 0, 0, 0, 1, 1, 1, 1, 1, 1, 1, 1, 1, 1, 1, 1, 1, 2, 2, 2, 2, 3, 3], "image_id": 393}, "character_clusters": [0, 1, 2, 1, 1], "text_char_matches": [[0, 3], [4, 0], [7, 4], [8, 4], [10, 1], [11, 1]], "text_tail_matches": [[0, 1], [7, 0], [8, 0]], "text_classification": [1, 0, 0, 0, 1, 0, 0, 1, 1, 0, 1, 1, 0], "character_names": ["Revchi Salik", "Asta", "Yuno Grinberryall", "Asta", "Asta"]}