{"bbox_annotations": {"bboxes_as_x1y1x2y2": [[525, 1472.133544921875, 683.108154296875, 1918.701904296875], [338.2851257324219, 1419.7978515625, 406.3713684082031, 1573.0579833984375], [315.8525695800781, 1696.2919921875, 511.1867980957031, 2094.6962890625], [456.72149658203125, 1210.9697265625, 572.198486328125, 1353.916015625], [645.75, 722.75, 1408.0579833984375, 1992.8536376953125], [406.2218322753906, 1445.360595703125, 491.2161865234375, 1555.74169921875], [124.25, 0, 365.9545593261719, 494.50789451599127], [140.73284912109375, 1569.453857421875, 360.022216796875, 2110.423095703125], [329.454833984375, 731.6541748046875, 687.965576171875, 1116.052734375], [255.5, 173.0275115966797, 351.2882080078125, 215.69300842285156], [154, 68.25, 245, 339.5], [196, 589.600341796875, 297.6427917480469, 630.7710571289062], [1250.6280517578125, 810.3598022460938, 1356.2425537109375, 850.5813598632812], [731.08154296875, 1098.094970703125, 876.2594604492188, 1134.8170166015625], [1266.0130615234375, 1498.1072998046875, 1321.5244140625, 1532.6063232421875], [1058.75, 1659, 1158.5, 1837.5], [778.8130493164062, 1771.64404296875, 869.520263671875, 1907.7796630859375], [364.5838623046875, 729.6265869140625, 486.824462890625, 855.8168334960938], [162.68023681640625, 746.7328491210938, 329.7818603515625, 1083.7181396484375], [300.6390686035156, 1160.25, 413.14422607421875, 1238.932861328125], [546, 1485.75, 593.25, 1580.25], [526.75, 1615.25, 570.5, 1702.75], [323.90533447265625, 1571.5, 498.75, 1714.7185058593752], [152.25, 1426.25, 287.12268066406256, 1572.7862548828125], [208.33843994140625, 1903.8560791015625, 261.0199279785156, 1939.237060546875], [926.733642578125, 142.48533630371094, 1349.1435546875, 682.4671630859375], [364.0956115722656, -1.5153989791870117, 918.6531372070312, 678.8419189453125], [137.28453063964844, -7.312855243682861, 369.37432861328125, 689.087158203125], [683.340087890625, 703.4491577148438, 1395.5308837890625, 2117.812744140625], [135.47525024414062, 705.052734375, 690.5643920898438, 1125.01220703125], [499.98382568359375, 1382.1790771484375, 679.0286254882812, 1913.0438232421875], [134.5246124267578, 1388.796875, 509.3516845703125, 2099.94970703125], [821, 1207, 857, 1254], [1205, 1580, 1257, 1624], [270, 1959, 303, 1989], [338, 983, 391, 1028]], "labels": [0, 0, 0, 0, 0, 0, 0, 0, 0, 1, 1, 1, 1, 1, 1, 1, 1, 1, 1, 1, 1, 1, 1, 1, 1, 2, 2, 2, 2, 2, 2, 2, 3, 3, 3, 3], "image_id": 367}, "character_clusters": [0, 1, 0, 0, 0, 2, 0, 3, 0], "text_char_matches": [[0, 6], [2, 6], [3, 4], [4, 4], [5, 4], [9, 8], [14, 7], [15, 2]], "text_tail_matches": [[5, 1], [4, 0], [9, 3], [15, 2]], "text_classification": [1, 0, 1, 1, 1, 1, 1, 1, 0, 1, 0, 0, 0, 1, 1, 1], "character_names": ["Asta", "none", "Asta", "Asta", "Asta", "none", "Asta", "Nash", "Asta"]}