{"bbox_annotations": {"bboxes_as_x1y1x2y2": [[71.63093566894531, 729.6795654296875, 422.72889709472656, 1109.6904296875], [1.0422050952911377, 262.0375061035156, 382.9105522632599, 657.0045776367188], [989.333984375, 308.2881164550781, 1176.6495361328125, 658.2539672851562], [206.5641632080078, 133.12313842773438, 665.6189117431641, 656.7942810058594], [1149.6539306640625, 248.28268432617188, 1257.82177734375, 659.211669921875], [712.3338012695312, 1179.837890625, 1078.8626708984375, 1971.508544921875], [875, 371, 1153.25, 665], [197.75, 1708, 934.5, 1956.5], [857.5, 189, 1142.75, 486.5], [157.5, 78.75, 654.5, 262.5], [526.75, 84, 642.25, 402.5], [658.134765625, 307.93115234375, 804.8317260742188, 521.2568359375], [63.412628173828125, 297.0643005371094, 171.35520935058594, 381.1454162597656], [1113.1953125, 837.1919555664062, 1222.7288818359375, 921.8549194335938], [922.0699462890625, 858.9630126953125, 1059.353759765625, 1026.1624755859375], [1094.75732421875, 969.7645263671875, 1184.7156982421875, 1109.275146484375], [809.8543701171875, 717.2510375976562, 894.068115234375, 780.79248046875], [713.6777954101562, 812.436767578125, 823.5167846679688, 900.1292114257812], [665.6737670898438, 945.5020751953125, 764.455810546875, 1116.1024169921875], [528.8441772460938, 819.974365234375, 641.0352172851562, 1025.6376953125], [376.4389343261719, 700.6154174804688, 526.3869018554688, 867.4983520507812], [369.25, 946.7968139648438, 489.5830078125, 1018.5], [197.67604064941406, 764.7656860351562, 298.0522155761719, 847.6060180664062], [68.54930877685547, 872, 130.5233154296875, 906.5631103515625], [1070.7032470703125, 1482.25, 1251.25, 1642.5059814453125], [517.6937866210938, 1361.5, 779.4135131835938, 1830.5284423828127], [129.70590209960938, 1197.0184326171875, 405.1773681640625, 1489.607421875], [834.9918212890625, 190.75436401367188, 1258.19091796875, 667.9679565429688], [-4.81870174407959, 6.68009090423584, 845.68212890625, 665.2881469726562], [407.6715087890625, 699.6802978515625, 1258.8612060546875, 1123.255126953125], [55.28451919555664, 700.8318481445312, 452.72894287109375, 1114.0198974609375], [-1.5874028205871582, 1138.80322265625, 1225.859130859375, 2085.943603515625], [335, 911, 383, 957], [576, 504, 653, 567], [981, 1480, 1080, 1579]], "labels": [0, 0, 0, 0, 0, 0, 0, 0, 1, 1, 1, 1, 1, 1, 1, 1, 1, 1, 1, 1, 1, 1, 1, 1, 1, 1, 1, 2, 2, 2, 2, 2, 3, 3, 3], "image_id": 358}, "character_clusters": [0, 0, 1, 1, 0, 0, 1, 1], "text_char_matches": [[3, 3], [4, 1], [16, 5], [11, 3], [13, 0], [14, 1], [15, 0], [6, 3], [5, 0], [9, 0]], "text_tail_matches": [[3, 1], [13, 0], [16, 2]], "text_classification": [1, 0, 1, 1, 1, 1, 1, 0, 1, 1, 0, 1, 0, 1, 1, 1, 1, 0, 1], "character_names": ["Lily Aquaria", "Lily Aquaria", "Asta", "Asta", "Lily Aquaria", "Lily Aquaria", "Asta", "Asta"]}