{"bbox_annotations": {"bboxes_as_x1y1x2y2": [[801.5, 1630.054443359375, 923.6573486328125, 1900.5], [1128.328369140625, 1783.3883056640625, 1395.4864501953125, 2030.243408203125], [562.5958862304688, 1571.5, 916.8251342773438, 2098.907958984375], [451.1279296875, 526.62060546875, 1231.02734375, 1418.728271484375], [124.25, 1471.75, 549.5, 2075.5], [122.5, 154.6519317626953, 1406.3428955078125, 455.0], [126, 516.25, 460.25, 1200.5], [1152.2841796875, 1920.1724853515625, 1210.6533203125, 1955.2442626953125], [899.7434692382812, 1485.72509765625, 1093.900634765625, 1621.5972900390625], [945, 1722, 1086.75, 1937.148193359375], [742, 1587.25, 826, 1692.25], [628.25, 1489.25, 714.0, 1569.75], [437.5, 1604.75, 551.25, 1774.5], [166.18658447265625, 1515.3258056640625, 334.0564880371094, 1704.29638671875], [68.9024429321289, -22.917972564697266, 1395.8985595703125, 502.5492248535156], [107.9683837890625, 508.1423645019531, 1394.736328125, 1429.6473388671875], [1113.9552001953125, 1460.763671875, 1399.461181640625, 1744.87646484375], [1107.2213134765625, 1777.240478515625, 1400.1337890625, 2037.3365478515625], [551.289794921875, 1460.9156494140625, 1104.4375, 2098.133544921875], [114.15581512451172, 1458.677001953125, 540.7161254882812, 2094.692626953125], [906, 1865, 941, 1895]], "labels": [0, 0, 0, 0, 0, 1, 1, 1, 1, 1, 1, 1, 1, 1, 2, 2, 2, 2, 2, 2, 3], "image_id": 381}, "character_clusters": [0, 0, 1, 0, 0], "text_char_matches": [[4, 2], [8, 2]], "text_tail_matches": [[4, 0]], "text_classification": [0, 0, 1, 0, 1, 0, 0, 0, 1], "character_names": ["Yuno Grinberryall", "Yuno Grinberryall", "Revchi Salik", "Yuno Grinberryall", "Yuno Grinberryall"]}