{"bbox_annotations": {"bboxes_as_x1y1x2y2": [[198.3164825439453, 1161.8902587890625, 1043.0, 1558.988037109375], [445.95379638671875, 369.0238952636719, 808.5, 704.2926025390625], [621.5321044921875, 753.5152587890625, 951.6217651367188, 1106.2213134765625], [455, 1603, 1407, 2094.75], [694.75, 376.25, 1263.5, 698.25], [1111.591064453125, 446.0917663574219, 1301.6776123046875, 590.6914672851562], [676.7223510742188, 283.68255615234375, 813.3199462890625, 327.51971435546875], [174.72528076171875, 444.0511474609375, 378.0408630371094, 661.4527587890625], [1216.6688232421875, 855.1094360351562, 1350.0496826171875, 1013.4286499023438], [999.0076904296875, 767.1043701171875, 1201.0870361328125, 1046.6611328125], [360.0904235839844, 812.693359375, 505.9790344238281, 991.0880126953125], [408.9073181152344, 996.306640625, 476.9951477050781, 1052.005126953125], [194.8745574951172, 896.248046875, 329.910400390625, 1022.0391235351562], [1063.5096435546875, 1165.5, 1264.6942138671875, 1409.6622314453127], [195.52975463867188, 1172.5, 395.5, 1442.732666015625], [1098.5152587890625, 1671.25, 1305.2374267578125, 1958.2296142578125], [396.5473327636719, 1613.5, 537.25, 1876.6258544921875], [173.0760955810547, 1745.8865966796875, 370.89141845703125, 1905.386474609375], [135.9201202392578, 368.9630126953125, 1391.259765625, 718.0806274414062], [125.82447814941406, 741.75830078125, 1397.09423828125, 1113.545654296875], [128.11099243164062, 1142.5130615234375, 1394.0655517578125, 1555.91845703125], [125.5210189819336, 1585.95703125, 1399.4508056640625, 2097.91796875], [1027, 1870, 1086, 1916], [533, 1841, 613, 1906], [949, 928, 1007, 986], [522, 935, 579, 975]], "labels": [0, 0, 0, 0, 0, 1, 1, 1, 1, 1, 1, 1, 1, 1, 1, 1, 1, 1, 2, 2, 2, 2, 3, 3, 3, 3], "image_id": 387}, "character_clusters": [0, 0, 1, 1, 1], "text_char_matches": [[0, 1], [2, 1], [3, 2], [4, 2], [5, 2], [6, 2], [7, 2], [8, 0], [9, 0], [10, 3], [11, 3], [12, 3]], "text_tail_matches": [[3, 2], [4, 2], [5, 3], [6, 3], [7, 3], [10, 0], [11, 1], [12, 1]], "text_classification": [1, 1, 1, 1, 1, 1, 1, 1, 1, 1, 1, 1, 1], "character_names": ["Asta", "Asta", "Revchi Salik", "Revchi Salik", "Revchi Salik"]}