{"bbox_annotations": {"bboxes_as_x1y1x2y2": [[924.7594604492188, 47.702945709228516, 1192.89501953125, 587.6248817443848], [501.75506591796875, 1356.539794921875, 1394.91796875, 2091.898193359375], [388.15570068359375, 1624.4813232421875, 488.19830322265625, 1936.015380859375], [153.29803466796875, 174.09768676757812, 467.5003662109375, 600.2842407226562], [637.6671142578125, 715.3605346679688, 1393.6602783203125, 1315.3785400390625], [129.2836456298828, 1669.40478515625, 395.5, 1937.744140625], [637.5404052734375, 309.1880798339844, 800.9478149414062, 599.646484375], [874.7777099609375, 136.72836303710938, 1044.713134765625, 320.510009765625], [1176, 242.50352478027344, 1333.1258544921875, 327.25], [924.92431640625, 75.25, 1004.5, 150.91375732421875], [955.2640991210938, 425.25, 1093.75, 524.3046875], [714.8090209960938, 138.82371520996094, 827.5467529296875, 219.06336975097656], [539.1029052734375, 260.75, 631.75, 327.5704040527344], [490.6741027832031, 420.7568664550781, 652.4724731445312, 553.1586303710938], [351.0565490722656, 161, 467.25, 319.1022644042969], [116.8924560546875, 119.32550048828125, 393.0111083984375, 208.59803771972656], [126.27215576171875, 422.0054016113281, 248.98199462890625, 482.71429443359375], [1172.988525390625, 822.2127685546875, 1325.789306640625, 903.0004272460938], [367.71630859375, 689.5, 553.180419921875, 873.9473876953126], [161.38827514648438, 1062.25, 351.75, 1149.0115966796875], [533.75, 1321.25, 1156.75, 1496.25], [1117.3748779296875, 1618.7257080078125, 1364.3558349609375, 1794.3348388671875], [316.5703430175781, 1408.75, 490.0, 1555.0087890625], [199.24208068847656, 1391.328857421875, 260.5414123535156, 1673.2659912109375], [290.5, 1585.5, 336.460693359375, 1705.9532470703123], [480.86248779296875, 11.413823127746582, 1327.3089599609375, 603.1368408203125], [121.51957702636719, 13.065469741821289, 476.04443359375, 607.5503540039062], [124.29790496826172, 644.0473022460938, 1392.135009765625, 1316.7578125], [508.5246887207031, 1349.0335693359375, 1395.9581298828125, 2084.884521484375], [134.25538635253906, 1353.2330322265625, 499.8403015136719, 1928.742431640625], [396, 1603, 426, 1644], [635, 316, 675, 354], [650, 470, 691, 509], [248, 1665, 277, 1713]], "labels": [0, 0, 0, 0, 0, 0, 0, 0, 1, 1, 1, 1, 1, 1, 1, 1, 1, 1, 1, 1, 1, 1, 1, 1, 1, 2, 2, 2, 2, 2, 3, 3, 3, 3], "image_id": 361}, "character_clusters": [0, 3, 1, 3, 3, 3, 1, 2], "text_char_matches": [[0, 3], [3, 3], [4, 6], [5, 6], [6, 3], [8, 6], [9, 6], [11, 6], [13, 1], [14, 2], [15, 5]], "text_tail_matches": [[5, 2], [5, 1], [4, 1], [4, 2], [14, 0], [15, 3]], "text_classification": [1, 0, 1, 1, 1, 1, 1, 1, 1, 1, 0, 1, 0, 1, 1, 1, 0], "character_names": ["Recca", "Asta", "Nash", "Asta", "Asta", "Asta", "Nash", "none"]}