{"bbox_annotations": {"bboxes_as_x1y1x2y2": [[1112.5462646484375, 1082.9678955078125, 1341.4544677734375, 1928.359619140625], [303.50140380859375, 1057.3824462890625, 445.0038757324219, 1392.3740234375], [951.2249755859375, 1598.7767333984375, 1105.28662109375, 1782.28466796875], [170.3769989013672, 653.9290161132812, 329.35540771484375, 987.4136352539062], [532.0776977539062, 1193.6983642578125, 787.3734130859375, 1402.5277099609375], [423.6409606933594, 1802.5352783203125, 502.6043701171875, 1938.929931640625], [523.441162109375, 1728.709228515625, 606.6976928710938, 2017.6549072265625], [297.4141540527344, 65.98575592041016, 1335.5097351074219, 297.65177154541016], [1060.8734130859375, 575.1807228915663, 1398.3132530120483, 670.1565551757812], [261.275146484375, 423.3734939759036, 379.51807228915663, 549.8795180722891], [954.1105346679688, 1066.0240963855422, 1108.1927710843374, 1229.528076171875], [995.7747802734375, 1509.7967529296875, 1061.693359375, 1546.1058349609375], [749.720947265625, 1067.710843373494, 922.6506024096386, 1199.887939453125], [492.5301204819277, 1087.9518072289156, 635.9036144578313, 1192.7210693359375], [614.77685546875, 1618.36962890625, 810.9343872070312, 1719.2144775390625], [514.4578313253012, 1568.6746987951808, 607.2289156626506, 1651.7215576171877], [166.481201171875, 1574.2164306640625, 359.15155029296875, 1720.264892578125], [148.6817626953125, -2.983840227127075, 1402.6929931640625, 994.4578247070312], [937.9814453125, 1042.0189208984375, 1340.21044921875, 1926.49072265625], [147.24774169921875, 1035.6829833984375, 926.0784301757812, 1450.41845703125], [136.2862091064453, 1486.9739990234375, 921.1737670898438, 2022.3912353515625], [1091, 1208, 1134, 1243], [282, 568, 320, 622], [754, 1227, 799, 1270], [472, 1137, 508, 1167], [1001, 1571, 1031, 1607], [546, 1646, 581, 1696]], "labels": [0, 0, 0, 0, 0, 0, 0, 1, 1, 1, 1, 1, 1, 1, 1, 1, 1, 2, 2, 2, 2, 3, 3, 3, 3, 3, 3], "image_id": 1060}, "character_clusters": [0, 0, 1, 0, 1, 1, 0], "text_char_matches": [[2, 3], [3, 0], [4, 2], [5, 4], [6, 1], [8, 6]], "text_tail_matches": [[2, 1], [3, 0], [5, 2], [6, 3], [4, 4], [8, 5]], "text_classification": [0, 0, 1, 1, 1, 1, 1, 0, 0, 0], "character_names": ["Bulma", "Bulma", "Son Goku", "Bulma", "Son Goku", "Son Goku", "Bulma"]}