{"bbox_annotations": {"bboxes_as_x1y1x2y2": [[958.9498806682578, 1332.0533447265625, 1176.1336515513128, 1660.6205250596659], [286.5686950683594, 659.7670288085938, 534.5913696289062, 1041.599609375], [298.74072265625, 1729.7982177734375, 324.5633239746094, 1779.8189697265625], [689.8952026367188, 1337.7529296875, 1067.5417661097854, 1810.9785202863964], [947.3184204101562, 137.81114196777344, 1274.8624267578125, 411.6084442138672], [158.11529541015625, 80.84778594970703, 553.51123046875, 140.2613983154297], [1094.6341552734375, 1221.2410501193317, 1328.1622911694512, 1381.3944091796875], [848.6873508353223, 1660.6205250596659, 1344.8687350835323, 2003.1026252983293], [528.044189453125, 1216.9610595703125, 800.238663484487, 1518.6157517899762], [350.83532219570407, 1241.288782816229, 487.82816229116946, 1309.7852028639618], [442.72076372315036, 1401.6706443914081, 514.5584725536993, 1605.4892601431982], [193.1630096435547, 1369.928400954654, 362.5298329355609, 1531.37744140625], [335.79952267303105, 1465.1551312649165, 449.4033412887828, 1699.0453460620524], [143.1436767578125, -5.155784606933594, 1389.710693359375, 1149.482177734375], [522.7099609375, 1194.17822265625, 1339.6202392578125, 1998.7691650390625], [146.93475341796875, 1193.2490234375, 517.956298828125, 1919.642578125], [1133, 1413, 1179, 1452], [759, 1428, 809, 1468], [268, 1556, 302, 1616], [395, 1363, 433, 1413]], "labels": [0, 0, 0, 0, 1, 1, 1, 1, 1, 1, 1, 1, 1, 2, 2, 2, 3, 3, 3, 3], "image_id": 1058}, "character_clusters": [0, 1, 2, 3], "text_char_matches": [[2, 0], [4, 3]], "text_tail_matches": [[2, 0], [4, 1], [5, 3], [7, 2]], "text_classification": [1, 0, 1, 0, 1, 1, 0, 1, 0], "character_names": ["Son Goku", "none", "none", "Bulma"]}