{"bbox_annotations": {"bboxes_as_x1y1x2y2": [[703.5, 214.82127380371094, 771.75, 313.25], [665, 212.71852111816406, 702.7825317382812, 309.75], [933.4158935546875, 371, 1177.75, 601.376708984375], [942.5646362304688, 242.0783233642578, 1001.4396362304688, 329.08685302734375], [661.963134765625, 318.39093017578125, 894.25, 603.75], [784.9683837890625, 257.52056884765625, 948.5, 503.96954345703125], [896.55078125, 228.79510498046875, 941.4228515625, 310.5718078613281], [831.25, 220.5, 904.75, 308.0], [358.75, 1471.75, 448.0, 1576.75], [493.5, 1478.75, 595.0, 1576.75], [633.5, 1480.5, 700.0, 1578.5], [652.75, 1583.75, 701.75, 1697.5], [486.5, 1596, 596.75, 1701], [360.5, 1578.5, 462.0, 1702.75], [360.5, 1711.5, 455.0, 1823.5], [472.5, 1723.75, 638.75, 1814.75], [616, 1708, 698.25, 1813], [628.25, 1828.75, 700.0, 1944.25], [500.5, 1832.25, 612.5, 1947.75], [721, 1659, 745.5, 1737.75], [717.5, 1660.75, 845.25, 1799.0], [819, 1639.75, 936.25, 1760.5], [733.25, 1575, 843.5, 1667.75], [719.25, 1527.75, 759.5, 1620.5], [764.75, 1538.25, 847.0, 1611.75], [829.5, 1557.5, 890.75, 1627.5], [896, 1603, 969.5, 1680], [883.75, 1562.75, 962.5, 1634.5], [969.5, 1585.5, 1001.0, 1659.0], [1075.5855712890625, 263.58538818359375, 1202.2142333984375, 426.96539306640625], [425.66796875, 241.692626953125, 642.3411254882812, 449.2138671875], [869.9873046875, 717.5757446289062, 1126.86279296875, 1077.420654296875], [528.5, 679, 685.3973388671875, 960.75], [38.431785583496094, 679.0804443359375, 171.6950912475586, 1182.9149169921875], [591.5, 1426.4346923828125, 634.9688110351562, 1450.75], [390.25, 1408.75, 467.25, 1485.75], [598.5, 1611.75, 637.0, 1634.5], [434, 1814.75, 512.75, 1893.5], [350, 1870.75, 392, 1897.0], [657.4890747070312, 171.18881225585938, 1272.5555419921875, 612.003173828125], [1.642686128616333, -1.3334646224975586, 647.4700927734375, 606.4382934570312], [707.4871826171875, 646.4166870117188, 1273.9373779296875, 2084.562255859375], [-10.226493835449219, 633.075927734375, 696.462890625, 1383.4193115234375], [346.2333984375, 1396.6104736328125, 698.7628784179688, 1952.567626953125], [3.3168210983276367, 1399.9898681640625, 344.03057861328125, 1954.6939697265625]], "labels": [0, 0, 0, 0, 0, 0, 0, 0, 0, 0, 0, 0, 0, 0, 0, 0, 0, 0, 0, 0, 0, 0, 0, 0, 0, 0, 0, 0, 0, 1, 1, 1, 1, 1, 1, 1, 1, 1, 1, 2, 2, 2, 2, 2, 2], "image_id": 304}, "character_clusters": [0, 1, 2, 3, 4, 5, 6, 7, 8, 9, 10, 11, 12, 13, 14, 15, 16, 17, 18, 19, 20, 21, 22, 23, 24, 25, 26, 27, 28], "text_char_matches": [], "text_tail_matches": [], "text_classification": [1, 1, 1, 1, 1, 1, 0, 1, 0, 1], "character_names": ["none", "none", "none", "none", "none", "none", "none", "none", "none", "none", "none", "none", "none", "none", "none", "none", "none", "none", "none", "none", "none", "none", "none", "none", "none", "none", "none", "none", "none"]}