{"bbox_annotations": {"bboxes_as_x1y1x2y2": [[415.43145751953125, 1167.25, 549.5, 1482.25], [820.75, 1191.75, 1010.9140014648438, 1543.5], [840, 1587.1905517578125, 1291.3343505859375, 2098.12353515625], [1083.79052734375, 1190, 1305.099609375, 1547], [535.5, 131.24526977539062, 943.25, 1086.8855285644531], [301, 1589, 724.5, 1988], [1079.879150390625, 176.9647979736328, 1326.02685546875, 588.2710723876953], [791, 68.25, 959, 159.25], [546.9948120117188, 68.01483917236328, 730.5305786132812, 165.9954376220703], [182.48159790039062, 760.536865234375, 366.9834899902344, 805.2520141601562], [1238.3035888671875, 1211.0787353515625, 1348.4559326171875, 1435.5836181640625], [659.4814453125, 1176, 825.7776489257812, 1515.890380859375], [545.6360473632812, 1399.688232421875, 600.0833129882812, 1447.6973876953125], [359.27081298828125, 1353.887451171875, 415.766845703125, 1411.18994140625], [1146.25, 1752.3712158203125, 1326.5, 1970.885498046875], [626.5, 1926.9376220703125, 690.1123657226562, 2017.144287109375], [215.4577178955078, 1601.5968017578125, 285.5557861328125, 1684.53857421875], [116.9874496459961, -7.60362434387207, 1395.5574951171875, 1091.1630859375], [654.4590454101562, 1120.7794189453125, 1393.154541015625, 1551.8201904296875], [119.53951263427734, 1118.9718017578125, 637.254638671875, 1553.3038330078125], [729.83203125, 1578.2872314453125, 1403.6639404296875, 2098.73486328125], [122.6886215209961, 1576.60009765625, 721.348388671875, 2093.958251953125], [1069, 1776, 1131, 1841], [987, 269, 1070, 326], [1230.25, 1153.25, 1275.75, 1183.0], [819, 1153.25, 869.75, 1200.5]], "labels": [0, 0, 0, 0, 0, 0, 1, 1, 1, 1, 1, 1, 1, 1, 1, 1, 1, 2, 2, 2, 2, 2, 3, 3, 3, 3], "image_id": 303}, "character_clusters": [0, 1, 0, 2, 0, 0], "text_char_matches": [[0, 4], [4, 3], [5, 1], [8, 2]], "text_tail_matches": [[0, 1], [8, 0], [5, 3], [4, 2]], "text_classification": [1, 0, 0, 1, 1, 1, 0, 0, 1, 0, 0], "character_names": ["Watari", "Soichiro Yagami", "Watari", "none", "Watari", "Watari"]}