{"bbox_annotations": {"bboxes_as_x1y1x2y2": [[126, 1708, 481.1090850830078, 2098.935302734375], [1053.5, 1312.5, 1400.7926025390625, 1659.0], [127.75, -3.153714656829834, 719.25, 1262.0962853431702], [738.5, 0.7938891649246216, 1393.8393554687502, 1268.75], [591.5, 1310.1072998046875, 978.4519653320314, 1659.0], [499.76019287109375, 1709.75, 834.75, 2098.884521484375], [607.4837646484375, 300.867919921875, 915.1384887695312, 848.0223388671875], [1022, 1527.75, 1122.3695068359375, 1569.75], [869.891845703125, 1530.66259765625, 974.803955078125, 1569.75], [174.8144989013672, 1452.522705078125, 556.5, 1508.5], [1236.904296875, 1811.382568359375, 1342.0352783203125, 1974.0], [1235.5, 1991.5, 1291.5, 2072.0], [967.75, 1900.5, 1060.5, 2065.0], [123.43431854248047, -2.5464534759521484, 1393.0325927734375, 1271.7469482421875], [1006.6820678710938, 1303.6048583984375, 1398.19873046875, 1675.7635498046875], [588.022705078125, 1301.2569580078125, 986.8128662109375, 1675.151611328125], [123.49514770507812, 1304.6973876953125, 574.9169311523438, 1676.9998779296875], [842.5835571289062, 1702.4613037109375, 1394.648681640625, 2098.8935546875], [495.5923767089844, 1696.2373046875, 838.3677368164062, 2101.906005859375], [122.31646728515625, 1697.3343505859375, 494.0406494140625, 2099.30517578125], [1117, 1507, 1158, 1554], [825, 1497, 877, 1555]], "labels": [0, 0, 0, 0, 0, 0, 1, 1, 1, 1, 1, 1, 1, 2, 2, 2, 2, 2, 2, 2, 3, 3], "image_id": 323}, "character_clusters": [0, 1, 2, 1, 2, 1], "text_char_matches": [[0, 2], [1, 1], [2, 4], [3, 4], [4, 4]], "text_tail_matches": [[1, 0], [2, 1]], "text_classification": [1, 1, 1, 1, 1, 0, 0], "character_names": ["Ryuk", "Light Yagami", "L", "Light Yagami", "L", "Light Yagami"]}