{"bbox_annotations": {"bboxes_as_x1y1x2y2": [[701.0277099609375, 1132.25, 1075.1915283203125, 1864.994873046875], [195.84230041503906, 848.1395874023438, 642.1033477783203, 1158.5], [-4.519671440124512, 1211.0032958984375, 644.3902406692505, 1587.25], [1060.5, 842.188720703125, 1270.5, 2021.25], [1084.0281982421875, 282.2085266113281, 1238.173828125, 567.8890991210938], [605.06787109375, 302.6153564453125, 703.756103515625, 447.02850341796875], [141.64610290527344, 266.3240051269531, 341.68719482421875, 592.0130615234375], [527.528076171875, 883.75, 617.138671875, 945.0], [54.45833969116211, 932.4654541015625, 147.3869285583496, 1055.9725341796875], [541.132568359375, 1329.8662109375, 612.5, 1377.55078125], [67.29653930664062, 1764, 178.16957092285156, 1813], [556.4671020507812, 167.18075561523438, 1280.6304931640625, 810.7206420898438], [0.8450627326965332, 0.20133554935455322, 554.063720703125, 806.6947021484375], [645.0646362304688, 836.1472778320312, 1274.2791748046875, 2092.63525390625], [-6.806105613708496, 839.87353515625, 645.8240966796875, 1177.7626953125], [-10.151558876037598, 1197.6680908203125, 645.8607788085938, 1598.853759765625], [-6.022209167480469, 1628.2275390625, 650.5963745117188, 2102.7119140625], [154, 992, 192, 1027], [453, 1368, 499, 1409], [481, 884, 521, 916]], "labels": [0, 0, 0, 0, 1, 1, 1, 1, 1, 1, 1, 2, 2, 2, 2, 2, 2, 3, 3, 3], "image_id": 322}, "character_clusters": [0, 0, 0, 1], "text_char_matches": [[3, 1], [4, 1], [5, 2]], "text_tail_matches": [[3, 2], [4, 0], [5, 1]], "text_classification": [1, 1, 1, 1, 1, 1, 1], "character_names": ["Light Yagami", "Light Yagami", "Light Yagami", "Ryuk"]}