{"bbox_annotations": {"bboxes_as_x1y1x2y2": [[868.5896606445312, 1479.54736328125, 1319.41455078125, 1963.2083740234375], [390.0394592285156, 1482.25, 850.5, 2100.2646484375], [768.671875, 724.5, 1399.3834228515625, 1386.0], [304.43890380859375, 762.7747192382812, 752.4910278320312, 1439.025634765625], [367.5, 194.24420166015625, 663.25, 663.5941772460938], [334.25, 0, 1277.5, 680.8823871612549], [1180.8817138671875, 170.2086181640625, 1348.48291015625, 404.33099365234375], [332.5, 154.1873016357422, 406.71728515625, 194.88539123535156], [161.6266632080078, 306.164306640625, 311.3432922363281, 475.0643615722656], [1200.51416015625, 766.5, 1372.75732421875, 1131.27197265625], [772.1858520507812, 775.25, 945.6714477539062, 994.5949096679688], [516.3580932617188, 770, 722.1624145507812, 1083.485107421875], [125.44774627685547, 764.75, 343.58177947998047, 1078.7703857421875], [158.43011474609375, 1569.605224609375, 395.0022888183594, 1939.1195068359375], [114.50679016113281, -2.4326114654541016, 1399.128662109375, 691.3093872070312], [733.9915161132812, 709.613037109375, 1402.87744140625, 1431.3905029296875], [116.42572784423828, 720.1439208984375, 746.8443603515625, 1448.9884033203125], [865.0824584960938, 1468.4989013671875, 1318.961181640625, 1967.7249755859375], [120.7635269165039, 1468.957275390625, 851.7853393554688, 2091.831787109375], [430, 1776, 479, 1819], [257, 1112, 301, 1159], [320, 323, 373, 365], [1080, 114, 1194, 182], [953, 781, 996, 823], [386, 217, 427, 260], [568, 1106, 609, 1152], [1159, 783, 1204, 825]], "labels": [0, 0, 0, 0, 0, 0, 1, 1, 1, 1, 1, 1, 1, 1, 2, 2, 2, 2, 2, 3, 3, 3, 3, 3, 3, 3, 3], "image_id": 298}, "character_clusters": [0, 1, 1, 1, 1, 0], "text_char_matches": [[0, 5], [1, 4], [2, 4], [3, 2], [4, 2], [5, 3], [6, 3], [7, 1]], "text_tail_matches": [[0, 3], [2, 2], [1, 5], [3, 7], [4, 4], [5, 6], [6, 1], [7, 0]], "text_classification": [1, 1, 1, 1, 1, 1, 1, 1], "character_names": ["Ryuk", "Light Yagami", "Light Yagami", "Light Yagami", "Light Yagami", "Ryuk"]}