{"bbox_annotations": {"bboxes_as_x1y1x2y2": [[-0.84666907787323, 55.848052978515625, 599.0734969377518, 560.1168212890625], [779.0794677734375, 1611.75, 1046.5, 1746.5], [192.84103393554688, 994, 397.4974060058594, 1245.4597167968748], [366.598876953125, 1316.287841796875, 632.007568359375, 2097.5185546875], [621.25, 379.75, 1273.755615234375, 1279.25], [382.3271484375, 712.25, 509.98785400390625, 933.7767944335939], [38.042633056640625, 1384.0667724609375, 356.3156433105469, 2098.244384765625], [913.661865234375, -0.21181851625442505, 1276.6700439453125, 607.3876077532768], [756, 786.3101196289062, 866.4183349609375, 913.1160888671875], [1047.246826171875, 664.0936889648438, 1262.3431396484375, 1014.2640991210938], [619.5, 286.8081970214844, 801.15966796875, 491.75], [426.9410095214844, 266.5030212402344, 592.40673828125, 364.517333984375], [490, 659.769775390625, 570.61767578125, 694.75], [327.25, 862.75, 374.5480041503906, 883.75], [222.25, 659.75, 255.5, 691.25], [185.6636505126953, 765.112060546875, 220.5, 801.5], [101.5, 826, 124.25, 857.5], [455.45281982421875, 1062.1883544921875, 565.6384887695312, 1099.5828857421875], [889, 1715, 1052.384033203125, 1744.75], [31.5, 1450.75, 110.25, 1623.07421875], [608.1053466796875, -0.8029639720916748, 1273.096923828125, 1295.200439453125], [0.963890552520752, -1.771026849746704, 601.67822265625, 569.8492431640625], [305.03631591796875, 585.4616088867188, 599.0420532226562, 955.2615356445312], [-1.258435845375061, 593.9972534179688, 302.098876953125, 957.6492919921875], [8.335054397583008, 974.3287353515625, 601.5181884765625, 1288.150390625], [646.950927734375, 1340.7938232421875, 1277.2117919921875, 2081.1962890625], [365.4715576171875, 1306.98876953125, 628.0401000976562, 2104.802001953125], [7.173812389373779, 1306.0389404296875, 360.5227355957031, 2096.568603515625], [1023, 612, 1074, 661], [425, 420, 472, 462]], "labels": [0, 0, 0, 0, 0, 0, 0, 0, 0, 1, 1, 1, 1, 1, 1, 1, 1, 1, 1, 1, 2, 2, 2, 2, 2, 2, 2, 2, 3, 3], "image_id": 316}, "character_clusters": [0, 1, 1, 0, 0, 1, 0, 2, 1], "text_char_matches": [[0, 4], [2, 0], [3, 0], [5, 0], [4, 5], [6, 0], [7, 0], [8, 0], [10, 6]], "text_tail_matches": [[0, 0], [2, 1]], "text_classification": [1, 1, 1, 1, 1, 1, 1, 1, 0, 0, 0], "character_names": ["Light Yagami", "LIND. L. TAILOR", "LIND. L. TAILOR", "Light Yagami", "Light Yagami", "LIND. L. TAILOR", "Light Yagami", "Ryuk", "LIND. L. TAILOR"]}