{"bbox_annotations": {"bboxes_as_x1y1x2y2": [[700, 1559.25, 777, 1687.0], [976.9597778320312, 1712.5377197265625, 1066.0244140625, 1825.4776611328125], [797.5601196289062, 346.92230224609375, 1398.41455078125, 1014.23193359375], [920.5, 1056.7320556640625, 1265.6832275390625, 1512.52734375], [180.25, 1062.005126953125, 713.4177093505859, 1496.25], [218.75, 176.75, 756.6391296386719, 568.75], [229.25, 616.8497924804688, 721.0, 1009.8347778320312], [961.0636596679688, 1559.0281982421875, 1400.4486083984375, 2098.25], [978.25, 99.75, 1320.2674560546875, 415.9149017333985], [656.7481079101562, 731.9671020507812, 739.6439208984375, 831.731689453125], [162.42576599121094, 707, 222.1692352294922, 731.5], [1250.78173828125, 1209.023681640625, 1360.621826171875, 1349.8857421875], [735.763671875, 1073.771240234375, 922.1090698242188, 1506.75244140625], [589.3215942382812, 1152.7291259765625, 706.0211791992188, 1309.63134765625], [383.25, 1275.75, 455.0, 1373.75], [134.47998046875, 1126.2044677734375, 297.06719970703125, 1219.1976318359375], [1235.531982421875, 1615.66455078125, 1355.0447998046875, 1804.535400390625], [800.3512573242188, 1592.5, 964.3135986328125, 1876.06396484375], [189, 1678.25, 756, 2009.0], [785.133544921875, 4.353059768676758, 1398.290771484375, 1020.627685546875], [126.65887451171875, 165.5807647705078, 777.9851684570312, 576.5974731445312], [131.716796875, 606.3751831054688, 776.6834716796875, 1022.3085327148438], [725.890625, 1041.9473876953125, 1396.3289794921875, 1520.5516357421875], [128.74725341796875, 1049.4022216796875, 720.6775512695312, 1521.628173828125], [788.5319213867188, 1547.393798828125, 1402.433349609375, 2090.863525390625], [122.7608642578125, 1544.8035888671875, 776.7802734375, 2096.115478515625], [580, 764, 631, 804], [953, 1619, 1007, 1661], [237, 781, 282, 820], [1194, 1703, 1235, 1747]], "labels": [0, 0, 0, 0, 0, 0, 0, 0, 1, 1, 1, 1, 1, 1, 1, 1, 1, 1, 1, 2, 2, 2, 2, 2, 2, 2, 3, 3, 3, 3], "image_id": 315}, "character_clusters": [1, 0, 0, 1, 1, 1, 1, 1], "text_char_matches": [[0, 2], [1, 6], [2, 6], [3, 3], [4, 3], [5, 4], [7, 4], [8, 7], [9, 7]], "text_tail_matches": [[1, 0], [2, 2], [8, 3], [9, 1]], "text_classification": [1, 1, 1, 1, 1, 1, 0, 1, 1, 1, 0], "character_names": ["Light Yagami", "LIND. L. TAILOR", "LIND. L. TAILOR", "Light Yagami", "Light Yagami", "Light Yagami", "Light Yagami", "Light Yagami"]}