{"bbox_annotations": {"bboxes_as_x1y1x2y2": [[953.5537109375, 1679.792724609375, 1270.1722412109375, 1958.986083984375], [508.4253845214844, 1340.760009765625, 824.76904296875, 2100.63330078125], [201.57620239257812, 1766.754638671875, 505.6708679199219, 2100.339599609375], [-0.6723519563674927, 1675.0167236328125, 79.14622867107391, 1780.1651611328125], [907.2052612304688, 1319.96728515625, 1216.6412353515625, 1637.0179443359375], [262.5, 162.75, 1104.25, 255.5], [56.10762405395508, 599.9010009765625, 239.75, 1032.0616455078125], [600.3673706054688, 1386.45166015625, 765.283447265625, 1492.75], [177.9011993408203, 1370.943359375, 308.531982421875, 1529.35693359375], [362.5840759277344, 1751.4443359375, 492.8643493652344, 1936.844482421875], [49, 1831.6573486328125, 137.29217910766602, 1988.3577880859375], [80.9672622680664, 2.6601858139038086, 1270.7935791015625, 338.832763671875], [-1.9024968147277832, 375.4447937011719, 1278.836181640625, 1283.9620361328125], [838.7718505859375, 1305.6611328125, 1281.7501220703125, 1645.788818359375], [842.1470947265625, 1658.5167236328125, 1275.5240478515625, 1961.2578125], [510.64544677734375, 1317.6744384765625, 828.2199096679688, 2103.619873046875], [-3.415548801422119, 1310.893798828125, 507.0631408691406, 2108.65283203125]], "labels": [0, 0, 0, 0, 0, 1, 1, 1, 1, 1, 1, 2, 2, 2, 2, 2, 2], "image_id": 318}, "character_clusters": [0, 1, 2, 3, 1], "text_char_matches": [[2, 1], [4, 2], [5, 3]], "text_tail_matches": [], "text_classification": [1, 1, 1, 1, 1, 1], "character_names": ["Ryuk", "Light Yagami", "none", "none", "Light Yagami"]}