{"bbox_annotations": {"bboxes_as_x1y1x2y2": [[773.5152587890625, 1666.921875, 1004.5, 2098.25], [143.5, 1583.75, 642.322265625, 2097.013427734375], [774.7891235351562, 1480.5, 859.4916381835938, 1647.6142578125], [731.5, 1485.943359375, 791.3135986328125, 1629.25], [759.5, 1522.6962890625, 932.75, 1781.5], [682.3101196289062, 901.25, 1295.8448486328125, 1332.7808837890625], [913.477783203125, 1494.5242919921875, 981.1920776367188, 1610.0], [520.248046875, 1492.75, 749.0, 2092.464599609375], [958.5742797851562, 1485.75, 1067.5, 1685.25], [656.25, 1611.75, 808.5, 2096.5], [1204, 201.58175659179688, 1368.6961669921875, 665.4689331054688], [654.5679931640625, 297.5, 840.5355224609375, 616.3074340820312], [416.71490478515625, 303.3576354980469, 610.3460693359375, 659.9747924804688], [168.6416778564453, 965.84423828125, 414.4974670410156, 1291.6351318359375], [1224.7569580078125, 1435.5062255859375, 1368.2242431640625, 1722.8416748046875], [1079.93017578125, 1814.75, 1265.5855712890625, 2035.2667236328125], [703.8038330078125, 1849.7486572265625, 859.65283203125, 2000.25], [163.11245727539062, 1462.85400390625, 380.35809326171875, 1741.050537109375], [145.25, 1862.541748046875, 185.5, 1888.25], [642.0562744140625, 0.010232627391815186, 1378.8621826171875, 859.2244262695312], [122.52823638916016, -0.4698246717453003, 629.8523559570312, 854.4253540039062], [123.01023864746094, 883.5077514648438, 1304.94921875, 1355.124267578125], [124.54682922363281, 1368.42724609375, 1376.1639404296875, 2093.247314453125], [400, 1700, 457, 1750], [713, 1729, 771, 1825]], "labels": [0, 0, 0, 0, 0, 0, 0, 0, 0, 0, 1, 1, 1, 1, 1, 1, 1, 1, 1, 2, 2, 2, 2, 3, 3], "image_id": 321}, "character_clusters": [0, 1, 2, 3, 4, 5, 6, 7, 8, 9], "text_char_matches": [[6, 7], [7, 1]], "text_tail_matches": [[6, 1], [7, 0]], "text_classification": [1, 1, 1, 1, 1, 1, 1, 1, 0], "character_names": ["none", "Soichiro Yagami", "none", "none", "none", "Light Yagami", "none", "none", "none", "none"]}