{"bbox_annotations": {"bboxes_as_x1y1x2y2": [[1.141589879989624, 1079.75, 207.57176566123962, 2016.1844482421875], [88.35787200927734, 173.25, 1275.75, 1036.0], [489.1464538574219, 186.79644775390625, 755.0679931640625, 594.576416015625], [115.5, 1324.4171142578125, 357.9045104980469, 2098.72998046875], [367.5, 1083.25, 1275.75, 2098.367431640625], [1010.2684326171875, 254.49002075195312, 1236.558349609375, 589.7423706054688], [112.53620147705078, 366.8673095703125, 399.23633575439453, 702.0048217773438], [129.5, 78.12667083740234, 210.0, 164.56712341308594], [946.1632080078125, 1109.5, 1258.860595703125, 1313.5087890625002], [402.5, 1106, 591.3324584960938, 1410.5], [240.72630310058594, 1190.3045654296875, 319.05780029296875, 1256.2152099609375], [38.550575256347656, 1618.605712890625, 132.5184326171875, 1960.728515625], [73.90097045898438, 143.71055603027344, 1279.7989501953125, 1040.50537109375], [359.8235168457031, 1070.272216796875, 1274.760009765625, 2100.16357421875], [3.0594513416290283, 1036.990478515625, 348.2818908691406, 2085.54052734375], [948, 643, 1060, 714], [270, 1367, 317, 1462], [19, 1475, 80, 1607], [398, 659, 687, 836]], "labels": [0, 0, 0, 0, 0, 1, 1, 1, 1, 1, 1, 1, 2, 2, 2, 3, 3, 3, 3], "image_id": 324}, "character_clusters": [0, 0, 1, 1, 0], "text_char_matches": [[0, 1], [1, 1], [3, 4], [4, 4], [5, 3], [6, 0]], "text_tail_matches": [[0, 0], [1, 3], [5, 1], [6, 2]], "text_classification": [1, 1, 0, 1, 1, 1, 1], "character_names": ["Ryuk", "Ryuk", "Light Yagami", "Light Yagami", "Ryuk"]}