{"bbox_annotations": {"bboxes_as_x1y1x2y2": [[760.138916015625, 1511.3511962890625, 895.16650390625, 1638.0], [703.5, 1767.8311767578125, 922.5765991210938, 1939.0], [393.6900329589844, 1584.715087890625, 556.284912109375, 1781.1444091796875], [94.5, 1478.75, 266.0, 1576.75], [953.75, 1769.5828857421875, 1153.25, 1954.75], [850.5, 1515.99365234375, 1056.045654296875, 1650.25], [91.2950210571289, 196.6978759765625, 586.2340774536133, 695.9854736328125], [970.0579223632812, 234.2034454345703, 1209.9044189453125, 573.8514556884766], [383.25, 1481.31298828125, 557.1450805664062, 1571.5], [175, 740.25, 1102.5, 1149.75], [744.13134765625, 206.1740264892578, 986.7498779296875, 682.5221710205078], [759.5, 1636.2105712890625, 892.4896240234375, 1792.176025390625], [78.75, 1576.4547119140625, 278.25, 1778.0], [80.5, 1771, 274.75, 1954.75], [969.5, 1632.75, 1034.25, 1758.75], [1121.4613037109375, 243.04393005371094, 1242.3935546875, 366.77923583984375], [620.284912109375, 189.3419952392578, 740.8143310546875, 460.1099395751953], [813.75, 598.5, 890.75, 645.75], [439.847900390625, 319.4878234863281, 584.7024536132812, 385.4087829589844], [108.54426574707031, 78.82906341552734, 207.2692413330078, 164.39578247070312], [37.89091491699219, 228.14671325683594, 183.7493438720703, 505.1014862060547], [1095.349609375, 770.6846313476562, 1247.0968017578125, 952.9591064453125], [534.3909301757812, 952.760009765625, 671.3290405273438, 1307.4405517578125], [28.308475494384766, 771.6104736328125, 183.65871047973633, 1272.400634765625], [1057.4398193359375, 1557.5087890625, 1260.3365478515625, 1810.9615478515625], [889, 1478.75, 1009.75, 1555.75], [904.75, 1673, 1018.5, 1767.5], [588.382080078125, 1569.3330078125, 757.2116088867188, 1821.2838134765625], [308.8434753417969, 1800.114013671875, 497.98681640625, 1911.9534912109375], [611.2830810546875, 159.19264221191406, 1278.9686279296875, 696.8287353515625], [-5.3655266761779785, 167.94451904296875, 600.0018920898438, 700.1939086914062], [2.359992265701294, 726.869140625, 1282.8292236328125, 1435.1634521484375], [575.6362915039062, 1469.3963623046875, 1278.78076171875, 1959.6771240234375], [64.52200317382812, 1476.0330810546875, 561.1466674804688, 2020.806396484375], [168, 427, 224, 474], [757, 294, 802, 335], [434, 429, 472, 468], [1073, 209, 1116, 241]], "labels": [0, 0, 0, 0, 0, 0, 0, 0, 0, 0, 0, 0, 0, 0, 0, 1, 1, 1, 1, 1, 1, 1, 1, 1, 1, 1, 1, 1, 1, 2, 2, 2, 2, 2, 3, 3, 3, 3], "image_id": 302}, "character_clusters": [0, 1, 2, 0, 3, 4, 5, 6, 7, 8, 5, 9, 9, 1, 10], "text_char_matches": [[0, 7], [1, 10], [3, 6], [5, 6], [6, 6], [7, 6], [8, 6]], "text_tail_matches": [[0, 3], [1, 1], [3, 2], [5, 0]], "text_classification": [1, 1, 0, 1, 0, 1, 1, 1, 1, 1, 0, 0, 1, 1], "character_names": ["none", "none", "none", "none", "none", "none", "Soichiro Yagami", "none", "none", "none", "Soichiro Yagami", "none", "none", "none", "none"]}