{"bbox_annotations": {"bboxes_as_x1y1x2y2": [[150.66897583007812, 1405.076904296875, 604.7211303710938, 1868.19140625], [890.3356323242188, 179.9844512939453, 1271.422119140625, 710.2779083251953], [769.9600219726562, 740.20849609375, 1164.3419189453125, 1186.925048828125], [302.3750305175781, 956.0160522460938, 376.860107421875, 1184.91455078125], [827.443603515625, 306.43829345703125, 912.0465087890625, 430.35406494140625], [973.2645263671875, 504.51116943359375, 1055.7294921875, 541.0133666992188], [581.2365112304688, 172.48318481445312, 749.1524658203125, 430.5920104980469], [372.1460876464844, 346.5849304199219, 574.8999633789062, 473.8486328125], [238.08255004882812, 237.5885009765625, 427.03349282296654, 370.0956937799043], [133.3684539794922, 173.375, 274.6800537109375, 506.9169616699219], [1115.6903076171875, 782.0302124023438, 1259.064208984375, 978.2506103515625], [604.1201171875, 783.4844360351562, 765.1270141601562, 1077.120361328125], [383.0361633300781, 773.2109985351562, 544.277587890625, 968.2099609375], [136.93568420410156, 768.7179565429688, 278.3338623046875, 873.8800048828125], [1057.5543212890625, 1398.5748291015625, 1211.6402587890625, 1530.8753662109375], [658.0889282226562, 1617.7033492822968, 946.1722488038278, 1768.154541015625], [503.7059631347656, 1433.5947265625, 576.3817749023438, 1481.322265625], [499.6300048828125, 1489.4908447265625, 565.669677734375, 1565.732666015625], [478.3702697753906, 1599.0987548828125, 564.46533203125, 1721.974609375], [774.1673583984375, 131.48779296875, 1279.251708984375, 709.6956787109375], [117.17903900146484, 132.1856689453125, 763.9891357421875, 712.6687622070312], [601.8388061523438, 725.2489013671875, 1276.2177734375, 1191.9864501953125], [118.13746643066406, 727.5955810546875, 588.599365234375, 1196.7222900390625], [624.319580078125, 1288.6097412109375, 1272.2015380859375, 1883.244140625], [116.25691986083984, 1291.5821533203125, 611.3988647460938, 1880.11279296875], [898, 431, 960, 493], [450, 1702, 480, 1727]], "labels": [0, 0, 0, 0, 1, 1, 1, 1, 1, 1, 1, 1, 1, 1, 1, 1, 1, 1, 1, 2, 2, 2, 2, 2, 2, 3, 3], "image_id": 414}, "character_clusters": [0, 1, 2, 1], "text_char_matches": [[0, 1], [1, 1], [2, 1], [5, 1], [6, 1], [7, 1], [8, 3], [9, 3], [12, 0], [13, 0], [14, 0]], "text_tail_matches": [[0, 0], [14, 1], [13, 1], [12, 1]], "text_classification": [1, 1, 1, 0, 0, 1, 1, 1, 1, 1, 0, 0, 1, 1, 1], "character_names": ["Hideyoshi Nagachika", "Ken Kaneki", "none", "Ken Kaneki"]}