{"bbox_annotations": {"bboxes_as_x1y1x2y2": [[484.0958251953125, 608.062255859375, 1046.79150390625, 1806.9377990430623], [1152.6834716796875, 1286.798095703125, 1252.8359375, 1357.5943603515625], [948.98486328125, 1450.2371826171875, 1057.489013671875, 1531.93896484375], [902.3323974609375, 134.26914978027344, 1286.9678955078125, 591.8201904296875], [508.57147216796875, 134.48876953125, 890.4012451171875, 595.7176513671875], [129.87832641601562, 133.39276123046875, 500.03955078125, 591.3766479492188], [130.88487243652344, 608.3276977539062, 1286.396240234375, 1765.1890869140625]], "labels": [0, 1, 1, 2, 2, 2, 2], "image_id": 427}, "character_clusters": [0], "text_char_matches": [], "text_tail_matches": [], "text_classification": [0, 0], "character_names": ["Ken Kaneki"]}