{"bbox_annotations": {"bboxes_as_x1y1x2y2": [[130.6357879638672, 1179.821044921875, 784.1078948974609, 1444.75732421875], [148.2294464111328, 803.9139404296875, 694.976076555024, 1115.2030029296875], [965.8010864257812, 247.77427673339844, 1221.8521728515625, 619.2526092529297], [706.767333984375, 803.9869995117188, 1284.6875, 1122.22119140625], [330.6195983886719, 1471.6552734375, 783.6214599609375, 1868.767578125], [212.5850067138672, 277.3376159667969, 815.4332122802734, 777.4327392578125], [799.2864990234375, 1189.51171875, 1284.255859375, 1868.418701171875], [922.4349975585938, 254.43130493164062, 1024.6519775390625, 408.6124401913876], [658.1021118164062, 259.5693779904306, 808.1987915039062, 424.1398620605469], [197.04981994628906, 537.3807983398438, 249.46043395996094, 572.1293334960938], [571.5175170898438, 828.9473684210527, 664.8325358851674, 1011.0989379882812], [158.09613037109375, 957.6064453125, 210.82135009765625, 989.4793701171875], [1111.2642822265625, 1559.73828125, 1212.15185546875, 1753.12646484375], [821.5977172851562, 1482.0574162679427, 947.8468899521531, 1611.2882080078125], [568.2090454101562, 1541.7574462890625, 691.537109375, 1690.8873291015625], [200.71795654296875, 1561.4783935546875, 251.4355010986328, 1791.843017578125], [830.0498657226562, 136.99118041992188, 1292.913330078125, 786.5681762695312], [134.3870086669922, 225.1995086669922, 820.7020874023438, 787.8448486328125], [704.2741088867188, 793.6337280273438, 1286.354736328125, 1129.5228271484375], [127.18476104736328, 789.415283203125, 701.7680053710938, 1133.569091796875], [792.91259765625, 1163.8580322265625, 1290.48388671875, 1876.8448486328125], [129.4176025390625, 1167.4334716796875, 788.7811279296875, 1456.9903564453125], [132.70094299316406, 1463.3695068359375, 790.3653564453125, 1880.2080078125], [923, 1548, 988, 1640], [262, 1729, 318, 1771], [245, 562, 282, 597], [205, 1009, 250, 1044]], "labels": [0, 0, 0, 0, 0, 0, 0, 1, 1, 1, 1, 1, 1, 1, 1, 1, 2, 2, 2, 2, 2, 2, 2, 3, 3, 3, 3], "image_id": 425}, "character_clusters": [0, 0, 0, 0, 0, 0, 0], "text_char_matches": [[1, 5], [2, 5], [4, 1], [6, 6], [8, 4]], "text_tail_matches": [[2, 2], [4, 3], [6, 0], [8, 1]], "text_classification": [0, 1, 1, 0, 1, 0, 1, 0, 1], "character_names": ["Ken Kaneki", "Ken Kaneki", "Ken Kaneki", "Ken Kaneki", "Ken Kaneki", "Ken Kaneki", "Ken Kaneki"]}