{"bbox_annotations": {"bboxes_as_x1y1x2y2": [[1071.301025390625, 1597.2650146484375, 1127.2080078125, 1669.19140625], [112.98560333251953, 1353.874755859375, 863.7504348754883, 1873.2315673828125], [306.58111572265625, 153.14706420898438, 1060.9417724609375, 576.4152221679688], [966.3914184570312, 1604.9256591796875, 1025.4161376953125, 1720.00927734375], [113.87559808612441, 627.9904306220096, 242.82296650717706, 953.3568725585938], [744.0140991210938, 806.2487182617188, 1267.6519775390625, 1330.5206298828125], [224.33966064453125, 984.8204956054688, 691.8739624023438, 1335.4527587890625], [180.86124401913875, 731.8181818181819, 355.02392344497605, 954.5454545454546], [1069.4390869140625, 205.52896118164062, 1257.703125, 450.15625], [130.6193389892578, 202.63157894736844, 305.79449462890625, 405.7630310058594], [1068.283935546875, 661.4832535885167, 1259.191162109375, 962.3671874999999], [756.7000732421875, 848.1172485351562, 836.3734741210938, 921.6046752929688], [741.866028708134, 976.3157894736843, 817.2248803827752, 1158.8516746411483], [554.4186401367188, 677.7750854492188, 685.117919921875, 853.810791015625], [154.06698564593302, 1028.2296650717703, 302.19775390625, 1278.010986328125], [1153.1427001953125, 1389.952153110048, 1264.2740478515625, 1534.5728759765625], [1038.7342529296875, 1421.3551025390625, 1123.97509765625, 1581.460693359375], [878.7129516601562, 1374.8803827751196, 1031.578947368421, 1489.5782470703125], [989.3880615234375, 1547.2645263671875, 1038.2775119617224, 1622.5589599609375], [695.5875244140625, 1381.578947368421, 855.2155151367188, 1540.4129638671875], [140.95956420898438, 1376.555023923445, 321.53110047846894, 1495.3516845703125], [111.65559387207031, 143.72201538085938, 1269.175537109375, 585.4030151367188], [713.4828491210938, 596.036865234375, 1271.741943359375, 1342.8297119140625], [111.48748779296875, 593.0448608398438, 694.9812622070312, 964.7962036132812], [111.37166595458984, 972.91162109375, 693.3132934570312, 1342.85302734375], [863.9096069335938, 1353.8134765625, 1275.7169189453125, 1882.6458740234375], [115.54373931884766, 1347.7491455078125, 855.5801391601562, 1874.477783203125], [304, 373, 366, 419], [1016, 393, 1070, 433], [821, 944, 865, 988]], "labels": [0, 0, 0, 0, 0, 0, 0, 0, 1, 1, 1, 1, 1, 1, 1, 1, 1, 1, 1, 1, 1, 2, 2, 2, 2, 2, 2, 3, 3, 3], "image_id": 424}, "character_clusters": [1, 0, 1, 2, 1, 0, 0, 3], "text_char_matches": [[0, 2], [1, 2], [2, 2], [3, 5], [5, 2], [6, 2], [11, 1], [12, 1]], "text_tail_matches": [[0, 1], [1, 0], [3, 2]], "text_classification": [1, 1, 1, 1, 0, 1, 1, 1, 1, 1, 0, 1, 1], "character_names": ["Hisashi Ogura", "Ken Kaneki", "Hisashi Ogura", "none", "Hisashi Ogura", "Ken Kaneki", "Ken Kaneki", "none"]}