{"bbox_annotations": {"bboxes_as_x1y1x2y2": [[727.939453125, 865.8784790039062, 956.4445190429688, 1209.2767333984375], [831.4754028320312, 179.3654022216797, 1266.0888671875, 642.8712005615234], [132.36618041992188, 154.8791961669922, 676.4932556152344, 649.8788909912109], [182.18109130859375, 713.802978515625, 702.2571411132812, 1214.138916015625], [921.0526315789474, 792.1052631578948, 1129.8272705078125, 1208.8739013671875], [843.57373046875, 497.610107421875, 902.516845703125, 537.7923583984375], [671.337890625, 228.6301727294922, 803.77880859375, 379.68023681640625], [177.81011962890625, 354.15447998046875, 260.806640625, 421.4520568847656], [1176.2576904296875, 708.796142578125, 1268.5810546875, 906.2640380859375], [1089.5360107421875, 839.4300537109375, 1172.28564453125, 955.0276489257812], [756.8043823242188, 791.2427978515625, 801.8070678710938, 822.6705322265625], [585.8859252929688, 764.7335205078125, 676.937255859375, 851.416015625], [155.9310760498047, 746.4232177734375, 257.1772155761719, 950.2316284179688], [1048.4639892578125, 1282.1405029296875, 1269.8455810546875, 1483.8179931640625], [489.03826904296875, 1259.33014354067, 733.4928229665072, 1492.1776123046875], [159.95956420898438, 1547.3684210526317, 427.03349282296654, 1778.2509765625], [825.3860473632812, 137.1379852294922, 1278.376220703125, 654.0877075195312], [125.57396697998047, 134.47337341308594, 814.0194702148438, 656.7288818359375], [720.6021118164062, 657.518310546875, 1285.8565673828125, 1220.358154296875], [136.1162872314453, 663.7275390625, 707.40234375, 1220.815185546875], [124.09346008300781, 1220.91650390625, 1282.7901611328125, 1873.7730712890625], [577, 888, 614, 922], [770, 851, 799, 888], [739, 463, 790, 517], [894, 494, 931, 529], [263, 402, 307, 446], [1065, 887, 1104, 930]], "labels": [0, 0, 0, 0, 0, 1, 1, 1, 1, 1, 1, 1, 1, 1, 1, 1, 2, 2, 2, 2, 2, 3, 3, 3, 3, 3, 3], "image_id": 411}, "character_clusters": [0, 1, 0, 0, 1], "text_char_matches": [[0, 1], [1, 1], [2, 2], [3, 4], [4, 4], [5, 0], [6, 3], [7, 3], [8, 3], [9, 3], [10, 3]], "text_tail_matches": [[0, 3], [1, 2], [2, 4], [3, 5], [4, 5], [5, 1], [6, 0]], "text_classification": [1, 1, 1, 1, 1, 1, 1, 1, 1, 1, 1], "character_names": ["Ken Kaneki", "Taguchi", "Ken Kaneki", "Ken Kaneki", "Taguchi"]}