{"bbox_annotations": {"bboxes_as_x1y1x2y2": [[292.6789245605469, 1430.572509765625, 598.9331665039062, 1836.4827880859375], [233.09579467773438, 1174.3807373046875, 411.1430358886719, 1483.543212890625], [1038.446533203125, 373.86767578125, 1137.0186767578125, 582.7130126953125], [449.6502380371094, 321.9171447753906, 801.3975830078125, 668.1434326171875], [725.2884959535736, 1428.742922258149, 1277.405805523886, 1866.440920305024], [826.703857421875, 1138.3006591796875, 1288.263916015625, 1407.1329345703125], [732.0422973632812, 708.9384155273438, 1166.1480712890625, 1090.8272705078125], [920.9603881835938, 440.86468505859375, 990.8705444335938, 612.843505859375], [131.51417541503906, 312.3207092285156, 401.41529846191406, 674.70361328125], [301.43540669856463, 703.3492822966507, 698.3253588516748, 1090.1913875598086], [903.5400390625, 229.42583732057417, 996.4114832535885, 373.03472900390625], [600.5087280273438, 234.37889099121094, 691.9613647460938, 274.0704040527344], [1146.1138916015625, 780.3827751196172, 1266.0287081339713, 891.6764526367188], [1073.6339111328125, 948.892578125, 1129.88818359375, 1014.227783203125], [779.5942993164062, 833.5636596679688, 825.8717041015625, 864.6777954101562], [200.47607421875, 792.1052631578948, 338.27751196172255, 999.7607655502393], [732.7273559570312, 1196.574951171875, 818.97900390625, 1310.931884765625], [1048.42138671875, 1433.31884765625, 1190.6698564593303, 1875.7222900390625], [678.239501953125, 1682.270263671875, 779.2279663085938, 1782.718505859375], [476.9501953125, 1273.162841796875, 565.3480224609375, 1336.2911376953125], [382.46533203125, 1190.6698564593303, 468.8995215311005, 1421.3438720703125], [169.4289093017578, 1407.1495361328125, 252.34152221679688, 1456.9805908203125], [810.0138549804688, 129.63699340820312, 1286.8287353515625, 677.5673217773438], [123.93568420410156, 133.1541748046875, 799.8914184570312, 682.0584106445312], [716.2979125976562, 697.2733154296875, 1283.9049072265625, 1098.780517578125], [124.92240142822266, 699.1580810546875, 708.1697998046875, 1102.05712890625], [621.8963012695312, 1129.13232421875, 1289.7484130859375, 1411.2882080078125], [614.7800903320312, 1419.7813720703125, 1286.6661376953125, 1889.326904296875], [130.27410888671875, 1129.26708984375, 602.2642822265625, 1880.1387939453125], [685, 265, 726, 301], [973, 367, 1013, 402], [826, 874, 870, 905], [807, 1271, 852, 1307], [228, 1345, 261, 1387]], "labels": [0, 0, 0, 0, 0, 0, 0, 0, 0, 0, 1, 1, 1, 1, 1, 1, 1, 1, 1, 1, 1, 1, 2, 2, 2, 2, 2, 2, 2, 3, 3, 3, 3, 3], "image_id": 421}, "character_clusters": [0, 1, 0, 0, 0, 0, 0, 1, 1, 1], "text_char_matches": [[0, 2], [1, 3], [2, 8], [4, 6], [8, 4], [9, 0], [11, 1]], "text_tail_matches": [[0, 1], [1, 0], [4, 2], [6, 3], [11, 4]], "text_classification": [1, 1, 1, 1, 1, 0, 0, 0, 1, 1, 0, 1], "character_names": ["Ken Kaneki", "none", "Ken Kaneki", "Ken Kaneki", "Ken Kaneki", "Ken Kaneki", "Ken Kaneki", "none", "none", "none"]}