{"bbox_annotations": {"bboxes_as_x1y1x2y2": [[781.1013793945312, 152.2187957763672, 1269.4007568359375, 669.9207611083984], [686.3032836914062, 906.9515380859375, 920.53076171875, 1233.79345703125], [530.722900390625, 1276.2877197265625, 834.4813232421875, 1875.370361328125], [888.424560546875, 1299.6065673828125, 1186.1319580078125, 1668.9073486328125], [108.04618072509766, 140.48960876464844, 655.2416763305664, 678.2462615966797], [934.7199096679688, 712.6170043945312, 1174.031005859375, 1060.81787109375], [116.49424743652344, 1279.9530029296875, 454.74790954589844, 1873.8408203125], [107.8634262084961, 724.4280395507812, 591.2665939331055, 1238.2589111328125], [1108.2679443359375, 214.8826904296875, 1251.1829833984375, 388.5966796875], [559.7342529296875, 267.9425837320574, 735.1674641148326, 390.63604736328125], [1165.1376953125, 768.6602870813398, 1249.2822966507176, 862.6522827148438], [653.9934692382812, 735.1674641148326, 750.2392344497608, 853.4342651367188], [437.4629211425781, 728.4688995215312, 596.9688720703125, 965.7509765625], [980.1361083984375, 1289.4736842105265, 1269.377990430622, 1422.0169677734375], [1086.6568603515625, 1619.377990430622, 1205.7416267942585, 1845.9072265625], [931.6901245117188, 1686.8365478515625, 1061.5045166015625, 1872.0389404296875], [489.6995544433594, 1301.1961722488038, 584.9478149414062, 1456.3011474609375], [390.8623046875, 1369.388916015625, 503.10125732421875, 1536.10546875], [780.5107421875, 134.07557678222656, 1267.8106689453125, 677.2662963867188], [104.41218566894531, 130.17202758789062, 765.0875244140625, 682.9323120117188], [624.4525146484375, 692.2495727539062, 1271.5062255859375, 1243.29345703125], [110.67672729492188, 693.7533569335938, 617.1375122070312, 1243.022216796875], [879.4279174804688, 1265.5198974609375, 1270.5086669921875, 1880.941162109375], [458.9437561035156, 1265.7811279296875, 863.0862426757812, 1881.943603515625], [114.68376159667969, 1272.1373291015625, 463.90020751953125, 1877.5648193359375], [1077, 407, 1124, 446], [689, 898, 724, 940], [1144, 813, 1178, 849]], "labels": [0, 0, 0, 0, 0, 0, 0, 0, 1, 1, 1, 1, 1, 1, 1, 1, 1, 1, 2, 2, 2, 2, 2, 2, 2, 3, 3, 3], "image_id": 416}, "character_clusters": [0, 1, 2, 1, 1, 0, 2, 1], "text_char_matches": [[0, 0], [1, 0], [2, 5], [3, 1], [4, 7], [5, 3], [6, 5], [8, 5], [9, 5]], "text_tail_matches": [[0, 0], [2, 2], [3, 1]], "text_classification": [1, 1, 1, 1, 1, 1, 1, 0, 1, 1], "character_names": ["Hideyoshi Nagachika", "Ken Kaneki", "Oohashi", "Ken Kaneki", "Ken Kaneki", "Hideyoshi Nagachika", "Oohashi", "Ken Kaneki"]}