{"bbox_annotations": {"bboxes_as_x1y1x2y2": [[805.6173095703125, 654.6563720703125, 1160.3756103515625, 1076.29052734375], [520.7444458007812, 1522.378173828125, 1149.19482421875, 1867.3529052734375], [359.9510803222656, 772.5404052734375, 715.7164916992188, 1079.9232177734375], [526.5533447265625, 1125.9339599609375, 1268.1522216796875, 1518.77294921875], [341.3342590332031, 215.77294921875, 1058.5041809082031, 376.7750244140625], [1073.4449760765551, 494.01913875598086, 1264.2099609375, 677.1304931640625], [747.6434326171875, 573.78466796875, 799.9999389648438, 737.6551513671875], [736.8421052631579, 884.2105263157895, 893.19482421875, 1036.0927734375], [523.6602783203125, 509.0909090909091, 697.0712890625, 653.0493774414064], [133.44300842285156, 626.3157894736843, 326.555023923445, 811.7152709960938], [1073.534912109375, 1143.884765625, 1261.989990234375, 1344.0059814453125], [625.914794921875, 1187.3205741626796, 710.0478468899522, 1357.7884521484375], [1107.7178955078125, 1537.9227294921875, 1264.029052734375, 1727.225830078125], [912.6794258373207, 1517.2248803827752, 1058.3732057416269, 1729.9043062200958], [273.6800537109375, 1243.6044921875, 352.4983825683594, 1708.4927978515625], [109.20760345458984, 133.9404296875, 1272.1019287109375, 451.286865234375], [728.1568603515625, 469.0090637207031, 1275.5028076171875, 1089.39208984375], [117.14652252197266, 474.7086181640625, 717.5350341796875, 1092.7657470703125], [528.8274536132812, 1110.3316650390625, 1269.51806640625, 1522.16015625], [523.9132080078125, 1507.8062744140625, 1274.539794921875, 1878.8251953125], [110.13398742675781, 1108.8580322265625, 508.61968994140625, 1878.2911376953125]], "labels": [0, 0, 0, 0, 1, 1, 1, 1, 1, 1, 1, 1, 1, 1, 1, 2, 2, 2, 2, 2, 2], "image_id": 426}, "character_clusters": [0, 0, 0, 0], "text_char_matches": [[0, 0], [1, 0], [3, 0], [4, 2], [5, 2], [6, 3], [8, 1], [9, 1], [10, 1]], "text_tail_matches": [], "text_classification": [1, 1, 0, 1, 1, 1, 1, 0, 1, 1, 1], "character_names": ["Ken Kaneki", "Ken Kaneki", "Ken Kaneki", "Ken Kaneki"]}