{"bbox_annotations": {"bboxes_as_x1y1x2y2": [[593.6300659179688, 1511.4783935546875, 914.3350219726562, 1871.5068359375], [339.700439453125, 864.0149536132812, 761.289306640625, 1292.5672607421875], [269.1063537597656, 1490.18603515625, 452.79315185546875, 1858.05908203125], [1002.1200561523438, 318.1818181818182, 1158.8516746411485, 542.9140014648438], [783.5108642578125, 822.8919677734375, 1280.865234375, 1289.330810546875], [746.3286743164062, 298.0861244019139, 940.0718994140625, 583.5455322265625], [935.5664672851562, 1530.3004150390625, 1130.03125, 1871.6068115234375], [1107.25146484375, 209.5894775390625, 1267.91357421875, 419.3936767578125], [288.88043212890625, 325.62091064453125, 475.1325378417969, 665.3560791015625], [145.69377990430624, 510.76555023923447, 286.3636363636364, 748.5645933014355], [1103.1505126953125, 862.4401913875598, 1271.9251708984375, 1181.54833984375], [614.5933014354067, 870.2167358398438, 757.4119262695314, 1105.2631578947369], [528.3621215820312, 1038.2775119617224, 629.427978515625, 1217.322998046875], [252.62754821777344, 947.7147216796875, 301.7528076171875, 980.65283203125], [178.68630981445312, 1080.9027099609375, 255.88739013671875, 1232.5546875], [1132.7930908203125, 1353.11004784689, 1279.4258373205744, 1599.0977783203125], [761.8087158203125, 1344.7368421052631, 915.5275268554688, 1522.4984130859375], [434.5025939941406, 1327.9904306220096, 572.7272727272727, 1665.712646484375], [136.45339965820312, 1592.5837320574165, 255.79815673828125, 1851.5767822265625], [132.84144592285156, 134.46067810058594, 1284.6690673828125, 789.1576538085938], [784.8507690429688, 810.8734130859375, 1287.3323974609375, 1299.809814453125], [125.7432632446289, 814.438720703125, 775.8927612304688, 1301.8580322265625], [926.4725341796875, 1313.15625, 1286.004638671875, 1883.51708984375], [584.9522094726562, 1322.3564453125, 918.6209106445312, 1882.7423095703125], [123.75060272216797, 1310.303955078125, 566.163330078125, 1879.222900390625], [1102, 1568, 1145, 1603], [1063, 1131, 1104, 1165], [300, 979, 334, 1010], [775, 1555, 810, 1594]], "labels": [0, 0, 0, 0, 0, 0, 0, 1, 1, 1, 1, 1, 1, 1, 1, 1, 1, 1, 1, 2, 2, 2, 2, 2, 2, 3, 3, 3, 3], "image_id": 423}, "character_clusters": [0, 1, 2, 3, 0, 0, 3], "text_char_matches": [[3, 4], [0, 5], [1, 5], [2, 5], [8, 6], [9, 0], [10, 0], [11, 0]], "text_tail_matches": [[3, 1], [6, 2], [8, 0], [9, 3]], "text_classification": [1, 1, 1, 1, 1, 1, 1, 1, 1, 1, 1, 1], "character_names": ["Hisashi Ogura", "Ken Kaneki", "none", "none", "Hisashi Ogura", "Hisashi Ogura", "none"]}