{"bbox_annotations": {"bboxes_as_x1y1x2y2": [[455.513427734375, 378.4627990722656, 696.2293090820312, 634.7802124023438], [870.3870239257812, 149.08985900878906, 1289.2022705078125, 638.1422882080078], [626.7185668945312, 282.5733947753906, 852.271484375, 641.1041259765625], [149.22900390625, 1032.2286376953125, 1212.0714111328125, 1322.9183349609375], [1113.6363636363637, 432.0574162679426, 1160.5263157894738, 547.6076555023924], [885.6111450195312, 444.3147277832031, 937.7543334960938, 515.2167358398438], [564.492431640625, 177.53819274902344, 654.5443115234375, 267.6584777832031], [462.4082946777344, 235.6819610595703, 575.332275390625, 354.8997802734375], [450.5024719238281, 469.6745300292969, 511.4355163574219, 626.3157894736843], [297.0450744628906, 186.5187530517578, 427.145751953125, 390.9993896484375], [236.20777893066406, 376.0928039550781, 317.3319396972656, 436.0740966796875], [131.13829040527344, 494.0379943847656, 222.23204040527344, 580.265869140625], [1146.765380859375, 740.1913875598086, 1262.6794258373207, 864.6337280273438], [181.73719787597656, 768.6602870813398, 296.41148325358853, 905.3670043945312], [1144.1881103515625, 1090.1913875598086, 1244.2583732057417, 1232.2156982421873], [864.9202270507812, 133.49586486816406, 1286.7803955078125, 642.66552734375], [440.8415222167969, 130.59808349609375, 850.9931640625, 647.36962890625], [127.80487060546875, 135.9687042236328, 435.5609436035156, 642.5392456054688], [127.28182983398438, 658.7679443359375, 1289.4014892578125, 1008.994873046875], [120.87676239013672, 1016.1708984375, 1275.51171875, 1329.926025390625], [124.7435073852539, 1341.3287353515625, 1281.180908203125, 1879.1800537109375], [282, 758, 313, 797], [624, 275, 668, 319], [938, 469, 978, 508]], "labels": [0, 0, 0, 0, 1, 1, 1, 1, 1, 1, 1, 1, 1, 1, 1, 2, 2, 2, 2, 2, 2, 3, 3, 3], "image_id": 417}, "character_clusters": [0, 0, 1, 0], "text_char_matches": [[1, 1], [2, 2], [3, 2], [7, 2], [5, 0], [6, 0], [9, 2], [10, 2]], "text_tail_matches": [[2, 1], [3, 1], [1, 2], [9, 0]], "text_classification": [0, 1, 1, 1, 0, 1, 1, 1, 1, 1, 1], "character_names": ["Ken Kaneki", "Ken Kaneki", "Hideyoshi Nagachika", "Ken Kaneki"]}