{"bbox_annotations": {"bboxes_as_x1y1x2y2": [[131.52511596679688, 836.342041015625, 698.6398620605469, 1867.0191650390625], [126.67769622802734, 143.70606994628906, 556.2802658081055, 791.4530181884766], [703.003173828125, 1338.1802978515625, 1290.4884033203125, 1867.9627685546875], [816.5540771484375, 903.1066284179688, 1228.4525146484375, 1310.023193359375], [572.6331787109375, 173.04010009765625, 788.6646728515625, 378.4729309082031], [685.2345581054688, 543.3883056640625, 764.4841918945312, 716.740478515625], [445.3425598144531, 554.3062200956938, 656.4593301435407, 768.2484741210938], [1144.172119140625, 954.3746948242188, 1213.341796875, 1117.9541015625], [499.95233154296875, 855.7416267942584, 682.7568359375, 1193.0291748046873], [471.44378662109375, 1474.2769775390625, 573.0126342773438, 1654.831787109375], [266.26794258373207, 1510.5263157894738, 465.5502392344498, 1768.421052631579], [815.94580078125, 134.59548950195312, 1285.236083984375, 806.0292358398438], [128.81423950195312, 131.44796752929688, 807.6216430664062, 804.1636962890625], [711.9747314453125, 832.2745361328125, 1290.830322265625, 1318.224853515625], [707.3652954101562, 1328.4398193359375, 1291.093994140625, 1882.614990234375], [130.0760955810547, 826.3938598632812, 700.6293334960938, 1876.773193359375], [717, 731, 753, 777], [1137, 1093, 1162, 1125]], "labels": [0, 0, 0, 0, 1, 1, 1, 1, 1, 1, 1, 2, 2, 2, 2, 2, 3, 3], "image_id": 419}, "character_clusters": [0, 0, 0, 0], "text_char_matches": [[0, 1], [2, 1], [4, 0], [5, 0], [6, 0]], "text_tail_matches": [[1, 0], [3, 1]], "text_classification": [1, 0, 1, 0, 1, 1, 1], "character_names": ["Ken Kaneki", "Ken Kaneki", "Ken Kaneki", "Ken Kaneki"]}