{"bbox_annotations": {"bboxes_as_x1y1x2y2": [[758.9678344726562, 545.4451293945312, 1217.4383544921875, 997.18212890625], [507.8293762207031, 680.0615844726562, 736.1842651367188, 1085.48388671875], [643.55810546875, 1527.382080078125, 747.759033203125, 1881.1365966796875], [723.640380859375, 1192.3444976076555, 1171.8614501953125, 1881.6962890625], [241.7781524658203, 1600.714599609375, 486.3111267089844, 1877.509033203125], [118.34770965576172, 537.2272338867188, 524.0956954956055, 1077.0118408203125], [410.4851989746094, 153.30911254882812, 1276.3748474121094, 512.46337890625], [154.43679809570312, 1117.9732666015625, 621.0671997070312, 1426.47509765625], [120.57416267942584, 1620.661376953125, 238.89704132080084, 1875.107177734375], [366.8455505371094, 304.12994384765625, 487.154296875, 443.47015380859375], [180.60861206054688, 182.53588516746413, 329.9043062200957, 374.8535461425781], [1079.2559814453125, 571.5931396484375, 1186.0263671875, 742.4765014648438], [611.4369506835938, 609.209716796875, 731.8892211914062, 759.1849975585938], [148.32383728027344, 675.8173217773438, 233.86305236816406, 755.30224609375], [1096.4796142578125, 1203.4971923828125, 1245.8994140625, 1417.076171875], [478.59246826171875, 1155.9593505859375, 614.574951171875, 1343.2593994140625], [127.0210952758789, 1311.52001953125, 206.60723876953125, 1377.6898193359375], [516.6744384765625, 1530.98876953125, 604.3487548828125, 1675.352294921875], [204.6796417236328, 1530.5274658203125, 274.4568176269531, 1591.3779296875], [110.30542755126953, 141.85324096679688, 1277.467529296875, 521.0126342773438], [752.173828125, 527.231201171875, 1270.3040771484375, 1100.4163818359375], [112.54866027832031, 521.2796630859375, 739.0675659179688, 1097.8756103515625], [648.7372436523438, 1104.6240234375, 1278.0477294921875, 1890.4171142578125], [117.03912353515625, 1108.5430908203125, 637.4486083984375, 1436.670654296875], [113.8176498413086, 1445.9342041015625, 639.7220458984375, 1891.671875], [229, 730, 268, 771], [1056, 1421, 1108, 1464], [431, 1315, 481, 1356], [490, 1658, 523, 1687], [206, 1604, 244, 1644], [606, 805, 650, 844], [117, 1374, 153, 1413]], "labels": [0, 0, 0, 0, 0, 0, 0, 0, 0, 1, 1, 1, 1, 1, 1, 1, 1, 1, 1, 2, 2, 2, 2, 2, 2, 3, 3, 3, 3, 3, 3, 3], "image_id": 410}, "character_clusters": [0, 0, 1, 0, 0, 1, 1, 1, 1], "text_char_matches": [[1, 6], [3, 1], [4, 5], [5, 3], [6, 7], [7, 3], [8, 4], [9, 8]], "text_tail_matches": [[3, 5], [4, 0], [5, 1], [6, 2], [7, 6], [8, 3], [9, 4]], "text_classification": [0, 1, 0, 1, 1, 1, 1, 1, 1, 1], "character_names": ["Taguchi", "Taguchi", "Ken Kaneki", "Taguchi", "Taguchi", "Ken Kaneki", "Ken Kaneki", "Ken Kaneki", "Ken Kaneki"]}