{"bbox_annotations": {"bboxes_as_x1y1x2y2": [[-9.430789947509766, 246.61444091796875, 1165.0247764587402, 1120.583251953125], [700.8855590820312, 1151.44970703125, 1269.264892578125, 1880.83740234375], [200.1876220703125, 1447.3092041015625, 623.2176513671875, 1879.465576171875], [633.959716796875, 617.5432739257812, 1243.172119140625, 1114.3326416015625], [1108.6124401913876, 55.26315789473684, 1269.377990430622, 646.4114832535886], [271.29186602870817, 1157.177033492823, 550.9569377990431, 1416.7464114832537], [547.6076555023924, 276.3157894736842, 718.421052631579, 504.0669856459331], [344.97607655502395, 564.354066985646, 529.1866028708134, 808.8516746411484], [163.88885498046875, 416.7107849121094, 254.13153076171875, 487.08917236328125], [626.2190551757812, 1253.6578369140625, 850.05224609375, 1803.6595458984375], [494.01913875598086, 1465.311004784689, 609.5693779904307, 1649.5215311004786], [110.52631578947368, 1163.8755980861245, 252.8708133971292, 1406.6985645933014], [115.81278991699219, 1709.6810302734375, 242.23048400878906, 1799.434814453125], [-2.4495303630828857, -1.3304948806762695, 1273.0732421875, 1119.546630859375], [635.299072265625, 1139.784912109375, 1266.42431640625, 1886.181884765625], [100.4013900756836, 1429.2569580078125, 623.9819946289062, 1890.8460693359375], [243, 476, 282, 515], [233, 1800, 278, 1849]], "labels": [0, 0, 0, 0, 0, 0, 1, 1, 1, 1, 1, 1, 1, 2, 2, 2, 3, 3], "image_id": 432}, "character_clusters": [0, 1, 2, 2, 1, 0], "text_char_matches": [[2, 0], [6, 2]], "text_tail_matches": [[2, 0], [6, 1]], "text_classification": [0, 0, 1, 0, 0, 0, 1], "character_names": ["none", "Ken Kaneki", "Touka Kirishima", "Touka Kirishima", "Ken Kaneki", "none"]}