{"bbox_annotations": {"bboxes_as_x1y1x2y2": [[265.75067138671875, 1005.1952514648438, 1122.8555908203125, 2010.220703125], [344.97607655502395, 361.7224880382775, 494.01913875598086, 533.3478393554688], [750.8779907226562, 569.4984130859375, 1116.2840576171875, 941.638671875], [224.3892364501953, 151.67538452148438, 315.4205322265625, 373.8646240234375], [736.3099365234375, 294.2323913574219, 979.7877807617188, 531.4412841796875], [976.5839233398438, 219.87472534179688, 1098.668701171875, 530.510498046875], [316.25494384765625, 563.0444946289062, 649.17822265625, 953.9369506835938], [415.31100478468903, 296.41148325358853, 515.7894736842105, 457.177033492823], [1180.98583984375, 184.8890838623047, 1289.70068359375, 315.95843505859375], [1076.5859375, 314.3059997558594, 1208.2388916015625, 416.7154846191406], [888.0917358398438, 192.5856475830078, 937.079345703125, 249.0521697998047], [563.3900146484375, 191.30816650390625, 692.8600463867188, 332.9505615234375], [510.75982666015625, 314.3045349121094, 586.4793090820312, 431.96002197265625], [342.76373291015625, 270.7120056152344, 410.6623229980469, 344.6041259765625], [1099.70751953125, 584.4497607655503, 1292.8229665071772, 945.0804443359375], [769.0709228515625, 682.9642333984375, 822.4112548828125, 713.9616088867188], [623.4959716796875, 613.2351684570312, 725.2898559570312, 690.1923217773438], [167.05294799804688, 700.9529418945312, 269.9850769042969, 788.3915405273438], [1132.0682373046875, 1031.455078125, 1354.309326171875, 1269.0460205078125], [879.1866028708134, 1024.8803827751196, 972.9665071770336, 1147.129186602871], [1090.1913875598086, 1416.7464114832537, 1229.1866028708134, 1724.8803827751199], [288.0382775119617, 956.22009569378, 458.8516746411483, 1272.7272727272727], [358.3732057416268, 1530.622009569378, 445.4545454545455, 1644.4976076555024], [165.36875915527344, 1424.712158203125, 305.4203186035156, 1667.7255859375], [717.5582885742188, 121.78905487060547, 1295.8114013671875, 544.0115356445312], [138.43121337890625, 128.11679077148438, 711.8475952148438, 541.014892578125], [743.976806640625, 564.390380859375, 1298.563232421875, 953.4154052734375], [140.34886169433594, 563.59375, 738.7598266601562, 956.511474609375], [111.14920043945312, 941.574462890625, 1401.4256591796875, 2007.738525390625], [257, 775, 300, 811], [302, 1651, 349, 1694], [802, 759, 842, 798], [370, 319, 414, 370], [942, 229, 976, 273]], "labels": [0, 0, 0, 0, 0, 0, 0, 0, 1, 1, 1, 1, 1, 1, 1, 1, 1, 1, 1, 1, 1, 1, 1, 1, 2, 2, 2, 2, 2, 3, 3, 3, 3, 3], "image_id": 433}, "character_clusters": [0, 1, 2, 2, 0, 2, 0, 0], "text_char_matches": [[0, 4], [1, 4], [3, 7], [4, 7], [7, 2], [8, 2], [9, 6], [15, 0], [10, 2]], "text_tail_matches": [[2, 4], [5, 3], [9, 0], [7, 2], [15, 1]], "text_classification": [1, 1, 1, 1, 1, 0, 0, 1, 1, 1, 1, 0, 0, 0, 0, 1], "character_names": ["Touka Kirishima", "none", "Ken Kaneki", "Ken Kaneki", "Touka Kirishima", "Ken Kaneki", "Touka Kirishima", "Touka Kirishima"]}