{"bbox_annotations": {"bboxes_as_x1y1x2y2": [[528.9825439453125, 390.5412902832031, 725.251220703125, 762.5166625976562], [588.1980590820312, 1010.2307739257812, 733.5243530273438, 1304.5758056640625], [973.6886596679688, 1471.67578125, 1281.5010986328125, 1875.3082275390625], [799.60986328125, 944.439208984375, 923.5439453125, 1312.5322265625], [775.829833984375, 1457.6444091796875, 902.9520874023438, 1878.59814453125], [721.1541748046875, 96.97686004638672, 1291.456787109375, 815.3361740112305], [994.5662231445312, 1001.3140869140625, 1122.671142578125, 1296.9439697265625], [279.6031799316406, 873.5670166015625, 521.5814208984375, 1312.75146484375], [191.9542694091797, 1404.6209716796875, 616.3929901123047, 1871.5059814453125], [180.7101593017578, 228.72671508789062, 497.82362365722656, 812.7350158691406], [173.04991149902344, 1119.6270751953125, 237.83665466308594, 1188.260009765625], [671.6826782226562, 368.211181640625, 865.7951049804688, 793.9071044921875], [952.9380493164062, 1022.483642578125, 1041.483642578125, 1289.51953125], [755.9901733398438, 208.72691345214844, 901.7066650390625, 347.85223388671875], [1172.2488038277513, 872.488038277512, 1276.392578125, 1056.6985645933014], [1112.3563232421875, 921.0526315789474, 1207.416267942584, 1096.9390869140625], [675.5056762695312, 875.8373205741627, 790.4306220095694, 1046.88720703125], [166.70590209960938, 996.109619140625, 287.318359375, 1082.376953125], [1174.3922119140625, 1408.3732057416269, 1279.389892578125, 1663.8768310546875], [891.6864013671875, 1637.799043062201, 996.4114832535886, 1843.1693115234375], [666.5700073242188, 1400, 765.2127685546875, 1683.2702636718748], [549.2896118164062, 1411.7224880382776, 664.8408813476562, 1606.761474609375], [126.74710083007812, -2.046544313430786, 1391.0736083984375, 815.9298095703125], [576.2706298828125, 841.9783325195312, 1290.8189697265625, 1318.4539794921875], [131.23687744140625, 846.043212890625, 562.184326171875, 1322.726318359375], [791.4886474609375, 1350.2479248046875, 1286.9132080078125, 1881.516845703125], [126.43834686279297, 1356.677490234375, 774.984375, 1880.0382080078125], [556, 1656, 602, 1691], [766, 1015, 810, 1052], [994, 1801, 1028, 1836], [1167, 1655, 1200, 1693], [182, 1181, 221, 1232], [1094, 1043, 1117, 1073]], "labels": [0, 0, 0, 0, 0, 0, 0, 0, 0, 0, 0, 0, 0, 1, 1, 1, 1, 1, 1, 1, 1, 1, 2, 2, 2, 2, 2, 3, 3, 3, 3, 3, 3], "image_id": 415}, "character_clusters": [0, 1, 2, 3, 4, 3, 2, 3, 4, 5, 2, 6, 4], "text_char_matches": [[0, 5], [1, 6], [2, 6], [3, 3], [4, 10], [5, 2], [6, 2], [8, 8], [7, 8]], "text_tail_matches": [[1, 5], [2, 5], [3, 1], [4, 4], [5, 3], [6, 2], [7, 0], [8, 0]], "text_classification": [1, 1, 1, 1, 1, 1, 1, 1, 1], "character_names": ["none", "none", "Hideyoshi Nagachika", "Oohashi", "Ken Kaneki", "Oohashi", "Hideyoshi Nagachika", "Oohashi", "Ken Kaneki", "none", "Hideyoshi Nagachika", "none", "Ken Kaneki"]}