{"bbox_annotations": {"bboxes_as_x1y1x2y2": [[660.5158081054688, 1364.62255859375, 1288.9013671875, 1873.50439453125], [116.58196258544922, 1373.4334716796875, 610.5285568237305, 1875.3931884765625], [1033.654296875, 622.4893798828125, 1280.7890625, 865.2821044921875], [711.3424072265625, 904.395751953125, 1123.6929931640625, 1341.39794921875], [1108.285888671875, 992.4124755859375, 1163.4747314453125, 1026.9219970703125], [376.79425837320576, 904.3062200956938, 512.4401913875598, 1096.88995215311], [716.9852294921875, 1639.4339599609375, 803.8319702148438, 1813.4342041015625], [132.05979919433594, 134.61683654785156, 1281.4754638671875, 872.12109375], [580.4351806640625, 888.7503051757812, 1288.08935546875, 1348.1226806640625], [128.2449493408203, 886.00244140625, 562.7551879882812, 1346.427978515625], [624.3934326171875, 1360.4193115234375, 1287.392578125, 1881.4178466796875], [127.63996124267578, 1359.681396484375, 612.5197143554688, 1887.6820068359375], [1080, 1028, 1112, 1056]], "labels": [0, 0, 0, 0, 1, 1, 1, 2, 2, 2, 2, 2, 3], "image_id": 409}, "character_clusters": [0, 0, 0, 0], "text_char_matches": [[0, 3]], "text_tail_matches": [[0, 0]], "text_classification": [1, 0, 0], "character_names": ["Ken Kaneki", "Ken Kaneki", "Ken Kaneki", "Ken Kaneki"]}