{"bbox_annotations": {"bboxes_as_x1y1x2y2": [[594.7404174804688, 680.4703369140625, 653.4308471679688, 730.3757934570312], [413.7364807128906, 454.13787841796875, 476.3832702636719, 653.8856201171875], [615.5142822265625, 1373.1072630083731, 819.9154052734375, 1695.9048704302481], [187.35972595214844, 148.39639282226562, 292.07470703125, 240.91221618652344], [744.153564453125, 1357.9810791015625, 1002.7279052734375, 1867.2760009765625], [137.32057416267943, 1264.3540669856459, 494.1244659423828, 1864.828857421875], [288.82476806640625, 771.8505859375, 934.7634887695312, 1237.1068115234375], [854.0669856459331, 144.01913875598086, 1255.9808612440193, 715.0717703349283], [628.9257202148438, 189.48707580566406, 808.412109375, 313.4361877441406], [1112.123046875, 782.0574162679426, 1270.7547607421875, 1046.34912109375], [910.1741943359375, 787.0813397129187, 1074.9525146484375, 887.3780517578126], [1033.9554443359375, 1311.7301025390625, 1132.77880859375, 1360.0748291015625], [1155.5174560546875, 1447.2294921875, 1227.4935302734375, 1482.92138671875], [349.39776611328125, 1306.0865478515625, 466.5823669433594, 1467.7821044921875], [219.37799043062202, 1341.3875598086124, 334.9282296650718, 1472.0095693779904], [855.2366943359375, 131.77359008789062, 1277.6990966796875, 733.8568725585938], [129.0577392578125, 131.6184539794922, 839.8379516601562, 737.7818603515625], [128.1609344482422, 761.4356079101562, 1284.9334716796875, 1245.6077880859375], [1008.449462890625, 1255.0865478515625, 1284.0146484375, 1878.8482666015625], [498.74114990234375, 1258.5474853515625, 999.1240844726562, 1875.2564697265625], [162.95626831054688, 1259.6417236328125, 487.97955322265625, 1879.86669921875]], "labels": [0, 0, 0, 0, 0, 0, 0, 0, 1, 1, 1, 1, 1, 1, 1, 2, 2, 2, 2, 2, 2], "image_id": 407}, "character_clusters": [0, 1, 1, 2, 1, 1, 3, 1], "text_char_matches": [[0, 1], [1, 1], [2, 1], [3, 4], [5, 5]], "text_tail_matches": [], "text_classification": [1, 1, 1, 1, 0, 1, 0], "character_names": ["none", "Ken Kaneki", "Ken Kaneki", "none", "Ken Kaneki", "Ken Kaneki", "Rize Kamishiro", "Ken Kaneki"]}