{"bbox_annotations": {"bboxes_as_x1y1x2y2": [[287.6949157714844, 1359.508056640625, 591.6454467773438, 1871.4940185546875], [606.778076171875, 1450.239234449761, 809.2890625, 1701.034912109375], [1080.12939453125, 1520.13525390625, 1211.3233642578125, 1712.064453125], [860.4602199718713, 806.8826904296875, 1259.2820583507776, 1237.6317138671875], [186.80307006835938, 805.6061401367188, 819.6410827636719, 1230.577392578125], [108.41321563720703, 1550.238037109375, 388.9543228149414, 1871.7872314453125], [592.8229665071771, 1513.8755980861245, 700.0, 1703.11004784689], [857.0496826171875, 871.3216552734375, 910.8015747070312, 905.506591796875], [846.6746826171875, 1111.0035400390625, 914.5523681640625, 1224.2705078125], [214.52230834960938, 869.5202026367188, 416.9757995605469, 1230.6053466796875], [1030.4129638671875, 1482.637939453125, 1073.210693359375, 1520.4627685546875], [793.3360595703125, 1323.987548828125, 868.11181640625, 1487.1495361328125], [634.0842895507812, 1728.7701416015625, 672.7255249023438, 1829.4677734375], [193.27833557128906, 1381.606689453125, 316.9295654296875, 1460.288330078125], [106.67079162597656, -0.24023987352848053, 1269.06494140625, 769.7395629882812], [826.5684204101562, 792.8671264648438, 1270.5340576171875, 1246.4498291015625], [108.45645904541016, 792.10498046875, 822.9881591796875, 1241.3131103515625], [600.8994140625, 1254.8538818359375, 1273.2333984375, 1880.2740478515625], [114.65518188476562, 1250.7574462890625, 596.4928588867188, 1881.7750244140625], [296, 1497, 339, 1541], [778, 1460, 810, 1491], [895, 944, 939, 985], [616, 1691, 644, 1739], [1061, 1541, 1089, 1580]], "labels": [0, 0, 0, 0, 0, 0, 0, 1, 1, 1, 1, 1, 1, 1, 2, 2, 2, 2, 2, 3, 3, 3, 3, 3], "image_id": 428}, "character_clusters": [0, 0, 1, 1, 1, 2, 2], "text_char_matches": [[0, 3], [3, 2], [4, 1], [6, 0]], "text_tail_matches": [[0, 2], [4, 1], [5, 3], [6, 0]], "text_classification": [1, 0, 0, 1, 1, 1, 1], "character_names": ["none", "none", "Ken Kaneki", "Ken Kaneki", "Ken Kaneki", "Touka Kirishima", "Touka Kirishima"]}