{"bbox_annotations": {"bboxes_as_x1y1x2y2": [[724.6597900390625, -1.1989071369171143, 1304.1451416015625, 547.9758975505829], [264.18310546875, 2.621023416519165, 625.8630981445312, 555.1132109165192], [1154.4530029296875, 73.21358489990234, 1304.393310546875, 211.9525375366211], [1183.6024169921875, 386.9519348144531, 1297.1005859375, 494.3838806152344], [624.0147705078125, 332.06597900390625, 753.5426025390625, 505.5438537597656], [154.61090087890625, 113.75, 278.25, 500.8636245727539], [1169, 701.75, 1384.25, 1461.673828125], [50.75, 554.75, 1209.25, 1482.25], [1155.8740234375, 1697.197021484375, 1361.4111328125, 1886.3963623046875], [930.0170288085938, 1670.1629638671875, 1071.4725341796875, 1876.5147705078125], [683.5701293945312, 1680.7728271484375, 832.9949340820312, 1827.991943359375], [368.4093017578125, 1680.6534423828125, 590.5393676757812, 1885.4326171875], [154.49191284179688, 1764.2156982421875, 337.44970703125, 1911.5860595703125], [731.0840454101562, 2.0388901233673096, 1313.9500732421875, 560.877685546875], [98.11800384521484, -2.0097568035125732, 697.9110717773438, 557.9537963867188], [60.1928825378418, 600.1494140625, 1383.9188232421875, 1504.513916015625], [102.39578247070312, 1562.241943359375, 1393.2783203125, 2096.838623046875], [1167, 243, 1212, 292], [778, 454, 832, 496], [1131, 427, 1168, 466]], "labels": [0, 0, 1, 1, 1, 1, 1, 1, 1, 1, 1, 1, 1, 2, 2, 2, 2, 3, 3, 3], "image_id": 166}, "character_clusters": [0, 1], "text_char_matches": [[0, 0], [1, 0], [2, 0], [3, 1]], "text_tail_matches": [[0, 0], [1, 2], [2, 1]], "text_classification": [1, 1, 1, 1, 1, 1, 1, 1, 1, 1, 1], "character_names": ["Shanks", "Monkey D. Luffy"]}