{"bbox_annotations": {"bboxes_as_x1y1x2y2": [[101.54886627197266, 1671.29052734375, 142.25477600097656, 1735.6859130859375], [385.7367858886719, 359.5063171386719, 449.1954345703125, 509.76904296875], [66.5, 1386, 389.0809936523437, 2098.25], [140.74429321289062, 1684.4942626953125, 186.42166137695312, 1773.099609375], [161.6512908935547, 855.75, 609.2861175537109, 1316.2940673828125], [936.25, 908.6294555664062, 1273.0067138671875, 1188.25], [406.5649719238281, 1555.75, 614.9853515625, 2098.25], [971.25, 1719.4156494140625, 1211.0, 2061.5], [537.775146484375, 379.75, 619.3471069335938, 486.5], [1041.9212646484375, 367.5, 1297.231201171875, 493.5], [773.2064208984375, 171.87110900878906, 970.8274536132812, 386.3916320800781], [118.42049407958984, 225.0784149169922, 264.1983871459961, 367.4363098144531], [111.68462371826172, 80.58120727539062, 205.1605224609375, 155.3679962158203], [90.5987319946289, 487.726318359375, 289.42142486572266, 730.2389526367188], [1125.5491943359375, 829.5, 1280.80859375, 1005.8189697265625], [715.8790893554688, 819, 880.002685546875, 1301.3927001953127], [528.8499145507812, 876.75, 682.7576293945312, 1023.0509643554688], [87.75455474853516, 840, 256.47937774658203, 1126.62841796875], [1048.25, 1437.634765625, 1286.2396240234375, 1579.34033203125], [764.4357299804688, 1426.25, 1030.1983642578125, 1635.7528076171875], [590.4522094726562, 1389.5, 730.2081298828125, 1612.8487548828125], [472.1064453125, 1909.25, 607.7562866210938, 2054.03564453125], [224.8153533935547, 1630.479736328125, 374.656494140625, 1883.3638916015625], [78.3487319946289, 1511.6436767578125, 124.19257354736328, 1557.5], [980.3088989257812, -0.44238120317459106, 1296.554443359375, 755.7579345703125], [84.6488037109375, 150.8524627685547, 971.26806640625, 748.2350463867188], [709.2582397460938, 796.0665893554688, 1291.7003173828125, 1325.2227783203125], [79.223876953125, 796.8534545898438, 694.6973876953125, 1324.1676025390625], [408.6544189453125, 1371.1856689453125, 1289.2845458984375, 2098.03076171875], [23.172218322753906, 1376.2974853515625, 391.36126708984375, 2094.780517578125], [265, 331, 308, 369], [952, 1639, 990, 1690], [883, 1035, 930, 1072], [1144, 1634, 1184, 1686], [744, 275, 788, 311], [596, 1613, 635, 1647], [528, 1042, 572, 1079], [616, 1993, 667, 2034], [89, 1575, 117, 1614], [273, 630, 321, 668], [1171, 1014, 1209, 1050], [234, 1087, 265, 1126]], "labels": [0, 0, 0, 0, 0, 0, 0, 0, 0, 1, 1, 1, 1, 1, 1, 1, 1, 1, 1, 1, 1, 1, 1, 1, 2, 2, 2, 2, 2, 2, 3, 3, 3, 3, 3, 3, 3, 3, 3, 3, 3, 3], "image_id": 145}, "character_clusters": [0, 0, 1, 2, 0, 2, 0, 2, 2], "text_char_matches": [[1, 1], [2, 1], [4, 8], [5, 5], [6, 5], [7, 4], [8, 4], [9, 7], [10, 7], [11, 6], [12, 7], [14, 0], [13, 2]], "text_tail_matches": [[1, 4], [2, 0], [4, 9], [5, 10], [6, 2], [7, 6], [8, 11], [9, 3], [10, 1], [9, 1], [10, 3], [11, 5], [12, 7], [14, 8]], "text_classification": [0, 1, 1, 0, 1, 1, 1, 1, 1, 1, 1, 1, 1, 1, 1], "character_names": ["Makino", "Makino", "Higuma", "Monkey D. Luffy", "Makino", "Monkey D. Luffy", "Makino", "Monkey D. Luffy", "Monkey D. Luffy"]}