{"bbox_annotations": {"bboxes_as_x1y1x2y2": [[724.5, 224, 1398.25, 2098.25], [309.35272216796875, 1372.8157958984375, 422.865478515625, 1527.674560546875], [359.0057678222656, 1783.25, 503.5267639160156, 1949.8310546875], [387.6607360839844, 1133.400390625, 753.7605590820312, 1558.7847900390625], [339.9727478027344, 342.3782043457031, 510.1303405761719, 649.010498046875], [264.25, 1762.25, 379.7953796386719, 2100.071533203125], [406, 1374.4427490234375, 451.5011291503907, 1452.5], [1268.2904052734375, 287.1729736328125, 1399.4622802734375, 650.9757690429688], [636.9262084960938, 1781.071533203125, 741.5496215820312, 1958.25], [322.0491943359375, 97.76712036132812, 990.8009643554688, 655.2232971191406], [223.2872314453125, 723.5499267578125, 527.7461547851562, 1072.8775634765625], [488.26556396484375, 1688.75, 645.0833129882812, 1959.8857421875002], [1204.5157470703125, 283.0163879394531, 1387.552001953125, 382.1594543457031], [1116.5, 907.1107177734375, 1365.5838623046877, 1060.880126953125], [124.6358871459961, 251.39036560058594, 379.0157699584961, 568.9172210693359], [614.0136108398438, 838.314208984375, 742.0028686523438, 901.3883666992188], [133.3614044189453, 790.7316284179688, 275.4715576171875, 949.9921264648438], [617.2708740234375, 1189.173583984375, 739.105712890625, 1224.8670654296875], [126.69046020507812, 1251.25, 315.5918273925781, 1451.3339843749998], [750.75, 1151.5, 1398.25, 1734.25], [608.4404296875, 1666, 736.5787963867188, 1736.8883056640625], [360.5, 1638, 488.0014343261719, 1706.25], [131.75086975097656, 1681.75, 276.52880859375, 1882.5968017578125], [116.4649887084961, 72.96379852294922, 1397.4459228515625, 673.5028686523438], [120.3759994506836, 706.674072265625, 747.3074340820312, 1083.4051513671875], [123.65745544433594, 1124.6435546875, 750.4039306640625, 1562.0009765625], [115.4446029663086, 1566.7503662109375, 1399.5390625, 2110.134521484375], [119.99819946289062, 1611.743896484375, 750.7116088867188, 2098.940673828125], [1178, 373, 1213, 407], [370, 447, 416, 490], [594, 925, 634, 959], [258, 1866, 299, 1905], [642, 1272, 682, 1320], [265, 930, 305, 968], [300, 1385, 352, 1431], [593, 1756, 627, 1788], [367, 1742, 404, 1784]], "labels": [0, 0, 0, 0, 0, 0, 0, 0, 0, 0, 0, 0, 1, 1, 1, 1, 1, 1, 1, 1, 1, 1, 1, 2, 2, 2, 2, 2, 3, 3, 3, 3, 3, 3, 3, 3, 3], "image_id": 136}, "character_clusters": [0, 1, 2, 0, 3, 4, 5, 6, 7, 0, 4, 0], "text_char_matches": [[0, 0], [2, 9], [3, 10], [4, 10], [5, 3], [6, 3], [8, 11], [9, 5], [10, 5]], "text_tail_matches": [[0, 0], [2, 1], [3, 2], [4, 5], [5, 4], [6, 6], [8, 7], [9, 8], [10, 3]], "text_classification": [1, 1, 1, 1, 1, 1, 1, 0, 1, 1, 1], "character_names": ["Higuma", "none", "Shanks", "Higuma", "none", "Makino", "none", "none", "none", "Higuma", "Makino", "Higuma"]}