{"bbox_annotations": {"bboxes_as_x1y1x2y2": [[922.0968627929688, 778.6903076171875, 1062.642333984375, 1128.9163818359375], [560.5250244140625, 1506.1578369140625, 764.9249877929688, 1772.63525390625], [766.2671508789062, 989.1212158203125, 877.5760498046875, 1108.2974853515625], [276.31988525390625, 1624.867919921875, 391.3638000488281, 1724.755859375], [119.49268341064453, 860.40966796875, 386.6443557739258, 1191.4017333984375], [1154.1131591796875, 316.6547546386719, 1344.1029052734375, 538.0889892578125], [1190.5189208984375, 1278.683837890625, 1392.5855712890625, 1980.0819091796875], [589.75, 341.25, 617.75, 393.75], [316.60870361328125, 736.1712646484375, 494.8619689941406, 1207.2890625], [554.75, 358.75, 579.25, 390.25], [949.6687622070312, 98.9239273071289, 1071.055908203125, 226.98828887939453], [914.1151123046875, 450.1841125488281, 1079.6619873046875, 598.1729736328125], [118.68534851074219, 388.5396423339844, 333.58740234375, 634.1163940429688], [1204.0496826171875, 791, 1383.59130859375, 965.3603515625], [1223.429443359375, 1036.8751220703125, 1354.15087890625, 1213.3583984375], [503.0049133300781, 735, 700.673583984375, 1033.484375], [566.9849243164062, 1077.9385986328125, 638.5702514648438, 1169.587890625], [362.25, 881.1464233398438, 437.36602783203125, 929.25], [122.20510864257812, 791.8062744140625, 242.97727966308594, 957.139892578125], [1249.9515380859375, 1826.807373046875, 1362.348388671875, 1932.838134765625], [991.4968872070312, 1441.9532470703125, 1132.2928466796875, 1482.1900634765625], [454.65850830078125, 1297.9588623046875, 940.7767333984375, 1487.9791259765625], [238, 1435.955810546875, 316.8157958984375, 1496.25], [1096.3836669921875, 144.5576171875, 1395.531494140625, 670.4405517578125], [110.15994262695312, 1.387162446975708, 1084.3587646484375, 670.8463134765625], [488.0145568847656, 726.0562133789062, 1402.559326171875, 1226.1473388671875], [108.50590515136719, 718.7383422851562, 499.91546630859375, 1229.604736328125], [1177.8297119140625, 1268.8868408203125, 1395.14794921875, 1986.9228515625], [108.1966552734375, 1274.03662109375, 1175.03955078125, 1973.20654296875], [1150, 917, 1195, 952], [901, 222, 953, 261], [972, 1502, 1011, 1533], [688, 910, 746, 953], [883, 528, 928, 568], [325, 533, 369, 578], [1302, 1758, 1343, 1807]], "labels": [0, 0, 0, 0, 0, 0, 0, 0, 0, 0, 1, 1, 1, 1, 1, 1, 1, 1, 1, 1, 1, 1, 1, 2, 2, 2, 2, 2, 2, 3, 3, 3, 3, 3, 3, 3], "image_id": 160}, "character_clusters": [0, 0, 1, 1, 1, 2, 0, 0, 0, 1], "text_char_matches": [[0, 7], [1, 7], [2, 7], [3, 0], [4, 0], [5, 0], [6, 2], [8, 4], [9, 6], [10, 1], [12, 3]], "text_tail_matches": [[0, 1], [1, 4], [2, 5], [3, 0], [4, 0], [5, 3], [9, 6], [10, 2]], "text_classification": [0, 1, 1, 1, 1, 1, 1, 1, 1, 0, 1, 0, 1], "character_names": ["Higuma", "Higuma", "Monkey D. Luffy", "Monkey D. Luffy", "Monkey D. Luffy", "none", "Higuma", "Higuma", "Higuma", "Monkey D. Luffy"]}