{"bbox_annotations": {"bboxes_as_x1y1x2y2": [[364, 1.939849615097046, 1309, 502.8477475643158], [267.75, 299.25, 1142.75, 1680.0], [55.991455078125, 121.57398986816406, 264.4400634765625, 443.47938537597656], [0, 498.75, 1398.25, 1401.75], [1030.3406982421875, 641.6259765625, 1198.8380126953125, 842.9489135742188], [925.59326171875, 1736, 1235.145263671875, 1942.5749511718752], [55.75603103637695, 1094.241455078125, 297.4776039123535, 1414.3260498046875], [81.10281372070312, 1771, 393.1271057128906, 1944.3299560546875], [0.6658613681793213, 3.3236794471740723, 1313.51904296875, 513.9784545898438], [0.0708460807800293, 232.88389587402344, 1398.4107666015625, 2080.62939453125], [281, 333, 375, 388]], "labels": [0, 0, 1, 1, 1, 1, 1, 1, 2, 2, 3], "image_id": 175}, "character_clusters": [0, 0], "text_char_matches": [[0, 0], [2, 1], [4, 1]], "text_tail_matches": [[0, 0]], "text_classification": [1, 1, 1, 1, 1, 1], "character_names": ["Monkey D. Luffy", "Monkey D. Luffy"]}