{"bbox_annotations": {"bboxes_as_x1y1x2y2": [[385.7592468261719, 432.21759033203125, 680.0546264648438, 732.2528076171875], [210.53907775878906, 801.6837158203125, 560.2928619384766, 1111.7479248046875], [69.79913330078125, 1416.43408203125, 288.5810852050781, 1683.7396240234375], [23.31998062133789, 1894.3568115234375, 285.5907325744629, 2098.36962890625], [284.2451477050781, 1406.5592041015625, 657.4147338867188, 1710.3516845703125], [772.3707885742188, 299.115234375, 1112.3138427734375, 749.9081420898438], [717.9668579101562, 577.1324462890625, 1207.5, 2098.25], [-0.7407858967781067, 395.3692932128906, 143.17368859052658, 739.4767456054688], [259.0188293457031, 1766.48583984375, 647.9013671875, 2094.13525390625], [137.5436553955078, 443.9460144042969, 450.4091339111328, 746.0563354492188], [1074.1502685546875, 261.2999572753906, 1292.327392578125, 518.486083984375], [540.3416137695312, 266.67193603515625, 803.9708251953125, 421.4967346191406], [45.266265869140625, 292.8443298339844, 239.87994384765625, 448.5694580078125], [221.26783752441406, 717.5, 313.8258056640625, 750.4114379882812], [1016.75, 701.75, 1344.0, 1155.0], [578.04833984375, 857.5, 791.085693359375, 1017.0122070312501], [28, 855.5782470703125, 225.83018493652347, 1038.5032958984375], [1009.7520751953125, 1165.3482666015625, 1242.9078369140625, 1301.049560546875], [659.75, 1345.75, 1363.25, 2093.0], [424.6224060058594, 1180.480712890625, 621.2716674804688, 1403.1524658203125], [63.32695770263672, 1205.75, 391.1002426147461, 1383.842529296875], [515.1630249023438, 1813.4951171875, 651.6111450195312, 2048.66455078125], [273.1031494140625, 1980.738037109375, 335.580078125, 2057.494140625], [89.92638397216797, 1789.158203125, 211.93275451660156, 1876.7650146484375], [-5.442965030670166, 163.39622497558594, 1298.8800048828125, 755.671142578125], [0.33624768257141113, 753.0691528320312, 1307.427001953125, 1129.57861328125], [4.45074462890625, 795.4017333984375, 651.345947265625, 1124.3812255859375], [652.0393676757812, 1212.3017578125, 1348.1248779296875, 2105.26806640625], [-6.311246871948242, 1150.005615234375, 660.4832153320312, 1712.07763671875], [3.209331512451172, 1758.5673828125, 652.4627075195312, 2104.389892578125], [1035, 463, 1079, 499], [196, 1006, 237, 1040], [123, 469, 163, 514], [786, 907, 828, 941], [482, 1954, 525, 1993], [645, 447, 681, 491], [131, 1407, 173, 1453], [504, 1395, 544, 1442], [142, 1870, 178, 1913]], "labels": [0, 0, 0, 0, 0, 0, 0, 0, 0, 0, 1, 1, 1, 1, 1, 1, 1, 1, 1, 1, 1, 1, 1, 1, 2, 2, 2, 2, 2, 2, 3, 3, 3, 3, 3, 3, 3, 3, 3], "image_id": 133}, "character_clusters": [0, 1, 1, 1, 0, 2, 2, 3, 2, 1], "text_char_matches": [[0, 5], [1, 0], [2, 7], [5, 6], [6, 1], [9, 4], [10, 2], [11, 8], [13, 3], [12, 8]], "text_tail_matches": [[0, 0], [1, 5], [2, 2], [5, 3], [6, 1], [9, 7], [10, 6], [11, 4], [13, 8]], "text_classification": [1, 1, 1, 0, 0, 1, 1, 1, 0, 1, 1, 1, 0, 0], "character_names": ["Shanks", "Monkey D. Luffy", "Monkey D. Luffy", "Monkey D. Luffy", "Shanks", "Makino", "Makino", "Benn Beckman", "Makino", "Monkey D. Luffy"]}