{"bbox_annotations": {"bboxes_as_x1y1x2y2": [[437.6947326660156, 350.7280578613281, 661.4606323242188, 893.4481506347656], [1105.665283203125, 386.6827087402344, 1393.797119140625, 1160.3931579589844], [860.6756591796875, 1605.6378173828125, 1315.1104736328125, 1989.1744384765625], [106.75, 1592.5, 169.4183349609375, 1985.6292724609375], [815.5, 1302, 1191.328369140625, 1518.0361328125], [308.0783386230469, 1491.319580078125, 365.6247253417969, 1596.44091796875], [95.14649200439453, 545.635009765625, 426.9111099243164, 1163.717041015625], [696.1131591796875, 148.6906280517578, 1189.8741455078125, 1159.4571685791016], [522.8825073242188, 1608.7010498046875, 605.2112426757812, 1974.61083984375], [290.5, 1487.5, 311.5, 1561.0], [339.5, 1491, 364.0, 1548.75], [185.5, 1652, 350.0, 1981], [173.25, 1821.75, 449.75, 1988.0], [432.25, 1534.75, 546.0, 1900.5], [1198.6812744140625, 111.82241821289062, 1372.8204345703125, 278.88140869140625], [431.5908203125, 622.6134643554688, 533.37060546875, 692.1135864257812], [113.07579040527344, 206.5, 411.7261199951172, 513.7021484375], [1197.315185546875, 1309.5897216796875, 1292.0833740234375, 1428.0], [635.32763671875, 1256.9986572265625, 798.9221801757812, 1490.0992431640625], [1149.552978515625, 1718.9713134765625, 1307.799560546875, 1929.4017333984375], [627.2572021484375, 1687, 813.2958374023438, 1898.75], [365.9469299316406, 1251.6783447265625, 601.1683959960938, 1475.0233154296875], [109.5963134765625, 1265.25, 334.74462890625, 1458.5419921875], [537.25, 1919.75, 589.75, 1944.25], [427.1791687011719, -5.277657508850098, 1395.0843505859375, 1159.39501953125], [101.50997924804688, 171.0302276611328, 426.37799072265625, 1175.9061279296875], [611.6578369140625, 1214.642578125, 1314.7440185546875, 1541.4234619140625], [607.5916748046875, 1596.5516357421875, 1317.341064453125, 1994.017333984375], [100.20285034179688, 1208.5784912109375, 604.337646484375, 1996.982177734375], [800, 1820, 862, 1870], [1186, 265, 1230, 309], [216, 1486, 253, 1536], [235, 545, 273, 596], [427, 1482, 499, 1530], [497, 1903, 531, 1936], [1125, 1839, 1166, 1880], [511, 569, 540, 615]], "labels": [0, 0, 0, 0, 0, 0, 0, 0, 0, 0, 0, 0, 0, 0, 1, 1, 1, 1, 1, 1, 1, 1, 1, 1, 2, 2, 2, 2, 2, 3, 3, 3, 3, 3, 3, 3, 3], "image_id": 152}, "character_clusters": [0, 1, 2, 3, 4, 5, 5, 5, 6, 0, 1, 2, 4, 7], "text_char_matches": [[0, 7], [1, 0], [2, 6], [3, 4], [4, 4], [5, 2], [6, 2], [7, 11], [8, 11]], "text_tail_matches": [[0, 1], [1, 7], [2, 3], [5, 6], [6, 0], [7, 4], [8, 2], [7, 2], [8, 4], [9, 5]], "text_classification": [1, 1, 1, 1, 1, 1, 1, 1, 1, 1], "character_names": ["Makino", "Woop Slap", "Higuma", "none", "Monkey D. Luffy", "Shanks", "Shanks", "Shanks", "none", "Makino", "Woop Slap", "Higuma", "Monkey D. Luffy", "none"]}