{"bbox_annotations": {"bboxes_as_x1y1x2y2": [[715.938720703125, 1943.4232177734375, 763.5350952148438, 2013.8179931640625], [311.4346008300781, 1569.169189453125, 347.8299255371094, 1639.4798583984375], [658, 1942.6153564453125, 686.6221923828125, 2008.4658203125], [1001, 383.25, 1253, 560.0], [178.5, 467.25, 271.25, 554.75], [299.25, 488.25, 364.0, 540.75], [658, 85.75, 700, 127.75], [574, 52.5, 645.75, 110.25], [1314.25, 448, 1361.5, 488.25], [133, 463.75, 164.5, 495.25], [103.25, 462, 129.5, 495.25], [288.75, 976.5, 309.75, 1023.75], [565.25, 1135.75, 579.25, 1162.0], [551.25, 1135.75, 565.25, 1162.0], [519.75, 1127, 533.75, 1149.75], [633.5, 1951.25, 658.0, 2003.75], [787.5, 1932, 815.5, 1974], [700, 1972.25, 721, 2014.25], [1170.2169189453125, 108.16786193847656, 1327.6834716796875, 243.587158203125], [1208.5836181640625, 908.1336059570312, 1327.0225830078125, 1012.0208740234375], [158.87315368652344, 1191.75, 383.6137390136719, 1363.0257568359377], [1129.249755859375, 1552.25, 1251.2203369140625, 1745.455810546875], [857.6323852539062, 1459.1529541015625, 1119.981689453125, 1723.75], [642.25, 1522.5, 838.25, 1692.511962890625], [135.69033813476562, 1879.3011474609375, 334.1561279296875, 1986.2259521484375], [113.75, 1621.8841552734375, 226.61979675292966, 1661.481689453125], [74.28595733642578, -0.951540470123291, 1395.76123046875, 736.369873046875], [68.38036346435547, 783.32470703125, 1391.5155029296875, 1434.80126953125], [857.0641479492188, 1470.6195068359375, 1280.001953125, 2104.131591796875], [69.94973754882812, 1481.47802734375, 848.0609741210938, 2095.4619140625], [211, 1630, 258, 1666], [716, 1730, 757, 1789]], "labels": [0, 0, 0, 0, 0, 0, 0, 0, 0, 0, 0, 0, 0, 0, 0, 0, 0, 0, 1, 1, 1, 1, 1, 1, 1, 1, 2, 2, 2, 2, 3, 3], "image_id": 126}, "character_clusters": [0, 1, 2, 3, 4, 5, 6, 7, 8, 9, 10, 1, 11, 12, 13, 14, 15, 16], "text_char_matches": [[5, 0], [7, 1]], "text_tail_matches": [[5, 1], [7, 0]], "text_classification": [1, 1, 1, 1, 0, 1, 1, 1], "character_names": ["none", "Monkey D. Luffy", "none", "none", "none", "none", "none", "none", "none", "none", "none", "Monkey D. Luffy", "none", "none", "none", "none", "none", "none"]}