{"bbox_annotations": {"bboxes_as_x1y1x2y2": [[0, 773.5, 1404.80748462677, 2099.08251953125], [769.0465698242188, 314.1572570800781, 1181.30078125, 615.0125732421875], [3.5, 0, 808.5, 913.5], [1370.7161865234375, 704.3624267578125, 1399.4456787109375, 823.3092651367188], [-1.772904396057129, 4.827171325683594, 1397.1724853515625, 2104.591796875]], "labels": [0, 1, 1, 1, 2], "image_id": 172}, "character_clusters": [0], "text_char_matches": [[0, 0]], "text_tail_matches": [], "text_classification": [1, 0, 0], "character_names": ["Monkey D. Luffy"]}