{"bbox_annotations": {"bboxes_as_x1y1x2y2": [[402.2898864746094, 990.5424194335938, 513.5750732421875, 1175.3831787109375], [855.9522705078125, 1287.20361328125, 1002.75, 1592.5], [577.0672607421875, 1324.0689697265625, 673.59619140625, 1497.108154296875], [158.9530029296875, 226.74110412597656, 805.0, 808.5], [944.5445556640625, 1371.7257080078125, 1039.1846923828125, 1594.005126953125], [152.07235717773438, 1211, 635.25, 1627.5], [248.70938110351562, 948.365478515625, 428.1378173828125, 1228.023193359375], [628.6904296875, 1076.379150390625, 955.5, 1722.0], [505.75, 281.647705078125, 1050.0, 773.5], [147.0977783203125, 1017.1563720703125, 289.76348876953125, 1248.8858642578125], [701.75, 861, 1298.46484375, 2098.25], [955.0274658203125, 39.18379592895508, 1296.4248046875, 728.7063789367676], [804.8479614257812, 77.69793701171875, 882.6234130859375, 173.80123901367188], [26.651790618896484, 47.25, 432.25, 227.5553207397461], [1138.5535888671875, 842.459228515625, 1297.1409912109375, 1190.094970703125], [597.7086181640625, 921.425537109375, 723.8250732421875, 961.3239135742188], [23.548994064331055, 1059.1217041015625, 159.806303024292, 1227.655029296875], [-2.517268180847168, 1599.5, 669.4827318191528, 2098.25], [950.7527465820312, 4.407133102416992, 1300.7730712890625, 747.568603515625], [-2.121669054031372, 3.1001105308532715, 1047.240234375, 827.2681884765625], [468.0279541015625, 784.9232788085938, 1303.5596923828125, 2101.47998046875], [-1.4521151781082153, 848.373046875, 512.8128662109375, 1313.830322265625], [-0.9159505367279053, 1220.6849365234375, 617.8569946289062, 1628.3431396484375], [0.7177442312240601, 1597.8465576171875, 691.9715576171875, 2088.10205078125], [637, 982, 673, 1027], [287, 128, 400, 198]], "labels": [0, 0, 0, 0, 0, 0, 0, 0, 0, 0, 0, 0, 1, 1, 1, 1, 1, 1, 2, 2, 2, 2, 2, 2, 3, 3], "image_id": 157}, "character_clusters": [0, 1, 2, 3, 4, 3, 1, 3, 5, 4, 5, 3], "text_char_matches": [[0, 8]], "text_tail_matches": [[1, 1], [3, 0]], "text_classification": [1, 0, 1, 1, 1, 0], "character_names": ["none", "none", "none", "Benn Beckman", "none", "Benn Beckman", "none", "Benn Beckman", "none", "none", "none", "Benn Beckman"]}