{"bbox_annotations": {"bboxes_as_x1y1x2y2": [[1166.98095703125, 1069.3153076171875, 1289.93798828125, 1332.175537109375], [1250.8055419921875, 1084.9686279296875, 1308.636962890625, 1328.9288330078125], [771.4169311523438, 1146.8739013671875, 841.299072265625, 1330.7474365234375], [393.97430419921875, 1097.9119873046875, 518.7481079101562, 1329.86083984375], [511.8238830566406, 1156.4051513671875, 631.456787109375, 1328.8558349609375], [253.1901092529297, 1099.6142578125, 402.9906921386719, 1329.005615234375], [818.1437377929688, 865.838134765625, 1202.1492919921875, 1329.1639404296875], [1132.25, 1399.5360107421875, 1394.6839599609375, 1667.75], [559.9512939453125, 969.5784301757812, 806.7433471679688, 1329.2545166015625], [572.25, 1828.389892578125, 610.75, 1863.75], [1109.5, 1743, 1401.75, 2108.75], [446.25, 1466.5, 484.75, 1505.0], [388.5, 1438.5, 441.0, 1478.75], [820.7879638671875, 79.74636840820312, 1319.2535400390625, 644.0], [660.8359375, 207.01290893554688, 770.0424194335938, 318.58740234375], [143.5, 45.5, 491.75, 523.25], [1151.2952880859375, 825.0771484375, 1308.80908203125, 1012.7545776367188], [771.0276489257812, 812, 909.19384765625, 940.9520874023438], [250.063232421875, 771.994140625, 490.432373046875, 992.7515258789062], [111.12313842773438, 1142.2391357421875, 268.7828063964844, 1301.0048828125], [1113, 1417.2911376953125, 1207.1782226562498, 1522.2877197265625], [1093.75, 1809.7896728515625, 1191.5301513671875, 1888.25], [876.2785034179688, 1586.8116455078125, 978.2026977539062, 1626.24560546875], [167.49362182617188, 1550.417724609375, 363.7727966308594, 1708.7364501953125], [295.75, 1878.17529296875, 378.0, 2021.2500000000002], [104.31117248535156, 2.3681492805480957, 1308.3116455078125, 699.4522094726562], [100.00654602050781, 745.6093139648438, 1315.8282470703125, 1338.97412109375], [1080.21630859375, 1390.8546142578125, 1399.320068359375, 2101.251708984375], [106.08491516113281, 1387.810791015625, 1063.2041015625, 2095.938720703125], [1116, 967, 1158, 1006], [305, 1715, 351, 1752], [440, 972, 499, 1015], [843, 1627, 879, 1660], [894, 945, 934, 982], [243, 1236, 289, 1270]], "labels": [0, 0, 0, 0, 0, 0, 0, 0, 0, 0, 0, 0, 0, 1, 1, 1, 1, 1, 1, 1, 1, 1, 1, 1, 1, 2, 2, 2, 2, 3, 3, 3, 3, 3, 3], "image_id": 170}, "character_clusters": [0, 1, 2, 3, 4, 5, 6, 7, 8, 9, 10, 11, 12], "text_char_matches": [[3, 6], [4, 6], [5, 8], [6, 5], [9, 9], [10, 9]], "text_tail_matches": [[3, 0], [4, 4], [5, 2], [6, 5], [9, 3], [10, 1]], "text_classification": [0, 1, 0, 1, 1, 1, 1, 0, 0, 1, 1, 0], "character_names": ["none", "none", "none", "none", "none", "none", "Makino", "none", "Woop Slap", "Monkey D. Luffy", "none", "none", "none"]}