{"bbox_annotations": {"bboxes_as_x1y1x2y2": [[690.0319213867188, 232.232421875, 735.4571533203125, 287.2705993652344], [134.03976440429688, 524.2093505859375, 591.4306030273438, 987.8900756835938], [711.0460815429688, 553.5272216796875, 1300.59716796875, 990.6862182617188], [348.25, 1562.75, 698.25, 1856.75], [350, 1179.5, 969.5, 1827.0], [1141.734130859375, 142.18287658691406, 1276.3050537109375, 248.59214782714844], [1100.896484375, 335.78240966796875, 1282.4857177734375, 463.201171875], [941.5, 189, 990.5, 386.75], [413, 249.98849487304688, 493.5, 409.9421081542969], [167.1603240966797, 199.45095825195312, 315.310791015625, 339.53173828125], [1080.7274169921875, 610.4813232421875, 1284.9158935546875, 847.7932739257812], [367.5, 546, 558.25, 645.75], [573.5447998046875, 722.5950927734375, 710.5348510742188, 759.5872802734375], [182, 542.5, 358.75, 645.75], [20.068309783935547, 723.932373046875, 168.7713279724121, 771.861083984375], [672, 1048.25, 1293.25, 1825.25], [1020.4175415039062, 1133.818603515625, 1236.05078125, 1415.75244140625], [49, 1055.25, 567, 1718.5], [80.89421081542969, -1.140953540802002, 1298.0849609375, 535.358154296875], [707.28955078125, 543.169921875, 1294.4049072265625, 1000.8085327148438], [-2.7475595474243164, 483.2508239746094, 732.1301879882812, 999.1797485351562], [-6.043195724487305, 1041.738525390625, 1293.8936767578125, 2091.84228515625], [1073, 211, 1122, 249], [1052, 772, 1090, 806], [324, 331, 378, 375]], "labels": [0, 0, 0, 0, 0, 1, 1, 1, 1, 1, 1, 1, 1, 1, 1, 1, 1, 1, 2, 2, 2, 2, 3, 3, 3], "image_id": 165}, "character_clusters": [0, 1, 0, 1, 0], "text_char_matches": [[0, 0], [1, 0], [4, 0], [5, 2], [9, 1], [7, 1], [11, 3]], "text_tail_matches": [[0, 0], [1, 0], [4, 2], [5, 1]], "text_classification": [1, 1, 0, 0, 1, 1, 0, 1, 0, 1, 0, 1, 0], "character_names": ["Shanks", "Monkey D. Luffy", "Shanks", "Monkey D. Luffy", "Shanks"]}