{"bbox_annotations": {"bboxes_as_x1y1x2y2": [[624.9435424804688, 1465.2098388671875, 699.7252197265625, 1559.1214599609375], [726.25, 1445.5, 1124.7447509765625, 1958.5026855468752], [232.75, 387.6004638671875, 586.5674438476562, 789.9639282226562], [22.51015281677246, 1538.66015625, 294.24730491638184, 1971.6949462890625], [672.6416625976562, 327.28472900390625, 901.8389282226562, 807.6415405273438], [106.62928771972656, 1008.2923583984375, 330.75, 1403.1527099609375], [999.25, 253.75, 1275.76953125, 644.0], [496.17694091796875, 1537.264404296875, 817.0875244140625, 1967.322998046875], [701.4174194335938, 1471.904541015625, 762.2869873046875, 1554.968994140625], [497, 1436.75, 605.5, 1547.0], [1204.5848388671875, 203.70123291015625, 1306.8038330078125, 251.85618591308594], [880.1864013671875, 557.93603515625, 1302.0, 848.75], [803.6580810546875, 126.52241516113281, 915.1367797851562, 236.30812072753906], [21.486968994140625, 461.8948669433594, 149.75083923339844, 676.5663452148438], [1185.2139892578125, 1045.3023681640625, 1310.4688720703125, 1153.704345703125], [577.5, 966, 687.4598388671875, 1203.0526123046875], [125.51663208007812, 884.3483276367188, 234.5, 937.4459838867188], [1130.59033203125, 1438.8031005859375, 1305.2659912109375, 1935.33447265625], [317.3013916015625, 1534.75, 526.75830078125, 1860.8795166015623], [168, 1510.25, 286.3304748535156, 1547.0], [35.601497650146484, 1884.125732421875, 145.68163681030273, 1942.23876953125], [818.7378540039062, 152.71514892578125, 1312.09228515625, 851.1590576171875], [-2.4687647819519043, 2.4946019649505615, 969.8646240234375, 791.3471069335938], [529.786376953125, 843.8035888671875, 1319.5604248046875, 1360.080078125], [109.9659652709961, 812.5309448242188, 554.455810546875, 1409.8875732421875], [302.4144287109375, 1365.3240966796875, 1311.0050048828125, 1968.5069580078125], [8.992799758911133, 1445.577880859375, 294.5910339355469, 1971.4827880859375], [101, 1811, 133, 1854], [519, 1757, 575, 1809], [1058, 1700, 1120, 1762], [211, 1588, 247, 1626]], "labels": [0, 0, 0, 0, 0, 0, 0, 0, 0, 0, 1, 1, 1, 1, 1, 1, 1, 1, 1, 1, 1, 2, 2, 2, 2, 2, 2, 3, 3, 3, 3], "image_id": 159}, "character_clusters": [0, 1, 1, 2, 0, 1, 3, 4, 5, 6], "text_char_matches": [[0, 6], [6, 5], [4, 6], [7, 1], [8, 7], [9, 3], [10, 3]], "text_tail_matches": [[7, 2], [8, 1], [9, 3], [10, 0]], "text_classification": [1, 0, 1, 0, 1, 1, 1, 1, 1, 1, 1], "character_names": ["none", "Shanks", "Shanks", "Benn Beckman", "none", "Shanks", "Higuma", "Lucky Roux", "none", "none"]}