{"bbox_annotations": {"bboxes_as_x1y1x2y2": [[957.6153564453125, 1656.614501953125, 1235.9967041015625, 1950.141845703125], [121.49547576904297, 224.21978759765625, 550.0446701049805, 704.0581665039062], [1329.448486328125, 1650.0335693359375, 1399.4405517578125, 1919.27294921875], [1321.3062744140625, 1648.8746337890625, 1398.4454345703125, 1919.9315185546875], [749.50244140625, 778.7489013671875, 1282.7196044921875, 1364.273193359375], [771.8485107421875, 1666.4775390625, 1056.8621826171875, 1954.869384765625], [106.68734741210938, 1508.5, 362.25, 2095.46630859375], [344.14208984375, 933.2374267578125, 694.0892333984375, 1293.0599365234375], [170.54107666015625, 1122.8580322265625, 359.8069763183594, 1254.2249755859375], [1178.6346435546875, 1678.987060546875, 1301.92138671875, 1918.553466796875], [570.5357666015625, 0, 1383.75048828125, 704.5540199279786], [360.5, 1379, 934.9009704589844, 2104.328369140625], [108.5, 951.6903076171875, 227.14428710937503, 1233.88330078125], [576.4072265625, 506.4774475097656, 686.2568359375, 551.5062866210938], [438.00482177734375, 266.5835266113281, 549.5465087890625, 561.1776123046875], [110.0501480102539, 271.4666442871094, 235.72216796875, 566.6535034179688], [1198.299560546875, 778.75, 1365.09521484375, 1025.2569580078125], [1181.439453125, 1090.25, 1349.403076171875, 1338.1923828124998], [650.7482299804688, 866.25, 831.25, 1041.25], [213.69418334960938, 785.75, 500.5, 881.7067260742188], [670.25, 1372, 1261.75, 1692.25], [1254.3785400390625, 1575, 1394.5045166015625, 1681.464111328125], [273, 1856.75, 412.0019226074219, 1918.0], [129.26104736328125, 1810.9818115234375, 239.42721557617188, 1986.5101318359375], [561.1354370117188, 2.818040609359741, 1399.1912841796875, 713.18896484375], [104.90291595458984, 143.53387451171875, 558.3466186523438, 710.7014770507812], [619.6669921875, 759.7922973632812, 1401.1875, 1379.3389892578125], [113.82111358642578, 759.0620727539062, 682.24609375, 1295.8504638671875], [114.02818298339844, 1311.4725341796875, 1399.4141845703125, 2096.236572265625], [675, 559, 704, 610], [409, 1876, 449, 1915], [1181, 1032, 1228, 1072]], "labels": [0, 0, 0, 0, 0, 0, 0, 0, 0, 0, 0, 0, 0, 1, 1, 1, 1, 1, 1, 1, 1, 1, 1, 1, 2, 2, 2, 2, 2, 3, 3, 3], "image_id": 156}, "character_clusters": [0, 1, 2, 3, 1, 4, 5, 6, 7, 8, 9, 10, 11], "text_char_matches": [[1, 1], [2, 1], [3, 4], [4, 4], [5, 4], [9, 11], [10, 11]], "text_tail_matches": [[0, 0], [3, 2], [4, 2], [9, 1], [10, 1]], "text_classification": [1, 0, 1, 1, 1, 1, 1, 1, 1, 1, 1], "character_names": ["none", "Higuma", "none", "none", "Higuma", "none", "Shanks", "none", "none", "none", "Monkey D. Luffy", "Benn Beckman", "none"]}