{"bbox_annotations": {"bboxes_as_x1y1x2y2": [[839.8737182617188, 1557.5, 1202.25, 2103.405029296875], [764.0592041015625, 74.97530364990234, 1399.6480712890625, 692.8813095092773], [121.60237121582031, 1702.75, 519.9568023681641, 2098.33349609375], [465.5, 901.27880859375, 896.7027587890625, 1346.8367919921875], [274.75, 120.77214813232422, 776.4133911132812, 603.75], [511, 17.5, 771.75, 371.0], [117.00599670410156, 0, 383.25, 546], [1111.25, 784, 1398.25, 1067.5], [1186.6202392578125, 1075.937744140625, 1372.3271484375, 1245.666259765625], [115.89257049560547, 600.25, 729.75, 990.6292724609375], [484.14471435546875, 1052.130615234375, 556.9603881835938, 1099.30615234375], [1260.2838134765625, 1514.6536865234375, 1385.2913818359375, 1555.7415771484375], [1117.0889892578125, 1439.7452392578125, 1244.35546875, 1556.291259765625], [1227.6624755859375, 1744.75, 1375.51611328125, 1956.8690185546875], [925.75, 1438.5, 1067.5, 1562.75], [559.3033447265625, 1800.75, 708.9710693359375, 2007.953125], [107.73760223388672, 1505.4044189453125, 255.60970306396484, 1645.6300048828125], [749.1987915039062, 0.49848854541778564, 1400.4613037109375, 720.572998046875], [111.42865753173828, 0.4445403814315796, 814.6976928710938, 637.129638671875], [108.9010238647461, 597.465576171875, 1393.385986328125, 1356.938232421875], [546.3052978515625, 1400.3404541015625, 1395.3778076171875, 2094.071533203125], [110.76953887939453, 1400.1807861328125, 538.1053466796875, 2097.719482421875], [1165, 1867, 1218, 1918], [190, 1681, 235, 1736], [1107, 1129, 1175, 1173], [722, 1946, 776, 1991], [549, 1055, 589, 1090]], "labels": [0, 0, 0, 0, 0, 1, 1, 1, 1, 1, 1, 1, 1, 1, 1, 1, 1, 2, 2, 2, 2, 2, 3, 3, 3, 3, 3], "image_id": 174}, "character_clusters": [0, 1, 0, 0, 0], "text_char_matches": [[3, 3], [6, 0], [8, 0], [10, 0], [11, 2]], "text_tail_matches": [[3, 2], [5, 4], [6, 0], [8, 0], [10, 3], [11, 1]], "text_classification": [0, 0, 0, 1, 0, 1, 1, 0, 1, 0, 1, 1], "character_names": ["Monkey D. Luffy", "Lord of the Coast", "Monkey D. Luffy", "Monkey D. Luffy", "Monkey D. Luffy"]}