{"bbox_annotations": {"bboxes_as_x1y1x2y2": [[601.6196899414062, 1130.85888671875, 704.3959350585938, 1278.6156005859375], [628.25, 147.13104248046875, 1303.75, 880.0440063476562], [303.4275817871094, 1456.1578369140625, 918.0730895996094, 2100.053466796875], [613.3464965820312, 334.0451965332031, 896.0839233398438, 881.0184631347656], [216.881591796875, 409.5, 342.5799255371094, 648.1298828125], [66.5, 376.25, 208.25, 616.0], [864.5, 1120, 1006.25, 1251.25], [1078, 1009.75, 1155, 1062.25], [1118.25, 1079.75, 1163.75, 1114.75], [1100.4691162109375, 122.68638610839844, 1299.923095703125, 356.15374755859375], [1104.5762939453125, 537.25, 1301.4278564453125, 860.6465454101561], [729.75, 136.00694274902344, 780.2052001953125, 211.75], [387.1572265625, 144.4783477783203, 636.7600708007812, 805.2024078369141], [45.5, 75.62403869628906, 358.5066108703613, 288.75], [0, 295.75, 406, 486.5], [231, 617.75, 365.75, 750.75], [41.377437591552734, 671.8934936523438, 223.5025291442871, 790.0289306640625], [929.8004150390625, 988.0275268554688, 1040.0509033203125, 1090.92578125], [336.79388427734375, 986.0198364257812, 638.6414794921875, 1066.173095703125], [1089.70361328125, 1519, 1251.6949462890625, 1594.167236328125], [1106, 1734.25, 1214.5, 1870.75], [845.2809448242188, 1506.642333984375, 990.4446411132812, 1613.7249755859375], [106.74444580078125, 1538.25, 288.4619445800781, 1714.5040283203125], [128.00112915039062, 1837.5, 295.66278076171875, 2010.75], [367.01190185546875, -3.1836299896240234, 1309.2869873046875, 888.9949340820312], [1.3221055269241333, 1.2971341609954834, 371.4817199707031, 890.1512451171875], [1051.186767578125, 952.6812133789062, 1291.5938720703125, 1400.5533447265625], [85.86215209960938, 957.1612548828125, 1043.79541015625, 1399.337158203125], [998.47705078125, 1435.3167724609375, 1295.2955322265625, 2098.263916015625], [88.15922546386719, 1436.9703369140625, 990.8367919921875, 2099.75927734375], [264, 1684, 324, 1739], [842, 1612, 883, 1653], [745, 232, 778, 282], [981, 1075, 1003, 1106]], "labels": [0, 0, 0, 0, 0, 0, 0, 0, 0, 1, 1, 1, 1, 1, 1, 1, 1, 1, 1, 1, 1, 1, 1, 1, 2, 2, 2, 2, 2, 2, 3, 3, 3, 3], "image_id": 143}, "character_clusters": [0, 1, 0, 0, 0, 1, 2, 3, 4], "text_char_matches": [[0, 1], [1, 1], [2, 3], [3, 1], [4, 4], [7, 5], [8, 6], [13, 2], [14, 2]], "text_tail_matches": [[2, 2], [8, 3], [12, 1], [13, 0], [14, 0]], "text_classification": [1, 1, 1, 1, 1, 1, 1, 1, 0, 0, 1, 0, 0, 1, 1], "character_names": ["Monkey D. Luffy", "Shanks", "Monkey D. Luffy", "Monkey D. Luffy", "Monkey D. Luffy", "Shanks", "none", "none", "none"]}