{"bbox_annotations": {"bboxes_as_x1y1x2y2": [[222.81651306152344, 1037.1741943359375, 705.5045623779297, 1494.7945556640625], [722.1207275390625, 1678.149658203125, 1056.98291015625, 2093.394775390625], [102.12017822265625, 1553.5223388671875, 651.62255859375, 2036.5084228515625], [1020.3831787109375, 1597.6168212890625, 1401.4989013671875, 2102.187255859375], [127.37686920166016, 7.499358177185059, 1406.5167617797852, 1052.684905052185], [790.9528198242188, 1105.8963623046875, 1217.1317138671875, 1499.8746337890625], [904.5885620117188, 670.25, 1396.3980712890625, 1053.5], [148.78260803222656, 609.963134765625, 334.72357177734375, 928.972412109375], [1174.25, 1082.2205810546875, 1341.0733642578125, 1540.652099609375], [421.75, 1036.067138671875, 586.2512359619141, 1153.25], [259, 1039.5, 407.75, 1177.75], [134.75, 1191.79541015625, 232.75, 1298.5], [259, 1373.1361083984375, 340.7474670410156, 1453.681396484375], [756.5380249023438, 1561.029541015625, 1049.6741943359375, 1698.2734375], [721.86083984375, 1928.5, 1086.75, 2072.0], [112, 1550.5, 468.34411621093744, 1701.0], [98.05189514160156, -5.367247581481934, 1399.7939453125, 1054.5966796875], [675.1188354492188, 1063.0244140625, 1346.034912109375, 1539.6683349609375], [104.00579833984375, 1022.667724609375, 719.578857421875, 1501.84521484375], [724.9957275390625, 1570.6402587890625, 1396.787109375, 2100.2978515625], [100.57997131347656, 1514.0693359375, 746.9127197265625, 2096.820068359375], [363, 794, 444, 850], [239, 1326, 302, 1380]], "labels": [0, 0, 0, 0, 0, 0, 1, 1, 1, 1, 1, 1, 1, 1, 1, 1, 2, 2, 2, 2, 2, 3, 3], "image_id": 164}, "character_clusters": [0, 1, 1, 2, 2, 1], "text_char_matches": [[1, 4], [5, 0]], "text_tail_matches": [[1, 0], [5, 1]], "text_classification": [1, 1, 0, 0, 0, 1, 0, 0, 0, 0], "character_names": ["Monkey D. Luffy", "Lord of the Coast", "Lord of the Coast", "Shanks", "Shanks", "Lord of the Coast"]}