{"bbox_annotations": {"bboxes_as_x1y1x2y2": [[914.3593139648438, 1606.796875, 1122.93896484375, 1963.5], [150.90557861328125, 191.92909240722656, 458.20416259765625, 595.2398223876953], [712.8048706054688, 0, 1291.7025146484375, 696.5], [-4.401761054992676, 1417.5, 558.2931852340698, 2101.0693359375], [633.5, 1223.25, 1256.5, 1856.75], [173.00047302246094, 663.6334228515625, 592.2261810302734, 1137.267578125], [813.75, 703.5, 911.75, 840.0], [1230.25, 222.16552734375, 1323.0, 427.0], [589.75, 589.75, 1347.5, 1176.0], [792.4447631835938, 1032.040771484375, 936.173828125, 1071.1492919921875], [524.4531860351562, 208.2931671142578, 688.026123046875, 342.7427673339844], [182, 82.48788452148438, 250.25, 159.41888427734375], [38.64240264892578, 411.3450012207031, 172.60175323486328, 550.697998046875], [15.856890678405762, 766.6564331054688, 213.0374174118042, 1013.06298828125], [1170.75, 1246, 1328.25, 1561], [500.5, 1195.25, 766.5, 1622.25], [172.8610382080078, 1222.891357421875, 328.46380615234375, 1411.8536376953125], [557.3905639648438, -3.269496440887451, 1330.5274658203125, 1193.0880126953125], [1.2997210025787354, 163.0544891357422, 717.6417846679688, 611.073974609375], [0.6118923425674438, 657.1446533203125, 614.41015625, 1129.525146484375], [517.1423950195312, 1212.5322265625, 1327.2900390625, 2091.94384765625], [-3.1428873538970947, 1172.536376953125, 623.5772705078125, 2098.658447265625], [181, 432, 227, 475], [487, 349, 537, 387], [192, 984, 240, 1025], [839, 947, 873, 989]], "labels": [0, 0, 0, 0, 0, 0, 0, 1, 1, 1, 1, 1, 1, 1, 1, 1, 1, 2, 2, 2, 2, 2, 3, 3, 3, 3], "image_id": 171}, "character_clusters": [0, 0, 1, 0, 1, 0, 0], "text_char_matches": [[2, 6], [3, 1], [5, 1], [6, 5], [9, 3]], "text_tail_matches": [[3, 1], [2, 3], [5, 0], [6, 2]], "text_classification": [1, 0, 1, 1, 0, 1, 1, 1, 1, 1], "character_names": ["Monkey D. Luffy", "Monkey D. Luffy", "Lord of the Coast", "Monkey D. Luffy", "Lord of the Coast", "Monkey D. Luffy", "Monkey D. Luffy"]}