{"bbox_annotations": {"bboxes_as_x1y1x2y2": [[385.2841491699219, 914.5701904296875, 738.4458618164062, 1072.901611328125], [218.91305541992188, 740.2493896484375, 357.3782653808594, 1076.0462646484375], [67.82109069824219, 739.1198120117188, 207.94064331054688, 1144.5946044921875], [206.28579711914062, 465.4659423828125, 447.3233337402344, 619.84130859375], [7.229722324659065, 400.5839416058394, 709.6058394160583, 701.9756690997567], [482.24432373046875, 740.9135131835938, 735.0968017578125, 896.2134399414062], [549.7669677734375, 35.16486740112305, 658.338134765625, 157.68508529663086], [415.53143310546875, 72.87387084960938, 490.22210693359375, 183.76341247558594], [228.5244598388672, 92.9487533569336, 357.552734375, 186.64520263671875], [85.23348999023438, 116.64855194091797, 184.8186492919922, 206.072021484375], [397.00189208984375, 786.110595703125, 486.67926025390625, 848.72412109375], [384.37384033203125, 917.8698120117188, 441.8624572753906, 1007.3184204101562], [-2.216078758239746, -0.4410482943058014, 734.9219970703125, 709.2955932617188], [378.2475891113281, 733.8975219726562, 737.2749633789062, 903.711181640625], [375.0951843261719, 904.4081420898438, 735.9798583984375, 1077.131103515625], [219.2401885986328, 732.7626953125, 362.17498779296875, 1077.661865234375], [66.51978302001953, 736.7500610351562, 210.8610382080078, 1142.8416748046875], [495, 834, 527, 861], [150, 236, 176, 281]], "labels": [0, 0, 0, 0, 0, 0, 1, 1, 1, 1, 1, 1, 2, 2, 2, 2, 2, 3, 3], "image_id": 747}, "character_clusters": [0, 1, 1, 0, 1, 1], "text_char_matches": [[0, 4], [1, 4], [2, 4], [3, 4], [4, 5], [5, 0]], "text_tail_matches": [[0, 1], [1, 1], [2, 1], [3, 1], [4, 0]], "text_classification": [1, 1, 1, 1, 1, 0], "character_names": ["POCHITA", "DENJI", "DENJI", "POCHITA", "DENJI", "DENJI"]}