{"bbox_annotations": {"bboxes_as_x1y1x2y2": [[541.2884521484375, 707.6400756835938, 721.1895141601562, 1155.46923828125], [227.80386352539062, 366.28179931640625, 425.77459716796875, 667.9141235351562], [368.280029296875, 767.3483276367188, 526.8965454101562, 947.842041015625], [319.5133819951338, 379.12762451171875, 561.8458862304686, 679.5958251953125], [42.871028900146484, 708.7998657226562, 344.010311126709, 1141.55615234375], [388.0351257324219, 3.977846145629883, 777.6328735351562, 335.66418647766113], [356.3967590332031, 1020.2101440429688, 529.7680053710938, 1143.8909912109375], [42.5416259765625, -0.11504791676998138, 468.7646484375, 331.0379061847925], [575.8546142578125, 34.895469665527344, 686.98876953125, 141.7585906982422], [139.16360473632812, 177.0966033935547, 247.35276794433594, 284.9627990722656], [611.9213256835938, 437.6261291503906, 726.912109375, 498.92724609375], [526.0189819335938, 526.08154296875, 645.7774658203125, 607.3346557617188], [117.43338775634766, 526.8203735351562, 233.36521911621094, 607.249267578125], [592.7171630859375, 1017.5912475585938, 721.029052734375, 1101.726806640625], [215.4756317138672, 790.7026977539062, 312.9070739746094, 814.6927490234375], [193.24464416503906, 1010.0753173828125, 300.977294921875, 1111.115966796875], [44.93086624145508, 1.8922934532165527, 783.5186157226562, 340.11505126953125], [42.522422790527344, 360.0988464355469, 782.666259765625, 680.4194946289062], [545.3859252929688, 702.3844604492188, 780.86572265625, 1144.8377685546875], [350.92706298828125, 696.6585693359375, 531.9092407226562, 950.9388427734375], [350.6081237792969, 950.9002075195312, 533.9718627929688, 1145.0732421875], [44.048927307128906, 698.5704956054688, 340.798828125, 1143.2181396484375], [211, 865, 249, 902], [624, 945, 648, 982], [249, 134, 281, 171], [248, 483, 285, 533], [130, 1063, 170, 1091], [482, 29, 551, 65]], "labels": [0, 0, 0, 0, 0, 0, 0, 0, 1, 1, 1, 1, 1, 1, 1, 1, 2, 2, 2, 2, 2, 2, 3, 3, 3, 3, 3, 3], "image_id": 784}, "character_clusters": [0, 0, 1, 1, 1, 1, 1, 0], "text_char_matches": [[0, 5], [1, 7], [4, 1], [3, 1], [2, 1], [7, 4], [6, 4], [5, 0]], "text_tail_matches": [[0, 5], [1, 2], [4, 3], [5, 1], [6, 0], [7, 4]], "text_classification": [1, 1, 1, 1, 1, 1, 1, 1], "character_names": ["MAKIMA", "MAKIMA", "DENJI", "DENJI", "DENJI", "DENJI", "DENJI", "MAKIMA"]}