{"bbox_annotations": {"bboxes_as_x1y1x2y2": [[237.14649963378906, 198.25828552246094, 367.440185546875, 406.79473876953125], [548.1045532226562, 878.6614379882812, 675.04931640625, 1086.7742919921875], [55.50393295288086, 436.3228759765625, 712.4671532846716, 706.2167358398438], [130.66666666666666, 770.647201946472, 506.07232666015625, 1143.29541015625], [500.478759765625, 119.2214111922141, 742.9878345498784, 274.6861313868613], [606.5985401459853, 768.33447265625, 787.0821533203125, 1143.5717761557175], [326.367431640625, 182.17031630170314, 489.80499267578125, 404.5232124328613], [144.61341857910156, 262.1973876953125, 297.04119873046875, 408.0376892089844], [88.53253936767578, 872.7007299270073, 356.7104622871046, 1057.7323600973236], [535.5706176757812, 736.0274658203125, 783.0462287104622, 850.6038208007812], [68.95384216308594, 33.56559371948242, 207.0810546875, 230.20519638061523], [46.752296447753906, 222.38754272460938, 168.33535766601562, 406.2828674316406], [695.2611694335938, 996.6952514648438, 784.8203125, 1144.0797119140625], [359.5717761557177, 44.8272506082725, 490.2384428223844, 237.4890510948905], [524.7257690429688, 24.12099266052246, 693.9951171875, 80.54125785827637], [552.1041259765625, 302.7156066894531, 654.5287475585938, 381.3763122558594], [206.83358764648438, 51.27058410644531, 347.5912170410156, 162.4038848876953], [422.945068359375, 830.7832641601562, 475.2958679199219, 865.7118530273438], [503.28302001953125, 1.3113893270492554, 777.5938720703125, 410.3408203125], [45.299983978271484, -2.1253750324249268, 491.17974853515625, 408.5517883300781], [42.32194900512695, 430.1856994628906, 715.966796875, 707.3192138671875], [46.104698181152344, 733.4276123046875, 782.4963989257812, 1145.4456787109375], [631, 244, 657, 280], [605, 120, 630, 153]], "labels": [0, 0, 0, 0, 0, 0, 0, 0, 0, 0, 0, 0, 0, 0, 1, 1, 1, 1, 2, 2, 2, 2, 3, 3], "image_id": 754}, "character_clusters": [0, 1, 2, 2, 3, 4, 5, 6, 7, 8, 9, 10, 11, 12], "text_char_matches": [[0, 4], [1, 4]], "text_tail_matches": [[0, 1], [1, 0]], "text_classification": [1, 1, 1, 0], "character_names": ["none", "none", "DENJI", "DENJI", "ZOMBIE DEVIL", "none", "none", "none", "POCHITA", "none", "none", "none", "none", "none"]}