{"bbox_annotations": {"bboxes_as_x1y1x2y2": [[226.38064575195312, 593.295654296875, 283.3052673339844, 694.219482421875], [192.5118408203125, 126.46521759033203, 624.5903930664062, 721.4856643676758], [49.0287971496582, 602.236083984375, 262.287104622871, 869.7529296875], [316.65206812652065, 639.1613159179688, 567.4939172749391, 1143.5717761557175], [47.01189422607422, 851.18505859375, 470.20924574209243, 1145.1961669921875], [727.7843017578125, 575.2255249023438, 783.3955688476562, 688.090087890625], [523.9295043945312, 442.05908203125, 724.3919677734375, 1040.02978515625], [385.7950439453125, 479.58746337890625, 534.6867065429688, 638.4957275390625], [120.7487564086914, 575.1091918945312, 172.1402130126953, 637.170654296875], [660.87646484375, 674.6260986328125, 783.9920654296875, 1140.984375], [43.484371185302734, 554.692626953125, 150.97991561889648, 704.0217895507812], [597.2125854492188, 124.08490753173828, 716.2899169921875, 232.68386840820312], [103.5869140625, 386.3885803222656, 204.22122192382812, 515.3731689453125], [183.33322143554688, 769.1783447265625, 341.93756103515625, 862.978271484375], [43.84278106689453, 3.827138900756836, 783.5728149414062, 1148.6083984375], [203, 333, 233, 373], [633, 272, 682, 426], [247, 591, 293, 710]], "labels": [0, 0, 0, 0, 0, 0, 0, 0, 0, 0, 0, 1, 1, 1, 2, 3, 3, 3], "image_id": 752}, "character_clusters": [0, 1, 2, 3, 4, 5, 6, 7, 8, 9, 10], "text_char_matches": [[0, 6], [1, 1], [2, 1]], "text_tail_matches": [[0, 1], [1, 0], [2, 2]], "text_classification": [1, 1, 1], "character_names": ["none", "ZOMBIE DEVIL", "none", "none", "none", "none", "DEBT COLLECTOR", "none", "none", "none", "none"]}