{"bbox_annotations": {"bboxes_as_x1y1x2y2": [[474.978102189781, 26.70559610705596, 741.3436279296875, 496.79269790649414], [77.9369125366211, 375.76385498046875, 412.9428024291992, 1137.9024658203125], [0, 133.51813320521893, 159.27980535279804, 413.9367396593674], [532.2043795620438, 297.5766423357664, 737.6794433593749, 493.09246826171875], [146.88077858880777, 0, 444.56178198301586, 210.78345498783455], [450.18004866180047, 509.31386861313865, 742.9878345498782, 727.3829956054688], [-2.9981266674914204, 0, 226.99756690997566, 269.9172749391727], [398.3421936035156, 795.1377563476562, 704.2562866210938, 1143.7918701171875], [537.21240234375, 780.1675415039062, 690.5031127929688, 939.7671508789062], [123.99026763990267, 156.4184914841849, 436.8272506082725, 514.0827250608272], [78.20924574209245, 577.985401459854, 344.3114355231143, 895.5912408759123], [509.1405334472656, 902.84423828125, 654.25732421875, 1079.8123779296875], [122.75106048583984, 902.0994262695312, 307.25472259521484, 1054.098876953125], [452.35394287109375, 1.2936450242996216, 739.5366821289062, 501.2698669433594], [439.3232421875, 506.7056579589844, 742.4151000976562, 734.20166015625], [390.4841613769531, 724.0313720703125, 740.5007934570312, 1142.2281494140625], [-2.1168007850646973, 4.550117015838623, 433.97882080078125, 1149.0145263671875]], "labels": [0, 0, 0, 0, 0, 0, 0, 0, 0, 0, 0, 1, 1, 2, 2, 2, 2], "image_id": 755}, "character_clusters": [0, 0, 1, 2, 3, 0, 4, 0, 2, 5, 2], "text_char_matches": [[1, 1], [0, 7]], "text_tail_matches": [], "text_classification": [1, 1], "character_names": ["DENJI", "DENJI", "none", "POCHITA", "none", "DENJI", "none", "DENJI", "POCHITA", "none", "POCHITA"]}