{"bbox_annotations": {"bboxes_as_x1y1x2y2": [[534.1840209960938, 428.9909973144531, 650.4798583984375, 607.9873046875], [483.0096435546875, 846.2984619140625, 711.1110229492188, 1079.4107666015625], [158.32603406326032, 421.5669099756691, 424.42822384428223, 1144.8174743652344], [237.4890510948905, 110.63746958637469, 645.7031630170316, 362.8092956542969], [461.58099365234375, 632.8011474609375, 607.2406005859375, 823.8614501953125], [161.18734793187346, 71.53284671532846, 384.3698296836983, 299.4841849148418], [385.82684326171875, 35.10907745361328, 511.00079345703125, 137.31857299804688], [42.87644958496094, 0.44536495208740234, 781.6819458007812, 361.7604064941406], [454.9793701171875, 414.7093811035156, 715.5671997070312, 614.0896606445312], [451.130615234375, 617.941650390625, 713.515869140625, 828.8253173828125], [453.2713928222656, 835.2913208007812, 711.7199096679688, 1079.389892578125], [42.646419525146484, 406.5227355957031, 440.30792236328125, 1141.350341796875], [457, 171, 497, 205]], "labels": [0, 0, 0, 0, 0, 0, 1, 2, 2, 2, 2, 2, 3], "image_id": 762}, "character_clusters": [0, 0, 0, 0, 0, 1], "text_char_matches": [[0, 3]], "text_tail_matches": [[0, 0]], "text_classification": [1], "character_names": ["DENJI", "DENJI", "DENJI", "DENJI", "DENJI", "POCHITA"]}