{"bbox_annotations": {"bboxes_as_x1y1x2y2": [[519.6353149414062, 0, 775.5087280273438, 233.67396593673965], [2.344189167022705, 103.64293670654297, 488.98801851272583, 1126.403892944039], [155.46472019464719, 55.318734793187346, 469.2554744525547, 701.0218978102189], [504.5450121654501, 433.01216545012164, 596.1070559610705, 593.2457420924574], [509.31386861313865, 567.4939172749391, 780.1849148418491, 1140.7104622871045], [557.2130126953125, 351.2271423339844, 717.0245361328125, 432.2719421386719], [724.8661800486617, 537.92700729927, 748.7104622871045, 641.8880778588807], [505.8994140625, 968.5353393554688, 649.190185546875, 1073.756591796875], [212.6498260498047, 817.3819951338199, 427.063232421875, 979.6812744140626], [515.6004638671875, -3.9961278438568115, 784.2904052734375, 279.2870788574219], [475.2151794433594, 288.78338623046875, 780.5497436523438, 1145.1812744140625], [-2.5338430404663086, -4.336025238037109, 498.6995544433594, 1140.01416015625], [504, 460, 547, 487], [518, 802, 559, 885], [190, 715, 233, 794]], "labels": [0, 0, 0, 0, 0, 1, 1, 1, 1, 2, 2, 2, 3, 3, 3], "image_id": 734}, "character_clusters": [0, 0, 1, 0, 1], "text_char_matches": [[0, 3], [2, 3], [3, 1]], "text_tail_matches": [[0, 0], [2, 1], [3, 2]], "text_classification": [1, 0, 1, 1], "character_names": ["DENJI", "DENJI", "POCHITA", "DENJI", "POCHITA"]}