{"bbox_annotations": {"bboxes_as_x1y1x2y2": [[75.06476593017578, 700.0681265206812, 239.71988677978516, 955.6788321167883], [381.50851581508516, 173.58637469586373, 480.8751525878907, 313.35052490234375], [195.3877716064453, 771.25830078125, 334.9038391113281, 1145.69580078125], [401.5408630371094, 510.4403991699219, 701.941650390625, 722.391845703125], [368.6455851088475, 747.7566909975669, 743.8891458998631, 1012.905109489051], [325.23600973236006, 222.2287104622871, 412.9829683698296, 301.39172749391724], [56.27250608272506, 804.029197080292, 232.72019464720194, 913.7128953771289], [22.89051094890511, 945.1873479318734, 239.39659367396592, 1072.992700729927], [521.5986328125, 62.24911117553711, 668.431884765625, 171.75625228881836], [144.5384979248047, 254.47634887695312, 293.00445556640625, 341.79364013671875], [639.1827751957877, 997.2474399390302, 722.6763665043815, 1029.514468747624], [172.27178955078125, 553.7044677734375, 325.5137023925781, 675.1954956054688], [68.22856903076172, 0.6133556962013245, 740.5399169921875, 447.54852294921875], [355.6204833984375, 495.3492736816406, 743.2296142578125, 726.252197265625], [352.3445739746094, 737.0396728515625, 744.1731567382812, 1142.960693359375], [-2.112863779067993, 496.3202209472656, 342.6871337890625, 1141.8885498046875], [158, 656, 187, 700]], "labels": [0, 0, 0, 0, 0, 0, 0, 0, 1, 1, 1, 1, 2, 2, 2, 2, 3], "image_id": 745}, "character_clusters": [0, 0, 1, 1, 2, 3, 3, 2], "text_char_matches": [[0, 1], [1, 1], [3, 0]], "text_tail_matches": [[3, 0]], "text_classification": [1, 1, 0, 1], "character_names": ["DENJI", "DENJI", "DEBT COLLECTOR", "DEBT COLLECTOR", "none", "POCHITA", "POCHITA", "none"]}