{"bbox_annotations": {"bboxes_as_x1y1x2y2": [[426.33576642335765, 11.445255474452555, 736.4421997070312, 766.4824981689453], [345.4939270019531, 774.0120849609375, 742.3193969726562, 917.4447631835938], [345.46160888671875, 927.8938598632812, 739.69970703125, 1143.7591552734375], [51.503649635036496, 12.0681734085083, 580.8467153284671, 744.1058931350708], [61.04136253041362, 757.6392211914062, 301.2611274719238, 968.0778588807785], [0.9537712895377128, 182.17031630170314, 483.5620437956204, 591.3381995133819], [284.6138610839844, 449.8800048828125, 341.1112365722656, 480.0515441894531], [381.6683654785156, 984.793212890625, 459.53948974609375, 1039.9658203125], [203.1953125, 966.7366333007812, 312.4990234375, 1106.8336181640625], [46.63566589355469, 998.7981567382812, 170.54269409179688, 1122.4384765625], [-2.763007164001465, -4.108249664306641, 738.7518920898438, 775.8182983398438], [343.1698303222656, 767.7876586914062, 740.3062133789062, 920.2278442382812], [344.85699462890625, 919.6150512695312, 739.084228515625, 1143.3328857421875], [-2.015712022781372, 735.4619140625, 332.46685791015625, 1142.398681640625], [179, 913, 217, 955]], "labels": [0, 0, 0, 0, 0, 0, 1, 1, 1, 1, 2, 2, 2, 2, 3], "image_id": 751}, "character_clusters": [0, 1, 2, 2, 3, 1], "text_char_matches": [[1, 4], [2, 4], [3, 4]], "text_tail_matches": [[2, 0], [3, 0]], "text_classification": [0, 1, 1, 1], "character_names": ["none", "POCHITA", "DENJI", "DENJI", "DEBT COLLECTOR", "POCHITA"]}