{"bbox_annotations": {"bboxes_as_x1y1x2y2": [[66.49566650390625, 3.466989278793335, 298.1906433105469, 216.5642945766449], [146.40005493164062, 858.8240966796875, 347.3789978027344, 1144.7705078125], [94.90459525672189, 515.3867817899607, 246.64905631629222, 670.3304158231638], [311.8832116788321, 0, 739.156005859375, 1125.2220611572266], [102.20783233642578, 251.3135528564453, 318.7801284790039, 497.9168395996094], [307.1143552311435, 103.9610705596107, 707.698296836983, 1146.5552978515627], [-1.3821110725402832, 752.5643310546875, 224.10319471359253, 1144.7083740234375], [192.661800486618, 511.2214111922141, 302.345498783455, 666.6861313868612], [58.8310432434082, 557.5458984375, 130.7518196105957, 609.6007690429688], [186.5480499267578, 720.6008911132812, 308.57080078125, 812.8763427734375], [61.66587829589844, 982.4137573242188, 202.3126220703125, 1075.1805419921875], [294.5390625, -3.482421875, 739.6517944335938, 1141.482666015625], [1.0783424377441406, -0.2530525326728821, 297.5545959472656, 221.57533264160156], [0.15250349044799805, 227.6029510498047, 321.2145690917969, 501.410400390625], [49.869529724121094, 509.58612060546875, 320.5334167480469, 670.9257202148438], [-1.0625360012054443, 676.8882446289062, 337.18060302734375, 1145.4110107421875], [212, 851, 253, 886], [207, 1037, 246, 1070], [122, 607, 151, 633]], "labels": [0, 0, 0, 0, 0, 0, 0, 0, 1, 1, 1, 2, 2, 2, 2, 2, 3, 3, 3], "image_id": 783}, "character_clusters": [0, 1, 1, 0, 0, 1, 2, 0], "text_char_matches": [[0, 2], [2, 1], [1, 6]], "text_tail_matches": [[0, 2], [1, 0], [2, 1]], "text_classification": [1, 1, 1], "character_names": ["DENJI", "MAKIMA", "MAKIMA", "DENJI", "DENJI", "MAKIMA", "none", "DENJI"]}