{"bbox_annotations": {"bboxes_as_x1y1x2y2": [[591.3381995133819, 192.661800486618, 738.04638671875, 472.0910949707031], [2.28993558883667, 184.41305541992188, 145.98529386520386, 471.9635009765625], [341.4501216545012, 751.5717761557178, 525.5279805352798, 982.3844282238442], [260.3795620437956, 624.7201946472019, 430.1508515815085, 840.2725060827249], [242.02127075195312, 364.25750732421875, 289.3862609863281, 387.99652099609375], [67.70750427246094, 2.396615505218506, 738.9240112304688, 169.1986083984375], [-2.567091464996338, 183.62966918945312, 737.8480224609375, 476.162841796875], [-3.7784042358398438, 485.6803283691406, 741.248291015625, 1137.6168212890625]], "labels": [0, 0, 0, 0, 1, 2, 2, 2], "image_id": 757}, "character_clusters": [0, 1, 2, 3], "text_char_matches": [], "text_tail_matches": [], "text_classification": [0], "character_names": ["none", "none", "POCHITA", "DENJI"]}