{"bbox_annotations": {"bboxes_as_x1y1x2y2": [[212.44686889648438, 523.484375, 487.06390380859375, 741.6746215820312], [390.8475341796875, 3.488435983657837, 489.0783996582031, 216.03340363502502], [81.94268035888672, 774.08349609375, 320.2249069213867, 1076.8211669921875], [472.02081298828125, 772.0173950195312, 741.6364135742188, 954.7249145507812], [55.3318977355957, 206.8291473388672, 316.3236885070801, 491.62718200683594], [506.0002746582031, 972.0759887695312, 743.4849853515625, 1143.9901123046875], [201.24574209245742, 149.3831024169922, 723.75634765625, 485.45872497558594], [533.3988647460938, 24.946199417114258, 621.0836181640625, 108.33808326721191], [193.66412353515625, 32.720603942871094, 315.13763427734375, 132.8018798828125], [634.3905639648438, 588.5787353515625, 709.0439453125, 647.0393676757812], [483.61260986328125, 569.829345703125, 599.4972534179688, 693.7647094726562], [85.85154724121094, 621.725830078125, 211.1358184814453, 685.9376831054688], [637.1118774414062, 831.67626953125, 718.0783081054688, 885.684326171875], [372.3503112792969, 815.0944213867188, 474.246826171875, 902.0838623046875], [368.3512268066406, 1036.4656982421875, 494.14251708984375, 1117.1234130859375], [67.20846557617188, 824.3495483398438, 162.93019104003906, 893.7994995117188], [1.56917142868042, -1.3230254650115967, 743.2353515625, 493.0117492675781], [70.43787384033203, 513.6533813476562, 744.1589965820312, 746.2265625], [336.44512939453125, 763.4201049804688, 744.4464111328125, 961.1286010742188], [342.8167724609375, 966.8665771484375, 736.4430541992188, 1142.7239990234375], [-3.4494597911834717, 764.9981689453125, 322.9159851074219, 1079.031005859375], [155, 890, 186, 919], [445, 669, 479, 697], [219, 664, 256, 690], [330, 33, 380, 63], [356, 912, 389, 943], [602, 872, 634, 904], [364, 1129, 389, 1147], [485, 23, 513, 50]], "labels": [0, 0, 0, 0, 0, 0, 0, 1, 1, 1, 1, 1, 1, 1, 1, 1, 2, 2, 2, 2, 2, 3, 3, 3, 3, 3, 3, 3, 3], "image_id": 735}, "character_clusters": [0, 1, 1, 1, 0, 1, 2], "text_char_matches": [[0, 1], [1, 1], [2, 0], [3, 0], [4, 0], [5, 3], [8, 2], [6, 0], [7, 0]], "text_tail_matches": [[0, 7], [1, 3], [2, 1], [3, 1], [4, 2], [5, 5], [6, 4], [7, 6], [8, 0]], "text_classification": [1, 1, 1, 1, 1, 1, 1, 1, 1], "character_names": ["DEBT COLLECTOR", "DENJI", "DENJI", "DENJI", "DEBT COLLECTOR", "DENJI", "TOMATO DEVIL"]}