{"bbox_annotations": {"bboxes_as_x1y1x2y2": [[-6.926268577575684, 0, 320.1912546157837, 230.8126520681265], [336.3299255371094, 0, 563.767578125, 406.6033890247345], [0, 732.4963503649635, 104.91484184914842, 1076.807785888078], [0.9537712895377128, 605.6447688564476, 102.05352798053528, 783.0462287104622], [111.5912408759124, 676.2238442822384, 268.0097323600973, 1050.102189781022], [284.2238442822384, 628.5352798053527, 426.33576642335765, 909.8978102189781], [405.352798053528, 605.6447688564476, 557.0024330900243, 964.2627737226276], [526.4817518248175, 649.5182481751824, 582.7542579075425, 747.7566909975668], [546.5109489051094, 653.3333333333333, 620.905109489051, 800.214111922141], [529.3430656934306, 773.5085158150852, 693.3917274939172, 1011.9513381995134], [603.7372262773722, 612.3211678832116, 735.3576642335765, 1046.287104622871], [458.7639902676399, 1000.5060827250608, 631.3965936739659, 1110.1897810218977], [174.54014598540144, 805.9367396593674, 664.7785888077858, 1143.5717761557178], [251.7956204379562, 422.5206812652068, 479.74695863746956, 695.2992700729926], [565.1344604492188, 20.02919708029197, 682.0826416015625, 91.31794357299803], [574.909423828125, 206.01459854014598, 691.5361328125, 325.0184326171875], [182.13731384277344, 237.4890510948905, 303.7755432128906, 373.81524658203125], [17.33565902709961, 266.1021897810219, 158.90949630737305, 404.61654663085943], [496.3658142089844, 478.56732177734375, 632.2864990234375, 607.4398803710938], [101.80535888671875, 539.9024658203125, 217.97914123535156, 639.0240478515625], [332.9986267089844, -0.5727485418319702, 733.8177490234375, 403.38568115234375], [-1.525770902633667, -0.2529586851596832, 319.03631591796875, 438.8055419921875], [-1.8824028968811035, 397.7818603515625, 737.5097045898438, 1138.506591796875], [564, 106, 607, 147], [445, 475, 489, 512], [534, 282, 567, 318], [242, 621, 277, 657], [258, 146, 298, 193]], "labels": [0, 0, 0, 0, 0, 0, 0, 0, 0, 0, 0, 0, 0, 0, 1, 1, 1, 1, 1, 1, 2, 2, 2, 3, 3, 3, 3, 3], "image_id": 753}, "character_clusters": [0, 0, 1, 2, 3, 4, 5, 6, 7, 8, 9, 10, 11, 0], "text_char_matches": [[0, 1], [1, 1], [2, 0], [3, 0], [4, 13], [5, 13]], "text_tail_matches": [[0, 0], [1, 2], [2, 4], [3, 4], [4, 1], [5, 3]], "text_classification": [1, 1, 1, 1, 1, 1], "character_names": ["ZOMBIE DEVIL", "ZOMBIE DEVIL", "none", "none", "none", "none", "none", "none", "none", "none", "none", "POCHITA", "DENJI", "ZOMBIE DEVIL"]}