{"bbox_annotations": {"bboxes_as_x1y1x2y2": [[72.03662872314453, 15.593880653381348, 360.5255474452554, 198.3927240371704], [0, 383.2478942871094, 735.3576642335767, 642.91650390625], [502.73846435546875, 674.9745483398438, 626.022216796875, 893.21923828125], [279.0082702636719, 138.9348907470703, 456.3553161621094, 351.9502868652344], [77.48179626464844, 673.4795532226562, 322.80419921875, 1141.9130859375], [483.10479736328125, -1.4611409902572632, 645.2891845703125, 353.99003088474274], [488.8584899902344, 910.2532348632812, 723.7080688476562, 1144.64453125], [571.0823974609375, 108.53760528564453, 669.552978515625, 283.13358306884766], [103.14862060546875, 220.55413818359375, 249.8928680419922, 320.1350402832031], [527.5870971679688, 475.8973083496094, 667.9535522460938, 581.088623046875], [77.79003143310547, 483.6633605957031, 249.54149627685547, 611.6317749023438], [380.2498779296875, 715.119873046875, 496.8263854980469, 855.2208862304688], [366.6818542480469, 933.4711303710938, 500.6971740722656, 1008.1676635742188], [365.1587219238281, 1030.0350341796875, 512.9744262695312, 1132.583984375], [111.62696838378906, 976.3240966796875, 264.9311218261719, 1091.7548828125], [482.9720764160156, -0.8564185500144958, 735.96630859375, 358.50042724609375], [71.94468688964844, -0.5982389450073242, 472.3729553222656, 358.9388427734375], [-2.9939470291137695, 384.2200927734375, 739.9315795898438, 646.0361938476562], [341.880615234375, 667.5164794921875, 737.9849243164062, 897.81884765625], [342.56439208984375, 902.6097412109375, 736.3014526367188, 1145.986328125], [-0.15545916557312012, 668.016845703125, 322.9628601074219, 1141.4678955078125], [522, 808, 560, 834], [275, 244, 313, 272], [500, 983, 533, 1019], [263, 574, 300, 600], [462, 545, 495, 573]], "labels": [0, 0, 0, 0, 0, 0, 0, 0, 1, 1, 1, 1, 1, 1, 1, 2, 2, 2, 2, 2, 2, 3, 3, 3, 3, 3], "image_id": 737}, "character_clusters": [0, 0, 1, 1, 2, 1, 0, 2], "text_char_matches": [[0, 3], [1, 1], [2, 1], [3, 2], [4, 6], [5, 6], [6, 6]], "text_tail_matches": [[0, 1], [1, 4], [2, 3], [3, 0], [4, 2], [5, 2]], "text_classification": [1, 1, 1, 1, 1, 1, 1], "character_names": ["DEBT COLLECTOR", "DEBT COLLECTOR", "none", "none", "DENJI", "none", "DEBT COLLECTOR", "DENJI"]}