{"bbox_annotations": {"bboxes_as_x1y1x2y2": [[82.97810218978101, 153.55717761557176, 775.3889770507811, 1040.5644768856448], [-0.9537712895377128, 257.51824817518246, 495.00729927007296, 1106.3746958637469], [-2.4557571411132812, 93.62000274658203, 753.1771240234375, 1077.5235595703125]], "labels": [0, 0, 2], "image_id": 774}, "character_clusters": [0, 1], "text_char_matches": [], "text_tail_matches": [], "text_classification": [], "character_names": ["DENJI", "ZOMBIE DEVIL"]}