{"bbox_annotations": {"bboxes_as_x1y1x2y2": [[558.155029296875, 296.1326904296875, 753.1091918945312, 453.79913330078125], [483.4441833496094, 1034.6346435546875, 612.6320190429688, 1124.310302734375], [369.59027099609375, 795.7176513671875, 466.5047302246094, 1126.40283203125], [509.55194091796875, 85.63248443603516, 667.03125, 269.6094741821289], [43.86001205444336, 2.8202521800994873, 330.13146591186523, 506.47900462150574], [297.6697692871094, 540.8524169921875, 568.0687255859375, 684.2976684570312], [44.523193359375, 901.7291870117188, 261.006103515625, 1145.587890625], [417.75182481751824, 284.05224609375, 581.3351440429688, 396.76885644768856], [387.39654541015625, 126.1814193725586, 492.13519287109375, 211.41323852539062], [391.1236267089844, 350.793701171875, 492.83294677734375, 435.9159851074219], [218.38906860351562, 365.38067626953125, 293.4494323730469, 404.605224609375], [84.9149169921875, 339.7638244628906, 186.4656982421875, 432.4786682128906], [584.7808227539062, 574.1257934570312, 684.2684936523438, 650.975830078125], [75.56383514404297, 566.8992919921875, 220.3004379272461, 660.2769775390625], [497.501708984375, 846.1920776367188, 589.0283813476562, 885.61962890625], [236.8744354248047, 919.2694091796875, 351.9693603515625, 1001.201416015625], [346.9256896972656, 66.396240234375, 782.9921264648438, 276.0578308105469], [343.8460693359375, 278.0769958496094, 779.5074462890625, 509.9061584472656], [42.95463943481445, 0.6635516285896301, 330.8841552734375, 508.63885498046875], [38.1233024597168, 533.95556640625, 716.3566284179688, 686.5606689453125], [40.96540069580078, 713.3190307617188, 780.8225708007812, 1144.9547119140625], [215, 270, 242, 312], [504, 148, 539, 173], [335, 880, 370, 911], [534, 602, 566, 627], [449, 828, 481, 868], [249, 615, 284, 640], [477, 295, 502, 334]], "labels": [0, 0, 0, 0, 0, 0, 0, 0, 1, 1, 1, 1, 1, 1, 1, 1, 2, 2, 2, 2, 2, 3, 3, 3, 3, 3, 3, 3], "image_id": 736}, "character_clusters": [0, 0, 1, 1, 1, 1, 2, 1], "text_char_matches": [[0, 3], [1, 7], [2, 4], [3, 4], [4, 5], [5, 5], [6, 2], [7, 2]], "text_tail_matches": [[0, 1], [1, 6], [2, 0], [3, 0], [4, 3], [5, 5], [6, 4], [7, 2]], "text_classification": [1, 1, 1, 1, 1, 1, 1, 1], "character_names": ["POCHITA", "POCHITA", "DENJI", "DENJI", "DENJI", "DENJI", "none", "DENJI"]}