{"bbox_annotations": {"bboxes_as_x1y1x2y2": [[68.86054992675781, 420.3104248046875, 528.3892944038929, 675.2950439453125], [268.963503649635, 723.5260009765625, 737.736328125, 1074.0604248046875], [571.3262329101562, 417.9250183105469, 732.6848754882812, 675.9788208007812], [79.56964874267578, 0.4387449622154236, 637.1192214111923, 380.6051267981529], [539.1533203125, 49.9991455078125, 645.0155639648438, 93.5736083984375], [504.0019226074219, 185.04428100585938, 650.4484252929688, 284.087646484375], [402.4480895996094, 521.6360473632812, 520.5947265625, 564.0338745117188], [151.63356018066406, 797.5889892578125, 278.01165771484375, 868.8411254882812], [111.44866943359375, 943.9859619140625, 239.5819091796875, 1008.8890380859375], [66.37037658691406, 1.5881491899490356, 735.01513671875, 383.01171875], [569.2235717773438, 410.6011047363281, 736.2869873046875, 682.9169311523438], [64.37944030761719, 410.5948486328125, 558.7041625976562, 681.4947509765625], [68.96024322509766, 712.1923217773438, 734.8756103515625, 1075.2098388671875], [346, 540, 394, 573], [464, 54, 525, 103]], "labels": [0, 0, 0, 0, 1, 1, 1, 1, 1, 2, 2, 2, 2, 3, 3], "image_id": 765}, "character_clusters": [0, 1, 1, 0], "text_char_matches": [[0, 3], [1, 3], [2, 0], [3, 0], [4, 0]], "text_tail_matches": [[0, 1], [1, 1], [2, 0]], "text_classification": [1, 1, 1, 1, 1], "character_names": ["POCHITA", "DENJI", "DENJI", "POCHITA"]}