{"bbox_annotations": {"bboxes_as_x1y1x2y2": [[41.2719841003418, 827.0250244140625, 342.90375900268555, 1145.0885009765625], [110.37767028808594, 118.39893341064453, 419.55308532714844, 389.61121368408203], [611.7290649414062, 828.7672729492188, 782.6088256835938, 1146.4688720703125], [340.7601623535156, 423.2574462890625, 459.9899597167969, 787.53076171875], [477.9669189453125, 614.4327392578125, 708.3043212890625, 793.9271240234375], [171.7948455810547, 483.8131408691406, 397.9468688964844, 684.7604370117188], [367.02264404296875, 1.021730661392212, 713.2114868164062, 390.6157248020172], [557.3753662109375, 425.4620666503906, 764.260498046875, 594.8777465820312], [327.2711486816406, 22.786087036132812, 449.2898254394531, 139.38267517089844], [658.2062377929688, 484.8798522949219, 739.6961059570312, 563.2120361328125], [486.547119140625, 498.35723876953125, 550.7094116210938, 563.457275390625], [314.9939270019531, 741.8985595703125, 363.0844421386719, 776.3659057617188], [59.97296905517578, 526.9030151367188, 132.861328125, 727.3565673828125], [508.99609375, 1003.7283935546875, 605.2866821289062, 1106.481201171875], [376.6564025878906, 1023.5866088867188, 483.7512512207031, 1124.0645751953125], [178.08773803710938, 1108.0616455078125, 233.67514038085938, 1133.7781982421875], [37.21272277832031, -1.066483736038208, 712.6444702148438, 391.8436279296875], [474.9116516113281, 414.0115661621094, 783.4351806640625, 602.3138427734375], [475.2176513671875, 600.7739868164062, 711.8294067382812, 795.0032348632812], [39.16068649291992, 413.8636779785156, 460.34136962890625, 793.4317626953125], [360.33929443359375, 814.578125, 782.126220703125, 1144.805908203125], [40.803504943847656, 817.9224243164062, 346.5860595703125, 1145.644775390625], [147, 607, 193, 660], [293, 153, 344, 207], [632, 496, 659, 524], [551, 472, 579, 500]], "labels": [0, 0, 0, 0, 0, 0, 0, 0, 1, 1, 1, 1, 1, 1, 1, 1, 2, 2, 2, 2, 2, 2, 3, 3, 3, 3], "image_id": 738}, "character_clusters": [0, 1, 0, 0, 0, 1, 0, 0], "text_char_matches": [[0, 1], [1, 7], [2, 7], [4, 5], [5, 5], [6, 5]], "text_tail_matches": [[0, 1], [1, 2], [2, 3], [4, 0]], "text_classification": [1, 1, 1, 0, 0, 1, 1, 0], "character_names": ["DENJI", "none", "DENJI", "DENJI", "DENJI", "none", "DENJI", "DENJI"]}