{"bbox_annotations": {"bboxes_as_x1y1x2y2": [[535.0963134765625, 241.0658721923828, 736.8455810546875, 372.054443359375], [96.57203674316406, 49.57316207885742, 251.07186889648438, 232.86889266967773], [269.8115234375, -0.31692349910736084, 743.1067504882812, 368.9171463251114], [495.71826171875, 459.84759521484375, 575.6572875976562, 569.6414794921875], [284.2238442822384, 468.301703163017, 372.9245742092457, 570.3552311435523], [303.27001953125, 193.2440948486328, 473.9502868652344, 331.521484375], [179.36827087402344, 0.3568417727947235, 259.5671081542969, 51.31121799349785], [143.9525146484375, 263.778076171875, 238.86056518554688, 334.0000915527344], [24.587169647216797, 274.1827697753906, 114.5710563659668, 342.94891357421875], [372.02227783203125, 586.9634399414062, 476.2279052734375, 690.6051635742188], [263.4756774902344, 0.41902148723602295, 741.5922241210938, 376.10968017578125], [6.088737487792969, -0.7079635858535767, 257.1052551269531, 375.0641784667969], [68.41715240478516, 403.9115905761719, 742.8084106445312, 750.5361938476562], [-3.882495403289795, 775.8737182617188, 739.2590942382812, 1140.5384521484375], [423, 121, 462, 158], [159, 165, 188, 213]], "labels": [0, 0, 0, 0, 0, 1, 1, 1, 1, 1, 2, 2, 2, 2, 3, 3], "image_id": 749}, "character_clusters": [0, 1, 2, 2, 1], "text_char_matches": [[0, 2], [2, 1], [3, 1], [4, 3]], "text_tail_matches": [[0, 0], [2, 1], [3, 1]], "text_classification": [1, 0, 1, 1, 1], "character_names": ["POCHITA", "DEBT COLLECTOR", "DENJI", "DENJI", "DEBT COLLECTOR"]}