{"bbox_annotations": {"bboxes_as_x1y1x2y2": [[377.3688659667969, 796.8362426757812, 660.3532104492188, 1144.09765625], [299.55615234375, 264.19464720194645, 433.5163269042969, 554.2703857421875], [107.13867950439453, 566.383544921875, 435.9581069946289, 754.8650512695312], [59.1338199513382, 277.54744525547443, 295.66909975669097, 494.05352798053525], [43.271095275878906, 0, 336.6812652068126, 249.16498947143555], [461.625304136253, 335.7274939172749, 623.1134643554688, 753.4679565429688], [43.33728790283203, 801.8081665039062, 205.52021026611328, 1144.7918701171875], [218.66281127929688, 871.2761840820312, 362.7872314453125, 1144.7132568359375], [593.2457420924574, 228.90510948905109, 745.8491484184914, 386.2773722627737], [668.9527587890625, 211.73722627737226, 739.9999389648438, 240.9918365478516], [335.40191650390625, 61.14883804321289, 428.1247863769531, 131.77048110961914], [298.69549560546875, 251.78627014160156, 430.6845397949219, 290.9002433090024], [269.4947814941406, 424.9166564941406, 359.15093994140625, 473.61846923828125], [624.7385864257812, 836.6539306640625, 763.1844482421875, 938.9933471679688], [630.528076171875, 1018.1951904296875, 749.3436279296875, 1117.4202880859375], [449.03106689453125, 1.0847569704055786, 781.5653076171875, 757.4879150390625], [44.50519943237305, 258.7151794433594, 436.2398986816406, 560.5330200195312], [39.77420425415039, 559.5248413085938, 435.8040771484375, 758.055419921875], [376.83184814453125, 792.3095092773438, 780.40380859375, 1143.4141845703125], [216.2064208984375, 790.95166015625, 366.7900085449219, 1145.843505859375], [43.31705856323242, 791.9125366210938, 211.976806640625, 1144.5213623046875], [367, 395, 391, 424], [547, 862, 599, 912]], "labels": [0, 0, 0, 0, 0, 0, 0, 0, 0, 1, 1, 1, 1, 1, 1, 2, 2, 2, 2, 2, 2, 3, 3], "image_id": 742}, "character_clusters": [0, 0, 0, 1, 1, 0, 0, 0, 1], "text_char_matches": [[3, 1], [1, 1], [4, 0], [5, 0]], "text_tail_matches": [[3, 0], [4, 1], [5, 1]], "text_classification": [0, 0, 0, 1, 1, 1], "character_names": ["DENJI", "DENJI", "DENJI", "POCHITA", "POCHITA", "DENJI", "DENJI", "DENJI", "POCHITA"]}