{"bbox_annotations": {"bboxes_as_x1y1x2y2": [[57.954551696777344, 748.2577514648438, 360.02852630615234, 1148.2381591796875], [385.8379211425781, 822.3860473632812, 687.6199340820312, 1118.577392578125], [285.24676513671875, 226.04379562043795, 471.16301703163015, 497.8686131386861], [480.7007299270073, 557.956204379562, 691.1275634765625, 720.6629028320312], [64.94078063964844, 228.43199157714844, 191.5025634765625, 499.4431610107422], [83.93187347931872, 536.0194647201946, 197.43065693430657, 722.0048661800486], [540.8696899414062, 116.39153289794922, 629.8421020507812, 152.6695098876953], [534.582275390625, 377.2242126464844, 647.65283203125, 428.2046203613281], [436.8272506082725, 500.6060485839844, 696.05712890625, 531.5873413085938], [347.07794189453125, 97.82754516601562, 422.03826904296875, 166.25428771972656], [71.73246002197266, 134.4817518248175, 158.5779571533203, 162.64732360839844], [392.0297546386719, 406.8930358886719, 443.1087951660156, 453.50396728515625], [307.1431579589844, 431.82073974609375, 378.3885192871094, 455.1614685058594], [180.07664489746094, 239.9573211669922, 259.13189697265625, 304.02716064453125], [163.26123046875, 319.8509521484375, 255.8297119140625, 382.65521240234375], [160.54055786132812, 426.98724365234375, 256.3888244628906, 462.47467041015625], [504.1230773925781, 581.038330078125, 621.0350952148438, 653.01318359375], [403.0000305175781, 556.2015380859375, 487.2603454589844, 582.2940063476562], [89.85289764404297, 648.1963500976562, 292.95516204833984, 670.473388671875], [415.963623046875, 754.5499877929688, 655.930419921875, 844.0109252929688], [223.9391632080078, 985.1344604492188, 329.1066589355469, 1063.316650390625], [98.61613464355469, 982.33349609375, 188.09957885742188, 1061.20263671875], [481.9114990234375, -0.7238993048667908, 693.9838256835938, 525.7914428710938], [-2.3199596405029297, 0.48261091113090515, 472.3216857910156, 218.3172149658203], [283.7775573730469, 221.6815948486328, 475.0793762207031, 501.19775390625], [-5.98025369644165, 229.63751220703125, 274.1958923339844, 506.875732421875], [-2.8647851943969727, 523.6864624023438, 691.4450073242188, 726.586181640625], [369.3377380371094, 748.7689208984375, 692.3062744140625, 1144.245361328125], [-0.2764549255371094, 745.5388793945312, 364.1883850097656, 1147.1136474609375], [133, 386, 166, 420], [204, 924, 239, 956]], "labels": [0, 0, 0, 0, 0, 0, 1, 1, 1, 1, 1, 1, 1, 1, 1, 1, 1, 1, 1, 1, 1, 1, 2, 2, 2, 2, 2, 2, 2, 3, 3], "image_id": 733}, "character_clusters": [0, 1, 0, 0, 0, 0], "text_char_matches": [[0, 2], [1, 2], [3, 2], [4, 2], [5, 2], [6, 2], [7, 4], [8, 4], [9, 4], [12, 5], [14, 0], [15, 0]], "text_tail_matches": [[7, 0], [8, 0], [9, 0], [14, 1], [15, 1]], "text_classification": [1, 1, 0, 1, 1, 1, 1, 1, 1, 1, 1, 0, 1, 0, 1, 1], "character_names": ["DENJI", "POCHITA", "DENJI", "DENJI", "DENJI", "DENJI"]}