{"bbox_annotations": {"bboxes_as_x1y1x2y2": [[69.03469848632812, 825.9659367396594, 307.1143552311436, 1140.593017578125], [497.80780029296875, 262.1033630371094, 776.91455078125, 805.2261657714844], [217.45985401459853, 562.7250608272506, 451.1338199513382, 1030.0729927007299], [13.35279805352798, 601.8296836982968, 247.02676399026763, 793.5377128953771], [1.9075425790754257, 648.5644768856447, 121.12895377128953, 828.8272506082724], [103.9610705596107, 384.3698296836983, 245.1192214111922, 557.956204379562], [72.48661800486617, 479.74695863746956, 237.4890510948905, 598.0145985401459], [15.260340632603405, 530.2968369829683, 212.69099756690997, 662.8710462287104], [9.537712895377128, 454.94890510948903, 128.75912408759123, 598.9683698296836], [181.21654501216543, 363.38686131386856, 244.1654501216545, 440.6423357664233], [66.7639902676399, 362.43309002433085, 377.69343065693425, 644.7493917274938], [0.9537712895377128, 195.52311435523114, 176.44768856447686, 514.0827250608272], [107.77615571776155, 0, 515.0364963503649, 622.8126520681265], [-9.537712895377128, 931.8345498783455, 62.94890510948905, 1146.4330900243308], [630.6214599609375, 105.99142456054688, 762.4601440429688, 191.1064453125], [594.0405883789062, 813.4796142578125, 743.980224609375, 1098.2510986328125], [392.17950439453125, 917.4163208007812, 512.5703735351562, 1105.63720703125], [1.766512393951416, 0.377066433429718, 784.9324340820312, 1145.0152587890625]], "labels": [0, 0, 0, 0, 0, 0, 0, 0, 0, 0, 0, 0, 0, 0, 1, 1, 1, 2], "image_id": 778}, "character_clusters": [0, 1, 2, 3, 4, 5, 6, 7, 8, 9, 10, 11, 12, 13], "text_char_matches": [], "text_tail_matches": [], "text_classification": [1, 1, 1], "character_names": ["none", "DEBT COLLECTOR", "none", "none", "none", "none", "none", "none", "none", "none", "none", "none", "none", "none"]}