{"bbox_annotations": {"bboxes_as_x1y1x2y2": [[560.2780151367188, 0.6110864877700806, 779.9014282226562, 242.84190618991852], [326.1897810218978, 0, 568.4476885644768, 251.7956204379562], [24.798053527980535, 53.41119221411192, 759.2019464720195, 757.2944038929439], [455.90267639902675, 152.60340632603405, 769.6934306569342, 621.8588807785887], [312.8369829683698, 578.9391727493917, 575.1240875912408, 907.0364963503648], [196.47688564476886, 865.0705596107056, 736.3114355231144, 1144.5255474452554], [142.1119221411192, 509.31386861313865, 493.09975669099754, 919.4355231143552], [40.786285400390625, 2.3122191429138184, 782.4622192382812, 1147.223876953125]], "labels": [0, 0, 0, 0, 0, 0, 0, 2], "image_id": 772}, "character_clusters": [0, 1, 2, 3, 4, 5, 6], "text_char_matches": [], "text_tail_matches": [], "text_classification": [], "character_names": ["none", "none", "DENJI", "none", "none", "none", "none"]}