{"bbox_annotations": {"bboxes_as_x1y1x2y2": [[447.0728454589844, 8.371232986450195, 747.4217529296875, 328.4008960723877], [133.56488037109375, 723.4291381835938, 259.7381896972656, 879.3019409179688], [77.36383056640625, 16.76551628112793, 448.71270751953125, 303.06580924987793], [522.4723510742188, 535.9981689453125, 741.0692749023438, 699.92578125], [111.99684143066406, 913.2635498046875, 624.9366607666016, 1142.158447265625], [346.859375, 707.1152954101562, 739.7886352539062, 880.2839965820312], [75.73171997070312, 367.2918701171875, 314.84991455078125, 604.8648071289062], [352.3016662597656, 369.2047424316406, 719.6233520507812, 516.62744140625], [623.68896484375, 413.3321838378906, 706.862548828125, 455.0019226074219], [369.4756164550781, 580.0421752929688, 472.4774169921875, 664.3731689453125], [-1.5356426239013672, 2.1347248554229736, 741.7232055664062, 333.5742492675781], [338.3351135253906, 358.91986083984375, 741.3443603515625, 526.97900390625], [339.5350036621094, 526.7993774414062, 745.308349609375, 704.1475830078125], [343.4945068359375, 702.1652221679688, 748.1752319335938, 884.310302734375], [71.84115600585938, 354.6723327636719, 315.65802001953125, 610.0281982421875], [22.194293975830078, 606.7891845703125, 331.35833740234375, 887.438232421875], [4.29360294342041, 908.0390625, 737.2622680664062, 1141.7525634765625], [489, 618, 539, 647]], "labels": [0, 0, 0, 0, 0, 0, 0, 0, 1, 1, 2, 2, 2, 2, 2, 2, 2, 3], "image_id": 743}, "character_clusters": [0, 0, 1, 0, 0, 1, 0, 1], "text_char_matches": [[1, 3], [0, 0]], "text_tail_matches": [[1, 0]], "text_classification": [1, 1], "character_names": ["DENJI", "DENJI", "POCHITA", "DENJI", "DENJI", "POCHITA", "DENJI", "POCHITA"]}