{"bbox_annotations": {"bboxes_as_x1y1x2y2": [[41.245521545410156, 837.6688232421875, 196.6551284790039, 1020.3817749023438], [153.55717761557176, 152.76861572265625, 355.7444763183594, 307.4463195800781], [320.63037109375, -0.6672881841659546, 598.2606811523438, 332.4375396966934], [42.3629150390625, 836.2762451171875, 214.60540771484375, 1021.2741088867188], [325.643798828125, 936.23828125, 736.3114355231144, 1143.633544921875], [413.9367396593674, 962.3552311435523, 560.8175182481751, 1080.6228710462287], [209.93814086914062, 29.36189842224121, 338.870361328125, 115.6220531463623], [140.72361755371094, 408.750244140625, 242.39076232910156, 432.1701965332031], [545.577392578125, 790.5626220703125, 669.8338012695312, 847.2363891601562], [326.9821472167969, 786.6675415039062, 487.84893798828125, 898.1884155273438], [42.257808685302734, 751.1181030273438, 216.08503341674805, 827.7732543945312], [78.16305541992188, 1022.019287109375, 211.8086395263672, 1124.7860107421875], [15.9082612991333, 2.0709478855133057, 742.00439453125, 343.4648132324219], [-1.6006441116333008, 358.67852783203125, 745.6303100585938, 688.69873046875], [266.9678649902344, 703.325927734375, 742.8063354492188, 1142.89501953125], [1.4444139003753662, 710.1561889648438, 259.4104309082031, 1143.8780517578125], [344, 76, 386, 103], [408, 927, 442, 966], [52, 867, 81, 918]], "labels": [0, 0, 0, 0, 0, 0, 1, 1, 1, 1, 1, 1, 2, 2, 2, 2, 3, 3, 3], "image_id": 739}, "character_clusters": [0, 1, 0, 0, 0, 1], "text_char_matches": [[0, 2], [3, 4], [2, 4], [4, 0], [5, 0]], "text_tail_matches": [[0, 0], [3, 1], [2, 1], [4, 2]], "text_classification": [1, 0, 1, 1, 1, 1], "character_names": ["DENJI", "POCHITA", "DENJI", "DENJI", "DENJI", "POCHITA"]}