{"bbox_annotations": {"bboxes_as_x1y1x2y2": [[601.6964111328125, 1024.9739990234375, 666.767578125, 1109.1507568359375], [588.5522352529558, 1095.5922925814516, 643.5802503896746, 1146.599983011139], [272.873779296875, 1113.7589111328125, 318.4256286621094, 1143.5406494140625], [418.00634765625, 1085.8175048828125, 498.3653869628906, 1149.5694580078125], [66.6458511352539, 1090.1507568359375, 156.94308471679688, 1145.2010498046875], [378.647201946472, 786.8613138686131, 531.250608272506, 957.5863746958637], [220.73306274414062, 1092.462158203125, 287.5190734863281, 1143.9432373046875], [542.8214721679688, 1113.7176513671875, 588.3602294921875, 1147.232421875], [-1.294074535369873, 1045.160400390625, 72.359459400177, 1144.07177734375], [647.4415893554688, 1042.2568359375, 737.373291015625, 1143.7113037109375], [127.72953796386719, 777.6737670898438, 282.8979797363281, 1132.1719970703125], [133.7367401123047, 1080.21240234375, 215.84449768066406, 1143.1817626953125], [0, -1.0760555267333984, 741.4325561523438, 388.0341739654541], [693.0231323242188, 1043.0560302734375, 738.384765625, 1101.54931640625], [0.49019813537597656, 356.7026672363281, 538.5979862213135, 746.7550659179688], [492.5812683105469, 1100.50341796875, 550.7152099609375, 1143.89453125], [321.4613037109375, 1093.76318359375, 418.39794921875, 1144.4517822265625], [671.4549878345498, 983.3381995133819, 739.1727493917274, 1071.0851581508516], [656.1946472019464, 914.6666666666666, 737.265206812652, 998.5985401459853], [588.2420043945312, 496.05950927734375, 678.39501953125, 595.98486328125], [410.1417236328125, 521.767333984375, 558.4977416992188, 632.20703125], [128.24940490722656, 580.4693603515625, 247.35479736328125, 697.0431518554688], [-0.7799477577209473, 2.0363292694091797, 741.691162109375, 397.54168701171875], [1.4268317222595215, 333.52801513671875, 741.1941528320312, 750.0022583007812], [-3.4216437339782715, 753.8758544921875, 732.5474853515625, 1142.5577392578125], [336, 507, 404, 552], [190, 528, 221, 561]], "labels": [0, 0, 0, 0, 0, 0, 0, 0, 0, 0, 0, 0, 0, 0, 0, 0, 0, 0, 0, 1, 1, 1, 2, 2, 2, 3, 3], "image_id": 773}, "character_clusters": [0, 1, 2, 3, 4, 5, 6, 7, 8, 9, 10, 11, 5, 12, 10, 13, 14, 15, 16], "text_char_matches": [[1, 14], [2, 14], [0, 14]], "text_tail_matches": [[0, 0], [1, 0], [2, 1]], "text_classification": [1, 1, 1], "character_names": ["none", "none", "none", "none", "none", "DENJI", "none", "none", "none", "none", "ZOMBIE DEVIL", "none", "DENJI", "none", "ZOMBIE DEVIL", "none", "none", "none", "none"]}