{"bbox_annotations": {"bboxes_as_x1y1x2y2": [[498.7408447265625, 536.9797973632812, 784.0884399414062, 782.5155029296875], [47.74445724487305, 812.7110595703125, 452.0875912408759, 1074.7769775390625], [95.37712895377129, 49.59610705596107, 749.5581665039062, 477.06726074218756], [57.22627737226277, 531.250608272506, 480.37780761718744, 783.3306884765625], [394.2083740234375, 812.1077880859375, 789.1322631835938, 1076.6734619140625], [291.8540145985401, 53.41119221411192, 517.8978102189781, 304.2530413625304], [671.9775390625, 577.0123901367188, 768.1972045898438, 619.9080200195312], [106.26873779296875, 574.55126953125, 224.6336212158203, 684.3443603515625], [648.9882202148438, 838.7963256835938, 741.1170654296875, 951.0626220703125], [46.35393524169922, 2.8788254261016846, 785.1925659179688, 500.71044921875], [495.4322814941406, 529.0984497070312, 784.2477416992188, 785.3297119140625], [40.721214294433594, 527.4877319335938, 484.27154541015625, 786.943603515625], [392.4863586425781, 808.6458129882812, 785.8902587890625, 1077.9798583984375], [42.402198791503906, 804.91015625, 383.6946105957031, 1079.7969970703125], [594, 918, 634, 950], [649, 634, 680, 660], [226, 631, 278, 670]], "labels": [0, 0, 0, 0, 0, 0, 1, 1, 1, 2, 2, 2, 2, 2, 3, 3, 3], "image_id": 764}, "character_clusters": [0, 1, 0, 1, 0, 1], "text_char_matches": [[0, 0], [1, 3], [2, 4]], "text_tail_matches": [[0, 1], [1, 2], [2, 0]], "text_classification": [1, 0, 1], "character_names": ["DENJI", "POCHITA", "DENJI", "POCHITA", "DENJI", "POCHITA"]}