{"bbox_annotations": {"bboxes_as_x1y1x2y2": [[162.2644805908203, 806.0928955078125, 288.1297607421875, 1073.0526123046875], [444.6678466796875, 391.9821472167969, 572.9195556640625, 495.8111572265625], [276.67718505859375, 318.7344970703125, 442.3731689453125, 641.7926025390625], [507.4063260340632, 705.7907542579075, 609.4598540145985, 917.5279805352798], [88.70072992700729, 22.89051094890511, 738.2189781021897, 160.23357664233575], [369.3040466308594, 124.22016906738281, 479.41900634765625, 149.0913543701172], [343.7830505371094, 761.7462158203125, 464.2637634277344, 880.6143188476562], [582.0115966796875, 1004.6082763671875, 720.0364379882812, 1132.304443359375], [325.5677185058594, 1029.8785400390625, 443.37408447265625, 1129.5657958984375], [73.55364990234375, 16.308242797851562, 739.0560913085938, 262.4912109375], [0.4926280975341797, 282.2142333984375, 742.4312133789062, 690.896728515625], [309.9768981933594, 702.8152465820312, 740.8531494140625, 929.3465576171875], [310.27984619140625, 941.3409423828125, 743.1283569335938, 1143.851318359375], [-1.3450891971588135, 705.2662963867188, 289.8230285644531, 1071.9078369140625], [467, 847, 503, 876]], "labels": [0, 0, 0, 0, 1, 1, 1, 1, 1, 2, 2, 2, 2, 2, 3], "image_id": 741}, "character_clusters": [0, 1, 0, 1], "text_char_matches": [[2, 3], [3, 3], [4, 3]], "text_tail_matches": [[2, 0]], "text_classification": [0, 0, 1, 1, 1], "character_names": ["DENJI", "DEBT COLLECTOR", "DENJI", "DEBT COLLECTOR"]}