{"bbox_annotations": {"bboxes_as_x1y1x2y2": [[417.75182481751824, 381.07550048828125, 783.3851318359375, 598.9683698296836], [159.27980535279804, 626.2387084960938, 571.30900243309, 758.2481751824816], [92.72782135009766, 183.95779418945312, 312.3240737915039, 341.27740478515625], [44.3418083190918, 822.1508515815085, 373.8783454987834, 1143.75830078125], [42.40471267700195, 379.60097323600974, 139.03802871704102, 599.3206787109375], [278.50121654501214, 821.2029418945312, 660.9260864257812, 1143.4886474609375], [51.503649635036496, 666.9102172851562, 709.0479736328126, 795.17529296875], [316.3053894042969, 8.538302421569824, 782.74267578125, 345.00720500946045], [152.60340632603405, 376.7396593673966, 397.7226277372263, 598.9683698296838], [378.2435302734375, 42.844383239746094, 457.4381408691406, 117.90640258789062], [414.2066650390625, 399.0517883300781, 556.3016967773438, 508.6723327636719], [282.1121826171875, 489.03863525390625, 411.4110412597656, 579.9417114257812], [483.901123046875, 783.3280639648438, 546.0751342773438, 813.9828491210938], [591.2637939453125, 848.0091552734375, 707.6707763671875, 947.1497192382812], [246.95518493652344, 857.9987182617188, 370.2400207519531, 907.873046875], [39.54560089111328, 0.45073941349983215, 779.0582275390625, 347.4538269042969], [96.39723205566406, 374.90789794921875, 783.9627075195312, 604.2989501953125], [41.582942962646484, 375.8988952636719, 142.9767303466797, 605.4424438476562], [40.27788543701172, 616.497802734375, 710.771240234375, 800.2433471679688], [37.619014739990234, 818.3541259765625, 780.1239013671875, 1140.4237060546875], [374, 930, 417, 956], [466, 120, 503, 153], [562, 489, 608, 527]], "labels": [0, 0, 0, 0, 0, 0, 0, 0, 0, 1, 1, 1, 1, 1, 1, 2, 2, 2, 2, 2, 3, 3, 3], "image_id": 744}, "character_clusters": [0, 1, 1, 1, 1, 0, 0, 0, 1], "text_char_matches": [[0, 7], [1, 0], [2, 0], [4, 5], [5, 5]], "text_tail_matches": [[0, 1], [1, 2], [2, 2], [5, 0]], "text_classification": [1, 1, 1, 0, 1, 1], "character_names": ["DENJI", "POCHITA", "POCHITA", "POCHITA", "POCHITA", "DENJI", "DENJI", "DENJI", "POCHITA"]}