{"bbox_annotations": {"bboxes_as_x1y1x2y2": [[60.391849517822266, 14.259969711303711, 734.6032752990723, 1086.7472743988037], [101.0997566909976, 347.1727493917275, 548.4184914841849, 761.1094890510949], [40.57380294799805, 0.6634321808815002, 777.3942260742188, 1145.5299072265625]], "labels": [0, 0, 2], "image_id": 756}, "character_clusters": [0, 1], "text_char_matches": [], "text_tail_matches": [], "text_classification": [], "character_names": ["DENJI", "POCHITA"]}