{"bbox_annotations": {"bboxes_as_x1y1x2y2": [[64.7145308520092, 685.7615571776155, 357.6642335766423, 929.9270072992699], [549.663818359375, 582.7916259765625, 777.3433837890625, 809.8256225585938], [46.73479318734793, 0.48242324590682983, 783.0462287104623, 489.2846715328467], [122.08272506082724, 804.9829683698297, 441.59610705596106, 1138.802919708029], [319.5133819951338, 789.7226277372263, 603.7372262773722, 1140.7104622871045], [504.5450121654501, 896.5450121654501, 730.5888077858881, 1142.61800486618], [494.05352798053525, 710.559610705596, 784.9537712895376, 936.603406326034], [643.7956204379561, 444.4574209245742, 783.0462287104622, 615.1824817518248], [45.78102189781022, 899.4063260340632, 138.2968369829684, 1143.5717761557178], [186.16566467285156, 33.97224044799805, 343.3905334472656, 161.7074851989746], [575.9987758812823, 393.3587178696681, 657.1484184914841, 426.28736777201186], [58.52113342285156, 146.35226440429688, 185.0848388671875, 230.86660766601562], [620.9013061523438, 914.0816040039062, 706.1072998046875, 950.01953125], [129.71289537712894, 896.5450121654501, 237.4890510948905, 1013.8588807785887], [45.21580123901367, 0.008633285760879517, 779.8164672851562, 496.6949157714844], [47.483612060546875, 453.2279052734375, 778.7904663085938, 1147.5303955078125], [338, 158, 415, 206]], "labels": [0, 0, 0, 0, 0, 0, 0, 0, 0, 1, 1, 1, 1, 1, 2, 2, 3], "image_id": 770}, "character_clusters": [0, 1, 2, 3, 4, 5, 6, 7, 8], "text_char_matches": [[0, 2], [2, 2]], "text_tail_matches": [[0, 0], [2, 0]], "text_classification": [1, 0, 1, 0, 0], "character_names": ["none", "none", "DENJI", "none", "none", "none", "none", "none", "none"]}