{"bbox_annotations": {"bboxes_as_x1y1x2y2": [[157.2200164794922, 589.5427856445312, 341.8578796386719, 847.3395385742188], [146.13124084472656, 119.67570495605469, 257.6115417480469, 395.2238006591797], [36.678802490234375, 93.5150375366211, 167.2609100341797, 401.87853240966797], [28.46613121032715, 411.9918212890625, 317.4117488861084, 557.068603515625], [367.44732666015625, 82.52056121826172, 669.2053833007812, 809.6383590698242], [213.0984344482422, 84.8812026977539, 340.40179443359375, 401.5517044067383], [63.64682388305664, 602.7922973632812, 167.72214126586914, 848.5700073242188], [0.5726299285888672, 890.7137451171875, 225.05535697937012, 1140.404541015625], [357.6642335766423, 649.5182481751824, 508.36009732360094, 764.9245742092456], [357.6642335766423, 701.0218978102189, 736.3114355231144, 848.8564476885643], [355.75669099756686, 885.0997566909975, 543.6496350364963, 1137.8491484184915], [87.5221176147461, 280.4480895996094, 171.254150390625, 351.1252746582031], [161.68280029296875, 763.51611328125, 239.30972290039062, 802.656494140625], [545.81640625, 934.2882690429688, 704.4898681640625, 1008.3704223632812], [266.0806884765625, 1030.7861328125, 402.8934326171875, 1103.6640625], [353.7120361328125, -11.237603187561035, 739.3272094726562, 850.8761596679688], [1.29097580909729, 69.27249908447266, 340.68017578125, 402.836669921875], [1.344785451889038, 406.2004699707031, 343.7843017578125, 571.63232421875], [-3.1239850521087646, 581.81396484375, 342.7113952636719, 854.3419189453125], [234.9392852783203, 884.1806030273438, 738.6453247070312, 1141.851806640625], [-0.6570477485656738, 882.5452270507812, 227.2145233154297, 1141.666748046875], [87, 215, 113, 261], [521, 1033, 549, 1063], [149, 704, 184, 742], [423, 1104, 459, 1129]], "labels": [0, 0, 0, 0, 0, 0, 0, 0, 0, 0, 0, 1, 1, 1, 1, 2, 2, 2, 2, 2, 2, 3, 3, 3, 3], "image_id": 781}, "character_clusters": [0, 1, 2, 1, 0, 3, 1, 0, 4, 5, 1], "text_char_matches": [[0, 2], [1, 6], [2, 10], [3, 10]], "text_tail_matches": [[0, 0], [2, 1], [3, 3], [1, 2]], "text_classification": [1, 1, 1, 1], "character_names": ["DENJI", "MAKIMA", "none", "MAKIMA", "DENJI", "none", "MAKIMA", "DENJI", "none", "none", "MAKIMA"]}