{"bbox_annotations": {"bboxes_as_x1y1x2y2": [[69.62530413625304, 5.722627737226279, 715.3284671532846, 783.0462287104623], [91.93927764892578, 851.3571166992188, 738.4039993286133, 1143.9619140625], [188.84671532846716, 259.4257907542579, 510.26763990267636, 504.5450121654501], [3.4017601013183594, 4.16724967956543, 737.374755859375, 816.3548583984375], [-2.2996320724487305, 848.53466796875, 739.228271484375, 1143.2974853515625]], "labels": [0, 0, 0, 2, 2], "image_id": 763}, "character_clusters": [0, 0, 1], "text_char_matches": [], "text_tail_matches": [], "text_classification": [], "character_names": ["DENJI", "DENJI", "POCHITA"]}