{"bbox_annotations": {"bboxes_as_x1y1x2y2": [[55.318734793187346, 714.3746958637469, 741.1903076171875, 1144.62451171875], [342.991455078125, 425.6219482421875, 683.8540145985401, 722.0048661800486], [57.486106872558594, 454.6205749511719, 320.7275924682617, 773.508515815085], [190.23529052734375, 14.306569343065693, 736.3114355231143, 425.3540802001953], [580.75439453125, 15.260340632603405, 740.890625, 378.1980266571045], [1.0933544635772705, 55.73344039916992, 237.52296566963196, 456.0869560241699], [299.4841849148418, 317.60583941605836, 545.5571776155717, 430.1508515815085], [152.60340632603405, 763.0170316301703, 557.0024330900243, 1143.5717761557178], [521.9727172851562, 26.994651794433594, 671.96826171875, 138.8220977783203], [146.41285705566406, 23.877151489257812, 249.0167999267578, 133.09388732910156], [632.3130493164062, 792.6884765625, 704.2531127929688, 835.3291625976562], [-1.4411077499389648, 1.6521481275558472, 737.8765258789062, 461.2453918457031], [3.503701686859131, 393.1646423339844, 741.6881713867188, 1139.0953369140625]], "labels": [0, 0, 0, 0, 0, 0, 0, 0, 1, 1, 1, 2, 2], "image_id": 777}, "character_clusters": [0, 1, 2, 0, 3, 4, 5, 6], "text_char_matches": [[1, 3], [0, 3]], "text_tail_matches": [], "text_classification": [1, 1, 0], "character_names": ["DENJI", "none", "none", "DENJI", "none", "none", "none", "none"]}