{"bbox_annotations": {"bboxes_as_x1y1x2y2": [[45.20844268798828, 954.6033325195312, 308.8117141723633, 1143.8411865234375], [504.4488830566406, 457.031494140625, 788.3507690429688, 907.8020629882812], [50.162784576416016, 617.9923095703125, 454.7657814025879, 923.9735717773438], [61.548885345458984, 2.7291078567504883, 617.7358360290527, 398.24689960479736], [593.7050170898438, 334.0867919921875, 671.16748046875, 365.2801818847656], [466.74017333984375, 698.9251708984375, 553.8970947265625, 841.4879150390625], [393.310676370514, 1092.0681265206813, 473.0705596107056, 1135.584537106999], [41.85285186767578, -0.013342350721359253, 783.3904418945312, 431.6658020019531], [462.24334716796875, 442.0830993652344, 783.9291381835938, 920.8800659179688], [44.89436721801758, 401.016845703125, 447.598388671875, 613.4523315429688], [43.19096374511719, 612.4395751953125, 448.49530029296875, 922.9109497070312], [318.74847412109375, 942.7220458984375, 714.0597534179688, 1145.5323486328125], [41.67021942138672, 944.177978515625, 311.6098327636719, 1140.9833984375], [540, 709, 572, 744]], "labels": [0, 0, 0, 0, 1, 1, 1, 2, 2, 2, 2, 2, 2, 3], "image_id": 748}, "character_clusters": [0, 1, 0, 0], "text_char_matches": [], "text_tail_matches": [[1, 0]], "text_classification": [0, 0, 0], "character_names": ["DENJI", "POCHITA", "DENJI", "DENJI"]}