{"bbox_annotations": {"bboxes_as_x1y1x2y2": [[186.43309020996094, 184.99209594726562, 671.5276947021484, 922.4400939941406], [0.6810799241065979, 235.55984497070312, 242.04208761453629, 924.5222473144531], [745.587646484375, 533.2467651367188, 1278.7633056640625, 2082.1032104492188], [19.705516815185547, 936.9284057617188, 734.0947380065918, 2099.2042846679688], [754.25, 917, 1032.5, 1468.25], [782.25, 101.5, 1070.2843017578125, 546.0432815551758], [564.2103881835938, 1064.1619873046875, 689.4097900390625, 1251.7301025390625], [737.8199462890625, -13.069849967956543, 1277.5611572265625, 2086.0712890625], [-4.481828212738037, -0.914803147315979, 735.2105102539062, 924.315673828125], [-1.8781721591949463, 916.5344848632812, 726.8867797851562, 2098.7529296875], [587, 1357, 666, 1418]], "labels": [0, 0, 0, 0, 0, 1, 1, 2, 2, 2, 3], "image_id": 457}, "character_clusters": [0, 1, 0, 1, 1], "text_char_matches": [[1, 3]], "text_tail_matches": [[1, 0]], "text_classification": [0, 1], "character_names": ["Tanjiro Kamado", "Sakonji Urokodaki", "Tanjiro Kamado", "Sakonji Urokodaki", "Sakonji Urokodaki"]}