{"bbox_annotations": {"bboxes_as_x1y1x2y2": [[869.9019165039062, 1603, 1206.062255859375, 2098.427490234375], [1114.2470703125, 1596, 1368.5, 2098.05322265625], [364.5161437988281, 971.25, 520.0158081054688, 1352.4287109375], [554.784423828125, 1169, 685.435791015625, 1355.7325439453123], [979.8162231445312, 972.3736572265625, 1099.0, 1226.75], [402.99261474609375, 179.21542358398438, 1358.958740234375, 803.4794616699219], [851.4378051757812, 1086.2691650390625, 1001.0, 1355.8515625], [1152.4837646484375, 1206.923828125, 1258.58203125, 1355.0634765625], [327.25, 1422.474853515625, 839.2046813964844, 2100.31982421875], [122.5, 899.5, 236.5046844482422, 1320.5537109375], [1219.009521484375, 418.3006591796875, 1343.1627197265625, 568.1265258789062], [996.63330078125, 581.8189086914062, 1200.070556640625, 730.093505859375], [158.4541473388672, 556.5, 378.0, 705.25], [1123.6475830078125, 958.3560180664062, 1305.77490234375, 1035.720703125], [726.5624389648438, 885.7372436523438, 854.4537353515625, 1085.0], [490.3536071777344, 941.5, 665.6371459960938, 1072.75], [184.13961791992188, 1175.0340576171875, 343.9365539550781, 1307.924560546875], [1193.6063232421875, 1508.2044677734375, 1324.307373046875, 1612.47607421875], [1042.790771484375, 1494.5, 1135.904052734375, 1598.99267578125], [880.0604248046875, 1463.5631103515625, 991.0786743164062, 1565.099609375], [867.9620361328125, 1683.736083984375, 998.902099609375, 1830.613525390625], [676.1488037109375, 1543.23486328125, 816.9613037109375, 1657.1256103515625], [233.3455810546875, 1475.8402099609375, 356.98919677734375, 1628.0572509765625], [160.28497314453125, 1738.3575439453125, 301.6671447753906, 1892.6192626953125], [126.57466125488281, 170.5999298095703, 1391.3592529296875, 805.4703369140625], [698.5145263671875, 850.1799926757812, 1400.474365234375, 1366.3427734375], [116.21565246582031, 855.0444946289062, 690.1373901367188, 1363.8397216796875], [854.4545288085938, 1408.705322265625, 1363.2852783203125, 2097.117919921875], [116.9233169555664, 1410.9176025390625, 843.2051391601562, 2097.09375], [1170, 1144, 1236, 1194], [1255, 1687, 1290, 1738], [442, 936, 492, 972], [799, 1106, 846, 1146], [973, 1818, 1037, 1853], [362, 737, 422, 776], [201.25, 1951.25, 260.75, 2012.5]], "labels": [0, 0, 0, 0, 0, 0, 0, 0, 0, 0, 1, 1, 1, 1, 1, 1, 1, 1, 1, 1, 1, 1, 1, 1, 2, 2, 2, 2, 2, 3, 3, 3, 3, 3, 3, 3], "image_id": 434}, "character_clusters": [0, 1, 0, 2, 1, 1, 0, 2, 1, 1], "text_char_matches": [[0, 5], [1, 5], [2, 5], [3, 6], [4, 6], [5, 9], [6, 2], [7, 1], [9, 0], [10, 0], [11, 8], [12, 0], [13, 0]], "text_tail_matches": [[2, 5], [3, 0], [4, 3], [5, 2], [7, 1], [9, 4], [10, 4], [13, 6], [12, 6]], "text_classification": [1, 1, 1, 1, 1, 1, 1, 1, 0, 1, 1, 1, 1, 1], "character_names": ["none", "Tanjiro Kamado", "none", "none", "Tanjiro Kamado", "Tanjiro Kamado", "none", "none", "Tanjiro Kamado", "Tanjiro Kamado"]}