{"bbox_annotations": {"bboxes_as_x1y1x2y2": [[854.33349609375, 1668.41064453125, 1075.24853515625, 1985.531494140625], [299.9215087890625, 1809.5, 517.7979736328125, 1985.061767578125], [-7.39874267578125, 17.5, 919.9390869140625, 623.0], [486.5, 684.25, 1233.75, 1258.25], [-5.178814888000488, 1061.6751708984375, 980.7946348190308, 1562.8641357421875], [767.9298095703125, 1864.6318359375, 962.0061645507812, 2004.3985595703125], [787.1436767578125, 1091.0321044921875, 1200.0482177734375, 1516.1131591796875], [1108.1044921875, 215.04454040527344, 1185.372802734375, 257.0566101074219], [738.5, 75.25, 1055.25, 479.5], [1056.5386962890625, 408.12261962890625, 1205.8162841796875, 445.6494445800781], [0, 602, 672, 1233.75], [1128.75, 1676.5, 1181.25, 1786.75], [0, 1494.5, 672, 1988.0], [0.6712019443511963, 3.9658472537994385, 1276.713623046875, 630.2866821289062], [-8.221107482910156, 674.3817138671875, 1253.3924560546875, 1565.7392578125], [-5.549735069274902, 1618.9605712890625, 1281.962890625, 2101.170166015625], [954, 511, 1066, 559]], "labels": [0, 0, 0, 0, 0, 0, 0, 1, 1, 1, 1, 1, 1, 2, 2, 2, 3], "image_id": 447}, "character_clusters": [0, 1, 2, 0, 1, 2, 2], "text_char_matches": [[0, 2], [2, 2]], "text_tail_matches": [[0, 0], [2, 0]], "text_classification": [1, 0, 1, 0, 1, 0], "character_names": ["Nezuko Kamado", "Temple Demon", "Tanjiro Kamado", "Nezuko Kamado", "Temple Demon", "Tanjiro Kamado", "Tanjiro Kamado"]}