{"bbox_annotations": {"bboxes_as_x1y1x2y2": [[603.75, 848.75, 892.5, 1539.2159423828125], [474.48065185546875, 1612.1226806640625, 1184.1187744140625, 2102.721923828125], [367.5, 891.1243286132812, 580.2703857421875, 1363.6575927734375], [582.6879272460938, 145.22450256347656, 798.0, 551.25], [110.9968490600586, 1614.459716796875, 519.6659469604492, 2102.8583984375], [829.6240234375, 103.25, 1393.9378662109375, 635.585205078125], [265.5310363769531, 174.6018829345703, 652.75, 584.5], [731.5, 699.79248046875, 1314.211669921875, 1548.75], [141.75, 1009.75, 406.0, 1181.25], [1233.8759765625, 195.84439086914062, 1329.1185302734375, 228.66014099121094], [1062.3472900390625, 205.27926635742188, 1161.693359375, 238.96774291992188], [848.6689453125, 214.18186950683594, 944.3909301757812, 289.0824890136719], [733.7083740234375, 175.16030883789062, 814.2586059570312, 224.52444458007812], [121.34931945800781, 39.30911636352539, 533.1790313720703, 278.6538429260254], [1169.417236328125, 864.7274780273438, 1397.900146484375, 1152.274169921875], [1205.75, 1327.318359375, 1328.25, 1366.75], [171.5, 694.75, 463.75, 894.9024658203125], [122.5, 1282.75, 361.96594238281256, 1492.75], [1149.75, 1693.62939453125, 1284.682861328125, 1769.25], [829.1925659179688, 1.5981048345565796, 1396.7139892578125, 630.8357543945312], [112.7666015625, -0.2332538366317749, 820.3519897460938, 641.1159057617188], [592.710205078125, 688.9622192382812, 1399.424072265625, 1553.19677734375], [112.14252471923828, 686.138916015625, 587.1941528320312, 1558.196533203125], [119.85713195800781, 1601.697265625, 1405.285888671875, 2094.8134765625], [731, 230, 771, 271], [952, 183, 987, 234], [1046, 131, 1090, 175], [1186, 135, 1247, 212]], "labels": [0, 0, 0, 0, 0, 0, 0, 0, 0, 1, 1, 1, 1, 1, 1, 1, 1, 1, 1, 2, 2, 2, 2, 2, 3, 3, 3, 3], "image_id": 438}, "character_clusters": [0, 1, 0, 0, 0, 1, 1, 1, 1], "text_char_matches": [[0, 3], [1, 3], [2, 3], [9, 4]], "text_tail_matches": [[0, 3], [1, 2], [2, 1], [3, 0]], "text_classification": [1, 1, 1, 1, 0, 0, 1, 0, 0, 1], "character_names": ["Tanjiro Kamado", "Nezuko Kamado", "Tanjiro Kamado", "Tanjiro Kamado", "Tanjiro Kamado", "Nezuko Kamado", "Nezuko Kamado", "Nezuko Kamado", "Nezuko Kamado"]}