{"bbox_annotations": {"bboxes_as_x1y1x2y2": [[122.5, 1264.3763427734375, 1081.5, 2102.166015625], [430.5, 71.29637908935547, 849.6504516601562, 674.2322311401367], [127.70008087158203, 2.819542646408081, 558.0207595825195, 693.0967643260956], [747.5855102539062, 194.43319702148438, 1398.25, 651.2431640625], [498.75, 1188.25, 1398.25, 2094.5146484375], [129.04672241210938, 708.2417602539062, 1212.6183776855469, 1114.90185546875], [127.38104248046875, 733.9107055664062, 733.8108520507812, 1102.3604736328125], [785.75, 722.75, 1398.25, 1118.25], [866.25, 47.25, 1198.75, 400.75], [777, 649.25, 1351, 1146.25], [238, 1769.25, 544.25, 2023.0], [120.90801239013672, -1.1869221925735474, 1405.1705322265625, 697.245361328125], [121.92293548583984, 667.4619140625, 1400.9957275390625, 1128.197265625], [114.1233139038086, 1165.7333984375, 1390.556884765625, 2096.10400390625]], "labels": [0, 0, 0, 0, 0, 0, 0, 0, 1, 1, 1, 2, 2, 2], "image_id": 450}, "character_clusters": [0, 0, 1, 1, 1, 2, 1, 0], "text_char_matches": [], "text_tail_matches": [], "text_classification": [0, 0, 0], "character_names": ["Tanjiro Kamado", "Tanjiro Kamado", "Temple Demon", "Temple Demon", "Temple Demon", "none", "Temple Demon", "Tanjiro Kamado"]}