{"bbox_annotations": {"bboxes_as_x1y1x2y2": [[579.0734252929688, 911.3761596679688, 990.1802978515625, 1353.4775390625], [834.0443725585938, 1655.333984375, 1048.829833984375, 2062.14501953125], [1134, 1699.25, 1398.25, 2098.25], [612.19482421875, 106.64698028564453, 988.653076171875, 460.46244049072266], [115.5, 0, 554.4771575927734, 1350.0895195007326], [1004.5, 0, 1398.3760986328125, 1361.6313109397888], [180.641357421875, 1513.75, 348.4780578613281, 1993.453369140625], [963.0626220703125, 1853.751708984375, 1226.982666015625, 2100.3955078125], [806.75, 484.75, 988.75, 647.5], [715.75, 491.75, 999.25, 743.75], [572.25, 490, 770.0, 770], [182, 1538.25, 227.5, 1687.0], [799.75, 1865.5, 1095.5, 2019.5], [1043, 964.25, 1324.75, 1148.0], [577.5, 974.75, 705.25, 1240.75], [647.5, 1165.5, 770.0, 1352.75], [446.25, 252, 484.75, 274.75], [427.9234619140625, 617.152099609375, 541.5554809570312, 662.53955078125], [158.8306427001953, 1141.6524658203125, 346.71990966796875, 1231.0892333984375], [723.1152954101562, 1468.429443359375, 857.5, 1627.5], [1009.8101806640625, 0.5821019411087036, 1396.136962890625, 1352.5753173828125], [557.5897827148438, -0.46719610691070557, 994.030517578125, 467.4952392578125], [561.1250610351562, 468.45440673828125, 996.470458984375, 897.324951171875], [561.032470703125, 895.5975952148438, 993.1935424804688, 1358.8343505859375], [113.25415802001953, -21.324045181274414, 546.156005859375, 1362.5240478515625], [116.03861999511719, 1405.00146484375, 1405.482421875, 2101.223388671875], [826, 1685, 894, 1734], [440, 363, 491, 437], [412, 760, 455, 798], [138, 980, 182, 1046]], "labels": [0, 0, 0, 0, 0, 0, 0, 0, 0, 0, 0, 0, 0, 1, 1, 1, 1, 1, 1, 1, 2, 2, 2, 2, 2, 2, 3, 3, 3, 3], "image_id": 442}, "character_clusters": [0, 1, 2, 0, 1, 3, 3, 4, 2, 4, 5, 0, 5], "text_char_matches": [[0, 5], [3, 4], [4, 4], [5, 4], [6, 1]], "text_tail_matches": [[3, 1], [4, 2], [5, 3], [6, 0]], "text_classification": [1, 0, 0, 1, 1, 1, 1], "character_names": ["Nezuko Kamado", "Temple Demon", "none", "Nezuko Kamado", "Temple Demon", "Tanjiro Kamado", "Tanjiro Kamado", "none", "none", "none", "none", "Nezuko Kamado", "none"]}