{"bbox_annotations": {"bboxes_as_x1y1x2y2": [[772.4348754882812, 1258.5306396484375, 953.846923828125, 1444.068603515625], [752.6469116210938, 1510.9002685546875, 1230.5904541015625, 2103.82763671875], [163.53736877441406, 1505.715576171875, 576.2263946533203, 1983.34130859375], [10.522979736328125, 193.28065490722656, 497.0, 1083.6912994384766], [462, 285.25, 1121.75, 1100.75], [168, 36.75, 1211, 451.5], [1057, 477.75, 1382.5, 939.75], [1084.0037841796875, 1366.8331298828125, 1255.297607421875, 1407.8843994140625], [662.1439819335938, 1186.5634765625, 790.0665893554688, 1373.617431640625], [635.25, 1645, 876.75, 2016], [203, 1165.587890625, 534.1881256103516, 1446.79931640625], [66.5, 1827.0025634765625, 168.56753540039062, 1883.0], [-5.035579204559326, -4.823666572570801, 1294.65576171875, 1111.055419921875], [651.1210327148438, 1143.292724609375, 1286.610595703125, 2096.5830078125], [-6.590500354766846, 1114.8392333984375, 630.058837890625, 2095.655029296875], [736, 1365, 816, 1432]], "labels": [0, 0, 0, 0, 0, 1, 1, 1, 1, 1, 1, 1, 2, 2, 2, 3], "image_id": 453}, "character_clusters": [0, 1, 0, 1, 0], "text_char_matches": [[2, 1], [3, 0], [5, 2], [6, 2]], "text_tail_matches": [[3, 0]], "text_classification": [0, 0, 1, 1, 0, 1, 1], "character_names": ["Temple Demon", "Tanjiro Kamado", "Temple Demon", "Tanjiro Kamado", "Temple Demon"]}