{"bbox_annotations": {"bboxes_as_x1y1x2y2": [[931.07177734375, 367.5, 1133.6783447265625, 750.75], [312.53741455078125, 1453.3157958984375, 1332.095458984375, 2105.121337890625], [127.75, 836.1441040039062, 523.25, 1393.97265625], [343, 236.98361206054688, 567, 742.8221435546875], [841.002197265625, 866.0132446289062, 1237.5736083984375, 1387.434326171875], [176.75, 260.4296569824219, 336.2892761230469, 456.75], [840.32470703125, 1605.4005126953125, 1404.0048828125, 2096.783203125], [754.8465576171875, 226.99049377441406, 885.5350952148438, 379.75], [1048.9735107421875, 366.3277587890625, 1133.9012451171875, 433.04962158203125], [614.3594970703125, 243.25, 707.9508666992188, 274.5528259277344], [156.5158233642578, 498.77557373046875, 332.99920654296875, 687.0879516601562], [1196.51123046875, 871.5, 1372.00244140625, 1135.80078125], [797.61572265625, 918.75, 904.1455078125, 997.0729370117185], [677.25, 892.4716186523438, 755.3233032226562, 929.25], [586.25, 871.244873046875, 642.06103515625, 910.0], [560.3018188476562, 1074.5, 766.5, 1277.5], [511, 934.3214111328125, 551.525146484375, 971.25], [136.97784423828125, 936.1260375976562, 318.0047607421875, 1050.8280029296875], [533.75, 1325.6011962890625, 577.9302978515625, 1361.5], [201.25, 1304.417724609375, 249.19219970703125, 1338.75], [1131.2320556640625, 1487.2279052734375, 1232.6546630859375, 1600.800048828125], [1160.9005126953125, 174.5598602294922, 1307.4547119140625, 779.9432373046875], [928.0764770507812, 35.748451232910156, 1145.809326171875, 770.0610961914062], [114.51956176757812, -0.9160548448562622, 908.2560424804688, 780.0969848632812], [773.436767578125, 823.3611450195312, 1399.7135009765625, 1395.150146484375], [119.4334945678711, 819.3346557617188, 774.7169799804688, 1394.76806640625], [113.30862426757812, 1444.7095947265625, 1397.37548828125, 2097.9091796875], [544, 268, 614, 341], [308, 421, 379, 508], [202, 1105, 305, 1198], [476, 1214, 560, 1291]], "labels": [0, 0, 0, 0, 0, 0, 0, 0, 1, 1, 1, 1, 1, 1, 1, 1, 1, 1, 1, 1, 1, 2, 2, 2, 2, 2, 2, 3, 3, 3, 3], "image_id": 456}, "character_clusters": [0, 0, 0, 0, 1, 2, 3, 1], "text_char_matches": [[1, 3], [2, 3], [3, 3], [4, 3], [5, 2], [7, 2], [9, 2], [12, 1]], "text_tail_matches": [[1, 0], [2, 1], [7, 3], [9, 2]], "text_classification": [0, 1, 1, 1, 1, 1, 0, 1, 0, 1, 0, 0, 1], "character_names": ["Tanjiro Kamado", "Tanjiro Kamado", "Tanjiro Kamado", "Tanjiro Kamado", "Temple Demon", "Nezuko Kamado", "Sakonji Urokodaki", "Temple Demon"]}