{"bbox_annotations": {"bboxes_as_x1y1x2y2": [[615.7208862304688, 766.5, 1225.1549072265625, 1437.2652587890625], [806.9053344726562, 1812.1656494140625, 922.4640502929688, 1955.923095703125], [589.75, 812, 799.75, 1303.75], [344.75, 0, 1062.25, 684.25], [0, 0, 691.25, 679], [999.8577270507812, 366.68988037109375, 1242.207275390625, 516.39599609375], [38.5, 281.75, 971.25, 777.0], [1014.6821899414062, 924.0548095703125, 1239.1519775390625, 1063.0264892578125], [475.7090759277344, 786.7476196289062, 538.3980102539062, 989.4039306640625], [1103.2061767578125, 1605.072265625, 1265.2625732421875, 1644.9085693359375], [660.4368896484375, 1576.1182861328125, 781.0516357421875, 1617.7467041015625], [559.6792602539062, 1835.9093017578125, 705.95751953125, 1875.0972900390625], [393.9237365722656, 1607.4124755859375, 518.5413208007812, 1683.17724609375], [-3.032153844833374, -8.600852012634277, 1279.3846435546875, 693.4137573242188], [436.51312255859375, 741.9662475585938, 1277.7642822265625, 1446.3968505859375], [22.339921951293945, 737.39013671875, 425.8534851074219, 1448.616455078125], [543.594970703125, 1487.5687255859375, 1272.561279296875, 2089.999267578125], [-3.17319917678833, 1493.25927734375, 530.2916870117188, 2095.9150390625], [1113, 1745, 1171, 1802]], "labels": [0, 0, 0, 0, 0, 1, 1, 1, 1, 1, 1, 1, 1, 2, 2, 2, 2, 2, 3], "image_id": 435}, "character_clusters": [0, 0, 1, 0, 1], "text_char_matches": [[0, 3], [2, 0], [3, 2], [4, 1], [5, 1], [6, 1], [7, 1]], "text_tail_matches": [[4, 0]], "text_classification": [1, 0, 1, 1, 1, 1, 1, 1], "character_names": ["Tanjiro Kamado", "Tanjiro Kamado", "none", "Tanjiro Kamado", "none"]}