{"bbox_annotations": {"bboxes_as_x1y1x2y2": [[747.5465087890625, 163.61949157714844, 1295.8873291015625, 629.8638153076172], [162.9525604248047, 214.6744384765625, 683.1117401123047, 578.6563720703125], [410.3418884277344, 1757.9560546875, 679.6072998046875, 2049.796875], [427, 1659, 884.5293579101562, 2098.873291015625], [647.5, 700, 1403.071533203125, 1560.753173828125], [938.2401123046875, 1618.598388671875, 1395.22216796875, 2090.67529296875], [129.5, 787.5, 791.0, 1582.0], [1128.75, 119, 1342.25, 259], [1223.156494140625, 266.8164978027344, 1359.6549072265625, 451.5], [756, 70, 1006.25, 274.75], [516.25, 77, 750.75, 353.7771530151367], [143.6382293701172, 31.5, 421.75, 379.75], [1116.9388427734375, 717.577392578125, 1281.7435302734375, 889.5157470703125], [987, 999.25, 1407, 1426.25], [112, 581, 789.25, 1144.5], [227.5, 1330, 386.75, 1496.25], [980, 1543.5, 1398.25, 1926.75], [66.5, 1562.75, 628.25, 2098.25], [743.0166625976562, -1.0670095682144165, 1394.6864013671875, 647.05224609375], [122.46842193603516, 3.3537983894348145, 761.40185546875, 592.926025390625], [126.26094055175781, 602.9405517578125, 1407.2562255859375, 1579.4478759765625], [927.1683959960938, 1584.277099609375, 1404.6412353515625, 2095.267822265625], [112.45822143554688, 1606.475830078125, 954.11376953125, 2101.4736328125]], "labels": [0, 0, 0, 0, 0, 0, 0, 1, 1, 1, 1, 1, 1, 1, 1, 1, 1, 1, 2, 2, 2, 2, 2], "image_id": 452}, "character_clusters": [0, 1, 0, 1, 1, 0, 0], "text_char_matches": [[1, 0], [5, 6], [8, 6]], "text_tail_matches": [], "text_classification": [0, 1, 0, 1, 1, 1, 0, 0, 1, 0, 0], "character_names": ["Temple Demon", "Tanjiro Kamado", "Temple Demon", "Tanjiro Kamado", "Tanjiro Kamado", "Temple Demon", "Temple Demon"]}