{"bbox_annotations": {"bboxes_as_x1y1x2y2": [[752.9049072265625, 1731.9107666015625, 904.6452026367188, 1963.329345703125], [862.8514404296875, 1597.649658203125, 1066.8935546875, 1870.24462890625], [679.8282470703125, 867.542724609375, 898.5789184570312, 1347.9976806640625], [937.8094482421875, 291.26055908203125, 1203.511962890625, 690.7461547851562], [421.9303894042969, 999.0738525390625, 566.6189575195312, 1345.7337646484375], [401.38360595703125, 820.9443359375, 556.744873046875, 1328.25], [752.9478149414062, 196.6595458984375, 977.7897338867188, 689.629150390625], [207.31509399414062, 1554.370849609375, 343.5265808105469, 1824.1019287109375], [21.62890625, 1737, 210.0, 1965.4307861328125], [647.5, 1713.25, 850.5, 1963.5], [78.75, 1806, 264.25, 1958.25], [1116.6781005859375, 192.4536590576172, 1243.62109375, 253.60264587402344], [997.5, 147, 1069.25, 248.5], [966, 227.5, 1041.25, 322.0], [648.2515258789062, 245.95716857910156, 798.095947265625, 343.2633361816406], [668.9288330078125, 500.5, 812.5965576171875, 553.5391235351562], [217, 238, 292.25, 350], [84, 136.5, 157.5, 246.75], [942.9191284179688, 799.75, 1241.155029296875, 990.5], [146.80616760253906, 806.1347045898438, 318.34539794921875, 918.5001220703125], [109.64739227294922, 1072.1717529296875, 333.7635726928711, 1334.10888671875], [1079.49658203125, 1482.000244140625, 1250.595947265625, 1596.39892578125], [868, 1449, 1046.5, 1596.7293701171877], [654.8482055664062, 1529.9703369140625, 830.6332397460938, 1645.4774169921875], [385.2428283691406, 1539.6966552734375, 590.93896484375, 1689.7708740234375], [78.07686614990234, 1489.5736083984375, 200.9759979248047, 1639.9779052734375], [619.65771484375, 2.266949415206909, 1279.27490234375, 695.9214477539062], [2.103123188018799, 121.64513397216797, 610.2651977539062, 696.8560791015625], [-3.1239867210388184, 743.412841796875, 1285.8363037109375, 1382.5616455078125], [642.0626831054688, 1430.50537109375, 1277.3843994140625, 1966.1473388671875], [-0.8127272129058838, 1426.603515625, 629.386474609375, 1969.1495361328125], [1061, 240, 1112, 274], [837, 1584, 890, 1624], [1114, 1680, 1164, 1724], [330, 1307, 397, 1346], [103, 1690, 153, 1769], [781, 591, 852, 633], [376, 1806, 511, 1877]], "labels": [0, 0, 0, 0, 0, 0, 0, 0, 0, 0, 0, 1, 1, 1, 1, 1, 1, 1, 1, 1, 1, 1, 1, 1, 1, 1, 2, 2, 2, 2, 2, 3, 3, 3, 3, 3, 3, 3], "image_id": 439}, "character_clusters": [0, 2, 2, 1, 0, 3, 2, 2, 3, 3, 0], "text_char_matches": [[0, 6], [3, 6], [4, 6], [7, 5], [8, 5], [9, 5], [10, 1], [12, 1], [13, 8], [14, 8]], "text_tail_matches": [[0, 0], [3, 5], [4, 5], [9, 3], [8, 3], [10, 2], [12, 1], [13, 6], [14, 4]], "text_classification": [1, 0, 0, 1, 1, 0, 0, 1, 1, 1, 1, 0, 1, 1, 1], "character_names": ["none", "Tanjiro Kamado", "Tanjiro Kamado", "Nezuko Kamado", "none", "none", "Tanjiro Kamado", "Tanjiro Kamado", "none", "none", "none"]}