{"bbox_annotations": {"bboxes_as_x1y1x2y2": [[51.96741485595703, 259, 173.03990173339844, 661.7076416015625], [-7.676786422729492, 1604.7030029296875, 638.7126178741455, 2097.257568359375], [792.75, 1665.259033203125, 1260.9796142578125, 2099.7333984375], [853.615478515625, 198.28721618652344, 1271.4288330078125, 678.0676727294922], [655.9240112304688, 328.9898681640625, 830.2991333007812, 675.0311279296875], [797.401611328125, 355.87664794921875, 916.0029296875, 665.6619873046875], [56, 740.25, 1246, 1517.25], [0, 969.5, 1244.25, 1580.25], [668.5, 1631, 1219.75, 2098.25], [493.5, 577.5, 624.75, 680.75], [1006.25, 313.25, 1092.0, 364.0], [680.75, 245, 752.5, 294.21209716796875], [472.5, 276.5, 542.0989379882812, 321.59454345703125], [423.5, 510.2090148925781, 489.2256164550781, 553.0], [5.616189479827881, 550.5661010742188, 78.75, 596.75], [946.75, 682.5, 1268.75, 1277.5], [131.25, 619.5, 449.75, 1190.0], [1115.6463623046875, 1734.952880859375, 1234.248046875, 1814.2474365234375], [910.058349609375, 1653.4737548828125, 1009.7781372070312, 1722.6796875], [635.4363403320312, 1718.564208984375, 800.0878295898438, 1819.85302734375], [709.4605102539062, 1993.9169921875, 788.5357666015625, 2068.985595703125], [421.9781188964844, 1705.0264892578125, 580.7094116210938, 1855.8902587890625], [64.52407836914062, 1627.6361083984375, 258.92645263671875, 1730.2332763671875], [643.4868774414062, 186.99440002441406, 1273.2174072265625, 688.1383666992188], [3.799006462097168, 188.76097106933594, 632.8419799804688, 686.9000854492188], [-3.654956817626953, 720.2163696289062, 1267.51123046875, 1590.06005859375], [584.03662109375, 1624.3238525390625, 1270.458251953125, 2103.00830078125], [1.296946406364441, 1586.600341796875, 626.249755859375, 2099.436767578125], [495, 1937, 572, 1998], [142, 1779, 197, 1825]], "labels": [0, 0, 0, 0, 0, 0, 0, 0, 0, 0, 1, 1, 1, 1, 1, 1, 1, 1, 1, 1, 1, 1, 1, 2, 2, 2, 2, 2, 3, 3], "image_id": 445}, "character_clusters": [0, 1, 2, 0, 1, 2, 1, 2, 3, 4], "text_char_matches": [[7, 2], [9, 2], [11, 1], [12, 1]], "text_tail_matches": [[11, 0], [12, 1]], "text_classification": [0, 0, 0, 0, 0, 0, 0, 1, 0, 1, 0, 1, 1], "character_names": ["Nezuko Kamado", "Temple Demon", "Tanjiro Kamado", "Nezuko Kamado", "Temple Demon", "Tanjiro Kamado", "Temple Demon", "Tanjiro Kamado", "none", "none"]}