{"bbox_annotations": {"bboxes_as_x1y1x2y2": [[357, 1286.25, 1106, 1961.75], [171.284423828125, 1492.75, 630.0, 1901.807861328125], [1041.9678955078125, 361.6366882324219, 1218.4732666015625, 646.2271118164062], [54.538475036621094, 181.9642333984375, 279.3638229370117, 582.9963989257812], [950.56689453125, 737.8510131835938, 1283.53369140625, 1174.6717529296875], [-3.5845696926116943, 718.8539428710938, 598.7741949558258, 1127.5018310546875], [685.2911987304688, 510.0180358886719, 829.41064453125, 613.157470703125], [871.0823364257812, 479.2038879394531, 1123.7381591796875, 650.6387939453125], [360.5, 161, 885.5, 589.75], [901.25, 1177.75, 1277.5, 1904.0], [50.75, 1169, 448.0, 1667.75], [-3.5151422023773193, 146.27243041992188, 1286.16845703125, 659.5078125], [584.17431640625, 709.0977172851562, 1286.85986328125, 1180.57177734375], [-7.570037364959717, 702.178955078125, 623.5863037109375, 1177.9405517578125], [-9.102219581604004, 1231.5982666015625, 1283.075439453125, 2097.836669921875]], "labels": [0, 0, 0, 0, 0, 0, 0, 0, 1, 1, 1, 2, 2, 2, 2], "image_id": 443}, "character_clusters": [0, 1, 2, 3, 1, 0, 4, 5], "text_char_matches": [], "text_tail_matches": [], "text_classification": [0, 0, 0], "character_names": ["Temple Demon", "Tanjiro Kamado", "none", "Nezuko Kamado", "Tanjiro Kamado", "Temple Demon", "none", "none"]}