{"bbox_annotations": {"bboxes_as_x1y1x2y2": [[651, 256.3970642089844, 1406.4200439453125, 1072.75], [863.86767578125, 1428.794677734375, 1066.3265380859375, 1613.075927734375], [969.6034545898438, 1660.75, 1341.4217529296875, 2097.85595703125], [825.232666015625, 1759.9881591796875, 1179.4429931640625, 2093.957763671875], [463.75, 859.25, 932.75, 1118.25], [509.25, 687.75, 878.5, 1032.5], [481.25, 1575, 798.0, 2098.25], [138.25, 1209.25, 693.0, 2098.25], [848.75, 0, 1398.25, 570.5], [119, 7, 768.25, 740.25], [1177.229248046875, 1181.4619140625, 1399.2860107421875, 1517.25], [526.1705932617188, 1230.8511962890625, 782.123046875, 1460.0982666015625], [402.5, 1215.2738037109375, 460.8916320800781, 1251.25], [136.5, 1207.5, 197.10488891601562, 1239.0], [125.93195343017578, 6.845158576965332, 1398.860595703125, 1124.6026611328125], [811.769775390625, 1169.9986572265625, 1400.9967041015625, 1638.50048828125], [814.10205078125, 1647.3604736328125, 1380.76123046875, 2101.93603515625], [132.6163787841797, 1163.22216796875, 811.3809814453125, 2097.075439453125], [398, 1253, 435, 1288], [161, 1251, 199, 1296]], "labels": [0, 0, 0, 0, 0, 0, 0, 0, 1, 1, 1, 1, 1, 1, 2, 2, 2, 2, 3, 3], "image_id": 446}, "character_clusters": [0, 1, 2, 1, 2, 1, 2, 0], "text_char_matches": [[3, 6]], "text_tail_matches": [[4, 0], [5, 1]], "text_classification": [0, 0, 0, 1, 0, 0], "character_names": ["Nezuko Kamado", "Temple Demon", "Tanjiro Kamado", "Temple Demon", "Tanjiro Kamado", "Temple Demon", "Tanjiro Kamado", "Nezuko Kamado"]}