{"bbox_annotations": {"bboxes_as_x1y1x2y2": [[610.5559692382812, 1141.8568115234375, 1261.609619140625, 1637.448974609375], [12.670683860778809, 317.0486755371094, 850.1668386459351, 838.9484558105469], [-10.6983003616333, 1703.60546875, 960.6890287399292, 2099.419677734375], [311.92498779296875, 1439.0738525390625, 636.3074951171875, 1653.75830078125], [82.95062255859375, 1414.88037109375, 405.0027160644531, 1667.3704833984375], [543.1695556640625, 258.2007141113281, 1008.6044311523438, 1058.2586975097656], [610.5211181640625, 700.6506958007812, 1038.56884765625, 1080.6351318359375], [78.75, 1141, 484.75, 1589], [40.25, 57.75, 799.75, 406.0], [1111.25, 680.75, 1205.75, 757.75], [1051.02490234375, 1320.1669921875, 1208.8626708984375, 1366.75], [-6.295537948608398, -3.580230474472046, 1269.121337890625, 1088.4134521484375], [592.8446044921875, 1131.7899169921875, 1265.4971923828125, 1638.78271484375], [-1.2797564268112183, 1092.88671875, 630.322265625, 1669.7725830078125], [-6.50707483291626, 1681.91748046875, 1259.7109375, 2093.137451171875]], "labels": [0, 0, 0, 0, 0, 0, 0, 0, 1, 1, 1, 2, 2, 2, 2], "image_id": 449}, "character_clusters": [0, 1, 0, 2, 1, 2, 0, 0], "text_char_matches": [], "text_tail_matches": [], "text_classification": [0, 1, 1], "character_names": ["Tanjiro Kamado", "Temple Demon", "Tanjiro Kamado", "Nezuko Kamado", "Temple Demon", "Nezuko Kamado", "Tanjiro Kamado", "Tanjiro Kamado"]}