{"bbox_annotations": {"bboxes_as_x1y1x2y2": [[629.9453125, 927.8932495117188, 955.7697143554688, 1386.5347900390625], [1137.7130126953125, 1097.25, 1366.3255615234375, 1385.7332763671875], [924.2674560546875, 1548.75, 1137.5, 1904.7884521484377], [122.83368682861328, 65.05435180664062, 668.5, 546.0], [1037.3436279296875, 394.5796813964844, 1142.4334716796875, 491.75], [122.50807189941406, 1013.25, 308.0, 1358.0], [1011.5, 152.25, 1340.5, 437.5], [765.959228515625, 433.2967224121094, 887.25, 547.75], [644, 304.5, 684.25, 327.25], [1199.8233642578125, 755.3646850585938, 1349.31689453125, 889.451416015625], [999.25, 780.7782592773438, 1163.6595458984375, 946.75], [757.632568359375, 772.470947265625, 933.1290893554688, 887.25], [543.2153930664062, 757.2871704101562, 735.873291015625, 899.5917358398438], [357.0168151855469, 769.7214965820312, 462.1756896972656, 844.5403442382812], [1249.5, 1464.75, 1321.25, 1548.75], [1233.75, 1634.5, 1303.75, 1716.75], [899.5, 1463, 971.25, 1547], [257.25, 1459.5, 733.25, 1599.5], [736.2301635742188, 0.20940899848937988, 1399.4749755859375, 625.0249633789062], [120.29361724853516, 2.1649672985076904, 733.7094116210938, 614.2608032226562], [975.879638671875, 674.2216186523438, 1396.916015625, 1390.6824951171875], [527.0712280273438, 671.0535278320312, 959.3656616210938, 1390.716064453125], [122.42757415771484, 666.0625610351562, 509.0391540527344, 1388.0557861328125], [844.5222778320312, 1448.7386474609375, 1377.2197265625, 2024.302734375], [120.688720703125, 1443.98828125, 828.2056884765625, 2019.6319580078125], [366, 944, 423, 997], [1015, 1064, 1084, 1143], [594, 990, 687, 1083], [625, 405, 665, 444]], "labels": [0, 0, 0, 0, 0, 0, 1, 1, 1, 1, 1, 1, 1, 1, 1, 1, 1, 1, 2, 2, 2, 2, 2, 2, 2, 3, 3, 3, 3], "image_id": 436}, "character_clusters": [1, 1, 1, 0, 0, 1], "text_char_matches": [[1, 1], [3, 1], [4, 1], [5, 0], [6, 0], [7, 5]], "text_tail_matches": [[2, 3], [3, 1], [4, 1], [5, 2], [6, 2], [7, 0]], "text_classification": [0, 1, 1, 1, 1, 1, 1, 1, 0, 0, 0, 0], "character_names": ["Tanjiro Kamado", "Tanjiro Kamado", "Tanjiro Kamado", "Nezuko Kamado", "Nezuko Kamado", "Tanjiro Kamado"]}