{"bbox_annotations": {"bboxes_as_x1y1x2y2": [[413.48468017578125, 1140.5355224609375, 690.7342529296875, 1471.415283203125], [926.9035034179688, 1735.66650390625, 1087.49755859375, 2089.31201171875], [600.2421875, 1561.5841064453125, 769.1240844726562, 1943.0323486328125], [957.689697265625, 1608.339599609375, 1101.19287109375, 1950.1077880859375], [910.1798095703125, 787.5923461914062, 1096.242919921875, 1441.1134033203125], [116.77706146240234, 1531.25, 491.75, 2101.132080078125], [713.1934204101562, 733.25, 941.7313232421875, 1420.65380859375], [1158.5, 506.8368835449219, 1238.6501464843752, 550.5230102539062], [1176.0081787109375, 775.25, 1326.456298828125, 878.5], [1092.3441162109375, 1056.67431640625, 1289.1927490234375, 1244.93212890625], [723.3466796875, 1257.169921875, 830.06787109375, 1330.0], [603.75, 755.7821044921875, 655.3721923828125, 817.25], [526.75, 994.8048706054688, 677.0394287109375, 1069.25], [1128.7286376953125, 1583.2166748046875, 1304.91162109375, 1850.7557373046875], [780.6283569335938, 1596, 902.2247314453125, 1690.637451171875], [752.5, 1834, 910.0, 2038.75], [532, 1909.25, 733.25, 2077.25], [121.7002182006836, 143.68873596191406, 1395.6612548828125, 650.2740478515625], [697.3072509765625, 703.3374633789062, 1401.4339599609375, 1473.69873046875], [122.960693359375, 685.0494384765625, 697.0049438476562, 1473.6156005859375], [916.1798706054688, 1515.1671142578125, 1396.62109375, 2101.072509765625], [506.47021484375, 1516.0189208984375, 912.7581787109375, 2098.0185546875], [119.55461883544922, 1518.937744140625, 486.6227722167969, 2098.0126953125], [1201, 588, 1243, 636], [1018, 1253, 1089, 1288], [831, 1256, 866, 1305], [1112, 1905, 1212, 1960], [720, 1761, 865, 1819]], "labels": [0, 0, 0, 0, 0, 0, 0, 1, 1, 1, 1, 1, 1, 1, 1, 1, 1, 2, 2, 2, 2, 2, 2, 3, 3, 3, 3, 3], "image_id": 440}, "character_clusters": [0, 0, 0, 1, 1, 0, 0], "text_char_matches": [[1, 6], [2, 6], [0, 6], [3, 6], [4, 0], [5, 0], [6, 1], [7, 2]], "text_tail_matches": [[0, 0], [1, 1], [2, 1], [3, 2], [6, 3], [7, 4]], "text_classification": [1, 1, 1, 1, 1, 1, 1, 1, 0, 0], "character_names": ["Tanjiro Kamado", "Tanjiro Kamado", "Tanjiro Kamado", "Nezuko Kamado", "Nezuko Kamado", "Tanjiro Kamado", "Tanjiro Kamado"]}