{"bbox_annotations": {"bboxes_as_x1y1x2y2": [[8.247142791748047, 40.20333480834961, 725.0382804870605, 916.6877098083496], [227.5, 1795.5, 572.25, 2033.5], [716.2865600585938, 316.654541015625, 1058.0185546875, 892.5075073242188], [491.75, 1736.34765625, 1015.0, 2095.485107421875], [598.5, 973, 1277.5, 1695.75], [-5.25, 973, 789.25, 1659], [918.75, 502.25, 1148.0, 745.5], [950.1128540039062, 260.2951354980469, 1235.4879150390625, 372.89971923828125], [696.5, 115.5, 876.75, 337.75], [1062.25, 607.25, 1270.15380859375, 906.5], [483.9957275390625, 355.3861083984375, 643.8514404296875, 592.291259765625], [22.75, 920.5, 593.25, 1440.25], [726.25, 1657.25, 1251.25, 2098.25], [679.3880615234375, -1.086066722869873, 1280.5828857421875, 917.7456665039062], [-2.7799785137176514, 0.10232627391815186, 732.8992919921875, 914.3975219726562], [-6.463474273681641, 932.2545776367188, 1284.6925048828125, 1681.9815673828125], [-1.12723708152771, 1713.314453125, 1275.5408935546875, 2101.02978515625]], "labels": [0, 0, 0, 0, 0, 0, 0, 1, 1, 1, 1, 1, 1, 2, 2, 2, 2], "image_id": 451}, "character_clusters": [0, 1, 0, 0, 0, 1, 1], "text_char_matches": [[0, 2], [3, 0]], "text_tail_matches": [], "text_classification": [1, 0, 0, 1, 0, 0], "character_names": ["Tanjiro Kamado", "Temple Demon", "Tanjiro Kamado", "Tanjiro Kamado", "Tanjiro Kamado", "Temple Demon", "Temple Demon"]}