{"bbox_annotations": {"bboxes_as_x1y1x2y2": [[552.432373046875, 990.5, 871.5, 1367.0770263671873], [687.5677490234375, 1433.4202880859375, 1298.92529296875, 1916.8931884765625], [734.9930419921875, 886.90869140625, 884.4119873046875, 1365.82666015625], [337.1051330566406, 1073.3040771484375, 496.3443603515625, 1345.75], [143.8614959716797, 1036, 336.2133483886719, 1365.53271484375], [773.5, 873.25, 1144.5, 1367.597412109375], [362.39154052734375, 1461.25, 658.8096923828125, 1913.8876953125], [143.2385711669922, 1578.5, 359.83624267578125, 1918.9019775390625], [519.75, 477.75, 537.25, 512.75], [1125.266357421875, 110.21974182128906, 1279.6180419921875, 264.2070007324219], [1028.0848388671875, 339.9919738769531, 1189.0789794921875, 455.22686767578125], [1090.1309814453125, 721.6228637695312, 1236.0028076171875, 759.530517578125], [708.75, 504, 742.0, 593.25], [752.5, 579.25, 782.25, 677.25], [222.1578369140625, 468.7763671875, 375.4283142089844, 577.0654907226562], [1053.9755859375, 878.9817504882812, 1255.7852783203125, 1002.7462158203125], [811.6466674804688, 833.7913818359375, 879.8805541992188, 868.9244384765625], [605.4993896484375, 861.2847900390625, 733.7356567382812, 983.4743041992188], [344.2666931152344, 869.4035034179688, 502.4016418457031, 961.28564453125], [1075.6416015625, 1505.7528076171875, 1263.0023193359375, 1620.541259765625], [701.3740234375, 1719.3453369140625, 812.1365966796875, 1842.0538330078125], [564.3648681640625, 1493.6019287109375, 627.6307983398438, 1531.74169921875], [375.4150390625, 1491.66357421875, 453.97802734375, 1556.971435546875], [194.49122619628906, 1486.39013671875, 328.53375244140625, 1613.893798828125], [129.7973175048828, 0.860103964805603, 1394.574951171875, 724.414306640625], [544.0587768554688, 771.9710693359375, 1290.203369140625, 1372.0992431640625], [121.88390350341797, 765.0096435546875, 542.2027587890625, 1377.575927734375], [679.9476928710938, 1419.684326171875, 1299.7413330078125, 1916.957275390625], [362.6847839355469, 1426.390380859375, 665.4916381835938, 1923.2093505859375], [123.3951416015625, 1421.2706298828125, 368.4668884277344, 1924.6904296875], [1091, 1666, 1132, 1703], [263, 1620, 296, 1666], [860, 1764, 896, 1797], [933, 1043, 1075, 1142], [614, 1010, 650, 1116], [373, 1014, 419, 1072], [583, 1556, 614, 1599], [429, 518, 516, 561], [643, 383, 1000, 501], [855, 882, 896, 942]], "labels": [0, 0, 0, 0, 0, 0, 0, 0, 0, 1, 1, 1, 1, 1, 1, 1, 1, 1, 1, 1, 1, 1, 1, 1, 2, 2, 2, 2, 2, 2, 3, 3, 3, 3, 3, 3, 3, 3, 3, 3], "image_id": 739}, "character_clusters": [0, 0, 1, 2, 0, 2, 2, 0, 3], "text_char_matches": [[0, 0], [1, 0], [2, 0], [6, 0], [8, 0], [9, 3], [10, 1], [11, 1], [12, 6], [13, 7], [14, 7]], "text_tail_matches": [[0, 8], [1, 8], [5, 7], [2, 3], [6, 3], [7, 9], [8, 4], [9, 5], [10, 0], [11, 2], [12, 6], [13, 1], [14, 1]], "text_classification": [1, 1, 1, 0, 0, 1, 1, 1, 1, 1, 1, 1, 1, 1, 1], "character_names": ["Mephisto Pheles", "Mephisto Pheles", "Yukio Okumura", "Rin Okumura", "Mephisto Pheles", "Rin Okumura", "Rin Okumura", "Mephisto Pheles", "none"]}