{"bbox_annotations": {"bboxes_as_x1y1x2y2": [[402.5, 689.962890625, 1169.0, 1967.0], [116.83570098876953, -2.0713560581207275, 1200.364387512207, 389.9826295375824], [875, 0, 1104.25, 99.75], [1032.94287109375, 154.28468322753906, 1239.2059326171875, 289.4911193847656], [110.25, 1.75, 413.0, 182.0], [1190, 868, 1403.6556396484375, 1274], [112, 390.25, 696.3416442871094, 1253.0], [217.50991821289062, 1656.3143310546875, 569.8065185546875, 1760.9832763671875], [112.32416534423828, 1.8537640571594238, 1301.5855712890625, 397.6396789550781], [111.95987701416016, 425.406494140625, 1397.0286865234375, 2088.65673828125], [932, 251, 1025, 367], [533, 1468, 690, 1593]], "labels": [0, 0, 1, 1, 1, 1, 1, 1, 2, 2, 3, 3], "image_id": 773}, "character_clusters": [0, 0], "text_char_matches": [[1, 1], [5, 0]], "text_tail_matches": [[1, 0], [5, 1]], "text_classification": [0, 1, 0, 0, 0, 1], "character_names": ["Rin Okumura", "Rin Okumura"]}