{"bbox_annotations": {"bboxes_as_x1y1x2y2": [[837.8741455078125, 1733.26708984375, 914.979248046875, 1810.8538818359375], [-5.724972724914551, 510.22979736328125, 646.5325956344604, 1437.841796875], [233.26058959960938, 1801.8963623046875, 294.54345703125, 1864.766845703125], [415.215576171875, 189.25479125976562, 645.73583984375, 437.87109375], [679.6756591796875, 500.0894775390625, 1273.74755859375, 1428.75390625], [676.2966918945312, 27.666349411010742, 1208.202392578125, 439.22799491882324], [241.6490936279297, 1641.8807373046875, 319.0210266113281, 1720.8555908203125], [1026.1966552734375, 151.18788146972656, 1218.7869873046875, 272.6926574707031], [761.5304565429688, 288.56085205078125, 845.616455078125, 335.3435974121094], [586.2686157226562, 226.89418029785156, 661.0545043945312, 322.5221252441406], [313.24755859375, 222.11566162109375, 409.5427551269531, 265.34210205078125], [168.38919067382812, 205.7757568359375, 302.41058349609375, 347.91796875], [968.7249145507812, 1163.014892578125, 1205.8919677734375, 1327.2589111328125], [696.799560546875, 1190.091064453125, 891.6723022460938, 1315.277099609375], [398.61993408203125, 583.9216918945312, 570.232666015625, 725.45166015625], [126.13392639160156, 1212.9969482421875, 303.3996276855469, 1327.976806640625], [1078.815185546875, 1597.952392578125, 1184.2838134765625, 1695.7647705078125], [848.592529296875, 1631.0645751953125, 1047.4483642578125, 1731.21533203125], [254.7177734375, 1578.134521484375, 363.0874938964844, 1622.593994140625], [138.91793823242188, 1584.2027587890625, 246.36361694335938, 1708.16162109375], [175, 1804.25, 227.5, 1841.0], [105, 1912.75, 164.5, 1960.0], [97.74430847167969, 1.1373393535614014, 1266.5484619140625, 448.9468688964844], [652.0770874023438, 499.7335205078125, 1276.4901123046875, 1441.4359130859375], [-6.238961219787598, 490.7357177734375, 642.6354370117188, 1440.34814453125], [97.56769561767578, 1484.25634765625, 1265.9295654296875, 1925.48193359375], [944, 294, 1006, 343], [286, 365, 360, 410], [501, 768, 552, 848], [1110, 1032, 1149, 1083], [233, 1048, 292, 1101]], "labels": [0, 0, 0, 0, 0, 0, 0, 1, 1, 1, 1, 1, 1, 1, 1, 1, 1, 1, 1, 1, 1, 1, 2, 2, 2, 2, 3, 3, 3, 3, 3], "image_id": 788}, "character_clusters": [0, 1, 0, 0, 0, 1, 1], "text_char_matches": [[0, 5], [2, 3], [3, 3], [4, 3], [5, 4], [6, 4], [7, 1], [8, 1], [9, 0], [10, 0], [11, 6], [12, 6], [13, 2]], "text_tail_matches": [[0, 0], [3, 1], [4, 1], [5, 3], [6, 3], [7, 2], [8, 4]], "text_classification": [1, 0, 1, 1, 1, 1, 1, 1, 1, 1, 1, 1, 1, 1, 0], "character_names": ["Yukio Okumura", "Rin Okumura", "Yukio Okumura", "Yukio Okumura", "Yukio Okumura", "Rin Okumura", "Rin Okumura"]}