{"bbox_annotations": {"bboxes_as_x1y1x2y2": [[704.4746704101562, 129.04800415039062, 844.7667236328125, 396.1943054199219], [784.0327758789062, 912.2742919921875, 1306.0272216796875, 1203.5489501953125], [1218.5457763671875, 419.98138427734375, 1392.46826171875, 684.8235473632812], [143.5, 428.75, 502.25, 810.0322265625], [838.3267822265625, 276.1101989746094, 1277.5, 841.75], [510.1795349121094, 910, 716.8571166992188, 1206.9891357421875], [409.5, 1272.25, 1366.75, 2098.25], [290.5, 670.25, 406.0, 799.75], [575.75, 71.75, 684.25, 357.0], [1075.565185546875, 117.93712615966797, 1305.989990234375, 315.5392074584961], [1190.654541015625, 435.6423645019531, 1258.9234619140625, 501.12744140625], [826, 120.75, 852.25, 166.25], [614.7675170898438, 558.7714233398438, 809.4054565429688, 723.77880859375], [296.5382995605469, 280.534423828125, 465.4584655761719, 375.4949645996094], [392.9954833984375, 490.1428527832031, 498.9474182128906, 552.865966796875], [176.18270874023438, 390.0199890136719, 244.34518432617188, 425.25421142578125], [1037.435791015625, 972.0509643554688, 1227.7408447265625, 1048.2923583984375], [196.09242248535156, 997.7166748046875, 407.060546875, 1151.0821533203125], [1026.6041259765625, 1365.8089599609375, 1338.0230712890625, 1518.62841796875], [211.2674102783203, 1421.307861328125, 406.3068542480469, 1508.77197265625], [524.7536010742188, 0.27258843183517456, 1394.0467529296875, 849.5144653320312], [124.36249542236328, 148.7244110107422, 516.9067993164062, 852.272216796875], [121.21463775634766, 899.6692504882812, 1294.6705322265625, 1213.4091796875], [121.29871368408203, 1253.579833984375, 1394.0843505859375, 2102.18896484375], [381, 439, 420, 486], [206, 445, 240, 486], [834, 714, 886, 757], [1146, 395, 1187, 437], [1251, 453, 1278, 484]], "labels": [0, 0, 0, 0, 0, 0, 0, 0, 0, 1, 1, 1, 1, 1, 1, 1, 1, 1, 1, 1, 2, 2, 2, 2, 3, 3, 3, 3, 3], "image_id": 755}, "character_clusters": [0, 1, 0, 1, 2, 3, 3, 2, 4], "text_char_matches": [[0, 4], [1, 2], [2, 0], [3, 4], [6, 3], [4, 7], [5, 7], [7, 7], [8, 7], [9, 7], [10, 1]], "text_tail_matches": [[0, 3], [1, 4], [3, 2], [4, 0], [6, 1]], "text_classification": [1, 1, 1, 1, 1, 1, 1, 1, 1, 1, 1], "character_names": ["none", "Rin Okumura", "none", "Rin Okumura", "Mephisto Pheles", "Yukio Okumura", "Yukio Okumura", "Mephisto Pheles", "none"]}