{"bbox_annotations": {"bboxes_as_x1y1x2y2": [[356.8562927246094, 1127, 523.6130981445312, 1915.0261230468752], [323.75, 219.58926391601562, 545.8367309570312, 589.9447631835938], [129.5, 1102.5, 283.1917953491211, 1919.75], [812, 708.75, 1397.7086181640625, 2092.0504760742188], [497, 162.75, 953.48486328125, 593.1554565429688], [971.478759765625, -5.3590803146362305, 1401.28662109375, 586.024037361145], [533.75, 687.75, 794.8272094726562, 1927.0687255859375], [798.660888671875, 273.168212890625, 920.9021606445312, 311.21612548828125], [685.2940063476562, 405.0749206542969, 832.897216796875, 484.19403076171875], [195.48484802246094, 257.9918212890625, 257.5944519042969, 328.065673828125], [974.8895263671875, 1535.175048828125, 1276.8387451171875, 1791.092041015625], [658.3467407226562, 758.1349487304688, 730.7610473632812, 793.3844604492188], [612.489013671875, 1677.5596923828125, 732.673828125, 1726.6202392578125], [226.14186096191406, 785.321533203125, 445.57366943359375, 929.5587768554688], [324.4046325683594, 1112.7275390625, 440.0322570800781, 1156.668212890625], [212.25064086914062, 1218.968017578125, 321.2494812011719, 1269.438232421875], [242.73048400878906, 1532.5010986328125, 426.84393310546875, 1641.3394775390625], [289.3968811035156, 1817.51416015625, 364.3678283691406, 1849.75], [977.5036010742188, 3.3138065338134766, 1397.3948974609375, 599.9363403320312], [128.24729919433594, 152.41482543945312, 967.509765625, 599.0504150390625], [805.3735961914062, 647.485595703125, 1397.64013671875, 2096.283203125], [530.8460083007812, 661.8114624023438, 793.7308959960938, 1934.263671875], [123.4715347290039, 650.1920166015625, 513.4501953125, 1925.998779296875], [278, 265, 314, 302], [1126, 1384, 1165, 1449], [373, 980, 434, 1062], [653, 318, 697, 373], [645, 1537, 682, 1603], [296, 1416, 339, 1455], [359, 1748, 395, 1786], [691, 832, 726, 896]], "labels": [0, 0, 0, 0, 0, 0, 0, 1, 1, 1, 1, 1, 1, 1, 1, 1, 1, 1, 2, 2, 2, 2, 2, 3, 3, 3, 3, 3, 3, 3, 3], "image_id": 779}, "character_clusters": [0, 0, 1, 1, 1, 1, 0], "text_char_matches": [[0, 4], [1, 4], [2, 1], [3, 3], [4, 6], [5, 6], [6, 0], [9, 2], [10, 0]], "text_tail_matches": [[0, 3], [1, 3], [2, 0], [3, 1], [4, 7], [5, 4], [6, 2], [9, 5], [10, 6]], "text_classification": [1, 1, 1, 1, 1, 1, 1, 0, 0, 1, 1], "character_names": ["Rin Okumura", "Rin Okumura", "Yukio Okumura", "Yukio Okumura", "Yukio Okumura", "Yukio Okumura", "Rin Okumura"]}