{"bbox_annotations": {"bboxes_as_x1y1x2y2": [[3.7674009799957275, 917.1577758789062, 236.8089201450348, 1926.4256591796875], [257.25, 1231.9927978515625, 614.5712890625, 1918.3271484375], [1050, 403.94146728515625, 1280.5882568359375, 841.697509765625], [229.26251220703125, 354.6802062988281, 351.9706726074219, 507.99725341796875], [427, 386.5385437011719, 691.5866088867188, 754.25], [821.58203125, 966, 1278.712158203125, 2102.142578125], [108.5, 1916.25, 169.75, 1965.25], [1199.193115234375, 195.53993225097656, 1254.2003173828125, 325.5332336425781], [1211.396728515625, 345.4935302734375, 1264.9837646484375, 394.7238464355469], [1088.72314453125, 349.7172546386719, 1174.5482177734375, 410.2602233886719], [713.7249755859375, 184.9972686767578, 956.2431640625, 338.2023620605469], [881.25439453125, 635.8445434570312, 958.937744140625, 688.9317626953125], [503.85357666015625, 384.5180358886719, 570.0877075195312, 452.7648620605469], [171.9336700439453, 575.7578125, 388.9031677246094, 741.9955444335938], [911.559326171875, 1072.487548828125, 1170.451416015625, 1211.263427734375], [617.4605102539062, 1018.76806640625, 710.0218505859375, 1086.4052734375], [647.5, 1153.25, 820.75, 1468.25], [478.3252868652344, 1051.451171875, 607.678955078125, 1199.13427734375], [287.77978515625, 1207.250244140625, 442.3402404785156, 1285.3739013671875], [292.1847839355469, 1446.600830078125, 382.6182861328125, 1488.6658935546875], [51.49477005004883, 1729.07861328125, 166.52235794067383, 1834.3529052734375], [1046.2730712890625, 144.90589904785156, 1280.443359375, 850.5045166015625], [805.3720703125, -4.687826156616211, 1038.002197265625, 846.4174194335938], [107.96354675292969, -0.5279660224914551, 833.9414672851562, 851.8150024414062], [769.7424926757812, 905.17333984375, 1277.5443115234375, 2097.835205078125], [235.40634155273438, 894.327880859375, 765.4837036132812, 1919.935546875], [-0.5874007940292358, 902.3134765625, 232.60409545898438, 1924.3673095703125], [691, 345, 729, 385], [392, 1324, 459, 1369], [411, 588, 456, 624], [1110, 431, 1147, 474], [1030, 1334, 1066, 1382], [79, 1629, 122, 1684], [1224, 379, 1263, 440]], "labels": [0, 0, 0, 0, 0, 0, 0, 1, 1, 1, 1, 1, 1, 1, 1, 1, 1, 1, 1, 1, 1, 2, 2, 2, 2, 2, 2, 3, 3, 3, 3, 3, 3, 3], "image_id": 786}, "character_clusters": [0, 0, 1, 2, 1, 1, 3], "text_char_matches": [[2, 2], [3, 4], [6, 4], [7, 5], [8, 1], [10, 1], [11, 1], [13, 0]], "text_tail_matches": [[0, 6], [1, 6], [2, 3], [3, 0], [6, 2], [7, 4], [11, 1], [8, 1], [10, 1], [13, 5]], "text_classification": [0, 0, 0, 1, 0, 0, 1, 1, 1, 0, 1, 1, 0, 1], "character_names": ["Rin Okumura", "Rin Okumura", "Mephisto Pheles", "none", "Mephisto Pheles", "Mephisto Pheles", "none"]}