{"bbox_annotations": {"bboxes_as_x1y1x2y2": [[657.4925537109375, 1589, 967.9147338867188, 1917.4791259765625], [617.75, 218.75, 890.75, 612.5], [276.5, 275.06951904296875, 343.5289306640625, 401.2210998535156], [1081.5, 857.60205078125, 1256.5, 1372.141845703125], [109.67842864990234, 1586.966064453125, 777.0, 1916.0001220703125], [119, 1029, 369.25, 1463], [904.793212890625, 0, 1398.945068359375, 614.25], [493.54833984375, 340.02874755859375, 541.593017578125, 434.1656494140625], [509.25, 686, 1349.25, 1520.75], [977.7542114257812, 370.40704345703125, 1158.5867919921875, 507.7621154785156], [651.72509765625, 133.5279083251953, 851.9696655273438, 227.65512084960938], [660.5189819335938, 475.8328857421875, 797.4673461914062, 579.33447265625], [483.1570739746094, 215.0998077392578, 571.8834838867188, 293.446044921875], [330.56732177734375, 179.6089324951172, 383.9245910644531, 299.9344787597656], [177.29367065429688, 458.7166442871094, 327.7979431152344, 560.1982421875], [1144.4732666015625, 763.1517944335938, 1327.4068603515625, 844.361328125], [577.6800537109375, 791.7587890625, 755.068115234375, 858.1370239257812], [592.6995239257812, 998.92578125, 754.6924438476562, 1200.72900390625], [239.55670166015625, 759.242431640625, 414.5372619628906, 892.1199951171875], [329.11822509765625, 1307.030029296875, 441.142578125, 1448.513427734375], [165.4019775390625, 1357.2371826171875, 254.8227996826172, 1470.01513671875], [984.6337890625, 1687.5399169921875, 1187.078857421875, 1814.98095703125], [1220.3145751953125, 1925.6844482421875, 1289.42529296875, 1967.218505859375], [661.7361450195312, 1603.0858154296875, 715.0631103515625, 1665.4423828125], [520.81201171875, 1615.88916015625, 657.5314331054688, 1751.53662109375], [901.1715087890625, -2.975410223007202, 1395.2535400390625, 623.3034057617188], [610.041748046875, 0.8188918232917786, 891.4442138671875, 621.8379516601562], [116.89557647705078, 143.9530029296875, 607.1320190429688, 626.9532470703125], [504.0050964355469, 657.295654296875, 1393.3936767578125, 1533.2808837890625], [117.79725646972656, 667.7261962890625, 501.2298583984375, 1530.3455810546875], [115.75636291503906, 1579.303466796875, 1288.1529541015625, 1920.1839599609375], [192, 896, 237, 944], [279, 344, 314, 388], [162, 1295, 199, 1340], [795, 1080, 891, 1179], [412, 242, 463, 290], [1188, 508, 1284, 544], [1229, 957, 1264, 1004], [701, 398, 732, 434], [733, 1766, 940, 1824], [684, 277, 725, 328], [711, 1646, 735, 1673]], "labels": [0, 0, 0, 0, 0, 0, 0, 0, 0, 1, 1, 1, 1, 1, 1, 1, 1, 1, 1, 1, 1, 1, 1, 1, 1, 2, 2, 2, 2, 2, 2, 3, 3, 3, 3, 3, 3, 3, 3, 3, 3, 3], "image_id": 745}, "character_clusters": [0, 1, 1, 0, 1, 1, 0, 0, 1], "text_char_matches": [[0, 6], [1, 1], [2, 1], [3, 2], [5, 2], [6, 3], [8, 8], [7, 8], [9, 5], [10, 5], [11, 5], [12, 4], [14, 0]], "text_tail_matches": [[0, 5], [1, 9], [2, 7], [3, 4], [5, 1], [6, 6], [7, 3], [8, 3], [9, 0], [10, 2], [11, 2], [12, 8], [14, 10]], "text_classification": [1, 1, 1, 1, 0, 1, 1, 1, 1, 1, 1, 1, 1, 0, 1, 0], "character_names": ["Rin Okumura", "Mephisto Pheles", "Mephisto Pheles", "Rin Okumura", "Mephisto Pheles", "Mephisto Pheles", "Rin Okumura", "Rin Okumura", "Mephisto Pheles"]}