{"bbox_annotations": {"bboxes_as_x1y1x2y2": [[370.51739501953125, 485.9733581542969, 434.8564147949219, 611.0743408203125], [108.5, 1468.7899169921875, 884.1728591918945, 1926.1029052734375], [104.53453826904297, 506.89117431640625, 149.0364990234375, 568.9923706054688], [680.443115234375, 433.0023193359375, 730.3436279296875, 500.75665283203125], [682.5, 484.75, 824.2443237304688, 650.0721435546875], [630.3246459960938, 743.0620727539062, 1207.247314453125, 1410.5], [733.3829345703125, 84, 1111.25, 656.738525390625], [177.2238311767578, 372.0680847167969, 406.51806640625, 654.334228515625], [187.25, 1468.25, 693.0, 1921.5], [1123.838134765625, 242.12478637695312, 1208.2060546875, 280.8229064941406], [984.0465698242188, 386.1558532714844, 1191.100341796875, 552.0410766601562], [413.45074462890625, 286.6399841308594, 616.3505859375, 367.4376220703125], [200.1042938232422, 249.72601318359375, 326.5732727050781, 282.5379638671875], [353.31304931640625, 563.4822998046875, 405.3501892089844, 618.861572265625], [1062.7423095703125, 830.1563720703125, 1220.817626953125, 910.1651000976562], [79.40583801269531, 1026.327880859375, 374.6344757080078, 1232.4720458984375], [1128.955810546875, 1600.560302734375, 1222.8226318359375, 1641.71533203125], [942.6329956054688, 1528.2276611328125, 1030.294677734375, 1565.9326171875], [885.7196044921875, 1703.95947265625, 1066.0174560546875, 1781.36474609375], [1080.8963623046875, 1813.1317138671875, 1170.412841796875, 1855.1129150390625], [721.4641723632812, 1652.6318359375, 842.6111450195312, 1775.7169189453125], [828.1686401367188, 1865.166748046875, 919.57275390625, 1909.0863037109375], [686.0511474609375, 1793.35546875, 792.0838623046875, 1887.275634765625], [157.25648498535156, 1656.9312744140625, 388.35064697265625, 1814.345703125], [429.2779846191406, 151.34701538085938, 1272.869140625, 658.36572265625], [102.41165161132812, 147.726318359375, 438.3199157714844, 658.5300903320312], [-4.82863187789917, 712.5798950195312, 1275.788330078125, 1413.079345703125], [101.52339172363281, 1462.9627685546875, 1274.2891845703125, 1920.7969970703125], [905, 456, 951, 488], [393, 1781, 439, 1821], [257, 323, 298, 388], [1101, 967, 1137, 1006], [425, 1153, 500, 1192], [641, 369, 725, 410], [795, 1605, 884, 1668]], "labels": [0, 0, 0, 0, 0, 0, 0, 0, 0, 1, 1, 1, 1, 1, 1, 1, 1, 1, 1, 1, 1, 1, 1, 1, 2, 2, 2, 2, 3, 3, 3, 3, 3, 3, 3], "image_id": 754}, "character_clusters": [0, 1, 2, 2, 3, 4, 4, 1, 5], "text_char_matches": [[0, 6], [1, 6], [4, 7], [3, 7], [2, 6], [5, 5], [6, 5], [7, 1], [9, 1], [13, 8], [11, 1], [14, 8]], "text_tail_matches": [[0, 0], [1, 0], [2, 5], [3, 2], [5, 3], [6, 4], [7, 6], [9, 6], [14, 1]], "text_classification": [1, 1, 1, 1, 1, 1, 1, 1, 0, 1, 0, 1, 0, 1, 1], "character_names": ["Ryuji Suguro", "Rin Okumura", "none", "none", "none", "Yukio Okumura", "Yukio Okumura", "Rin Okumura", "Mephisto Pheles"]}