{"bbox_annotations": {"bboxes_as_x1y1x2y2": [[425.25, 1234.9482421875, 589.20849609375, 1396.5], [719.25, 1862, 854.0, 2098.25], [105.71658325195312, 1716.9241943359375, 688.0544738769531, 2097.186279296875], [754.6399536132812, 1119.90869140625, 904.1722412109375, 1246.63134765625], [660.8834228515625, 89.90289306640625, 1270.9715576171875, 757.369384765625], [102.79066467285156, 341.66741943359375, 418.39674377441406, 755.2097778320312], [811.9266357421875, 1341.2254638671875, 1041.631103515625, 1643.61279296875], [596.75, 2012.5, 740.25, 2101.3269042968745], [108.5, 1270.5, 439.25, 1618.75], [1036, 1183, 1396.5, 1639.75], [827.75, 2058, 931.0, 2098.25], [806.75, 1993.25, 915.25, 2061.5], [859.25, 1900.5, 967.75, 2014.25], [803.25, 1820, 894.25, 1881.25], [728, 1830.5, 812, 1905.75], [582.75, 1879.5, 743.75, 2010.75], [421.75, 316.75, 493.5, 481.25], [357, 617.75, 469, 738.5], [92.75, 330.75, 166.25, 439.25], [147, 204.75, 204.75, 264.25], [1102.5, 327.2931823730469, 1313.7493896484375, 480.41748046875], [526.75, 0, 749.0, 288.75], [1198.771728515625, 581.2044677734375, 1313.339111328125, 759.5], [552.8412475585938, 529.8096313476562, 776.5774536132812, 637.4263305664062], [223.96437072753906, 255.8386993408203, 369.10711669921875, 300.67218017578125], [1073.397705078125, 912.8135986328125, 1289.8831787109375, 1118.9443359375], [1226.75, 1116.5, 1398.25, 1340.5], [455, 792.75, 926.7203369140625, 1113.9461669921875], [362.25, 1401.75, 642.25, 1634.5], [147.2881622314453, 994, 359.1258850097656, 1289.7794189453125], [1109.8533935546875, 1688.75, 1186.4940185546875, 1734.5477294921875], [996.41650390625, 1798.397216796875, 1186.8951416015625, 1937.989013671875], [841.708251953125, 1776.017333984375, 906.1203002929688, 1826.42724609375], [729.015869140625, 1752.2344970703125, 828.0366821289062, 1817.0904541015625], [683.8990478515625, 1806.5006103515625, 742.3932495117188, 1848.391845703125], [198.92726135253906, 1772.75, 351.8868103027344, 1927.6552734375], [496.61749267578125, 0.8332550525665283, 1400.1136474609375, 770.4688720703125], [98.34725189208984, 153.3690643310547, 490.65069580078125, 767.110595703125], [102.12095642089844, 817.862060546875, 1400.94189453125, 1649.317138671875], [97.49542999267578, 1700.226318359375, 1282.7650146484375, 2100.798828125], [383, 1871, 434, 1911], [956, 1085, 1032, 1144], [750, 419, 793, 471], [921, 1909, 979, 1949], [272, 345, 337, 410]], "labels": [0, 0, 0, 0, 0, 0, 0, 0, 0, 0, 0, 0, 0, 0, 0, 0, 0, 0, 0, 0, 1, 1, 1, 1, 1, 1, 1, 1, 1, 1, 1, 1, 1, 1, 1, 1, 2, 2, 2, 2, 3, 3, 3, 3, 3], "image_id": 763}, "character_clusters": [0, 1, 2, 2, 2, 1, 3, 4, 5, 6, 7, 8, 9, 10, 11, 12, 13, 14, 15, 16], "text_char_matches": [[3, 4], [4, 5], [5, 3], [15, 2], [11, 1], [10, 1]], "text_tail_matches": [[3, 2], [4, 4], [5, 1], [11, 3], [15, 0]], "text_classification": [0, 0, 0, 1, 1, 1, 0, 0, 0, 0, 1, 1, 0, 0, 0, 1], "character_names": ["none", "Rin Okumura", "Yukio Okumura", "Yukio Okumura", "Yukio Okumura", "Rin Okumura", "none", "none", "none", "none", "none", "none", "none", "none", "none", "none", "none", "none", "none", "none"]}