{"bbox_annotations": {"bboxes_as_x1y1x2y2": [[514.6004028320312, 472.7405090332031, 622.5879516601562, 716.1484985351562], [1012.4342041015625, 1683.1729736328125, 1082.271484375, 1792.43212890625], [675.6080322265625, 1673.329833984375, 768.6738891601562, 1788.8865966796875], [274.5717468261719, 1710.21826171875, 405.59027099609375, 1914.2681884765625], [422.1929931640625, 910.8646850585938, 951.7135620117188, 1241.220458984375], [1097.3392333984375, 523.1360473632812, 1141.7132568359375, 636.4362182617188], [1124.5146484375, 535.618896484375, 1181.182373046875, 671.631591796875], [259.43499755859375, 1705.6580810546875, 315.0520324707031, 1792.08349609375], [761.4299926757812, 1634.182373046875, 848.114013671875, 1768.113037109375], [604.3689575195312, 1688.3348388671875, 666.842041015625, 1765.2286376953125], [143.5, 1705.29248046875, 253.81793212890625, 1918.0], [610.75, 360.5, 708.75, 514.5], [1064.057373046875, 903.7689819335938, 1215.31591796875, 982.9039306640625], [1066.56689453125, 1074.5, 1201.9976806640625, 1163.7545166015625], [234.04281616210938, 931, 423.96728515625, 1236.0543212890623], [1009.75, 1496.25, 1170.75, 1636.25], [642.25, 1482.25, 911.75, 1566.25], [1247.75, 1918, 1314.25, 1960], [395.5, 1443.75, 519.75, 1583.75], [130.9973602294922, 1.4440208673477173, 1383.0174560546875, 846.5852661132812], [130.73809814453125, 901.3020629882812, 1307.0965576171875, 1242.5721435546875], [125.46553039550781, 1295.6270751953125, 1313.3135986328125, 1932.1201171875], [1029, 1027, 1099, 1102]], "labels": [0, 0, 0, 0, 0, 0, 0, 0, 0, 0, 0, 1, 1, 1, 1, 1, 1, 1, 1, 2, 2, 2, 3], "image_id": 749}, "character_clusters": [0, 1, 2, 3, 0, 4, 3, 5, 6, 7, 4], "text_char_matches": [[1, 4], [2, 4]], "text_tail_matches": [[1, 0]], "text_classification": [0, 1, 1, 0, 0, 0, 0, 0], "character_names": ["Rin Okumura", "Nemu Takara", "Ryuji Suguro", "Noriko Paku", "Rin Okumura", "Izumo Kamiki", "Noriko Paku", "none", "none", "Konekomaru Miwa", "Izumo Kamiki"]}