{"bbox_annotations": {"bboxes_as_x1y1x2y2": [[1149.774658203125, 1323.6160888671875, 1289.0787353515625, 1911.3011474609375], [574.34130859375, 665, 741.416259765625, 1052.529052734375], [127.75, 166.5604248046875, 542.5, 564.4622802734375], [881.7623291015625, 1356.3514404296875, 994.4082641601562, 1919.75], [170.0115966796875, 1830.742431640625, 257.5843200683594, 1961.693359375], [1239.3519287109375, 390.14117431640625, 1291.4423828125, 469.0836181640625], [774.8596801757812, 323.4898376464844, 983.8684692382812, 557.4827880859375], [445.52679443359375, 1905.8619384765625, 539.2160034179688, 2073.58642578125], [537.60791015625, 385.5614013671875, 582.6563720703125, 518.0418701171875], [572.8709716796875, 1806.3438720703125, 625.1911010742188, 1867.4847412109375], [679, 1121.2340087890625, 864.6251831054688, 2114.1337890625], [116.0145263671875, 1839.6805419921875, 146.1066436767578, 1964.1539306640625], [246.75, 336, 427.0, 561.75], [1003.942626953125, 271.4770202636719, 1222.0345458984375, 414.5016784667969], [418.25, 220.5, 528.5, 323.75], [461.207763671875, 419.6597595214844, 505.78973388671875, 476.77740478515625], [141.75, 215.25, 252.0, 330.75], [1150.9354248046875, 805.3270874023438, 1357.5010986328125, 888.6961669921875], [752.5, 957.25, 850.5, 1036.0], [325.29638671875, 658.805419921875, 585.8190307617188, 944.4182739257812], [1149.0029296875, 1206.618896484375, 1252.90283203125, 1250.6285400390625], [928.1312255859375, 1237.8843994140625, 1072.7623291015625, 1302.3408203125], [1104.856689453125, 1417.480712890625, 1190.740478515625, 1529.6356201171875], [957.3941650390625, 1710.059814453125, 1112.376708984375, 1805.9866943359375], [737.4662475585938, 1712.42138671875, 869.3150634765625, 1797.954833984375], [332.1708068847656, 1299.265869140625, 512.127685546875, 1460.9547119140625], [543.4935302734375, 159.0685577392578, 1286.139892578125, 577.46923828125], [122.1225814819336, 154.43804931640625, 534.482421875, 569.1109619140625], [122.379638671875, 615.2280883789062, 1393.904052734375, 1058.070556640625], [879.94970703125, 1100.6097412109375, 1295.2891845703125, 1920.228515625], [669.4456176757812, 1104.533203125, 873.4551391601562, 2099.731689453125], [116.44210815429688, 1107.40087890625, 669.2118530273438, 2096.181884765625], [1118, 1588, 1214, 1696], [1073, 934, 1124, 974], [999, 1360, 1033, 1402], [1193, 1293, 1228, 1334], [1237, 343, 1292, 389], [378, 284, 482, 421]], "labels": [0, 0, 0, 0, 0, 0, 0, 0, 0, 0, 0, 0, 0, 1, 1, 1, 1, 1, 1, 1, 1, 1, 1, 1, 1, 1, 2, 2, 2, 2, 2, 2, 3, 3, 3, 3, 3, 3], "image_id": 757}, "character_clusters": [0, 0, 1, 1, 2, 3, 1, 4, 5, 6, 1, 7, 4], "text_char_matches": [[0, 0], [2, 2], [4, 2], [7, 0], [8, 3], [10, 0], [11, 0], [12, 10]], "text_tail_matches": [[0, 4], [2, 5], [4, 1], [7, 3], [8, 2], [10, 0], [11, 0]], "text_classification": [1, 0, 1, 0, 1, 0, 0, 1, 1, 0, 1, 1, 1], "character_names": ["Yukio Okumura", "Yukio Okumura", "Rin Okumura", "Rin Okumura", "Noriko Paku", "Konekomaru Miwa", "Rin Okumura", "Mephisto Pheles", "none", "none", "Rin Okumura", "Izumo Kamiki", "Mephisto Pheles"]}