{"bbox_annotations": {"bboxes_as_x1y1x2y2": [[304.5, 789.25, 480.90173339843756, 1183.8099365234375], [486.5, 778.75, 660.822021484375, 1066.82275390625], [1373.75, 1524.33984375, 1401.829833984375, 1825.8905029296875], [1128.9222412109375, 1524.5008544921875, 1295.4031982421875, 1850.3751220703125], [481.05352783203125, 346.5, 1235.5, 1254.5406188964841], [1259.70751953125, 1454.25, 1351.0, 1821.48095703125], [1338.75, 1527.75, 1375.5, 1606.5], [989.791015625, 211.34571838378906, 1201.260498046875, 390.9202575683594], [632.1365356445312, 169.40695190429688, 689.5, 248.5], [519.801513671875, 346.63916015625, 570.1305541992188, 419.1613464355469], [1014.6294555664062, 926.3677978515625, 1242.975341796875, 1062.481201171875], [551.6417846679688, 681.3203125, 664.9568481445312, 723.7526245117188], [222.35340881347656, 593.89794921875, 366.3398742675781, 742.6724853515625], [117.04936981201172, 836.5, 238.0, 950.25], [239.5005645751953, 1055.25, 332.0835876464844, 1145.7523193359375], [1163.75, 1316, 1282.75, 1422.75], [1083.624267578125, 1430.1788330078125, 1171.9697265625, 1468.554443359375], [1025.6983642578125, 1440.5537109375, 1097.25, 1522.5], [941.5, 1463, 1036.0, 1596], [66.5, 1247.75, 885.5, 1667.75], [976.5, 1837.5, 1326.5, 2068.5], [113.88215637207031, 0.42599961161613464, 1215.0823974609375, 479.7652282714844], [475.38116455078125, 478.8565368652344, 1399.538330078125, 1251.731689453125], [114.72064208984375, 515.0701293945312, 491.6205749511719, 1195.297119140625], [103.68645477294922, 1220.800537109375, 1387.3525390625, 2097.158203125], [1003, 436, 1052, 479], [1012, 801, 1051, 845], [311, 773, 371, 848], [342, 1052, 382, 1095], [593, 764, 629, 819], [1169, 1441, 1215, 1513]], "labels": [0, 0, 0, 0, 0, 0, 0, 1, 1, 1, 1, 1, 1, 1, 1, 1, 1, 1, 1, 1, 1, 2, 2, 2, 2, 3, 3, 3, 3, 3, 3], "image_id": 733}, "character_clusters": [0, 0, 1, 0, 2, 2, 3], "text_char_matches": [[0, 4], [3, 4], [4, 1], [5, 0], [7, 0], [9, 3], [10, 3]], "text_tail_matches": [[0, 0], [3, 1], [4, 4], [5, 2], [7, 3], [9, 5], [10, 5]], "text_classification": [1, 0, 0, 1, 1, 1, 0, 1, 0, 1, 1, 0, 0, 0], "character_names": ["Rin Okumura", "Rin Okumura", "Naoya Kyodo", "Rin Okumura", "Mephisto Pheles", "Mephisto Pheles", "Izumi"]}