{"bbox_annotations": {"bboxes_as_x1y1x2y2": [[1142.51953125, 1792.774658203125, 1270.1373291015625, 1973.693603515625], [524.0018310546875, 1712.7713623046875, 1021.1188354492188, 2097.861328125], [952.2802124023438, 1531.427978515625, 1145.931396484375, 1634.4605712890625], [96.25, 1108.6600341796875, 745.5, 1465.4296875], [1014.439697265625, 1912.7667236328125, 1138.865478515625, 1996.9586181640625], [817.25, 0, 1273.8499755859375, 1045.5173473358154], [1124.198974609375, 1605.99267578125, 1263.3233642578125, 1756.52734375], [667.7906799316406, 1107.8900146484375, 1263.5, 1463.0], [8.383807182312012, 80.00984954833984, 591.544939994812, 1050.539939880371], [934.2167358398438, 166.04335021972656, 1134.4759521484375, 303.3819274902344], [508.8737487792969, 176.35960388183594, 674.860595703125, 269.4346618652344], [386.75, 311.5, 631.75, 589.75], [-5.25, 31.424293518066406, 181.5531120300293, 365.75], [433.63433837890625, 717.6353759765625, 713.3355102539062, 898.3447265625], [1005.0342407226562, 1232.1387939453125, 1202.9305419921875, 1341.85400390625], [126, 1246, 255.5, 1463], [719.8862915039062, 1598.9649658203125, 797.71533203125, 1663.55908203125], [508.2423095703125, 1820, 760.9239501953125, 2046.4798583984375], [140, 1473.5, 362.25, 1795.5], [205.50379943847656, 1773.46142578125, 418.3899230957031, 1936.9962158203125], [808.17236328125, -1.8032267093658447, 1269.469482421875, 1050.6842041015625], [-0.9256303310394287, 3.6730124950408936, 793.4721069335938, 1051.7020263671875], [87.5533676147461, 1097.5631103515625, 1266.0311279296875, 1471.806640625], [91.90827178955078, 1518.957763671875, 1264.0242919921875, 2097.66162109375], [929, 1302, 983, 1342], [461, 1828, 522, 1872], [1018, 382, 1082, 475], [398, 244, 469, 315], [386, 537, 515, 640]], "labels": [0, 0, 0, 0, 0, 0, 0, 0, 0, 1, 1, 1, 1, 1, 1, 1, 1, 1, 1, 1, 2, 2, 2, 2, 3, 3, 3, 3, 3], "image_id": 768}, "character_clusters": [0, 1, 2, 3, 4, 5, 6, 1, 5], "text_char_matches": [[0, 5], [1, 8], [4, 8], [5, 7], [6, 3], [10, 1]], "text_tail_matches": [[0, 2], [1, 3], [4, 4], [5, 0], [10, 1]], "text_classification": [1, 1, 0, 0, 1, 1, 1, 0, 0, 0, 1], "character_names": ["none", "Yukio Okumura", "none", "none", "none", "Rin Okumura", "none", "Yukio Okumura", "Rin Okumura"]}