{"bbox_annotations": {"bboxes_as_x1y1x2y2": [[-7.887864112854004, -13.581982612609863, 1390.280517578125, 2085.496337890625]], "labels": [2], "image_id": 738}, "character_clusters": [], "text_char_matches": [], "text_tail_matches": [], "text_classification": [], "character_names": []}