{"bbox_annotations": {"bboxes_as_x1y1x2y2": [[938.8780517578125, 479.5, 1267.1318359375, 1296.0127258300781], [677.1093139648438, 1644.6822509765625, 916.3826293945312, 1945.6796875], [915.234619140625, 1735.2142333984375, 1062.960693359375, 2069.460693359375], [499.8730773925781, 609.8407592773438, 682.7767333984375, 1307.5445556640625], [634.9227294921875, 1671.3712158203125, 804.6768188476562, 1947.15625], [1167.17529296875, 1993.2744140625, 1289.853271484375, 2100.17822265625], [1213.4412841796875, 489.7143249511719, 1400.62353515625, 1222.3587341308594], [133, 1368.5, 672, 2095.8388671875], [683.76904296875, 455.4892578125, 825.0775756835938, 879.301513671875], [245.0694580078125, 1523.0340576171875, 735.0, 2093.190185546875], [497, 871.4228515625, 576.3258056640625, 1072.75], [133, 674.0941772460938, 283.1835021972656, 1306.896728515625], [518, 848.75, 631.75, 1078.0], [806.75, 873.25, 925.75, 1302.0], [472.5, 1008, 572.25, 1169], [1125.54296875, 189.45750427246094, 1296.70947265625, 516.2102508544922], [793.626953125, 234.45211791992188, 886.96923828125, 276.40374755859375], [743.7611694335938, 333.4313049316406, 865.5411987304688, 395.2022399902344], [826.6207275390625, 533.593994140625, 884.4461669921875, 570.110595703125], [833, 596.75, 918.75, 869.75], [783.4120483398438, 1059.9249267578125, 901.9596557617188, 1157.045654296875], [713.7452392578125, 1202.84228515625, 814.049560546875, 1240.891845703125], [490.0428466796875, 280.9393310546875, 615.201904296875, 323.90045166015625], [132.3468780517578, 182, 530.25, 796.25], [532, 967.75, 644, 1144.5], [379.0311584472656, 1141.8455810546875, 450.0137634277344, 1206.1973876953125], [1043.7296142578125, 1468.6192626953125, 1224.945556640625, 1516.6666259765625], [1174.6624755859375, 1721.9500732421875, 1265.2628173828125, 1762.9359130859375], [1053.59619140625, 1847.228515625, 1200.677734375, 1890.775390625], [188.00543212890625, 1548.58251953125, 356.01214599609375, 1595.9691162109375], [925.2482299804688, 145.0435791015625, 1396.9366455078125, 1314.4892578125], [681.1889038085938, 156.98265075683594, 922.0265502929688, 1306.66650390625], [121.2763671875, 8.115506172180176, 679.9664916992188, 1313.1365966796875], [122.16905975341797, 1352.714599609375, 1303.612060546875, 2096.947998046875], [384, 1606, 432, 1650], [995, 1817, 1031, 1875], [846, 429, 913, 513], [800, 537, 827, 573], [720, 959, 809, 1055]], "labels": [0, 0, 0, 0, 0, 0, 0, 0, 0, 0, 0, 0, 0, 0, 0, 1, 1, 1, 1, 1, 1, 1, 1, 1, 1, 1, 1, 1, 1, 1, 2, 2, 2, 2, 3, 3, 3, 3, 3], "image_id": 759}, "character_clusters": [0, 1, 2, 0, 3, 4, 5, 6, 0, 7, 3, 5, 1, 5, 4], "text_char_matches": [[3, 8], [5, 13], [6, 13], [11, 1], [12, 1], [13, 1], [14, 7]], "text_tail_matches": [[1, 2], [2, 2], [5, 4], [6, 4], [11, 1], [12, 1], [13, 1], [14, 0]], "text_classification": [0, 1, 1, 1, 0, 1, 1, 1, 0, 0, 1, 1, 1, 1, 1], "character_names": ["Yukio Okumura", "Ryuji Suguro", "none", "Yukio Okumura", "Konekomaru Miwa", "Mephisto Pheles", "Rin Okumura", "Izumo Kamiki", "Yukio Okumura", "Noriko Paku", "Konekomaru Miwa", "Rin Okumura", "Ryuji Suguro", "Rin Okumura", "Mephisto Pheles"]}