{"bbox_annotations": {"bboxes_as_x1y1x2y2": [[385.2011413574219, 949.1798706054688, 778.666259765625, 1374.6591796875], [338.8558349609375, 1598.10888671875, 530.6452026367188, 2097.779296875], [717.3650512695312, 1044.3438720703125, 1050.8695068359375, 1371.4244384765625], [920.0849609375, 1435, 1183.0, 1920.4664306640625], [287.69976806640625, 498.286865234375, 484.1506042480469, 877.4578857421875], [834.2421264648438, 190.31394958496094, 1160.05712890625, 864.4930267333984], [808.4470825195312, 946.3922729492188, 1277.0531005859375, 1373.30810546875], [106.80667114257812, 532.8194580078125, 388.6855163574219, 883.8074951171875], [720.1153564453125, 1439.53857421875, 905.8597412109375, 1916.543212890625], [408.58270263671875, 1436.6676025390625, 715.7457885742188, 2101.54052734375], [1063.6063232421875, 136.29910278320312, 1181.061767578125, 257.6023254394531], [708.75, 87.5, 976.5, 225.75], [551.8084106445312, 288.8349609375, 820.4307250976562, 449.498291015625], [721, 533.75, 840, 640.5], [198.90338134765625, 242.42649841308594, 392.32830810546875, 420.34466552734375], [206.2738494873047, 782.5316772460938, 252.64224243164062, 842.7847900390625], [1039.7144775390625, 1083.47314453125, 1202.7880859375, 1230.3648681640625], [177.692626953125, 1136.267333984375, 338.4805603027344, 1217.4835205078125], [1062.7469482421875, 1484.15771484375, 1220.59423828125, 1640.2275390625], [778.8742065429688, 1781.1429443359375, 860.1429443359375, 1873.0628662109375], [197.64132690429688, 1620.5146484375, 316.5799255371094, 1675.3302001953125], [154.60452270507812, 1763.87841796875, 359.9074401855469, 1943.09375], [495.73974609375, -2.9611408710479736, 1279.803466796875, 883.2980346679688], [104.86832427978516, 157.8387451171875, 488.3236083984375, 887.9552001953125], [98.0995864868164, 935.6060180664062, 1275.4501953125, 1381.624267578125], [914.9429321289062, 1422.0137939453125, 1275.501708984375, 1930.611328125], [717.5812377929688, 1424.98193359375, 908.9949951171875, 1928.9599609375], [100.43927764892578, 1422.5863037109375, 716.7241821289062, 2095.191650390625], [1160, 1661, 1198, 1701], [343, 442, 385, 493], [367, 1182, 411, 1216], [854, 321, 894, 360], [1019, 263, 1062, 308], [335, 1708, 370, 1748], [726, 1709, 781, 1764], [214, 742, 248, 793]], "labels": [0, 0, 0, 0, 0, 0, 0, 0, 0, 0, 1, 1, 1, 1, 1, 1, 1, 1, 1, 1, 1, 1, 2, 2, 2, 2, 2, 2, 3, 3, 3, 3, 3, 3, 3, 3], "image_id": 770}, "character_clusters": [0, 1, 2, 1, 1, 1, 0, 0, 0, 0], "text_char_matches": [[0, 5], [2, 5], [4, 4], [5, 7], [6, 6], [7, 0], [8, 3], [9, 8], [11, 1]], "text_tail_matches": [[0, 4], [2, 3], [4, 1], [5, 7], [7, 2], [8, 0], [9, 6], [11, 5]], "text_classification": [1, 0, 1, 0, 1, 1, 1, 1, 1, 1, 0, 1], "character_names": ["Rin Okumura", "Yukio Okumura", "Shiro Fujimoto", "Yukio Okumura", "Yukio Okumura", "Yukio Okumura", "Rin Okumura", "Rin Okumura", "Rin Okumura", "Rin Okumura"]}