{"bbox_annotations": {"bboxes_as_x1y1x2y2": [[327.9582824707031, 933.3922119140625, 755.5698852539062, 1305.2880859375], [1001, 1366.75, 1266.0015869140625, 1914.1636962890625], [789.1822509765625, 1001.8499755859375, 1017.4386596679688, 1304.307373046875], [876.95166015625, 210.39007568359375, 1078.4256591796875, 847.0794067382812], [161.912109375, 435.2315673828125, 256.9727478027344, 563.3009643554688], [-1.2485682964324951, 1366.21435546875, 508.5578281879425, 2103.8505859375], [1149.4044189453125, 406.05963134765625, 1267.979248046875, 813.1087646484375], [527.6541748046875, 1622.639892578125, 913.761962890625, 2101.157470703125], [565.5814819335938, 385.55157470703125, 616.160400390625, 495.6614074707031], [1092.2557373046875, 223.74977111816406, 1218.7357177734375, 282.71142578125], [1069.6800537109375, 338.22418212890625, 1172.2520751953125, 422.5808410644531], [921.0743408203125, 229.19850158691406, 1003.6773681640625, 317.3296203613281], [587.8488159179688, 137.31910705566406, 787.5195922851562, 283.5], [219.03636169433594, 210.18040466308594, 329.1474914550781, 249.0689239501953], [97.37075805664062, 259.7945556640625, 207.5150146484375, 333.8158874511719], [1038.602294921875, 1018.516845703125, 1211.531005859375, 1112.98974609375], [551.2384033203125, 968.8876342773438, 602.6708984375, 1002.5552978515625], [438.5511779785156, 974.7633666992188, 530.1581420898438, 1055.6092529296875], [304.53582763671875, 1040.00439453125, 434.9542236328125, 1134.90087890625], [147.21998596191406, 1182.5498046875, 257.39959716796875, 1226.378662109375], [1058.4124755859375, 1424.4439697265625, 1202.1337890625, 1518.758544921875], [803.2738037109375, 1496.5445556640625, 1008.0675659179688, 1617.53271484375], [50.772064208984375, 1711.15283203125, 295.4615783691406, 1874.16357421875], [871.5410766601562, 156.92279052734375, 1269.3555908203125, 849.8963623046875], [-0.3922402858734131, 2.3705272674560547, 866.4844360351562, 851.3795776367188], [87.08702087402344, 900.3258056640625, 1267.9996337890625, 1312.5291748046875], [992.9176635742188, 1363.934326171875, 1265.3316650390625, 1920.521728515625], [-1.051342487335205, 1356.843994140625, 992.4360961914062, 2089.8466796875], [332, 1791, 392, 1831], [772, 1673, 816, 1719], [995, 1133, 1038, 1168], [258, 1224, 313, 1262], [158, 350, 196, 400], [604, 334, 636, 372], [1063, 436, 1097, 492], [977, 324, 1006, 359], [431, 1182, 521, 1262]], "labels": [0, 0, 0, 0, 0, 0, 0, 0, 0, 1, 1, 1, 1, 1, 1, 1, 1, 1, 1, 1, 1, 1, 1, 2, 2, 2, 2, 2, 3, 3, 3, 3, 3, 3, 3, 3, 3], "image_id": 780}, "character_clusters": [0, 0, 1, 1, 0, 0, 0, 1, 1], "text_char_matches": [[2, 3], [3, 8], [4, 4], [5, 4], [6, 2], [7, 0], [8, 0], [9, 0], [10, 2], [11, 7], [12, 7], [13, 7]], "text_tail_matches": [[0, 6], [1, 6], [2, 7], [3, 5], [4, 4], [5, 4], [6, 2], [7, 8], [8, 8], [9, 8], [10, 3], [11, 1], [12, 1], [13, 0]], "text_classification": [1, 1, 1, 1, 1, 1, 1, 1, 1, 1, 1, 1, 1, 1], "character_names": ["Rin Okumura", "Rin Okumura", "Yukio Okumura", "Yukio Okumura", "Rin Okumura", "Rin Okumura", "Rin Okumura", "Yukio Okumura", "Yukio Okumura"]}