{"bbox_annotations": {"bboxes_as_x1y1x2y2": [[593.7387084960938, -0.3742732107639313, 1118.705810546875, 326.87572678923607], [1052.4749755859375, 790.9222412109375, 1229.9039306640625, 1005.705810546875], [198.97238159179688, 1.2271955013275146, 481.25, 340.40645575523376], [19.85296630859375, 815.5, 1137.5, 2093.79052734375], [209.62420654296875, 467.65826416015625, 524.5037231445312, 1039.3648681640625], [1130.9957275390625, 172.67861938476562, 1212.521728515625, 215.55288696289062], [393.644287109375, 216.10079956054688, 509.6921691894531, 254.0586395263672], [119.85262298583984, 269.21063232421875, 207.80410766601562, 337.75], [1104.25, 488.25, 1275.75, 784.9181518554688], [182, 652.75, 497, 987.0], [1035.6275634765625, 1316.6207275390625, 1187.2672119140625, 1466.531494140625], [1151.8428955078125, 1737.9278564453125, 1223.25, 1983.719970703125], [152.56756591796875, 1613.745849609375, 382.32537841796875, 1869.525146484375], [506.4215087890625, -0.32936856150627136, 1276.879150390625, 330.0799560546875], [105.05779266357422, -1.902658462524414, 496.7685546875, 350.4774475097656], [98.79940795898438, 364.44830322265625, 1276.8760986328125, 1048.71630859375], [-2.977496385574341, 938.8755493164062, 1323.3590087890625, 2096.6669921875], [939, 1435, 990, 1481], [460, 1674, 523, 1730], [1076, 168, 1125, 203], [353, 194, 391, 229]], "labels": [0, 0, 0, 0, 0, 1, 1, 1, 1, 1, 1, 1, 1, 2, 2, 2, 2, 3, 3, 3, 3], "image_id": 776}, "character_clusters": [0, 1, 2, 1, 0], "text_char_matches": [[0, 0], [1, 2], [7, 3], [5, 3]], "text_tail_matches": [[0, 2], [1, 3], [5, 0], [7, 1]], "text_classification": [1, 1, 1, 0, 0, 1, 0, 1], "character_names": ["Yukio Okumura", "Rin Okumura", "Mephisto Pheles", "Rin Okumura", "Yukio Okumura"]}