{"bbox_annotations": {"bboxes_as_x1y1x2y2": [[14.615612983703613, 1662.515869140625, 1024.955578804016, 2101.6826171875], [-0.606749951839447, 1282.6573486328125, 132.91250663995743, 1602.7762451171875], [763.5126342773438, 427.16851806640625, 1294.3883056640625, 1587.1126098632812], [159.9353790283203, 568.5575561523438, 446.74928283691406, 1108.3741455078125], [449.6050720214844, 579.7089233398438, 637.7845458984375, 1591.29736328125], [954.7000732421875, 211.85044860839844, 1197.204833984375, 343.62164306640625], [623, 29.75, 915.25, 575.75], [990.5, 1230.25, 1265.25, 1527.75], [673.75, 1295, 867.5368041992188, 1487.2481689453125], [506.46710205078125, 360.1347351074219, 558.8919067382812, 456.2682800292969], [216.1541290283203, 275.19232177734375, 388.6437683105469, 400.32281494140625], [36.934818267822266, 422.93951416015625, 210.56755447387695, 574.8668823242188], [216.61370849609375, 1001.7921752929688, 371.8488464355469, 1139.1993408203125], [194.65353393554688, 1278.3011474609375, 401.1200866699219, 1424.6158447265625], [107.16673278808594, 1781.4073486328125, 250.82260131835938, 1935.902099609375], [601.57470703125, -1.4484643936157227, 1293.3463134765625, 1599.517333984375], [465.2046203613281, 41.4253044128418, 685.448486328125, 1607.42822265625], [2.157384157180786, 148.23365783691406, 455.4759216308594, 1132.1781005859375], [-2.2135019302368164, 1163.6788330078125, 445.1394958496094, 1612.027587890625], [-10.085052490234375, 1658.6064453125, 1284.3802490234375, 2101.749267578125], [302, 1882, 351, 1926], [523, 488, 557, 549], [164, 600, 219, 677], [1082, 494, 1135, 629], [280, 853, 369, 949]], "labels": [0, 0, 0, 0, 0, 1, 1, 1, 1, 1, 1, 1, 1, 1, 1, 2, 2, 2, 2, 2, 3, 3, 3, 3, 3], "image_id": 764}, "character_clusters": [0, 0, 1, 1, 0], "text_char_matches": [[0, 2], [4, 4], [5, 3], [6, 3], [8, 3], [7, 3], [9, 0]], "text_tail_matches": [[0, 3], [4, 1], [5, 2], [6, 2], [7, 4], [8, 4], [9, 0]], "text_classification": [1, 0, 0, 0, 1, 1, 1, 1, 1, 1], "character_names": ["Yukio Okumura", "Yukio Okumura", "Rin Okumura", "Rin Okumura", "Yukio Okumura"]}