{"bbox_annotations": {"bboxes_as_x1y1x2y2": [[521.2613525390625, 989.1151733398438, 676.3294677734375, 1295.8424072265625], [497.04376220703125, 896.5618286132812, 1322.8785400390625, 1946.6841430664062], [0, 0, 1398.25, 1141], [-0.668489933013916, -15.165567398071289, 1398.082763671875, 2084.660888671875]], "labels": [0, 0, 0, 2], "image_id": 775}, "character_clusters": [0, 1, 2], "text_char_matches": [], "text_tail_matches": [], "text_classification": [], "character_names": ["Yukio Okumura", "Rin Okumura", "none"]}