{"bbox_annotations": {"bboxes_as_x1y1x2y2": [[7.991087436676025, 1177.75, 1279.25, 1431.5], [105.01805114746094, 0, 1261.1285247802734, 1120], [635.3026733398438, 1503.929931640625, 1242.5, 1919.3123779296875], [4.666738510131836, 1499.9945068359375, 304.3730068206787, 1913.6614990234375], [88.46495819091797, 763.328857421875, 419.1449203491211, 1034.542236328125], [1102.0465087890625, 1562.8629150390625, 1231.4412841796875, 1634.1068115234375], [1045.5858154296875, 1740.0517578125, 1190.643310546875, 1826.88427734375], [484.90179443359375, 1705.169189453125, 648.3043212890625, 1807.244140625], [222.0875244140625, 1734.108154296875, 386.50628662109375, 1827.626220703125], [58.877197265625, 1695.8558349609375, 201.25, 1900.5], [-11.547660827636719, -4.590100288391113, 1286.327392578125, 1128.1812744140625], [-3.039872646331787, 1174.527587890625, 1286.4383544921875, 1447.130859375], [435.8074035644531, 1492.1558837890625, 1269.5994873046875, 1921.5887451171875], [-6.658196449279785, 1490.4989013671875, 427.337646484375, 1927.114990234375], [935, 1741, 1031, 1844], [215, 1578, 289, 1671], [376, 641, 439, 694], [668, 1664, 745, 1735]], "labels": [0, 0, 0, 0, 1, 1, 1, 1, 1, 1, 2, 2, 2, 2, 3, 3, 3, 3], "image_id": 772}, "character_clusters": [0, 0, 0, 0], "text_char_matches": [[1, 2], [2, 2], [3, 2], [4, 3]], "text_tail_matches": [[0, 2], [1, 0], [2, 0], [3, 3], [4, 1]], "text_classification": [1, 1, 1, 1, 1, 0], "character_names": ["Rin Okumura", "Rin Okumura", "Rin Okumura", "Rin Okumura"]}