{"bbox_annotations": {"bboxes_as_x1y1x2y2": [[396.7222900390625, 327.01165771484375, 492.0000915527344, 467.7513427734375], [134.3019256591797, 184.00926208496094, 329.04229736328125, 666.9589691162109], [509.0884704589844, 725.0142822265625, 1403.9689636230469, 1177.157470703125], [1093.435546875, 93.70001220703125, 1252.5947265625, 658.0542602539062], [598.9898681640625, -9.015727043151855, 1153.25, 652.1971025466919], [1270.7767333984375, 143.55508422851562, 1373.6112060546875, 224.2427520751953], [1183.821044921875, 414.6929931640625, 1365.525390625, 540.8471069335938], [990.6762084960938, 442.1552734375, 1137.72802734375, 551.8558959960938], [661.8145751953125, 179.32029724121094, 847.6110229492188, 298.5038146972656], [394.12823486328125, 179.36666870117188, 540.284423828125, 269.1202392578125], [237.9065704345703, 193.69422912597656, 326.92828369140625, 278.48419189453125], [376.25, 367.5, 400.75, 439.25], [369.5641174316406, 498.87786865234375, 512.493896484375, 602.0839233398438], [188.44393920898438, 481.8852233886719, 305.0807800292969, 592.7125244140625], [1129.9632568359375, 755.0388793945312, 1362.02783203125, 944.7567749023438], [265.4202575683594, 881.6656494140625, 426.39239501953125, 1030.68408203125], [280.54949951171875, 1402.5352783203125, 461.4036560058594, 1555.431640625], [592.3278198242188, 1.0121538639068604, 1404.48388671875, 656.87548828125], [340.5295715332031, -1.9748032093048096, 579.4281616210938, 664.578369140625], [118.48172760009766, 716.565185546875, 1395.0263671875, 1175.5540771484375], [125.09407043457031, 1256.0166015625, 1303.3427734375, 2098.905517578125], [949, 375, 993, 423], [480, 992, 530, 1030], [432, 420, 462, 463], [441, 313, 474, 361], [772, 38, 809, 92]], "labels": [0, 0, 0, 0, 0, 1, 1, 1, 1, 1, 1, 1, 1, 1, 1, 1, 1, 2, 2, 2, 2, 3, 3, 3, 3, 3], "image_id": 781}, "character_clusters": [0, 1, 1, 1, 0], "text_char_matches": [[0, 4], [1, 4], [2, 4], [3, 4], [4, 0], [7, 0], [8, 0], [5, 1], [9, 2], [10, 2]], "text_tail_matches": [[1, 0], [2, 0], [3, 4], [4, 3], [7, 2], [10, 1]], "text_classification": [1, 1, 1, 1, 1, 1, 0, 1, 1, 1, 1, 1], "character_names": ["Yukio Okumura", "Rin Okumura", "Rin Okumura", "Rin Okumura", "Yukio Okumura"]}