{"bbox_annotations": {"bboxes_as_x1y1x2y2": [[133, 1304.178955078125, 1398.25, 2098.25], [377.1328430175781, 347.71783447265625, 615.6976928710938, 1100.0076904296875], [722.4609375, 325.6338806152344, 1171.5792236328125, 1218.3942565917969], [1099.0518798828125, 210.88189697265625, 1286.391357421875, 333.93353271484375], [1153.020751953125, 1503.2969970703125, 1349.6512451171875, 1570.3592529296875], [117.33975982666016, -5.761250972747803, 1388.915283203125, 1258.9268798828125], [126.21934509277344, 1292.9539794921875, 1389.97607421875, 2096.189453125], [1071, 370, 1122, 417], [1119, 1638, 1172, 1687]], "labels": [0, 0, 0, 1, 1, 2, 2, 3, 3], "image_id": 771}, "character_clusters": [0, 1, 0], "text_char_matches": [[0, 2], [1, 0]], "text_tail_matches": [[0, 0], [1, 1]], "text_classification": [1, 1], "character_names": ["Yukio Okumura", "Rin Okumura", "Yukio Okumura"]}