{"bbox_annotations": {"bboxes_as_x1y1x2y2": [[553.6528930664062, 1062.25, 677.0383911132812, 1443.0283203125], [0, 0, 372.75, 776.2719230651855], [287, 1354.5, 551.2874145507812, 2097.16845703125], [1036.3592529296875, 243.25, 1277.5, 772.5264434814453], [1039.5638427734375, 182, 1281.55908203125, 777.2375183105469], [488.6656494140625, 259, 959.5452270507812, 779.0016174316406], [686.0914916992188, 869.75, 1307.7667236328125, 2101.1249389648438], [-2.2972404956817627, 1333.5, 389.869690656662, 2101.044677734375], [551.25, 1407, 654.5, 1669.5], [1077.96630859375, 621.4785766601562, 1208.5281982421875, 702.6359252929688], [733.282958984375, 139.64987182617188, 954.1990966796875, 320.9267883300781], [430.8064270019531, 184.88150024414062, 628.2481689453125, 368.0795593261719], [53.07495880126953, 536.46240234375, 293.67884063720703, 666.9512329101562], [943.0951538085938, 920.7244262695312, 1063.8336181640625, 1099.0931396484375], [820.2990112304688, 1739.2379150390625, 1144.044677734375, 1923.5811767578125], [565.5362548828125, 899.9099731445312, 666.7205200195312, 1001.6533203125], [567.7825317382812, 1738.2984619140625, 659.7169799804688, 1820.1214599609375], [120.08654022216797, 1022.0338134765625, 439.91561126708984, 1157.7279052734375], [226.33062744140625, 1374.4190673828125, 274.95440673828125, 1452.224609375], [50.75, 1764, 241.5, 1951.25], [346.5, 1813, 462.0, 2038.75], [1028.7425537109375, 146.8189239501953, 1282.2513427734375, 782.7249145507812], [376.68017578125, 5.919872283935547, 1025.3214111328125, 785.5748901367188], [-1.2866824865341187, -9.670646667480469, 370.1625061035156, 781.3280029296875], [685.8579711914062, 827.3576049804688, 1301.620361328125, 2091.299560546875], [545.4207153320312, 823.22265625, 685.1355590820312, 1969.8712158203125], [-0.6375312805175781, 825.4198608398438, 549.0172119140625, 2102.4208984375], [470, 396, 511, 454], [870, 358, 908, 406], [184, 1445, 225, 1487], [394, 1264, 448, 1340], [590, 1528, 645, 1644], [613, 1049, 642, 1089], [1130, 487, 1185, 576]], "labels": [0, 0, 0, 0, 0, 0, 0, 0, 0, 1, 1, 1, 1, 1, 1, 1, 1, 1, 1, 1, 1, 2, 2, 2, 2, 2, 2, 3, 3, 3, 3, 3, 3, 3], "image_id": 758}, "character_clusters": [0, 0, 1, 1, 0, 0, 1, 0, 1], "text_char_matches": [[0, 4], [1, 5], [2, 5], [3, 1], [4, 1], [5, 1], [6, 0], [7, 8], [8, 2], [9, 7]], "text_tail_matches": [[0, 6], [1, 1], [2, 0], [7, 4], [8, 3], [6, 5], [9, 2]], "text_classification": [1, 1, 1, 1, 1, 1, 1, 1, 1, 1, 0, 0], "character_names": ["Yukio Okumura", "Yukio Okumura", "Rin Okumura", "Rin Okumura", "Yukio Okumura", "Yukio Okumura", "Rin Okumura", "Yukio Okumura", "Rin Okumura"]}