{"bbox_annotations": {"bboxes_as_x1y1x2y2": [[131.25, 187.25, 540.2469482421875, 700.0], [700.3720092773438, 939.2179565429688, 937.9371948242188, 1242.6768798828125], [647.23583984375, 62.204158782958984, 725.4451904296875, 272.197078704834], [1173.7364501953125, 355.1595764160156, 1395.7904052734375, 638.014404296875], [651.4684448242188, 119.86934661865234, 1109.312744140625, 666.5042953491211], [456.95709228515625, 1356.6939697265625, 1362.656005859375, 2100.481689453125], [969.5, 3.5, 1165.5, 122.5], [1168.59130859375, 168.7576141357422, 1349.996826171875, 312.8767395019531], [296.7177734375, 263.6740417480469, 462.766845703125, 330.92303466796875], [217, 558.25, 339.5, 733.25], [1102.697021484375, 789.3807983398438, 1329.7999267578125, 1019.7687377929688], [952, 1099, 1379, 1337], [662.3530883789062, 684.7310791015625, 872.2056274414062, 832.4301147460938], [631.75, 1188.25, 855.75, 1349.25], [466.75872802734375, 821.159912109375, 608.2572631835938, 964.428466796875], [227.63330078125, 1001.0692138671875, 473.9037170410156, 1217.0582275390625], [188.23182678222656, 739.6923217773438, 403.4514465332031, 915.556884765625], [1108.5377197265625, 1585.1492919921875, 1323.0869140625, 1794.0552978515625], [1088.478515625, 1890.8778076171875, 1398.25, 2110.0625], [365.8288269042969, 1302, 739.764404296875, 1685.25], [639.4365844726562, -2.3387656211853027, 1405.1751708984375, 662.92529296875], [134.69204711914062, 157.86244201660156, 638.4841918945312, 713.1083374023438], [121.10157012939453, 697.3895874023438, 1397.034423828125, 1306.2320556640625], [121.50495147705078, 1347.2657470703125, 1390.399169921875, 2093.217529296875], [636, 933, 687, 979], [1009, 969, 1063, 1011], [378, 155, 423, 201], [993, 1578, 1048, 1620]], "labels": [0, 0, 0, 0, 0, 0, 0, 1, 1, 1, 1, 1, 1, 1, 1, 1, 1, 1, 1, 1, 2, 2, 2, 2, 3, 3, 3, 3], "image_id": 769}, "character_clusters": [0, 1, 2, 3, 0, 1, 4], "text_char_matches": [[0, 1], [1, 1], [3, 1], [7, 1], [8, 1], [10, 5]], "text_tail_matches": [[1, 2], [3, 1], [7, 0], [8, 0], [10, 3]], "text_classification": [1, 1, 0, 1, 0, 0, 0, 1, 1, 0, 1, 0, 0], "character_names": ["Rin Okumura", "Yukio Okumura", "none", "none", "Rin Okumura", "Yukio Okumura", "none"]}