{"bbox_annotations": {"bboxes_as_x1y1x2y2": [[468.85791015625, 844.4071655273438, 1197.0, 1373.6219482421875], [652.73291015625, 489.1070556640625, 698.8756713867188, 556.5369873046875], [-0.5737051367759705, -0.1816682517528534, 330.17629486322403, 495.6679716408253], [329.5802001953125, 1442, 664.272216796875, 1919.75], [599.7528686523438, 475.1963195800781, 638.0265502929688, 554.7589111328125], [907.4996337890625, 158.7433624267578, 1047.0009765625, 281.3280029296875], [1007.565673828125, 602.0521240234375, 1055.2308349609375, 744.0281982421875], [392.3692626953125, 155.5735321044922, 555.8751831054688, 318.5], [290.37109375, 506.9034423828125, 417.7703552246094, 670.6021118164062], [122.67239379882812, 142.69088745117188, 250.3725128173828, 187.962158203125], [95.92588806152344, 632.11962890625, 206.29258728027344, 709.2136840820312], [965.15966796875, 994.3611450195312, 1208.37939453125, 1139.6829833984375], [815.8331909179688, 1175.480224609375, 954.2359008789062, 1285.850341796875], [640.2291259765625, 1218.357421875, 711.1452026367188, 1320.7413330078125], [233.74691772460938, 926.7247924804688, 435.4704895019531, 1141.795166015625], [46.40943908691406, 1168.53759765625, 237.0033416748047, 1277.987548828125], [946.4071655273438, 1538.428466796875, 1186.345703125, 1756.549072265625], [183.6011199951172, 1581.4031982421875, 445.8340301513672, 1793.2852783203125], [99.75, 1925, 166.25, 1965.25], [967.7008056640625, -5.543862342834473, 1273.6199951171875, 789.7400512695312], [327.29736328125, -1.0352790355682373, 967.358154296875, 783.5203857421875], [-4.476592063903809, 8.177152633666992, 336.8789978027344, 784.5551147460938], [0.1253366470336914, 838.574462890625, 1272.8785400390625, 1375.1241455078125], [101.84194946289062, 1429.638427734375, 1275.206298828125, 1921.44873046875], [479, 1051, 523, 1086], [485, 1606, 536, 1664], [814, 268, 899, 348], [744, 1183, 790, 1226], [832, 1617, 884, 1651], [546, 277, 608, 333], [151, 14, 191, 73], [466, 543, 633, 585]], "labels": [0, 0, 0, 0, 0, 1, 1, 1, 1, 1, 1, 1, 1, 1, 1, 1, 1, 1, 1, 2, 2, 2, 2, 2, 3, 3, 3, 3, 3, 3, 3, 3], "image_id": 782}, "character_clusters": [0, 0, 0, 1, 2], "text_char_matches": [[0, 1], [2, 1], [4, 2], [6, 0], [7, 0], [9, 0], [10, 0], [11, 0], [12, 0]], "text_tail_matches": [[0, 2], [2, 5], [3, 7], [4, 6], [6, 3], [7, 3], [9, 0], [10, 0], [11, 4], [12, 1]], "text_classification": [1, 0, 1, 1, 1, 0, 1, 1, 0, 1, 1, 1, 1, 0], "character_names": ["Mephisto Pheles", "Mephisto Pheles", "Mephisto Pheles", "Yukio Okumura", "none"]}