{"bbox_annotations": {"bboxes_as_x1y1x2y2": [[853.6995849609375, 96.37492370605469, 942.3897094726562, 237.40098571777344], [972.0620727539062, 145.8981170654297, 1087.2825927734375, 294.84979248046875], [109.66441345214844, 349.5911865234375, 584.7455291748047, 688.5852661132812], [109.2618637084961, 194.50843811035156, 282.0040512084961, 687.0107574462891], [6.220457077026367, 1386.6796875, 202.28295707702637, 2103.43115234375], [327.6248779296875, 680.2703247070312, 1280.4373779296875, 1356.2298583984375], [618.856201171875, 447.869140625, 897.9817504882812, 686.6968994140625], [199.656982421875, 1346.321044921875, 846.764404296875, 2097.971923828125], [989.501708984375, 1524.162841796875, 1274.4776611328125, 2092.876220703125], [1151.893798828125, 173.80201721191406, 1215.392578125, 210.49130249023438], [1061.26171875, 356.37164306640625, 1256.28857421875, 420.8960266113281], [831.1680297851562, 168.2622833251953, 912.3511352539062, 235.85220336914062], [1108.86572265625, 535.5, 1234.3316650390625, 609.8978881835939], [641.5735473632812, 156.3379669189453, 771.75, 327.25], [278.31146240234375, 248.3353271484375, 486.92437744140625, 410.46124267578125], [181.3589324951172, 502.6313781738281, 304.93341064453125, 623.2279052734375], [1012.2953491210938, 821.972900390625, 1167.7177734375, 970.0265502929688], [831.5380859375, 1066.6263427734375, 1057.557373046875, 1245.820068359375], [156.7921905517578, 871.65478515625, 331.9342956542969, 939.6123046875], [99.68270874023438, 1057, 318.5, 1285.516845703125], [1004.5, 1407, 1225.5455322265625, 1583.75], [716.2460327148438, 1786.7491455078125, 985.3717041015625, 1939.702880859375], [73.20494842529297, 1876.3070068359375, 161.45176696777344, 1931.64208984375], [590.1434936523438, -4.6729936599731445, 1274.0797119140625, 694.10009765625], [109.73477935791016, 147.66513061523438, 582.2216796875, 700.0377197265625], [0.6344020366668701, 689.7958984375, 1270.440673828125, 1368.606201171875], [943.4137573242188, 1322.1236572265625, 1279.82421875, 2097.470458984375], [212.07102966308594, 1339.0379638671875, 944.6900024414062, 2098.234619140625], [1.3157427310943604, 1355.201904296875, 212.4838104248047, 2105.0], [784, 1187, 829, 1220], [923, 142, 1005, 193], [336, 1198, 398, 1247], [982, 1988, 1067, 2028], [945, 588, 1097, 636], [330, 612, 383, 670], [1092, 1612, 1145, 1684], [113, 1723, 142, 1764]], "labels": [0, 0, 0, 0, 0, 0, 0, 0, 0, 1, 1, 1, 1, 1, 1, 1, 1, 1, 1, 1, 1, 1, 1, 2, 2, 2, 2, 2, 2, 3, 3, 3, 3, 3, 3, 3, 3], "image_id": 101}, "character_clusters": [0, 1, 2, 1, 2, 1, 2, 2, 1], "text_char_matches": [[0, 6], [1, 6], [3, 6], [2, 1], [4, 1], [5, 2], [6, 2], [7, 5], [8, 5], [9, 5], [10, 5], [11, 8], [12, 8], [13, 4]], "text_tail_matches": [[0, 4], [1, 4], [3, 4], [2, 1], [4, 1], [5, 5], [6, 5], [7, 0], [8, 0], [9, 2], [10, 2], [11, 6], [12, 3], [13, 7]], "text_classification": [1, 1, 1, 1, 1, 1, 1, 1, 1, 1, 1, 1, 1, 1], "character_names": ["none", "Shiro Fujimoto", "Rin Okumura", "Shiro Fujimoto", "Rin Okumura", "Shiro Fujimoto", "Rin Okumura", "Rin Okumura", "Shiro Fujimoto"]}