{"bbox_annotations": {"bboxes_as_x1y1x2y2": [[134.75, 772.4287109375, 1281.7115020751953, 2088.6259765625], [606.669677734375, -4.261279106140137, 1403.0584716796875, 712.4519777297974], [143.5, 303.890380859375, 601.9124145507812, 723.6801147460938], [121.48301696777344, 4.211617946624756, 358.75, 721.0467619895935], [1082.307861328125, 183.34312438964844, 1281.95068359375, 303.1278991699219], [591.0407104492188, 351.2842712402344, 708.1214599609375, 394.98211669921875], [365.2333679199219, 138.7603759765625, 548.788330078125, 263.1172790527344], [187.7283172607422, 528.8726806640625, 361.7078857421875, 634.7628173828125], [940.7154541015625, 968.4890747070312, 1280.9010009765625, 1219.4244384765625], [596.8826293945312, -3.7493972778320312, 1401.1790771484375, 722.0782470703125], [121.91064453125, -1.0224177837371826, 599.3597412109375, 728.7251586914062], [121.3764419555664, 762.2506103515625, 1410.7384033203125, 2103.9873046875], [548, 389, 588, 427], [262, 86, 353, 153], [1135, 367, 1174, 415], [118, 414, 205, 489]], "labels": [0, 0, 0, 0, 1, 1, 1, 1, 1, 2, 2, 2, 3, 3, 3, 3], "image_id": 128}, "character_clusters": [0, 1, 0, 1], "text_char_matches": [[0, 1], [1, 2], [2, 3], [3, 3], [4, 0]], "text_tail_matches": [[0, 2], [1, 0], [2, 1], [3, 3]], "text_classification": [1, 1, 1, 1, 1], "character_names": ["Rin Okumura", "Shiro Fujimoto", "Rin Okumura", "Shiro Fujimoto"]}