{"bbox_annotations": {"bboxes_as_x1y1x2y2": [[14.264928817749023, 411.4297790527344, 1401.464391708374, 2098.25], [420, 1.75, 1321.25, 764.75], [49, 1506.75, 1246, 2059.75], [-4.302668571472168, -0.19720494747161865, 1394.556396484375, 2099.580322265625]], "labels": [0, 1, 1, 2], "image_id": 153}, "character_clusters": [0], "text_char_matches": [], "text_tail_matches": [], "text_classification": [0, 0], "character_names": ["Rin Okumura"]}