{"bbox_annotations": {"bboxes_as_x1y1x2y2": [[428.75, 473.21649169921875, 523.6124877929688, 798.0], [526.75, 404.25, 1347.170654296875, 1934.1621704101562], [114.73326873779297, 371.2602844238281, 466.4316940307617, 971.0317687988281], [108.28404235839844, 1048.25, 549.5606536865234, 2102.23046875], [113.72467041015625, 450.59466552734375, 196.82064819335938, 727.005615234375], [1070.469482421875, 159.09188842773438, 1272.00927734375, 339.48480224609375], [1170.6160888671875, 461.4722900390625, 1352.1419677734375, 593.4031982421875], [748.2039794921875, 487.95794677734375, 815.2924194335938, 529.8313598632812], [1160.25, 1737.75, 1338.75, 1967.0], [619.8527221679688, 1673.3619384765625, 861.7876586914062, 1790.3177490234375], [335.6907958984375, 222.271728515625, 405.6626281738281, 258.7885437011719], [258.827880859375, 299.448486328125, 381.75439453125, 367.7858581542969], [216.19236755371094, 832.1669921875, 413.0384216308594, 867.1691284179688], [203.439697265625, 1191.314208984375, 459.01312255859375, 1352.1259765625], [481.1082763671875, -21.00680160522461, 1402.000244140625, 2078.9130859375], [114.08313751220703, 152.76495361328125, 519.6087646484375, 985.0433959960938], [110.728271484375, 1036.2213134765625, 539.1759033203125, 2093.97607421875], [1151, 631, 1209, 674], [317, 398, 352, 445], [307, 1439, 357, 1517], [325, 658, 364, 721], [767, 1502, 813, 1563], [773, 535, 807, 585]], "labels": [0, 0, 0, 0, 0, 1, 1, 1, 1, 1, 1, 1, 1, 1, 2, 2, 2, 3, 3, 3, 3, 3, 3], "image_id": 158}, "character_clusters": [0, 1, 2, 1, 3], "text_char_matches": [[0, 1], [1, 1], [4, 1], [6, 2], [5, 2], [7, 2], [8, 3]], "text_tail_matches": [[0, 0], [1, 0], [2, 5], [4, 4], [6, 1], [5, 1], [7, 3], [8, 2]], "text_classification": [1, 1, 0, 0, 1, 1, 1, 1, 1], "character_names": ["none", "Mephisto Pheles", "Rin Okumura", "Mephisto Pheles", "none"]}