{"bbox_annotations": {"bboxes_as_x1y1x2y2": [[373.9012756347656, 250.3899688720703, 561.502197265625, 671.1408233642578], [756.7591552734375, 1431.2596435546875, 1173.1844482421875, 2104.031494140625], [778.1369018554688, 9.058597564697266, 1389.162109375, 714.276798248291], [108.86203002929688, 1375.225341796875, 294.25421142578125, 2105.114990234375], [428.47900390625, 1475.25, 631.0752563476562, 1844.1390380859375], [114.57417297363281, 759.9136352539062, 738.1923370361328, 1316.869873046875], [135.0117950439453, 258.688232421875, 342.549072265625, 475.3131408691406], [406.6788330078125, 1727.25, 733.0379028320312, 2095.16943359375], [840, 841.75, 1403.19921875, 2049.492919921875], [1132.14453125, 252.14401245117188, 1330.2681884765625, 342.54754638671875], [572.25, 0, 862.75, 507.5], [1151.5, 491.75, 1340.5, 756.0], [547.0639038085938, 116.28572845458984, 623.240966796875, 178.5], [418.8924255371094, 147.5225830078125, 533.5383911132812, 216.0347137451172], [222.031005859375, 146.71778869628906, 370.1885986328125, 255.40753173828125], [388.6211242675781, 326.46368408203125, 532.384765625, 544.1766357421875], [165.62179565429688, 502.2486572265625, 340.1142883300781, 634.8173217773438], [1001.7103271484375, 1624.3843994140625, 1251.8079833984375, 1830.2513427734375], [788.810302734375, 1313.39794921875, 907.0581665039062, 1422.9920654296875], [645.8822631835938, 953.7098388671875, 708.2001342773438, 990.5], [589.0926513671875, 1011.9197387695312, 661.5491333007812, 1110.0435791015625], [596.37548828125, 1445.4705810546875, 692.5408325195312, 1487.3431396484375], [640.5, 1599.5, 722.75, 1708.0], [581, 1662.5, 642.25, 1758.75], [421.75, 1711.5, 481.25, 1818.25], [304.24169921875, 1835.0394287109375, 441.3614807128906, 1911.024658203125], [189.441162109375, 1859.0970458984375, 240.0613555908203, 1944.880859375], [567.9926147460938, 2.459773540496826, 1401.4095458984375, 722.0654296875], [109.92666625976562, 0.7063955068588257, 563.2250366210938, 694.8772583007812], [736.9500122070312, 763.9086303710938, 1395.398681640625, 2112.078857421875], [108.59996795654297, 753.0020141601562, 735.0491943359375, 1323.55029296875], [136.9298858642578, 1363.915283203125, 736.52978515625, 2108.032958984375], [1084, 446, 1166, 501], [318, 272, 373, 337], [648, 1506, 679, 1586], [499, 1164, 586, 1244], [337, 446, 402, 501], [1171, 1470, 1258, 1542], [455, 1776, 525, 1872]], "labels": [0, 0, 0, 0, 0, 0, 0, 0, 0, 1, 1, 1, 1, 1, 1, 1, 1, 1, 1, 1, 1, 1, 1, 1, 1, 1, 1, 2, 2, 2, 2, 2, 3, 3, 3, 3, 3, 3, 3], "image_id": 142}, "character_clusters": [0, 1, 1, 1, 0, 1, 1, 1, 0], "text_char_matches": [[0, 2], [3, 0], [4, 0], [5, 0], [7, 0], [8, 8], [10, 5], [11, 5], [12, 7], [16, 3], [17, 3]], "text_tail_matches": [[0, 0], [5, 1], [4, 1], [3, 1], [7, 4], [8, 5], [10, 3], [11, 3], [12, 2], [16, 6], [17, 6]], "text_classification": [1, 0, 0, 0, 0, 1, 0, 1, 1, 0, 1, 1, 1, 0, 0, 0, 1, 1], "character_names": ["Satan", "Rin Okumura", "Rin Okumura", "Rin Okumura", "Satan", "Rin Okumura", "Rin Okumura", "Rin Okumura", "Satan"]}