{"bbox_annotations": {"bboxes_as_x1y1x2y2": [[760.8406982421875, 469.296142578125, 1387.0732421875, 1332.8328857421875], [490.9949951171875, 36.47488784790039, 780.0794067382812, 365.4285316467285], [117.25, 1338.75, 719.62646484375, 2100.60595703125], [784.332763671875, 24.694677352905273, 1252.1602783203125, 358.038854598999], [763.9789428710938, 1356.648681640625, 1400.719970703125, 2097.710693359375], [277.48052978515625, 560.0821533203125, 722.0756225585938, 1359.1798095703125], [1016.1787719726562, 123.4552001953125, 1217.482177734375, 297.9242858886719], [279.42138671875, 130.74957275390625, 425.02508544921875, 237.61399841308594], [155.33152770996094, 235.75369262695312, 272.9654846191406, 318.3404541015625], [1042.3358154296875, 969.3657836914062, 1341.5599365234375, 1201.189697265625], [713.645751953125, 1197.802734375, 844.3582153320312, 1335.02001953125], [467.1473693847656, 1113.1162109375, 560.0648193359375, 1196.0980224609375], [221.520751953125, 948.181884765625, 404.2102966308594, 1115.2757568359375], [1225.5146484375, 1404.4132080078125, 1371.6314697265625, 1502.8641357421875], [942.623046875, 1413.9012451171875, 1206.0572509765625, 1592.80810546875], [516.9676513671875, 1430.1009521484375, 717.4398803710938, 1538.174072265625], [154.2116241455078, 1784.073974609375, 383.0408935546875, 1894.0888671875], [114.0031967163086, -0.2135239541530609, 1272.22412109375, 376.8609619140625], [128.34530639648438, 391.65667724609375, 1386.927734375, 1346.0924072265625], [756.4312744140625, 1336.2919921875, 1398.5828857421875, 2096.92724609375], [106.94618225097656, 1315.54638671875, 740.4408569335938, 2101.607666015625], [439, 105, 557, 166], [936, 186, 983, 227], [1019, 1216, 1071, 1253], [603, 1588, 651, 1647], [1137, 1626, 1176, 1689], [339, 1957, 388, 1991]], "labels": [0, 0, 0, 0, 0, 0, 1, 1, 1, 1, 1, 1, 1, 1, 1, 1, 1, 2, 2, 2, 2, 3, 3, 3, 3, 3, 3], "image_id": 108}, "character_clusters": [0, 1, 1, 0, 0, 1], "text_char_matches": [[0, 3], [1, 3], [2, 3], [3, 0], [7, 4], [8, 4], [9, 2], [10, 2]], "text_tail_matches": [[0, 1], [1, 0], [2, 0], [3, 2], [7, 4], [8, 4], [9, 3], [10, 5]], "text_classification": [1, 1, 1, 1, 0, 0, 0, 1, 1, 1, 1], "character_names": ["Shiro Fujimoto", "Rin Okumura", "Rin Okumura", "Shiro Fujimoto", "Shiro Fujimoto", "Rin Okumura"]}