{"bbox_annotations": {"bboxes_as_x1y1x2y2": [[411.83953857421875, 1540.2418212890625, 533.516357421875, 1917.827880859375], [689.2935791015625, 1494.2366943359375, 1404.230712890625, 2099.1455078125], [803.416748046875, 912.0042114257812, 1273.826904296875, 1412.1512451171875], [156.78384399414062, 870.9400634765625, 665.0845336914062, 1432.000244140625], [396.6160583496094, 1707.154296875, 493.73101806640625, 1913.809326171875], [121.0748291015625, 1498.3990478515625, 319.3040771484375, 1922.5572509765625], [599.2127075195312, 278.2843017578125, 865.4998779296875, 898.60107421875], [816.372314453125, 302.9730529785156, 1127.9697265625, 933.7226867675781], [1123.82666015625, 541.51123046875, 1372.3631591796875, 830.4661865234375], [209.08851623535156, 234.2920684814453, 540.2418365478516, 652.7886505126953], [1226.1900634765625, 1036.458251953125, 1377.5728759765625, 1125.6524658203125], [657.0283203125, 1134, 841.98583984375, 1294.7840576171875], [1276.927978515625, 1612.5400390625, 1350.990966796875, 1651.408203125], [574.1460571289062, 1744.75, 708.3560180664062, 1809.3648681640625], [130.62411499023438, -0.5800053477287292, 1388.8487548828125, 923.4486083984375], [126.34848022460938, 877.5563354492188, 1401.373046875, 1433.1380615234375], [631.7647705078125, 1498.0863037109375, 1398.3133544921875, 2099.97802734375], [328.4779357910156, 1474.157958984375, 636.6336669921875, 1918.839599609375], [123.3909912109375, 1481.7369384765625, 326.1820373535156, 1926.7479248046875], [735, 1802, 802, 1857], [1281, 1715, 1332, 1769], [1243, 1183, 1291, 1236], [891, 1258, 950, 1304]], "labels": [0, 0, 0, 0, 0, 0, 0, 0, 1, 1, 1, 1, 1, 1, 2, 2, 2, 2, 2, 3, 3, 3, 3], "image_id": 134}, "character_clusters": [0, 1, 0, 1, 1, 0, 0, 1], "text_char_matches": [[2, 2], [3, 2], [5, 1], [4, 1]], "text_tail_matches": [[2, 2], [3, 3], [4, 1], [5, 0]], "text_classification": [0, 0, 1, 1, 1, 1], "character_names": ["Shiro Fujimoto", "Rin Okumura", "Shiro Fujimoto", "Rin Okumura", "Rin Okumura", "Shiro Fujimoto", "Shiro Fujimoto", "Rin Okumura"]}