{"bbox_annotations": {"bboxes_as_x1y1x2y2": [[1077.8287353515625, 510.8621520996094, 1157.9959716796875, 671.2335205078125], [915.029541015625, 768.25, 1292.16650390625, 1193.0101318359375], [202.09414672851562, 427.3401794433594, 450.1180419921875, 685.5448608398438], [503.72430419921875, 5.019964218139648, 1269.3585205078125, 368.28241539001465], [976.0552368164062, 458.71881103515625, 1077.853759765625, 665.506591796875], [121.12211608886719, 745.3511352539062, 631.6967010498047, 1130.91943359375], [702.6314086914062, 765.6651611328125, 881.872802734375, 919.1915893554688], [114.0722427368164, 1189.52734375, 1398.25, 2099.80322265625], [1169.09814453125, 116.53097534179688, 1252.173828125, 162.1488800048828], [1018.9489135742188, 179.2667236328125, 1153.8057861328125, 222.4730682373047], [455, 31.5, 603.75, 236.25], [209.0616455078125, 131.28768920898438, 449.6899108886719, 254.4912109375], [1141, 497, 1247.3377685546877, 572.8828125], [1063.3197021484375, 439.3149719238281, 1111.2603759765625, 491.3837890625], [833, 441, 983.5, 602], [601.7606201171875, 486.8262023925781, 776.3482666015625, 644.028564453125], [427.65423583984375, 509.25067138671875, 564.5816040039062, 592.4866333007812], [157.7503204345703, 472.00775146484375, 257.12078857421875, 546.0], [1163.4779052734375, 837.0481567382812, 1254.49951171875, 879.383056640625], [1131.19189453125, 1015.1524047851562, 1259.138671875, 1092.4429931640625], [877.392333984375, 976.5, 1027.4930419921875, 1130.753662109375], [852.25, 778.75, 938.0, 952.0], [596.3560180664062, 810.25, 680.75, 878.7340698242188], [1151.2530517578125, 1242.48486328125, 1335.53662109375, 1468.8824462890625], [1112.8458251953125, 1802.5029296875, 1311.3662109375, 1952.13037109375], [154.65219116210938, 1221.5, 516.7860107421875, 1437.8792724609375], [131.61215209960938, 2.3712158203125, 1286.4342041015625, 374.255615234375], [458.7350769042969, 421.2017822265625, 1296.0274658203125, 722.14306640625], [141.2509765625, 419.09515380859375, 457.0284729003906, 700.4536743164062], [650.5629272460938, 749.6300048828125, 1299.9786376953125, 1207.06494140625], [88.52706146240234, 1161.3568115234375, 1387.3585205078125, 2095.2685546875], [995, 1875, 1077, 1940], [211, 541, 245, 585], [971, 278, 1024, 326], [496, 432, 544, 466], [810, 892, 892, 1000], [1108, 427, 1161, 497], [296, 2, 383, 45], [1072, 465, 1094, 494], [125, 896, 311, 1036]], "labels": [0, 0, 0, 0, 0, 0, 0, 0, 1, 1, 1, 1, 1, 1, 1, 1, 1, 1, 1, 1, 1, 1, 1, 1, 1, 1, 2, 2, 2, 2, 2, 3, 3, 3, 3, 3, 3, 3, 3, 3], "image_id": 122}, "character_clusters": [0, 1, 0, 0, 1, 1, 2, 2], "text_char_matches": [[0, 3], [1, 3], [9, 2], [10, 1], [11, 1], [12, 6], [4, 6], [7, 6], [8, 6], [14, 5], [17, 5], [16, 7]], "text_tail_matches": [[0, 2], [1, 2], [3, 6], [4, 5], [5, 7], [8, 3], [7, 3], [9, 1], [12, 4], [17, 8], [16, 0]], "text_classification": [1, 1, 0, 1, 1, 1, 0, 1, 1, 1, 1, 1, 1, 0, 1, 0, 1, 1], "character_names": ["Rin Okumura", "Reiji Shiratori", "Rin Okumura", "Rin Okumura", "Reiji Shiratori", "Reiji Shiratori", "Shiro Fujimoto", "Shiro Fujimoto"]}