{"bbox_annotations": {"bboxes_as_x1y1x2y2": [[198.07713317871094, 529.0208129882812, 1323.319808959961, 951.0232543945312], [517.5486450195312, 4.973322868347168, 873.283447265625, 462.97732067108154], [205.07044982910156, -2.3832168579101562, 829.5, 470.75], [901.746337890625, 0.8520774841308594, 1375.9796142578125, 459.2938804626465], [178.5, 1009.75, 1356.02734375, 1406.10400390625], [119, 1445.5, 1398.25, 2098.25], [977.2509155273438, 299.40826416015625, 1096.95654296875, 389.7790222167969], [1267, 516.25, 1403.5, 948.5], [1142.6439208984375, 739.8195190429688, 1268.720458984375, 789.7269287109375], [249.60826110839844, 1086.6212158203125, 451.070556640625, 1184.669189453125], [1006.2672119140625, 1646.933349609375, 1334.505859375, 1855.17822265625], [754.9058837890625, 1482.55517578125, 922.9429321289062, 1638.4755859375], [813.4686889648438, 1825.25, 978.7650756835938, 1999.96923828125], [503.2938232421875, 1364.0809326171875, 676.7194213867188, 1526.7861328125], [134.75, 1503.25, 456.75, 1984.5], [891.451416015625, -6.0559163093566895, 1392.0135498046875, 461.583251953125], [120.69915008544922, -0.22380352020263672, 872.068359375, 469.89825439453125], [110.81291198730469, 518.682373046875, 1410.1893310546875, 952.5179443359375], [112.86744689941406, 985.674072265625, 1397.501953125, 1411.908935546875], [116.2759017944336, 1443.1448974609375, 1396.8839111328125, 2100.863525390625], [1116, 369, 1203, 420]], "labels": [0, 0, 0, 0, 0, 0, 1, 1, 1, 1, 1, 1, 1, 1, 1, 2, 2, 2, 2, 2, 3], "image_id": 136}, "character_clusters": [0, 0, 1, 0, 1, 1], "text_char_matches": [[0, 3], [2, 4], [3, 4], [4, 5]], "text_tail_matches": [[0, 0]], "text_classification": [1, 0, 1, 1, 1, 0, 0, 0, 0], "character_names": ["Rin Okumura", "Rin Okumura", "Shiro Fujimoto", "Rin Okumura", "Shiro Fujimoto", "Shiro Fujimoto"]}