{"bbox_annotations": {"bboxes_as_x1y1x2y2": [[37.866519927978516, 565.1535034179688, 1241.5532875061035, 2092.9071655273438], [43.75, 10.5, 1247.75, 509.25], [491.75, 1148, 1232.0, 2061.5], [462, 474.25, 680.75, 626.5], [-4.491601943969727, 348.18682861328125, 180.0755214691162, 713.5770263671875], [749, 589.75, 1281, 987.0], [173.25, 668.5, 351.75, 810.25], [1.75, 1002.75, 292.25, 1263.5], [672, 1730.75, 1228.5, 2066.75], [-5.459528923034668, 0.29142647981643677, 1274.649658203125, 560.154541015625], [-6.207293510437012, 573.7410888671875, 1277.7900390625, 2081.973388671875]], "labels": [0, 0, 0, 1, 1, 1, 1, 1, 1, 2, 2], "image_id": 151}, "character_clusters": [0, 0, 1], "text_char_matches": [], "text_tail_matches": [], "text_classification": [1, 1, 1, 1, 1, 1], "character_names": ["Rin Okumura", "Rin Okumura", "Shiro Fujimoto"]}