{"bbox_annotations": {"bboxes_as_x1y1x2y2": [[870.9605102539062, 675.5556030273438, 1265.227783203125, 972.333251953125], [512.1270141601562, 1211.6317138671875, 664.8972778320312, 2097.847900390625], [717.5407104492188, 1235.3984375, 921.2843627929688, 2072.872314453125], [966.6912841796875, 1387.1776123046875, 1094.3050537109375, 1737.1802978515625], [134.82269287109375, 1290.51806640625, 490.6813659667969, 2087.97802734375], [755.3335571289062, 44.95828628540039, 908.9305419921875, 429.16284561157227], [233.43350219726562, 680.0721435546875, 645.2120361328125, 977.8825073242188], [1212.709228515625, 1033.8262939453125, 1397.3641357421875, 2104.61328125], [433.02117919921875, 81.36612701416016, 694.1864624023438, 608.6252822875977], [1030.9599609375, 140.535888671875, 1210.2235107421875, 215.2012481689453], [897.75, 47.25, 976.5, 285.25], [939.3533325195312, 341.9046936035156, 1138.1865234375, 518.7421264648438], [641.8584594726562, 192.796142578125, 728.1441040039062, 227.8539276123047], [236.0117645263672, 166.6999053955078, 348.5342712402344, 274.68646240234375], [192.9284210205078, 387.9111328125, 289.8587951660156, 553.8313598632812], [1122.2073974609375, 759.9194946289062, 1221.301513671875, 805.6985473632812], [789.0960083007812, 749.9295654296875, 868.0399169921875, 817.7372436523438], [570.9780883789062, 804.154052734375, 668.5877685546875, 853.3407592773438], [167.83946228027344, 857.0147094726562, 216.19619750976562, 911.5089721679688], [1282.385009765625, 1833.576171875, 1334.2322998046875, 1927.201904296875], [674.211181640625, 1164.873291015625, 782.0826416015625, 1284.962158203125], [91, 1067.5, 483, 1323.0], [92.09385681152344, -0.1185983419418335, 1262.86474609375, 618.4050903320312], [754.9138793945312, 669.250244140625, 1266.5482177734375, 981.1436157226562], [98.2568588256836, 664.4125366210938, 748.0758666992188, 986.5029296875], [1212.8526611328125, 1032.099853515625, 1398.1636962890625, 2110.80419921875], [661.1971435546875, 1025.2353515625, 1209.4056396484375, 2100.00341796875], [505.23846435546875, 1035.7999267578125, 661.9967651367188, 2099.042236328125], [97.4234619140625, 1035.2064208984375, 496.21942138671875, 2095.994873046875], [389, 227, 430, 264], [222, 871, 260, 905], [1067, 822, 1118, 868], [860, 829, 915, 860], [882, 272, 935, 320]], "labels": [0, 0, 0, 0, 0, 0, 0, 0, 0, 1, 1, 1, 1, 1, 1, 1, 1, 1, 1, 1, 1, 1, 2, 2, 2, 2, 2, 2, 2, 3, 3, 3, 3, 3], "image_id": 110}, "character_clusters": [0, 1, 0, 1, 1, 0, 0, 1, 1], "text_char_matches": [[0, 5], [2, 5], [3, 8], [4, 8], [5, 5], [7, 0], [6, 0], [9, 6], [11, 2], [10, 7]], "text_tail_matches": [[0, 4], [2, 4], [4, 0], [6, 2], [7, 3], [9, 1]], "text_classification": [1, 1, 1, 0, 1, 1, 1, 1, 0, 1, 1, 1, 0], "character_names": ["Rin Okumura", "Shiro Fujimoto", "Rin Okumura", "Shiro Fujimoto", "Shiro Fujimoto", "Rin Okumura", "Rin Okumura", "Shiro Fujimoto", "Shiro Fujimoto"]}