{"bbox_annotations": {"bboxes_as_x1y1x2y2": [[1153.266845703125, 664.4641723632812, 1275.390869140625, 792.304931640625], [31.866613388061523, 5.957391738891602, 667.414342880249, 915.7471256256104], [426.5982666015625, 1246.7728271484375, 1285.58447265625, 2091.765869140625], [1028.7022705078125, 555.022705078125, 1149.3343505859375, 874.64404296875], [3.8860723972320557, 1461.25, 1398.25, 2097.913330078125], [660.16552734375, 260.3684387207031, 798.0902709960938, 912.1015930175781], [870.7257690429688, 658.74609375, 967.45166015625, 836.1868286132812], [293.134033203125, 1022.4692993164062, 549.5, 1359.7974853515625], [316.75, 1041.2581787109375, 780.5501708984375, 1389.5], [1158.2337646484375, 236.39207458496094, 1243.690673828125, 296.93414306640625], [1059.395751953125, 311.24957275390625, 1182.1689453125, 399.6462707519531], [1146.993408203125, 451.2227783203125, 1207.5604248046875, 518.253662109375], [851.43359375, 262.8372802734375, 1001.1948852539062, 365.9603271484375], [907.1590576171875, 594.3551635742188, 952.3356323242188, 631.256591796875], [697.0521850585938, 51.07350158691406, 794.4003295898438, 261.0779113769531], [512.9322509765625, 605.5, 728.7068481445312, 780.5068969726562], [121.90596008300781, 613.2471923828125, 291.4797668457031, 792.1712036132812], [1131.246337890625, 1050.0701904296875, 1217.66943359375, 1097.14111328125], [1020.4259033203125, 1177.951416015625, 1142.4991455078125, 1222.742919921875], [766.7908935546875, 1072.75, 963.167236328125, 1196.016845703125], [456.75, 992.25, 570.5, 1111.25], [95.59423828125, 1253.166259765625, 235.4552764892578, 1293.805419921875], [33.25, 985.25, 196.0, 1165.5], [978.574462890625, 1717.293701171875, 1183.0968017578125, 1839.08837890625], [201.8504180908203, 1805.53466796875, 319.87872314453125, 1889.203125], [810.0388793945312, 162.38766479492188, 1286.117431640625, 915.4614868164062], [651.390869140625, 0.6263494491577148, 805.7699584960938, 902.287109375], [1.0158568620681763, -2.709455728530884, 668.2749633789062, 920.2658081054688], [1.8714547157287598, 966.799560546875, 1287.1942138671875, 1419.755126953125], [261.29095458984375, 1317.287109375, 1397.622314453125, 2098.196044921875], [1129, 537, 1164, 575], [129, 1861, 173, 1901], [554, 506, 600, 547], [911, 417, 995, 504], [104, 508, 146, 555], [696, 1163, 747, 1209], [239, 1253, 398, 1294], [864, 1849, 915, 1902], [928, 627, 952, 663]], "labels": [0, 0, 0, 0, 0, 0, 0, 0, 0, 1, 1, 1, 1, 1, 1, 1, 1, 1, 1, 1, 1, 1, 1, 1, 1, 2, 2, 2, 2, 2, 3, 3, 3, 3, 3, 3, 3, 3, 3], "image_id": 127}, "character_clusters": [0, 1, 2, 1, 1, 2, 2, 1, 2], "text_char_matches": [[0, 3], [1, 3], [2, 3], [3, 3], [4, 6], [6, 1], [7, 1], [8, 8], [10, 8], [9, 8], [15, 4], [14, 2], [12, 8]], "text_tail_matches": [[0, 0], [1, 0], [2, 0], [3, 3], [4, 8], [6, 2], [7, 4], [8, 5], [10, 5], [9, 5], [12, 6], [14, 7], [15, 1]], "text_classification": [1, 1, 1, 1, 1, 0, 1, 1, 1, 1, 1, 0, 1, 0, 1, 1], "character_names": ["Reiji Shiratori", "Shiro Fujimoto", "Rin Okumura", "Shiro Fujimoto", "Shiro Fujimoto", "Rin Okumura", "Rin Okumura", "Shiro Fujimoto", "Rin Okumura"]}