{"bbox_annotations": {"bboxes_as_x1y1x2y2": [[552.334716796875, 899.5, 845.25, 1521.74755859375], [978.0162353515625, 385.7890319824219, 1277.5, 589.75], [655.0752563476562, 1633.665283203125, 1288.3997802734375, 2099.1015625], [127.8927001953125, 1634.65087890625, 625.23193359375, 2099.5625], [790.0135498046875, 372.5115661621094, 1000.389892578125, 593.25], [111.40896606445312, 17.02699851989746, 469.3179016113281, 595.5020351409912], [342.2106628417969, 737.0960693359375, 695.3118896484375, 1507.25537109375], [1089.3128662109375, 241.30755615234375, 1235.7952880859375, 363.42962646484375], [900.8238525390625, 261.0625, 1032.85009765625, 333.7118835449219], [743.3861694335938, 317.6720886230469, 827.0302734375, 383.9778137207031], [679.916259765625, 377.8961486816406, 777.4004516601562, 507.4601745605469], [415.9742126464844, 199.08502197265625, 596.2473754882812, 273.4519348144531], [999.492919921875, 1041.1622314453125, 1201.818359375, 1187.691650390625], [112.02310180664062, 1088.9002685546875, 356.2784729003906, 1286.65771484375], [700.581298828125, 1726.1685791015625, 810.0609130859375, 1834.013916015625], [449.0862121582031, 1685.5087890625, 568.7136840820312, 1811.3326416015625], [67.39744567871094, 1691.1663818359375, 250.24180603027344, 1875.6282958984375], [50.21617126464844, 1920.265625, 148.61097717285156, 1987.576904296875], [661.7977905273438, 147.72940063476562, 1276.68896484375, 600.422119140625], [115.18045806884766, -1.8157124519348145, 654.0181274414062, 597.124755859375], [-1.2378871440887451, 650.5909423828125, 1285.087646484375, 1572.8797607421875], [638.152099609375, 1622.4981689453125, 1286.861572265625, 2103.269287109375], [-5.746626853942871, 1626.5078125, 618.6754150390625, 2105.61279296875], [140, 1983, 195, 2017], [1172, 382, 1205, 426], [793, 1848, 863, 1891], [358, 993, 427, 1047], [520, 1843, 571, 1923], [947, 964, 1020, 1007], [827, 477, 897, 557]], "labels": [0, 0, 0, 0, 0, 0, 0, 1, 1, 1, 1, 1, 1, 1, 1, 1, 1, 1, 2, 2, 2, 2, 2, 3, 3, 3, 3, 3, 3, 3], "image_id": 109}, "character_clusters": [0, 0, 0, 1, 1, 1, 1], "text_char_matches": [[0, 1], [1, 1], [2, 4], [3, 4], [4, 1], [5, 0], [6, 0], [7, 2], [8, 3], [9, 3], [10, 3]], "text_tail_matches": [[0, 1], [1, 1], [2, 6], [3, 6], [5, 5], [6, 3], [7, 2], [8, 4], [9, 0], [10, 0]], "text_classification": [1, 0, 1, 1, 1, 1, 1, 1, 1, 1, 1], "character_names": ["Shiro Fujimoto", "Shiro Fujimoto", "Shiro Fujimoto", "Rin Okumura", "Rin Okumura", "Rin Okumura", "Rin Okumura"]}