{"bbox_annotations": {"bboxes_as_x1y1x2y2": [[803.149169921875, 978.0403442382812, 1402.295166015625, 2057.5745239257812], [770, 170.69326782226562, 1317.8504638671875, 826.0], [1262.5821533203125, 572.6429443359375, 1371.9393310546875, 612.2344970703125], [882.8593139648438, 815.997314453125, 1011.6580200195312, 853.492431640625], [477.3260803222656, 497.6332092285156, 623.134033203125, 1433.3424377441406], [744.075927734375, 4.722780227661133, 1397.309814453125, 2103.976318359375], [-0.09275078773498535, 1.5428423881530762, 797.41748046875, 2100.54638671875], [1231, 602, 1301, 665], [973, 716, 1048, 781]], "labels": [0, 0, 1, 1, 1, 2, 2, 3, 3], "image_id": 152}, "character_clusters": [0, 1], "text_char_matches": [[1, 1], [0, 1], [2, 1]], "text_tail_matches": [[0, 0], [1, 1], [2, 1]], "text_classification": [1, 1, 1], "character_names": ["Shiro Fujimoto", "Rin Okumura"]}