{"bbox_annotations": {"bboxes_as_x1y1x2y2": [[915.25, 1468.25, 1261.75, 1874.3740234375], [151.93588256835938, -1.17869234085083, 1241.2533874511719, 556.2415347099304], [732.8461303710938, 1373.5540771484375, 908.78271484375, 1671.3629150390625], [126.35281372070312, 1340.506591796875, 544.4613647460938, 1922.6553955078125], [729.75, 981.75, 1020.25, 1197.0], [746.8223876953125, 629.9189453125, 1038.3701171875, 922.2244873046875], [283.7042541503906, 628.1436157226562, 628.6257934570312, 923.4193115234375], [217.20559692382812, 262.16162109375, 498.5147399902344, 354.19482421875], [1069.6827392578125, 721.233154296875, 1257.9190673828125, 837.4981689453125], [942.0590209960938, 681.092041015625, 1018.1110229492188, 722.37890625], [1001, 990.5, 1310.75, 1270.5], [212.38453674316406, 999.3447875976562, 453.64288330078125, 1108.6693115234375], [1052.6817626953125, 1433.2593994140625, 1217.1917724609375, 1543.1829833984375], [788.0614013671875, 1375.237060546875, 848.5459594726562, 1413.9591064453125], [799.4707641601562, 1705.4757080078125, 957.4635009765625, 1816.6319580078125], [519.3218994140625, 1638, 700.0, 1799.7022705078125], [186.3507080078125, 1769.807861328125, 286.92047119140625, 1809.68310546875], [133.1412353515625, -2.633540391921997, 1411.4010009765625, 572.1812133789062], [118.12670135498047, 601.0908203125, 1393.3369140625, 932.8385009765625], [124.10701751708984, 977.1121826171875, 1402.861083984375, 1286.6746826171875], [912.1365966796875, 1324.2894287109375, 1292.263916015625, 1903.8192138671875], [724.4332885742188, 1320.1319580078125, 917.1768798828125, 1923.8509521484375], [120.32332611083984, 1326.76708984375, 735.8182983398438, 1924.4061279296875], [937, 733, 980, 769], [799, 1422, 831, 1461], [400, 480, 470, 543], [1157, 1605, 1198, 1685], [311, 817, 405, 897], [954, 1790, 1012, 1860], [260, 1627, 299, 1670], [149, 1513, 190, 1561], [995.75, 843.5, 1086.75, 906.5]], "labels": [0, 0, 0, 0, 0, 0, 0, 1, 1, 1, 1, 1, 1, 1, 1, 1, 1, 2, 2, 2, 2, 2, 2, 3, 3, 3, 3, 3, 3, 3, 3, 3], "image_id": 144}, "character_clusters": [0, 0, 1, 1, 1, 1, 0], "text_char_matches": [[0, 1], [1, 6], [4, 6], [5, 0], [7, 0], [8, 0], [9, 3]], "text_tail_matches": [[0, 2], [1, 8], [2, 0], [4, 4], [5, 3], [7, 5], [8, 5], [6, 1], [9, 6]], "text_classification": [1, 1, 1, 0, 1, 1, 1, 1, 1, 1], "character_names": ["Satan", "Satan", "Rin Okumura", "Rin Okumura", "Rin Okumura", "Rin Okumura", "Satan"]}