{"bbox_annotations": {"bboxes_as_x1y1x2y2": [[307.4286193847656, 386.3724365234375, 507.47698974609375, 893.7923583984375], [304.31451416015625, 1343.810302734375, 702.465576171875, 2090.993896484375], [385.45025634765625, 984.5693969726562, 700.4547119140625, 1274.8348388671875], [123.83384704589844, 424.333984375, 194.1854705810547, 737.4178466796875], [525.22265625, 97.96623229980469, 1376.559326171875, 946.2865447998047], [524.475341796875, 92.79950714111328, 1158.677978515625, 938.5476150512695], [160.14935302734375, 497.61065673828125, 333.99493408203125, 751.282958984375], [701.9060668945312, 992.9959716796875, 1407.5987548828125, 2105.093505859375], [997.5, 162.92527770996094, 1398.25, 906.5], [265.40093994140625, 150.88731384277344, 431.27911376953125, 330.2437744140625], [138.25, 294, 374.5, 600.25], [1082.3651123046875, 1134, 1373.75, 1294.746826171875], [371.83197021484375, 1089.3612060546875, 452.1812744140625, 1154.62451171875], [198.33253479003906, 1066.6553955078125, 325.9451904296875, 1208.8114013671875], [158.78524780273438, 1582, 348.5037536621094, 1817.287109375], [513.8460083007812, -4.78830623626709, 1397.0498046875, 958.72314453125], [128.43124389648438, 0.09012222290039062, 508.560546875, 892.5118408203125], [697.5092163085938, 963.5400390625, 1401.2293701171875, 2096.8076171875], [127.82508087158203, 933.1587524414062, 722.5270385742188, 1285.29541015625], [123.61614990234375, 1324.5318603515625, 709.326904296875, 2094.622314453125], [1204, 1417, 1271, 1486], [333, 385, 379, 447], [337, 1159, 389, 1202], [289, 1899, 395, 2017]], "labels": [0, 0, 0, 0, 0, 0, 0, 0, 1, 1, 1, 1, 1, 1, 1, 2, 2, 2, 2, 2, 3, 3, 3, 3], "image_id": 116}, "character_clusters": [0, 1, 1, 2, 0, 0, 1, 0], "text_char_matches": [[1, 0], [3, 7], [5, 2], [6, 1]], "text_tail_matches": [[1, 1], [3, 0], [5, 2], [6, 2], [5, 3], [6, 3]], "text_classification": [0, 1, 0, 1, 0, 1, 1], "character_names": ["Rin Okumura", "Reiji Shiratori", "Reiji Shiratori", "none", "Rin Okumura", "Rin Okumura", "Reiji Shiratori", "Rin Okumura"]}