{"bbox_annotations": {"bboxes_as_x1y1x2y2": [[715.5054321289062, 1430.541748046875, 1226.75, 1940.75], [126.77275848388672, 787.9905395507812, 492.0255355834961, 1297.36181640625], [902.464599609375, 692.6119384765625, 1398.181884765625, 1253.8978271484375], [740.3384399414062, 846.6265258789062, 1056.1702880859375, 1256.1407470703125], [770.6864624023438, 289.1759948730469, 1005.4227905273438, 520.0923461914062], [899.5, 1713.25, 1351.0, 2054.5], [175, 85.75, 763, 486.5], [1201.7039794921875, 164.91392517089844, 1349.7412109375, 227.99478149414062], [1222.1004638671875, 338.7949523925781, 1313.892578125, 383.03582763671875], [1084.2913818359375, 433.21173095703125, 1205.092041015625, 523.60693359375], [423.296142578125, 45.38862991333008, 632.8385620117188, 131.14972305297852], [1202.1322021484375, 839.4249267578125, 1339.89697265625, 929.3715209960938], [570.9396362304688, 1029.1976318359375, 767.3244018554688, 1119.130615234375], [327.4597473144531, 763.8844604492188, 449.80596923828125, 885.4772338867188], [179.2344512939453, 752.7134399414062, 275.2792053222656, 836.48291015625], [274.72760009765625, 1472.1878662109375, 512.4462280273438, 1649.5330810546875], [119.7577896118164, -3.8670568466186523, 1396.6429443359375, 625.8703002929688], [476.1744079589844, 675.0768432617188, 1399.3201904296875, 1279.8114013671875], [129.27735900878906, 673.1033935546875, 499.9823913574219, 1307.8046875], [131.11669921875, 1293.4715576171875, 1395.1007080078125, 2097.03125], [243, 834, 294, 909], [984, 378, 1051, 423], [814, 1010, 860, 1046], [1137, 911, 1183, 962]], "labels": [0, 0, 0, 0, 0, 0, 0, 1, 1, 1, 1, 1, 1, 1, 1, 1, 2, 2, 2, 2, 3, 3, 3, 3], "image_id": 148}, "character_clusters": [0, 0, 0, 1, 0, 1, 1], "text_char_matches": [[0, 4], [1, 4], [2, 4], [4, 2], [5, 2], [6, 1], [7, 1], [8, 0]], "text_tail_matches": [[0, 1], [1, 1], [2, 1], [4, 3], [5, 2], [7, 0]], "text_classification": [1, 1, 1, 0, 1, 1, 1, 1, 1], "character_names": ["Rin Okumura", "Rin Okumura", "Rin Okumura", "Shiro Fujimoto", "Rin Okumura", "Shiro Fujimoto", "Shiro Fujimoto"]}