{"bbox_annotations": {"bboxes_as_x1y1x2y2": [[400.2315368652344, 2019.772705078125, 503.02294921875, 2102.681884765625], [-11.864465713500977, 502.4981384277344, 1165.885534286499, 1532.1095886230469], [772.9540405273438, 1604.657470703125, 1154.97216796875, 2091.499755859375], [102.93265533447266, 1843.724853515625, 269.30350494384766, 2067.450927734375], [524.7556762695312, 1736, 744.0169677734375, 2099.984619140625], [16.123659133911133, 0.7076002359390259, 1298.2467060089111, 490.8602491617203], [199.0215606689453, 1699.6990966796875, 345.2947998046875, 1944.54296875], [1011.131591796875, 300.02496337890625, 1225.7353515625, 427.1890869140625], [93.28665924072266, 197.98472595214844, 258.0319290161133, 357.5736083984375], [81.231689453125, 1161.35888671875, 381.3084716796875, 1368.487060546875], [1070.9388427734375, 1703.6732177734375, 1237.1434326171875, 1742.89697265625], [1070.7901611328125, 1897.467529296875, 1232.189453125, 2002.853515625], [665.6592407226562, 1647.87255859375, 830.7503051757812, 1852.311279296875], [491.6359558105469, 1696.5679931640625, 578.3726806640625, 1739.454345703125], [530.3911743164062, 1958.25, 648.2275390625, 2071.77783203125], [317.22735595703125, 1698.151611328125, 478.9823913574219, 1765.68017578125], [86.4675064086914, 1596.8236083984375, 301.8084487915039, 1716.07177734375], [46.020111083984375, 1944.2021484375, 103.97139739990234, 2011.510986328125], [-4.107236862182617, 3.1890907287597656, 1276.5946044921875, 490.42767333984375], [-19.06285285949707, 532.717529296875, 1275.5478515625, 1531.04638671875], [753.6024169921875, 1581.499267578125, 1273.82177734375, 2094.08740234375], [521.9778442382812, 1607.6170654296875, 756.9005737304688, 2099.426025390625], [-6.754014015197754, 1579.688720703125, 508.9931945800781, 2097.610595703125], [445, 1103, 523, 1163], [966, 1986, 1046, 2029], [113, 1971, 155, 2019], [386, 1817, 446, 1870], [788, 1877, 853, 1932]], "labels": [0, 0, 0, 0, 0, 0, 0, 1, 1, 1, 1, 1, 1, 1, 1, 1, 1, 1, 2, 2, 2, 2, 2, 3, 3, 3, 3, 3], "image_id": 147}, "character_clusters": [0, 1, 1, 2, 1, 2, 1], "text_char_matches": [[0, 5], [1, 1], [2, 1], [3, 2], [4, 2], [5, 2], [6, 6], [8, 6], [10, 3]], "text_tail_matches": [[2, 0], [3, 1], [4, 1], [5, 4], [6, 3], [8, 3], [10, 2]], "text_classification": [1, 1, 1, 1, 1, 1, 1, 1, 1, 0, 1], "character_names": ["none", "Satan", "Satan", "Rin Okumura", "Satan", "Rin Okumura", "Satan"]}