{"bbox_annotations": {"bboxes_as_x1y1x2y2": [[319.7403869628906, 1183.2073974609375, 1343.2927551269531, 2099.56396484375], [11.904603004455566, 0, 644.0, 545.5434646606445], [791.6618041992188, 731.7236938476562, 903.0534057617188, 950.0787963867188], [1027.870361328125, 252.52734375, 1279.0177001953125, 552.4939575195312], [657.2876586914062, 789.8912963867188, 716.9400634765625, 950.4002075195312], [296.2308654785156, 620.5960693359375, 475.6824951171875, 950.7389526367188], [724.0169067382812, 793.7581787109375, 815.3252563476562, 954.611572265625], [500.5, 127.75, 1272.25, 582.75], [395.5, 1023.75, 742.0, 1172.5], [826, 378, 1079.75, 609], [0, 0, 698.25, 560], [1155.4508056640625, 706.9400634765625, 1236.0267333984375, 762.4816284179688], [1058.6268310546875, 733.1290893554688, 1143.1507568359375, 772.5774536132812], [920.7516479492188, 672.3223266601562, 1040.56396484375, 801.401123046875], [427.21270751953125, 708.75, 605.3533325195312, 835.2670288085938], [182, 631.75, 306.47265625, 841.0213623046875], [796.699951171875, 1071.562255859375, 888.2982177734375, 1121.361083984375], [1046.7432861328125, 1458.9217529296875, 1217.3975830078125, 1583.5289306640625], [843.7362670898438, 1831.0811767578125, 1282.6890869140625, 2026.4033203125], [288.75, 1051.75, 471.6905212402343, 1236.3861083984375], [127.69770050048828, 1563.15087890625, 358.7807388305664, 1764.4273681640625], [-18.900632858276367, 0.005570054054260254, 1282.4156494140625, 574.8336181640625], [121.78929138183594, 601.9729614257812, 1280.28564453125, 972.9277954101562], [-2.1057724952697754, 1149.8050537109375, 1397.0650634765625, 2091.846923828125], [455, 1664, 508, 1703], [964, 1568, 1007, 1602], [878, 786, 923, 816], [618, 849, 660, 888]], "labels": [0, 0, 0, 0, 0, 0, 0, 0, 0, 1, 1, 1, 1, 1, 1, 1, 1, 1, 1, 1, 1, 2, 2, 2, 3, 3, 3, 3], "image_id": 97}, "character_clusters": [0, 1, 2, 1, 0, 0, 1, 0, 0], "text_char_matches": [[4, 2], [3, 2], [2, 2], [5, 6], [7, 8], [8, 0], [11, 0]], "text_tail_matches": [[2, 2], [3, 2], [4, 2], [5, 3], [8, 1], [11, 0]], "text_classification": [0, 0, 0, 1, 1, 1, 0, 1, 1, 0, 0, 1], "character_names": ["Rin Okumura", "Reiji Shiratori", "none", "Reiji Shiratori", "Rin Okumura", "Rin Okumura", "Reiji Shiratori", "Rin Okumura", "Rin Okumura"]}