{"bbox_annotations": {"bboxes_as_x1y1x2y2": [[503.7502746582031, 1447.672607421875, 725.3446044921875, 1936.93408203125], [457.6210021972656, 506.6380615234375, 696.5, 1142.9080810546875], [631.75, 572.25, 728.0, 1057.0], [1.75, 546, 434.0, 1538.25], [726.25, 1422.75, 1158.5, 2098.25], [533.287353515625, 189.26573181152344, 643.7015991210938, 231.83680725097656], [494.6177062988281, 369.33062744140625, 685.1536865234375, 482.3392639160156], [580.1066284179688, 747.8987426757812, 637.7039794921875, 787.8356323242188], [587.3543701171875, 1244.25, 686.0, 1322.3018798828125], [529.188232421875, 1363.25, 659.1962280273438, 1479.786376953125], [42.70417404174805, 1652.23583984375, 382.92670822143555, 1844.828857421875], [741.0967407226562, -7.944023609161377, 1393.123046875, 2091.98681640625], [441.798828125, 11.605238914489746, 732.7973022460938, 1159.3037109375], [470.2747802734375, 1202.488037109375, 725.816162109375, 1937.4884033203125], [-0.9731531143188477, 2.2504897117614746, 460.87353515625, 2100.412841796875], [608, 1502, 653, 1556], [581, 571, 651, 660], [627, 711, 668, 762], [181, 1325, 330, 1489]], "labels": [0, 0, 0, 0, 1, 1, 1, 1, 1, 1, 1, 2, 2, 2, 2, 3, 3, 3, 3], "image_id": 141}, "character_clusters": [0, 0, 1, 0], "text_char_matches": [[3, 2], [1, 1], [2, 1], [4, 0], [5, 0], [6, 3]], "text_tail_matches": [[1, 1], [2, 1], [3, 2], [4, 0], [5, 0], [6, 3]], "text_classification": [0, 1, 1, 1, 1, 1, 1], "character_names": ["Satan", "Satan", "Rin Okumura", "Satan"]}