{"bbox_annotations": {"bboxes_as_x1y1x2y2": [[712.6085815429688, 2.1346137523651123, 1401.9820556640625, 527.5381782054901], [460.76239013671875, 1267.48193359375, 1398.25, 2100.36328125], [113.5792465209961, 1558.5562744140625, 496.19783782958984, 2099.300537109375], [473.521728515625, 600.045654296875, 1305.2799072265625, 1208.4527587890625], [430.7150573730469, 124.43436431884766, 835.8578491210938, 528.7818069458008], [1176.091796875, 141.4346923828125, 1356.321044921875, 282.0072021484375], [1019.4951171875, 339.0361633300781, 1203.1846923828125, 453.76507568359375], [846.9840698242188, 154.53285217285156, 1025.2357177734375, 238.66107177734375], [616.1912841796875, 107.8858642578125, 675.659423828125, 140.79640197753906], [265.12127685546875, 96.2933120727539, 358.9048156738281, 135.57408142089844], [179.99099731445312, 214.35438537597656, 346.50970458984375, 282.78106689453125], [185.15306091308594, 353.3255920410156, 364.3229675292969, 468.33551025390625], [1110.8468017578125, 709.7733154296875, 1313.6905517578125, 842.0538330078125], [197.06829833984375, 930.8084106445312, 433.6058044433594, 1121.2108154296875], [1156.6597900390625, 1388.7503662109375, 1341.1513671875, 1532.8433837890625], [1083.72900390625, 1724.15869140625, 1341.846435546875, 1905.85986328125], [495.669189453125, 1785.5120849609375, 705.1553344726562, 1919.5689697265625], [342.40557861328125, 1397.3455810546875, 448.2093200683594, 1441.8076171875], [166.12762451171875, 1469.6759033203125, 337.2489013671875, 1615.137451171875], [112.78166198730469, 1.2112364768981934, 1400.30810546875, 533.8555297851562], [113.54436492919922, 585.0233764648438, 1401.34033203125, 1212.6414794921875], [112.8914794921875, 1248.612548828125, 1399.834228515625, 2102.2470703125], [369, 417, 436, 460], [847, 287, 885, 340], [483, 995, 520, 1029], [219, 1648, 255, 1695], [1132, 903, 1170, 943], [766, 1878, 824, 1936], [1027, 1718, 1090, 1781], [614, 169, 653, 232]], "labels": [0, 0, 0, 0, 0, 1, 1, 1, 1, 1, 1, 1, 1, 1, 1, 1, 1, 1, 1, 2, 2, 2, 3, 3, 3, 3, 3, 3, 3, 3], "image_id": 132}, "character_clusters": [0, 1, 0, 0, 1], "text_char_matches": [[0, 0], [2, 0], [1, 0], [3, 4], [4, 4], [5, 4], [6, 4], [7, 3], [8, 3], [9, 1], [10, 1], [11, 1], [12, 2], [13, 2]], "text_tail_matches": [[0, 1], [2, 1], [1, 1], [3, 7], [4, 0], [5, 0], [6, 0], [7, 4], [8, 2], [9, 6], [10, 6], [11, 5], [12, 3], [13, 3]], "text_classification": [1, 1, 1, 1, 1, 1, 1, 1, 1, 1, 1, 1, 1, 1], "character_names": ["Shiro Fujimoto", "Rin Okumura", "Shiro Fujimoto", "Shiro Fujimoto", "Rin Okumura"]}