{"bbox_annotations": {"bboxes_as_x1y1x2y2": [[1201.677978515625, 1189.1751708984375, 1297.6240234375, 1287.796630859375], [265.565185546875, 708.4100341796875, 773.5, 985.6901245117188], [108.78021240234375, 1103.241943359375, 697.4777221679688, 2100.12451171875], [1043.567626953125, 332.4640197753906, 1290.046875, 649.9560546875], [709.5012817382812, 1240.5208740234375, 883.2564697265625, 1613.9808349609375], [234.82742309570312, 30.8519344329834, 801.2763977050781, 661.5624446868896], [1101.6634521484375, 222.52212524414062, 1224.07861328125, 306.39593505859375], [800.7490234375, 96.13880157470703, 1001.7730102539062, 189.0676727294922], [729.4111328125, 181.94789123535156, 841.8363037109375, 361.5373840332031], [29.75, 395.5, 547.75, 708.75], [204.2373809814453, 181.02818298339844, 424.9861145019531, 290.5748291015625], [202.07244873046875, 723.59033203125, 252.5294189453125, 763.7811889648438], [838.25, 925.75, 1015.0, 1169.0], [910, 1289.75, 1121.75, 1543.5], [403.02642822265625, 1194.958251953125, 595.9661865234375, 1267.329345703125], [1035.13330078125, 156.28822326660156, 1293.8421630859375, 660.2305297851562], [133.1659698486328, -0.19420087337493896, 1023.9968872070312, 668.432861328125], [124.0748519897461, 699.9898071289062, 1292.7464599609375, 1004.3114013671875], [673.9574584960938, 995.5311279296875, 1395.2249755859375, 2102.09375], [37.40107727050781, 1038.1029052734375, 697.6961059570312, 2098.12109375], [1159, 345, 1198, 422], [489, 1387, 545, 1460], [439, 280, 505, 340]], "labels": [0, 0, 0, 0, 0, 0, 1, 1, 1, 1, 1, 1, 1, 1, 1, 2, 2, 2, 2, 2, 3, 3, 3], "image_id": 98}, "character_clusters": [0, 1, 1, 1, 1, 1], "text_char_matches": [[0, 3], [1, 5], [4, 5], [5, 1], [8, 2]], "text_tail_matches": [[0, 0], [4, 2], [8, 1]], "text_classification": [1, 1, 0, 0, 1, 1, 0, 0, 1], "character_names": ["none", "Rin Okumura", "Rin Okumura", "Rin Okumura", "Rin Okumura", "Rin Okumura"]}