{"bbox_annotations": {"bboxes_as_x1y1x2y2": [[217.68031311035156, 1331.327880859375, 548.8746490478516, 2094.1181640625], [490.8679504394531, 154.63250732421875, 970.846923828125, 652.9017333984375], [176.75, 1325.1444091796875, 460.5097961425781, 1705.3887939453125], [565.220947265625, 1162, 946.7882690429688, 1593.8907470703125], [1104.152587890625, 1382.26806640625, 1280.3956298828125, 1673.7894287109375], [5.25, 1450.75, 169.75, 2087.75], [1069.58837890625, 231.49481201171875, 1173.5303955078125, 343.35797119140625], [992.25, 635.25, 1118.25, 855.75], [1155, 763, 1263.5, 964.25], [985.25, 918.75, 1130.5, 1095.5], [175, 217, 516.25, 847], [633.5, 810.25, 952.0, 1109.5], [1145.3795166015625, 1215.497802734375, 1212.4775390625, 1255.7366943359375], [1106, 1272.25, 1177.75, 1337.0], [1089.0380859375, 1336.3076171875, 1153.375732421875, 1398.14404296875], [987, 1403.5, 1106, 1564.5], [964.8707885742188, 1552.537353515625, 1069.25, 1683.5], [1162, 1729, 1261.75, 1884.75], [623, 1527.75, 736.75, 1669.5], [840, 1552.25, 938, 1704.5], [598.5, 1771, 721.0, 1905.75], [290.5, 1489.25, 427.0, 1730.75], [182, 1687, 262.5, 1835.75], [194.25, 1953, 327.25, 2098.25], [51.18088912963867, 1284.6964111328125, 277.0292320251465, 1424.263427734375], [987.7042846679688, 146.35614013671875, 1280.9891357421875, 1108.2760009765625], [106.96014404296875, 148.61585998535156, 989.256591796875, 1103.76611328125], [948.9548950195312, 1157.7799072265625, 1276.10986328125, 1918.6885986328125], [561.1591186523438, 1156.669677734375, 964.8844604492188, 1599.616943359375], [561.8247680664062, 1628.0157470703125, 946.7875366210938, 1924.2244873046875], [165.9448699951172, 1162.142578125, 554.6453857421875, 2090.918701171875], [-1.1123731136322021, 1163.5289306640625, 173.13998413085938, 2098.778076171875], [94, 1488, 162, 1561], [848, 1383, 923, 1436], [1106, 1395, 1145, 1443], [402, 1602, 477, 1694], [1083.25, 155.75, 1162.0, 201.25]], "labels": [0, 0, 0, 0, 0, 0, 1, 1, 1, 1, 1, 1, 1, 1, 1, 1, 1, 1, 1, 1, 1, 1, 1, 1, 1, 2, 2, 2, 2, 2, 2, 2, 3, 3, 3, 3, 3], "image_id": 139}, "character_clusters": [0, 1, 1, 1, 0, 1], "text_char_matches": [[6, 4], [7, 4], [8, 4], [18, 5]], "text_tail_matches": [[0, 4], [6, 2], [7, 2], [8, 2], [18, 0]], "text_classification": [1, 0, 0, 0, 0, 0, 1, 1, 1, 0, 0, 0, 0, 0, 0, 0, 0, 0, 1], "character_names": ["Rin Okumura", "Satan", "Satan", "Satan", "Rin Okumura", "Satan"]}