{"bbox_annotations": {"bboxes_as_x1y1x2y2": [[542.9691162109375, 1329.3934326171875, 1397.5181884765625, 1505.8695068359375], [507.5, 1567.2275390625, 1398.25, 2098.25], [851.9707641601562, 815.6466064453125, 1017.3967895507812, 1209.1778564453125], [154, 346.5, 488.25, 1247.75], [1015, 3.5, 1384.25, 427.0], [1156.75, 465.5, 1389.5, 661.5], [1190, 689.5, 1396.5, 999.25], [453.25, 91, 693.0, 287], [717.5, 570.5, 931.0, 749.0], [483, 376.25, 684.25, 572.25], [437.5, 521.5, 768.25, 763.0], [409.5, 796.25, 724.5, 1018.5], [1055.25, 1041.25, 1190.0, 1261.75], [427, 1050, 628.25, 1251.25], [412.55291748046875, -14.56788158416748, 1402.57177734375, 1271.429443359375], [132.86105346679688, -2.370151996612549, 469.9164123535156, 1268.8663330078125], [130.7829132080078, 1328.202880859375, 1399.1612548828125, 1511.4571533203125], [130.71084594726562, 1556.01953125, 1395.9892578125, 2098.52978515625]], "labels": [0, 0, 0, 0, 1, 1, 1, 1, 1, 1, 1, 1, 1, 1, 2, 2, 2, 2], "image_id": 154}, "character_clusters": [0, 1, 0, 0], "text_char_matches": [], "text_tail_matches": [], "text_classification": [1, 1, 1, 1, 1, 1, 1, 1, 1, 1], "character_names": ["Rin Okumura", "Shiro Fujimoto", "Rin Okumura", "Rin Okumura"]}