{"bbox_annotations": {"bboxes_as_x1y1x2y2": [[1240.48828125, 780.798583984375, 1282.44580078125, 939.811279296875], [656.074951171875, 180.2718048095703, 758.0940551757812, 456.65516662597656], [423.7642822265625, 1191.768798828125, 761.6279907226562, 1622.5281982421875], [1027.3421630859375, 776.5292358398438, 1084.5811767578125, 940.4430541992188], [1246.7110595703125, 775.1050415039062, 1289.038330078125, 931.2256469726562], [975.2061767578125, 786.009765625, 1016.1948852539062, 940.912841796875], [690.8333129882812, 1697.8746337890625, 1283.262451171875, 2097.90869140625], [108.58013153076172, 1690.288818359375, 498.69002532958984, 2095.633056640625], [411.28131103515625, 169.48464965820312, 611.9094848632812, 452.8426513671875], [1277.634521484375, 771.5888061523438, 1321.9757080078125, 935.4008178710938], [152.96434020996094, 170.7496337890625, 329.7156066894531, 452.58209228515625], [1163.9168701171875, 762.771240234375, 1256.8275146484375, 939.5447998046875], [396.2634582519531, 547.2879638671875, 740.80615234375, 945.4867553710938], [573.4701538085938, 236.00379943847656, 698.4150390625, 452.5016174316406], [324.9463195800781, 764.751708984375, 375.1163635253906, 845.6763305664062], [1148.007080078125, 1437.89208984375, 1277.6759033203125, 1521.385986328125], [1183.0484619140625, 1662.1224365234375, 1339.866455078125, 1756.703125], [511.6218566894531, 1790.5225830078125, 674.7698364257812, 1911.8182373046875], [760.9739379882812, -9.623082160949707, 1394.3179931640625, 952.5833740234375], [119.86483001708984, 149.32064819335938, 749.3089599609375, 464.233154296875], [117.36861419677734, 512.5616455078125, 765.5413818359375, 950.586181640625], [109.15174102783203, 996.7457885742188, 1393.9912109375, 1623.6297607421875], [496.9012756347656, 1670.5897216796875, 1393.2259521484375, 2096.437744140625], [113.06769561767578, 1676.3653564453125, 497.1350402832031, 2093.001708984375]], "labels": [0, 0, 0, 0, 0, 0, 0, 0, 0, 0, 0, 0, 0, 0, 0, 1, 1, 1, 2, 2, 2, 2, 2, 2], "image_id": 156}, "character_clusters": [0, 1, 2, 3, 4, 5, 6, 2, 7, 8, 3, 9, 7, 10, 2], "text_char_matches": [[0, 6], [1, 6], [2, 6]], "text_tail_matches": [], "text_classification": [1, 1, 1], "character_names": ["none", "Maruta", "Rin Okumura", "Izumi", "none", "none", "Shiro Fujimoto", "Rin Okumura", "Yukio Okumura", "none", "Izumi", "none", "Yukio Okumura", "none", "Rin Okumura"]}