{"bbox_annotations": {"bboxes_as_x1y1x2y2": [[953.75, 164.5, 1396.118896484375, 1281.8447265625], [446.25, 948.5, 729.75, 1303.75], [453.25, 1242.5, 887.25, 1531.25], [932.75, 0, 1398.25, 766.5], [1268.75, 974.75, 1393.0, 1281.0], [948.5, 1099, 1097.25, 1442], [961.999755859375, 1597.2493896484375, 1345.7427978515625, 1832.2686767578125], [130.3547821044922, 22.04014015197754, 735.1036224365234, 869.2815341949463], [595.7017211914062, 1746.7239990234375, 874.4448852539062, 2100.551025390625], [905.9134521484375, -10.327881813049316, 1395.7437744140625, 2088.88232421875], [93.16435241699219, -1.9595950841903687, 907.7080078125, 2097.408203125], [1055, 1260, 1332, 1421]], "labels": [0, 0, 0, 1, 1, 1, 1, 1, 1, 2, 2, 3], "image_id": 150}, "character_clusters": [0, 0, 1], "text_char_matches": [[3, 0]], "text_tail_matches": [[3, 0]], "text_classification": [0, 0, 0, 1, 0, 0], "character_names": ["Rin Okumura", "Rin Okumura", "Shiro Fujimoto"]}