{"bbox_annotations": {"bboxes_as_x1y1x2y2": [[194.03768920898438, 977.5784912109375, 422.8482666015625, 1342.157470703125], [447.7933349609375, 270.1396789550781, 1342.9017333984375, 1614.2245178222656], [371, 463.75, 1065.75, 1496.25], [127.75, 1639.75, 1118.25, 2098.25], [1063.694580078125, 213.6488037109375, 1329.29638671875, 363.723388671875], [121.63533782958984, 9.253299713134766, 644.0, 628.25], [1022, 859.25, 1239, 1286.25], [1186.5, 1333.5, 1386.0, 1634.5], [1174.4210205078125, 1667.7047119140625, 1238.62939453125, 2094.154296875], [111.8999252319336, -1.652178168296814, 1396.064697265625, 1633.0753173828125], [124.62647247314453, 1633.497314453125, 1399.4627685546875, 2102.078369140625], [1088, 406, 1146, 457]], "labels": [0, 0, 0, 0, 1, 1, 1, 1, 1, 2, 2, 3], "image_id": 124}, "character_clusters": [0, 1, 2, 2], "text_char_matches": [[0, 1], [4, 3]], "text_tail_matches": [[0, 0]], "text_classification": [1, 0, 0, 0, 1], "character_names": ["Rin Okumura", "Shiro Fujimoto", "Reiji Shiratori", "Reiji Shiratori"]}