{"bbox_annotations": {"bboxes_as_x1y1x2y2": [[1199.21923828125, 848.3101196289062, 1258.5460205078125, 1033.0614013671875], [160.84326171875, 0.4717804491519928, 1252.7760009765625, 458.8136078417301], [539.8360595703125, 810.1702270507812, 599.1738891601562, 1086.04638671875], [638.9418334960938, 1688.858642578125, 705.4228515625, 1790.9891357421875], [918.6004028320312, 1278.1431884765625, 1142.9036865234375, 1915.5107421875], [809.8010864257812, 823.4417114257812, 894.0812377929688, 1062.3990478515625], [409.3377685546875, 774.682373046875, 500.1148681640625, 1102.676513671875], [748.6937255859375, 825.3424072265625, 813.8809204101562, 1043.5843505859375], [500.5, 1673, 549.5, 1769.25], [570.5, 1666, 616.0, 1772.75], [602, 1627.5, 644, 1718.5], [717.5, 1655.5, 771.75, 1739.5], [1045.7896728515625, 192.75048828125, 1225.50927734375, 352.31005859375], [565.25, 57.75, 703.5, 175.0], [173.25, 14, 351.75, 236.25], [183.75, 358.75, 325.5, 484.75], [973.2089233398438, 553.3981323242188, 1076.43505859375, 595.1605224609375], [1116.2991943359375, 730.7615966796875, 1247.49560546875, 802.864501953125], [936.305908203125, 836.5, 1159.6480712890625, 1099.3126220703125], [260.07769775390625, 612.0034790039062, 421.419677734375, 717.0155639648438], [220.10105895996094, 803.3450317382812, 366.0304870605469, 946.1737670898438], [1214.4263916015625, 1374.828857421875, 1303.495849609375, 1423.314697265625], [1151.24267578125, 1662.833984375, 1365.9224853515625, 1832.3736572265625], [920.7171020507812, 1722.135986328125, 1086.7083740234375, 1829.2911376953125], [745.9544677734375, 1406.0323486328125, 844.5450439453125, 1478.7071533203125], [567.9302978515625, 1363.25, 715.75, 1469.2469482421875], [528.3727416992188, 1556.9881591796875, 712.3355712890625, 1620.5108642578125], [420.7767639160156, 1347.5, 546.0, 1483.24853515625], [178.8056640625, 1366.1885986328125, 343.5061950683594, 1460.2774658203125], [206.9623260498047, 1773.1258544921875, 337.44940185546875, 1941.2100830078125], [115.7715072631836, 0.6547942757606506, 1294.5533447265625, 465.77630615234375], [118.51309967041016, 510.04583740234375, 1289.2332763671875, 1203.3973388671875], [850.373291015625, 1255.0931396484375, 1401.003662109375, 1916.6263427734375], [129.329833984375, 1255.0047607421875, 810.0938720703125, 1915.9576416015625], [1008, 376, 1060, 418], [866, 589, 952, 644], [996, 1606, 1030, 1654], [395, 954, 556, 1007], [379, 1777, 439, 1818], [788, 954, 911, 1058]], "labels": [0, 0, 0, 0, 0, 0, 0, 0, 0, 0, 0, 0, 1, 1, 1, 1, 1, 1, 1, 1, 1, 1, 1, 1, 1, 1, 1, 1, 1, 1, 2, 2, 2, 2, 3, 3, 3, 3, 3, 3], "image_id": 114}, "character_clusters": [0, 1, 2, 3, 2, 1, 4, 5, 6, 7, 8, 9], "text_char_matches": [[0, 1], [4, 2], [5, 5], [6, 5], [7, 5], [8, 5], [9, 4], [10, 4], [11, 4]], "text_tail_matches": [[0, 0], [4, 1], [5, 5], [6, 5], [7, 3], [8, 3], [10, 2], [11, 2], [17, 4]], "text_classification": [1, 0, 0, 0, 1, 1, 1, 1, 1, 1, 1, 1, 0, 1, 0, 1, 1, 1], "character_names": ["none", "Reiji Shiratori", "Rin Okumura", "none", "Rin Okumura", "Reiji Shiratori", "none", "none", "none", "none", "none", "none"]}