{"bbox_annotations": {"bboxes_as_x1y1x2y2": [[144.1394805908203, -0.9780138731002808, 950.1984405517578, 695.4110852479935], [224.9335174560547, 302.630615234375, 479.12457275390625, 652.8234252929688], [2.209705114364624, 759.7192993164062, 403.13466238975525, 1059.00732421875], [202.80848693847656, 1104.25, 615.7785186767578, 1579.0894775390625], [484.0400695800781, 1122.0836181640625, 811.2035522460938, 1590.6258544921875], [665.126220703125, 787.227783203125, 980.3450317382812, 1041.726806640625], [50.75, 1645, 1284.5, 2091.25], [938.892822265625, 146.3050079345703, 1202.011474609375, 585.2522125244141], [80.74508666992188, 406, 199.16677856445312, 519.8314208984375], [1016.8807373046875, 869.4676513671875, 1177.2635498046875, 965.03955078125], [416.88494873046875, 773.7340087890625, 553.076904296875, 884.4688110351562], [430.5, 931, 561.75, 1032.5], [717.5, 1093.75, 1050.0, 1625.75], [1003.593505859375, 1342.25, 1172.5, 1434.7506103515625], [0, 1067.5, 203, 1527.75], [89.52021026611328, 1788.5, 280.0, 1909.1524658203125], [-2.86826491355896, -2.032318592071533, 1304.5927734375, 729.197021484375], [-4.920172691345215, 757.6370239257812, 1284.7137451171875, 1061.4207763671875], [-2.897346019744873, 1086.3958740234375, 1293.3751220703125, 1606.156494140625], [-10.153478622436523, 1646.748291015625, 1286.44384765625, 2099.103271484375], [315, 1881, 377, 1922], [975, 905, 1019, 936], [930, 1280, 995, 1338], [199, 404, 231, 438]], "labels": [0, 0, 0, 0, 0, 0, 0, 1, 1, 1, 1, 1, 1, 1, 1, 1, 2, 2, 2, 2, 3, 3, 3, 3], "image_id": 123}, "character_clusters": [0, 1, 0, 0, 1, 1, 1], "text_char_matches": [[0, 0], [1, 1], [2, 5], [6, 4], [8, 6]], "text_tail_matches": [[1, 3], [2, 1], [6, 2], [8, 0]], "text_classification": [1, 1, 1, 1, 1, 0, 1, 0, 1], "character_names": ["Reiji Shiratori", "Shiro Fujimoto", "Reiji Shiratori", "Reiji Shiratori", "Shiro Fujimoto", "Shiro Fujimoto", "Shiro Fujimoto"]}