{"bbox_annotations": {"bboxes_as_x1y1x2y2": [[487.5498046875, 1022.6304321289062, 850.5, 1290.68212890625], [976.5, 246.75, 1398.25, 1076.25], [1155.1212158203125, 1678.4317626953125, 1345.394775390625, 1800.751220703125], [360.5, 376.25, 413.0, 538.7510375976562], [288.75, 803.25, 503.541748046875, 918.75], [140, 1298.5, 413, 1921.5], [847.329833984375, 1531.0899658203125, 951.3450317382812, 1600.418701171875], [724.4323120117188, 488.25, 866.6810302734375, 965.3944091796877], [845.25, 523.25, 941.2518310546875, 797.38525390625], [948.5, 560.5662231445312, 1025.5, 866.25], [957.6612548828125, 1474.1072998046875, 1363.890869140625, 1674.75], [681.7304077148438, 1634.475830078125, 853.4476318359375, 2049.5908203125], [596.75, 194.25, 700.9000244140625, 690.5366821289062], [910, 1108.75146484375, 1122.9987792968748, 1246.0], [620.448974609375, 910.9579467773438, 695.2896728515625, 964.25], [506.6561279296875, 873.6466674804688, 622.8368530273438, 930.0614013671875], [346.5, 741.9365234375, 532.0, 1015.8388671875], [521.5, 743.75, 631.75, 808.5], [180.25, 805, 320.25, 946.75], [227.5, 743.75, 281.75, 771.75], [484.75, 929.25, 619.5, 985.25], [353.5, 1496.25, 523.25, 1667.75], [157.5, 1695.75, 381.5, 1781.5], [867.1224975585938, 326.26190185546875, 1008.080810546875, 476.1789245605469], [719.25, 270.6672668457031, 848.75, 460.25], [832.4757690429688, 834.75, 952.001708984375, 957.25], [1185.93359375, 1132.240966796875, 1310.8333740234375, 1195.7783203125], [793.99072265625, 1097.90869140625, 925.5985107421875, 1186.5], [295.75, 1330, 1160.25, 1496.25], [945.8242797851562, 1640.3060302734375, 1075.1590576171875, 1760.5], [710.71630859375, 145.10153198242188, 1363.03515625, 1034.6964111328125], [130.89358520507812, 148.4664764404297, 707.1259155273438, 697.4749145507812], [137.71963500976562, 728.5209350585938, 706.8811645507812, 1023.53955078125], [226.37075805664062, 1039.2135009765625, 1354.2581787109375, 1273.500732421875], [130.24517822265625, 1291.1519775390625, 1394.512451171875, 2067.1962890625], [886, 1736, 923, 1766], [1016, 392, 1064, 434], [1126, 1176, 1166, 1208], [914, 1142, 951, 1175], [969, 867, 1005, 906]], "labels": [0, 0, 0, 0, 0, 0, 0, 0, 0, 0, 0, 0, 0, 0, 0, 0, 0, 0, 0, 0, 0, 0, 0, 1, 1, 1, 1, 1, 1, 1, 2, 2, 2, 2, 2, 3, 3, 3, 3, 3], "image_id": 84}, "character_clusters": [0, 1, 2, 0, 3, 4, 5, 6, 7, 8, 9, 0, 1, 1, 10, 11, 0, 12, 13, 14, 15, 16, 17], "text_char_matches": [[0, 1], [2, 1], [4, 13], [3, 13], [6, 11]], "text_tail_matches": [[0, 1], [2, 4], [3, 2], [4, 3], [6, 0]], "text_classification": [1, 1, 1, 1, 1, 0, 1], "character_names": ["Gon Freecss", "Captain", "none", "Gon Freecss", "none", "none", "none", "none", "none", "none", "none", "Gon Freecss", "Captain", "Captain", "none", "none", "Gon Freecss", "none", "none", "none", "none", "none", "none"]}