{"bbox_annotations": {"bboxes_as_x1y1x2y2": [[539, 1492.826416015625, 820.6077880859375, 1846.25], [603.75, 161, 753.1434936523438, 556.5306396484375], [887.25, 111.63764953613281, 1398.25, 1352.75], [1147.4931640625, 1598.1002197265625, 1309.0, 1869.0], [130.13783264160156, 612.5, 367.5, 852.2489013671875], [414.13873291015625, 688.0423583984375, 620.78515625, 850.8817138671875], [129.5, 161, 424.83146667480474, 553], [675.52392578125, 1180.7020263671875, 1214.836181640625, 2118.09814453125], [800.2410278320312, 186.15908813476562, 984.4617309570312, 402.5], [795.54638671875, 540.1915893554688, 962.505859375, 661.9562377929688], [440.30267333984375, 216.1930389404297, 604.3419799804688, 369.99737548828125], [446.4505920410156, 427.39013671875, 569.3125, 549.09814453125], [346.5, 192.35289001464844, 414.130126953125, 255.48255920410156], [584.7880859375, 643.7057495117188, 741.2724609375, 794.71337890625], [350, 861, 726.25, 1058.896484375], [185.5, 647.5, 250.25, 719.25], [165.4394073486328, 1155, 768.3112945556641, 1636.25], [747.85400390625, 131.1116180419922, 1395.667724609375, 1175.2506103515625], [429.56182861328125, 146.01080322265625, 751.5740966796875, 564.295166015625], [122.01544189453125, 142.99366760253906, 435.7767028808594, 564.156005859375], [129.5763702392578, 601.7244262695312, 756.895751953125, 863.6233520507812], [121.65206909179688, 1178.934326171875, 1310.3433837890625, 1964.887451171875], [1004, 333, 1054, 375], [352, 256, 386, 299], [970, 574, 1016, 610], [576, 451, 614, 489], [600, 317, 641, 352]], "labels": [0, 0, 0, 0, 0, 0, 0, 0, 1, 1, 1, 1, 1, 1, 1, 1, 1, 2, 2, 2, 2, 2, 3, 3, 3, 3, 3], "image_id": 94}, "character_clusters": [0, 1, 1, 2, 3, 4, 3, 5], "text_char_matches": [[0, 2], [1, 2], [2, 1], [3, 1], [4, 6], [7, 4], [5, 5]], "text_tail_matches": [[0, 0], [1, 2], [2, 4], [3, 3], [3, 4], [2, 3], [4, 1]], "text_classification": [1, 1, 1, 1, 1, 1, 0, 1, 0], "character_names": ["Kurapika", "Gon Freecss", "Gon Freecss", "none", "Captain", "Katzo", "Captain", "Leorio Paradinight"]}