{"bbox_annotations": {"bboxes_as_x1y1x2y2": [[788.5831909179688, 1349.25, 1271.2645263671875, 1927.2728271484375], [570.5, 1449, 728.0, 1535.3876953125], [1179.3526611328125, 510.62225341796875, 1264.563232421875, 680.75], [248.5, 239.76463317871094, 430.4317016601563, 484.75], [950.25, 337.99639892578125, 1163.75, 645.75], [19.25, 836.9902954101562, 535.5282649993896, 1275.75], [1050.461669921875, 1046.7633056640625, 1259.3321533203125, 1273.5859375], [764.8948974609375, 323.6138610839844, 1265.25, 781.624267578125], [637.6734008789062, 1161.0655517578125, 780.5, 1274.0], [596.75, 904.75, 1016.75, 1051.75], [500.5, 236.25, 661.5, 409.5], [283.5, 548.52978515625, 736.9785766601562, 785.75], [94.5, 1366.75, 521.5, 1604.75], [273, 1620.5, 372.75, 1681.75], [350, 1706.25, 425.25, 1776.25], [1126.906005859375, 193.81703186035156, 1228.4964599609375, 286.6925354003906], [914.9359741210938, 186.2482452392578, 1079.2532958984375, 310.1590270996094], [836.5, 189, 876.75, 239.75], [765.5907592773438, 244.08692932128906, 869.75, 316.75], [143.5, 66.5, 222.25, 160.9107666015625], [131.25, 313.25, 199.5, 385.0], [91, 334.25, 162.75, 409.5], [173.3621368408203, 547.4591064453125, 325.5, 666.75], [1147.8970947265625, 1425.8895263671875, 1222.0565185546875, 1461.25], [839.798583984375, 1388.725830078125, 947.260009765625, 1536.5], [546.3051147460938, 1338.75, 666.75, 1393.0], [683.1715698242188, 1488.595703125, 752.5, 1534.75], [336, 1519, 423.5, 1569.75], [753.9954833984375, 140.54107666015625, 1275.3375244140625, 794.2745361328125], [77.63641357421875, 145.5945281982422, 743.4793090820312, 500.5345764160156], [88.84912109375, 530.4052124023438, 747.1809692382812, 793.080078125], [-8.32362174987793, 829.2295532226562, 1267.3118896484375, 1286.693115234375], [784.1721801757812, 1321.94384765625, 1275.7818603515625, 1936.7584228515625], [79.29232788085938, 1319.143310546875, 775.231689453125, 1931.0023193359375], [1137, 1507, 1175, 1550], [1032, 321, 1066, 367], [884, 1566, 923, 1614], [793, 310, 826, 354], [1150, 313, 1185, 351], [530, 1388, 581, 1427], [639, 1478, 694, 1526], [331, 1574, 376, 1625]], "labels": [0, 0, 0, 0, 0, 0, 0, 0, 0, 0, 0, 0, 0, 0, 0, 1, 1, 1, 1, 1, 1, 1, 1, 1, 1, 1, 1, 1, 2, 2, 2, 2, 2, 2, 3, 3, 3, 3, 3, 3, 3, 3], "image_id": 83}, "character_clusters": [0, 1, 2, 3, 3, 4, 3, 5, 6, 7, 7, 7, 8, 9, 10], "text_char_matches": [[0, 4], [1, 4], [3, 7], [2, 7], [8, 0], [9, 0]], "text_tail_matches": [[0, 4], [1, 1], [3, 3], [2, 3], [8, 0], [9, 2], [11, 6], [10, 5], [12, 7]], "text_classification": [1, 1, 1, 1, 0, 0, 0, 0, 1, 1, 0, 0, 0], "character_names": ["Captain", "none", "none", "Gon Freecss", "Gon Freecss", "Leorio Paradinight", "Gon Freecss", "none", "none", "Kurapika", "Kurapika", "Kurapika", "none", "none", "none"]}