{"bbox_annotations": {"bboxes_as_x1y1x2y2": [[271.6766052246094, 545.497314453125, 596.8445434570312, 788.1595458984375], [-1.7259031534194946, 1540, 404.2740968465805, 1932], [1144.5, 386.75, 1270.78564453125, 784.9393920898436], [764.75, 1634.5, 1046.5, 1828.75], [758.9738159179688, 302.75, 1267.0, 784.6798706054689], [376.25, 1527.75, 715.7186279296875, 1851.5], [941.5, 1527.75, 1209.25, 1746.5], [1030.75, 1625.75, 1268.75, 1921.5], [687.75, 1795.5, 920.5, 1930.25], [1089.6005859375, 166.25, 1246.0, 351.75], [985.25, 204.75, 1068.6798095703125, 236.25], [766.3606567382812, 125.35250854492188, 971.9793701171875, 335.4703674316406], [119, 183.75, 561.75, 486.5], [614.25, 619.8699340820312, 713.2440185546875, 710.5], [98.82080841064453, 607.1272583007812, 231.0, 724.5], [748.383056640625, -0.28438568115234375, 1269.77783203125, 790.0413818359375], [86.27425384521484, 147.06515502929688, 750.9517822265625, 496.6519775390625], [10.740065574645996, 527.4324951171875, 742.1614990234375, 793.3292236328125], [-4.626232147216797, 827.5489501953125, 1274.436767578125, 1479.368896484375], [-9.819900512695312, 1520.69677734375, 1256.638671875, 1939.8541259765625]], "labels": [0, 0, 0, 0, 0, 0, 0, 0, 0, 1, 1, 1, 1, 1, 1, 2, 2, 2, 2, 2], "image_id": 81}, "character_clusters": [0, 1, 2, 3, 0, 4, 5, 6, 7], "text_char_matches": [[0, 2], [2, 4], [4, 0], [5, 0]], "text_tail_matches": [], "text_classification": [1, 1, 1, 0, 1, 1], "character_names": ["Captain", "none", "none", "none", "Captain", "none", "none", "none", "none"]}