{"bbox_annotations": {"bboxes_as_x1y1x2y2": [[439.25, -0.14472752809524536, 930.2098999023436, 615.938341319561], [133, 1289.75, 439.25, 1636.25], [181.77430725097656, 1688.75, 433.19439697265625, 1928.5], [880.25, 140, 1398.25, 1237.25], [1135.223388671875, 1821.4617919921875, 1239.219482421875, 1925.0000000000002], [843.5, 1563.6741943359375, 1020.25, 1839.25], [980, 1794.8262939453125, 1081.5, 1924.662109375], [794.5, 217.8021240234375, 1156.75, 929.25], [1046.5, 1389.5, 1307.2591552734375, 1714.873046875], [507.1295166015625, 1861.320068359375, 637.4086303710938, 1924.9999999999998], [153.5832061767578, 348.25, 493.5, 1236.2693786621094], [372.75, 593.25, 715.8837890625, 1027.25], [603.75, 536.546630859375, 964.25, 1240.75], [463.75, 1349.25, 635.25, 1632.75], [1188.9178466796875, 181.21047973632812, 1298.5318603515625, 272.6870422363281], [500.76263427734375, 512.86669921875, 575.2054443359375, 576.5469970703125], [256.2668762207031, 194.13653564453125, 395.57269287109375, 255.2412567138672], [1199.64794921875, 1356.8800048828125, 1364.1072998046875, 1475.25], [990.5, 1361.781982421875, 1075.3914794921875, 1400.0], [774.2852783203125, 1334.7196044921875, 962.3349609375, 1518.19189453125], [1062.25, 1723.75, 1162.9569091796875, 1785.0], [769.6353759765625, 1807.9556884765625, 852.1641235351562, 1901.1375732421875], [556.8524169921875, 1340.5, 740.5576171875, 1520.75], [367.5, 1333.012939453125, 458.66357421874994, 1422.75], [160.26837158203125, 1312.23291015625, 291.84173583984375, 1403.0758056640625], [173.25, 1489.25, 268.9760437011719, 1642.950927734375], [619.85400390625, 1729, 744.459228515625, 1855], [400.75, 1715.2410888671875, 496.2667541503906, 1806.0], [137.5216522216797, 1695.75, 303.6855163574219, 1878.76513671875], [123.58277130126953, 5.004975318908691, 1393.990966796875, 1239.9814453125], [755.5531616210938, 1278.6734619140625, 1333.2767333984375, 1934.287353515625], [120.82550811767578, 1274.4097900390625, 754.3209228515625, 1647.58740234375], [131.1993865966797, 1670.2803955078125, 752.0787963867188, 1940.4747314453125], [1169, 320, 1209, 357], [301, 311, 332, 354], [595, 585, 641, 628], [1108, 1655, 1141, 1693], [365, 1786, 401, 1820], [335, 1394, 381, 1433], [615, 1866, 648, 1901], [284, 1806, 323, 1844], [834, 1762, 862, 1801], [874, 1538, 908, 1578], [1205, 1491, 1253, 1530], [543, 1520, 588, 1565], [273, 1388, 315, 1443], [263, 1465, 308, 1520]], "labels": [0, 0, 0, 0, 0, 0, 0, 0, 0, 0, 0, 0, 0, 0, 1, 1, 1, 1, 1, 1, 1, 1, 1, 1, 1, 1, 1, 1, 1, 2, 2, 2, 2, 3, 3, 3, 3, 3, 3, 3, 3, 3, 3, 3, 3, 3, 3], "image_id": 88}, "character_clusters": [0, 1, 1, 1, 2, 1, 0, 1, 3, 0, 2, 2, 0, 0], "text_char_matches": [[0, 3], [2, 10], [1, 12], [3, 8], [4, 5], [5, 5], [6, 8], [7, 5], [8, 13], [9, 1], [10, 1], [11, 1], [13, 2], [14, 2], [12, 9]], "text_tail_matches": [[0, 0], [2, 1], [1, 2], [3, 10], [4, 9], [5, 9], [6, 3], [7, 8], [8, 11], [9, 5], [10, 12], [11, 13], [12, 6], [13, 4], [14, 7]], "text_classification": [1, 1, 1, 1, 1, 1, 1, 1, 1, 1, 1, 1, 1, 1, 1], "character_names": ["Gon Freecss", "Leorio Paradinight", "Leorio Paradinight", "Leorio Paradinight", "Kurapika", "Leorio Paradinight", "Gon Freecss", "Leorio Paradinight", "Captain", "Gon Freecss", "Kurapika", "Kurapika", "Gon Freecss", "Gon Freecss"]}