{"bbox_annotations": {"bboxes_as_x1y1x2y2": [[724.5, 675.5, 1398.25, 1043.338134765625], [458.5, 157.8793182373047, 650.482421875, 389.1960144042969], [992.25, 1459.5, 1350.8028564453127, 1657.25], [280.6078796386719, 1400.60693359375, 396.15118408203125, 1498.7391357421875], [130.12643432617188, 1126.0179443359375, 370.0749816894531, 1500.50634765625], [505.2442932128906, 1396.2518310546875, 590.9795532226562, 1503.2977294921875], [234.5, 1587.25, 502.69830322265625, 1931.923828125], [430.5, 218.49635314941406, 574.0, 383.25], [346.7222900390625, 1319.5, 529.0222778320312, 1499.75], [229.29542541503906, 217.0188751220703, 512.75, 381.3278503417969], [134.75, 1554.5638427734375, 395.5, 1928.5], [271.5443420410156, 793.9166870117188, 723.6622314453125, 1031.716064453125], [155.75, 467.25, 474.25, 764.75], [883.75, 63, 1090.25, 682.5], [659.75, 183.75, 775.25, 560.4155120849609], [150.5, 115.5, 432.25413513183594, 227.5], [493.5, 614.25, 595.0, 750.75], [448, 407.75, 556.5, 591.5], [367.5, 495.25, 425.25, 565.25], [1109.5, 1079.75, 1326.5, 1463.0], [824.25, 1089.6046142578125, 939.75, 1435.0], [605.5, 1121.75, 738.5, 1464.75], [456.75, 1161.8717041015625, 563.234375, 1199.173095703125], [489.17333984375, 1580.08740234375, 580.617919921875, 1687.0], [841.2477416992188, 3.19667911529541, 1398.7518310546875, 688.2526245117188], [123.62086486816406, 118.30081176757812, 771.6325073242188, 420.321044921875], [119.80706787109375, 664.9019775390625, 1399.7476806640625, 1053.2691650390625], [136.3285675048828, 446.4968566894531, 484.0419921875, 786.017822265625], [792.2569580078125, 1076.890869140625, 1332.356201171875, 1937.262939453125], [597.5703735351562, 1065.008056640625, 845.6136474609375, 1938.3818359375], [122.93526458740234, 1053.9942626953125, 595.6430053710938, 1509.87451171875], [124.5759048461914, 1544.0445556640625, 599.5665893554688, 1940.1512451171875]], "labels": [0, 0, 0, 0, 0, 0, 0, 0, 0, 0, 0, 0, 0, 1, 1, 1, 1, 1, 1, 1, 1, 1, 1, 1, 2, 2, 2, 2, 2, 2, 2, 2], "image_id": 96}, "character_clusters": [0, 1, 11, 2, 3, 4, 5, 6, 7, 8, 9, 10, 11], "text_char_matches": [[5, 12]], "text_tail_matches": [], "text_classification": [0, 1, 0, 0, 0, 1, 0, 1, 0, 1, 1], "character_names": ["Kurapika", "none", "Katzo", "none", "none", "none", "Captain", "none", "none", "none", "Gon Freecss", "Leorio Paradinight", "Katzo"]}