{"bbox_annotations": {"bboxes_as_x1y1x2y2": [[719.25, 1622.25, 969.5512084960938, 1932.0], [245, 1231.119873046875, 605.5, 1442.0], [632.3621826171875, 1690.187255859375, 800.0299072265625, 1929.1307373046875], [312.2116394042969, 1759.3853759765625, 629.9090576171875, 1930.25], [768.3605346679688, 127.75, 1381.2440185546875, 2037.0], [134.75, 511, 526.75, 983.5], [528.0460205078125, 755.3955688476562, 887.25, 1162.831298828125], [136.5, 1734.25, 339.5, 1932.0], [674.479248046875, 203.51243591308594, 865.7080688476562, 385.0], [226.6922149658203, 203.04196166992188, 405.8983154296875, 384.4730224609375], [820.3635864257812, 537.6904907226562, 937.1422729492188, 747.4429321289062], [542.0372314453125, 518, 746.64208984375, 760.9589233398438], [547.75, 1013.3532104492188, 722.4296875, 1137.1610107421875], [372.57073974609375, 566.3997802734375, 509.72833251953125, 659.1212768554688], [155.9818572998047, 979.163330078125, 352.2603759765625, 1131.09130859375], [874.6256713867188, 1514.87548828125, 1060.1751708984375, 1726.8004150390625], [689.5901489257812, 1521.055908203125, 801.493408203125, 1702.5751953125], [351.34051513671875, 1487.5, 667.0097045898438, 1757.0], [301, 1804.25, 378.18441772460943, 1865.5], [167.9574737548828, 1570.26220703125, 297.7179870605469, 1635.2255859375], [126.4707260131836, 152.38479614257812, 1317.1669921875, 463.51348876953125], [538.0613403320312, 494.03582763671875, 1376.775390625, 1224.48583984375], [125.27548217773438, 488.9967346191406, 524.5856323242188, 1184.858154296875], [138.66209411621094, 1461.27880859375, 1365.679931640625, 1951.3941650390625], [863, 366, 913, 408], [412, 705, 446, 745], [215, 1678, 246, 1720], [900, 1729, 939, 1764], [349, 1050, 382, 1084], [622, 1730, 665, 1769], [778, 726, 815, 764], [627, 749, 691, 816], [665, 961, 710, 1022], [716, 1696, 758, 1754]], "labels": [0, 0, 0, 0, 0, 0, 0, 0, 1, 1, 1, 1, 1, 1, 1, 1, 1, 1, 1, 1, 2, 2, 2, 2, 3, 3, 3, 3, 3, 3, 3, 3, 3, 3], "image_id": 92}, "character_clusters": [0, 1, 2, 0, 2, 2, 1, 1], "text_char_matches": [[0, 4], [1, 4], [2, 6], [3, 6], [4, 6], [5, 5], [6, 5], [7, 0], [8, 2], [9, 2], [11, 7]], "text_tail_matches": [[0, 0], [2, 6], [3, 7], [4, 8], [5, 1], [6, 4], [7, 3], [8, 9], [9, 5], [11, 2]], "text_classification": [1, 1, 1, 1, 1, 1, 1, 1, 1, 1, 1, 1], "character_names": ["Leorio Paradinight", "Captain", "Kurapika", "Leorio Paradinight", "Kurapika", "Kurapika", "Captain", "Captain"]}