{"bbox_annotations": {"bboxes_as_x1y1x2y2": [[476.36572265625, 414.75, 604.7451782226562, 774.8912353515625], [432.3192138671875, 849.2009887695312, 799.094970703125, 1125.25], [734.3419799804688, 1436.8480224609375, 880.25, 1862.0], [190.75, 162.84571838378906, 483.9123992919922, 560.0], [719.25, 355.25, 856.9924926757812, 444.5], [868.1365966796875, 157.5, 1272.216796875, 790.4977264404297], [624.75, 334.3123779296875, 710.5, 792.75], [167.71922302246094, 610.75, 465.5, 793.6348266601562], [-4.6647844314575195, 1263.5, 623.5852155685425, 2101.740966796875], [693, 470.75, 827.75, 540.75], [227.5, 1195.25, 680.75, 1844.5], [1162.8758544921875, 203, 1235.119873046875, 234.5], [865.9925537109375, 576.4800415039062, 981.5362548828125, 670.06884765625], [701.6376953125, 191.09756469726562, 835.4229736328125, 311.21484375], [682.6622314453125, 598.5, 855.6589965820312, 751.8309326171875], [466.1511535644531, 226.0372314453125, 604.000244140625, 321.58758544921875], [136.5, 65.96714782714844, 217.0, 156.36851501464844], [112.447021484375, 239.05335998535156, 229.58782958984375, 307.18487548828125], [483.2611389160156, 645.8800659179688, 584.847412109375, 769.7039794921875], [145.25, 629.5659790039062, 224.0, 707.0], [120.75, 701.8035888671875, 175.4825897216797, 764.75], [392, 1701, 430.5, 1718.5], [859.6132202148438, 144.43873596191406, 1275.0758056640625, 798.6763916015625], [611.6945190429688, 144.68443298339844, 858.7655639648438, 792.5440673828125], [87.84503173828125, 151.18576049804688, 625.1532592773438, 568.056396484375], [92.09300231933594, 599.6179809570312, 623.5111694335938, 799.939697265625], [81.758544921875, 837.7620849609375, 1276.214599609375, 1139.04150390625], [-5.280285835266113, 1163.9722900390625, 1280.1414794921875, 2095.29931640625], [343, 1677, 381, 1711], [962, 501, 994, 543], [209, 322, 247, 367], [697, 326, 730, 368], [703, 550, 737, 593], [172, 711, 210, 753], [537, 366, 568, 407], [411.25, 733.25, 462.0, 770.0]], "labels": [0, 0, 0, 0, 0, 0, 0, 0, 0, 0, 0, 1, 1, 1, 1, 1, 1, 1, 1, 1, 1, 1, 2, 2, 2, 2, 2, 2, 3, 3, 3, 3, 3, 3, 3, 3], "image_id": 85}, "character_clusters": [0, 1, 1, 1, 2, 0, 1, 0, 0, 3, 4], "text_char_matches": [[0, 5], [1, 5], [2, 6], [3, 6], [4, 0], [6, 3], [7, 7], [9, 7], [10, 8]], "text_tail_matches": [[1, 1], [2, 3], [3, 4], [4, 6], [6, 2], [7, 7], [9, 5], [10, 0]], "text_classification": [1, 1, 1, 1, 1, 0, 1, 1, 0, 1, 1], "character_names": ["Captain", "Gon Freecss", "Gon Freecss", "Gon Freecss", "none", "Captain", "Gon Freecss", "Captain", "Captain", "none", "Ging Freecss"]}