{"bbox_annotations": {"bboxes_as_x1y1x2y2": [[138.25, 43.75, 532.0, 406.0], [1307.724609375, 300.05181884765625, 1400.031005859375, 463.0772399902344], [363.2980041503906, 497, 745.5, 698.25], [132.6197052001953, 1523.8154296875, 655.8051910400391, 1970.5], [776.09912109375, 136.39041137695312, 1312.5, 656.25], [209.5171661376953, 666.8483276367188, 364.0, 762.9108276367188], [910, 1349.25, 1338.75, 1867.1480712890623], [362.25, 824.2733764648438, 1120.7818603515625, 1800.75], [435.86260986328125, 626.5, 687.75, 752.4885864257812], [418.25, 136.5, 728.0, 250.25], [196, 407.75, 306.25, 554.75], [976.5, 138.25, 1375.5, 358.75], [630, 1783.25, 1393, 2098.25], [358.75, 269.5, 743.75, 400.75], [610.75, 430.5, 680.75, 542.5], [609, 373.0664978027344, 666.7471923828125, 428.2003479003906], [194.25, 338.93731689453125, 255.5, 386.75], [77, 787.5, 1396.5, 1375.5], [938, 857.5, 1022, 974.75], [733.4117431640625, -0.07951408624649048, 1395.8404541015625, 790.1429443359375], [132.39743041992188, 6.945028305053711, 737.0035400390625, 414.25543212890625], [136.5493927001953, 441.7887268066406, 759.3523559570312, 779.8660888671875], [116.83470153808594, 813.9984130859375, 1390.5308837890625, 2097.38134765625]], "labels": [0, 0, 0, 0, 0, 0, 0, 0, 0, 0, 0, 0, 0, 0, 0, 1, 1, 1, 1, 2, 2, 2, 2], "image_id": 98}, "character_clusters": [0, 1, 2, 2, 0, 0, 1, 3, 1, 2, 2, 2, 0, 1, 1], "text_char_matches": [], "text_tail_matches": [], "text_classification": [1, 1, 0, 1], "character_names": ["Katzo", "Kurapika", "Leorio Paradinight", "Leorio Paradinight", "Katzo", "Katzo", "Kurapika", "Gon Freecss", "Kurapika", "Leorio Paradinight", "Leorio Paradinight", "Leorio Paradinight", "Katzo", "Kurapika", "Kurapika"]}