{"bbox_annotations": {"bboxes_as_x1y1x2y2": [[765.0466918945312, 1457.049072265625, 1331.7633056640625, 2097.304443359375], [702.0704956054688, 1078.3155517578125, 1053.5, 1398.02734375], [133.42599487304688, 3.857356309890747, 746.2356872558594, 1050.3439285755157], [944.6444702148438, 269.0874938964844, 1202.25, 695.73828125], [250.17413330078125, 1448.0447998046875, 737.0342407226562, 1959.828369140625], [471.7068786621094, 737.0510864257812, 635.6798706054688, 825.1480712890625], [1268.75, 1057, 1370.25, 1335.25], [1019.527587890625, 1111.25, 1276.60986328125, 1361.4996337890627], [941.5, 1079.75, 1011.5, 1188.25], [409.5, 1104.3582763671875, 642.2586059570312, 1341.32177734375], [206.5, 1103.0025634765625, 328.2127685546875, 1337.588134765625], [641.681396484375, 1478.75, 702.0662841796875, 1564.5], [143.42481994628906, 1469.9381103515625, 274.2030029296875, 1586.5052490234375], [132.52911376953125, -10.649724006652832, 1389.3416748046875, 1038.602294921875], [133.655517578125, 1063.34326171875, 1355.414306640625, 1400.9573974609375], [746.9378051757812, 1444.1748046875, 1400.8778076171875, 2101.281982421875], [129.72537231445312, 1436.88720703125, 728.9241333007812, 1965.999267578125], [964, 1159, 1021, 1208], [402, 559, 479, 754]], "labels": [0, 0, 0, 0, 0, 1, 1, 1, 1, 1, 1, 1, 1, 2, 2, 2, 2, 3, 3], "image_id": 34}, "character_clusters": [0, 1, 1, 0, 1], "text_char_matches": [[0, 2], [2, 1], [4, 1], [5, 1], [6, 4], [7, 4]], "text_tail_matches": [[0, 1], [2, 0]], "text_classification": [1, 0, 1, 0, 1, 1, 1, 1], "character_names": ["Akito Takagi", "Moritaka Mashiro", "Moritaka Mashiro", "Akito Takagi", "Moritaka Mashiro"]}