{"bbox_annotations": {"bboxes_as_x1y1x2y2": [[799.2026977539062, 296.6841735839844, 1107.0263671875, 638.546630859375], [705.619384765625, 1487.8924560546875, 1184.847412109375, 2100.684814453125], [1171.69921875, 705.25, 1386.0, 1209.0633544921875], [122.29007720947266, 181.72750854492188, 693.4229507446289, 642.8380737304688], [567.5592041015625, 188.71119689941406, 775.7650146484375, 643.9345245361328], [963.1653442382812, 808.5, 1252.017333984375, 1424.993896484375], [125.96659851074219, 685.3482666015625, 453.2596893310547, 1433.6630859375], [463.5662536621094, 761.5557861328125, 891.2548217773438, 1435.8580322265625], [1018.74169921875, 189.01695251464844, 1232.143798828125, 630.8645477294922], [363.46527099609375, 1474.4390869140625, 829.7430419921875, 2103.088134765625], [1228.28515625, 276.8409423828125, 1370.946533203125, 488.8321228027344], [819.4232788085938, 231.1831512451172, 920.7388916015625, 267.914794921875], [577.726318359375, 223.24388122558594, 746.9988403320312, 454.79827880859375], [135.80897521972656, 257.42340087890625, 329.0026550292969, 424.06646728515625], [323.7330627441406, 765.1743774414062, 400.0867919921875, 845.4423217773438], [1122.3046875, 1623.3310546875, 1348.5767822265625, 1904.3712158203125], [786.6768188476562, 162.44309997558594, 1402.6866455078125, 649.188720703125], [123.33341217041016, 163.9927978515625, 780.7344360351562, 647.0650024414062], [915.6380004882812, 678.7417602539062, 1399.5528564453125, 1440.5311279296875], [456.3984680175781, 678.1148071289062, 913.6028442382812, 1433.551025390625], [127.38628387451172, 680.1067504882812, 452.6335144042969, 1441.7564697265625], [130.47349548339844, 1470.4393310546875, 1401.3812255859375, 2097.46435546875], [372, 942, 414, 1002], [904, 307, 944, 354], [1203, 230, 1249, 268], [904, 1769, 1109, 1844]], "labels": [0, 0, 0, 0, 0, 0, 0, 0, 0, 0, 1, 1, 1, 1, 1, 1, 2, 2, 2, 2, 2, 2, 3, 3, 3, 3], "image_id": 70}, "character_clusters": [0, 1, 1, 0, 1, 0, 0, 2, 1, 0], "text_char_matches": [[0, 8], [1, 0], [2, 3], [3, 3], [4, 6], [5, 9]], "text_tail_matches": [[0, 2], [1, 1], [4, 0], [5, 3]], "text_classification": [1, 1, 1, 1, 1, 1], "character_names": ["Moritaka Mashiro", "Akito Takagi", "Akito Takagi", "Moritaka Mashiro", "Akito Takagi", "Moritaka Mashiro", "Moritaka Mashiro", "Miho Azuki", "Akito Takagi", "Moritaka Mashiro"]}