{"bbox_annotations": {"bboxes_as_x1y1x2y2": [[733.4545288085938, 1548.75, 816.9212646484375, 1860.9440917968752], [77.98025512695312, 747.8544921875, 709.5039367675781, 1202.4071044921875], [214.3740997314453, 199.5, 608.2774200439453, 705.2985076904298], [946.75, 269.5, 1273.3337402343752, 707.1900024414062], [845.25, 1547, 1025.5, 1895.25], [434.3203430175781, 113.75, 562.5546875, 459.6993103027344], [17.00439453125, 1268.701904296875, 350.92645263671875, 2099.138916015625], [514.5, 753.036376953125, 970.3195190429688, 1207.1761474609375], [894.25, 212.3604736328125, 1104.25, 462.0], [657.7833862304688, 126.05160522460938, 871.4445190429688, 310.174072265625], [629.1279907226562, 431.26654052734375, 738.95751953125, 495.2787780761719], [68.15181732177734, 234.5325469970703, 203.5368881225586, 338.80694580078125], [959.1972045898438, 844.0264892578125, 1220.199951171875, 1058.5584716796875], [48.99026870727539, 896.4922485351562, 173.52275466918945, 967.6654052734375], [974.2140502929688, 1302.3531494140625, 1239.68310546875, 1517.4708251953125], [460.5170593261719, 1289.75, 695.302734375, 1548.4940185546875], [359.50494384765625, 1624, 596.9581298828125, 1964.1844482421875], [203.83172607421875, 1284.5, 341.25, 1514.7393798828125], [47.44066619873047, 1295.3270263671875, 189.0, 1488.2379150390625], [894.0567626953125, 166.65798950195312, 1274.2550048828125, 719.1030883789062], [52.967376708984375, -0.018712878227233887, 883.7393798828125, 712.6389770507812], [51.88553237915039, 742.3034057617188, 1273.7508544921875, 1212.4169921875], [360.5836486816406, 1240.916259765625, 1274.7423095703125, 2098.5595703125], [17.300609588623047, 1233.8984375, 348.5743408203125, 2097.533447265625], [997, 1585, 1056, 1639], [581, 136, 669, 192], [851, 827, 938, 868], [600, 1841, 716, 1913]], "labels": [0, 0, 0, 0, 0, 0, 0, 0, 1, 1, 1, 1, 1, 1, 1, 1, 1, 1, 1, 2, 2, 2, 2, 2, 3, 3, 3, 3], "image_id": 45}, "character_clusters": [0, 0, 1, 0, 1, 0, 0, 1], "text_char_matches": [[0, 3], [1, 5], [2, 5], [3, 2], [4, 7], [5, 1], [6, 4], [7, 4], [8, 4], [9, 6], [10, 6]], "text_tail_matches": [[1, 1], [2, 1], [4, 2], [6, 0], [7, 3], [8, 3]], "text_classification": [1, 1, 1, 1, 1, 1, 1, 1, 1, 1, 1], "character_names": ["Moritaka Mashiro", "Moritaka Mashiro", "Akito Takagi", "Moritaka Mashiro", "Akito Takagi", "Moritaka Mashiro", "Moritaka Mashiro", "Akito Takagi"]}