{"bbox_annotations": {"bboxes_as_x1y1x2y2": [[136.5, 147.50701904296875, 667.0727691650391, 778.75], [707, 142.53573608398438, 1397.7751464843752, 2085.395477294922], [130.694580078125, 1398.25, 469.0, 2096.69775390625], [168.02191162109375, 837.60009765625, 694.191162109375, 1336.8193359375], [447.4391784667969, 1529.466064453125, 605.3447265625, 1900.5], [329, 1662.5, 560, 2098.25], [574.9312133789062, 152.8728485107422, 664.3610229492188, 622.4780731201172], [139.33888244628906, 902.2874145507812, 334.5588073730469, 1020.9530029296875], [141.3033905029297, 1115.157958984375, 256.4217224121094, 1223.365234375], [552.0287475585938, 1695.83154296875, 679.1231079101562, 1882.968994140625], [379.92803955078125, 1696.1676025390625, 547.787109375, 1962.15283203125], [182.13360595703125, 1688.135986328125, 336.5013122558594, 1848.720703125], [703.551513671875, 3.435659408569336, 1394.119384765625, 2103.2197265625], [126.39107513427734, -6.293848037719727, 677.74951171875, 787.5280151367188], [126.73931884765625, 825.4495239257812, 695.7341918945312, 1345.2574462890625], [125.5044174194336, 1369.5799560546875, 692.7680053710938, 2099.477783203125]], "labels": [0, 0, 0, 0, 0, 0, 1, 1, 1, 1, 1, 1, 2, 2, 2, 2], "image_id": 66}, "character_clusters": [0, 0, 1, 1, 0, 2], "text_char_matches": [[0, 0], [1, 3], [2, 3], [3, 2], [4, 2], [5, 2]], "text_tail_matches": [], "text_classification": [1, 1, 1, 1, 1, 1], "character_names": ["Miho Azuki", "Miho Azuki", "Moritaka Mashiro", "Moritaka Mashiro", "Miho Azuki", "Akito Takagi"]}