{"bbox_annotations": {"bboxes_as_x1y1x2y2": [[460.23992919921875, 1298.96142578125, 934.3912963867188, 2099.18701171875], [204.0392608642578, 15.015551567077637, 1286.6310577392578, 1216.0352048873901], [18.97690200805664, 1244.25, 584.9551734924316, 2096.271728515625], [-1.6316503286361694, -6.063911437988281, 410.0976587533951, 1231.5732955932617], [1046.8570556640625, 221.41030883789062, 1280.0638427734375, 860.4640197753906], [1008.8193359375, 1461.9071044921875, 1230.6341552734375, 1827.3695068359375], [0.3899872303009033, 5.493387699127197, 1397.83740234375, 1228.6610107421875], [3.433781862258911, 1280.7757568359375, 1402.43115234375, 2091.60595703125], [900, 255, 1016, 335], [617, 1588, 899, 1730]], "labels": [0, 0, 0, 0, 1, 1, 2, 2, 3, 3], "image_id": 72}, "character_clusters": [0, 1, 2, 2], "text_char_matches": [[0, 1], [1, 2]], "text_tail_matches": [[0, 0], [1, 1]], "text_classification": [1, 1], "character_names": ["Akito Takagi", "Miho Azuki", "Moritaka Mashiro", "Moritaka Mashiro"]}