{"bbox_annotations": {"bboxes_as_x1y1x2y2": [[128.8463897705078, 0, 588.0, 742.5934391021729], [1041.378173828125, 234.9233856201172, 1128.440673828125, 470.72235107421875], [589.0037841796875, 1153.25, 1071.8912353515625, 2019.7977294921875], [830.2777099609375, 788.6664428710938, 1400.049072265625, 1287.6951904296875], [607.8536987304688, 264.25, 1333.3232421875, 736.4747619628907], [875.4454345703125, 196.96334838867188, 1055.009521484375, 548.4585571289062], [776.3055419921875, 228.1130828857422, 886.0947875976562, 473.5679626464844], [1124.8004150390625, 277.8904113769531, 1289.280517578125, 455.8556213378906], [820.75, 390.25, 876.75, 474.25], [698.25, 159.25, 784.0, 260.75], [153.85186767578125, 230.01950073242188, 229.8860626220703, 338.2607727050781], [775.25, 792.75, 871.5, 908.25], [1119.2733154296875, 1321.68408203125, 1312.221923828125, 1572.3883056640625], [665, 999.25, 759.5, 1121.75], [171.82606506347656, 1447.013916015625, 440.1094512939453, 1849.6832275390625], [598.2133178710938, -7.207242965698242, 1328.1993408203125, 742.2689208984375], [131.30250549316406, -1.8438756465911865, 589.4329833984375, 740.3795166015625], [131.6276397705078, 777.1587524414062, 1401.9327392578125, 2092.092041015625]], "labels": [0, 0, 0, 0, 0, 0, 0, 1, 1, 1, 1, 1, 1, 1, 1, 2, 2, 2], "image_id": 28}, "character_clusters": [0, 1, 2, 0, 0, 2, 3], "text_char_matches": [[0, 4], [5, 3], [7, 3]], "text_tail_matches": [], "text_classification": [1, 0, 0, 0, 0, 1, 0, 1], "character_names": ["Moritaka Mashiro", "none", "Miho Azuki", "Moritaka Mashiro", "Moritaka Mashiro", "Miho Azuki", "none"]}