{"bbox_annotations": {"bboxes_as_x1y1x2y2": [[521.5, 1396.5, 705.2825927734375, 1746.5], [679.3723754882812, 1278.2642822265625, 1265.25, 2102.218017578125], [17.402841567993164, 346.7584228515625, 143.5, 558.6021728515625], [96.87166595458984, 725.3107299804688, 502.4203414916992, 1202.9013671875], [783.0763549804688, 719.9989624023438, 1081.5, 1207.0233154296875], [1053.5, 329.44000244140625, 1200.9605712890625, 554.75], [5.583864212036133, 1244.2626953125, 346.1308307647705, 2101.17041015625], [641.9522094726562, 127.76185607910156, 820.9992065429688, 347.8533935546875], [259, 218.75, 318.5, 316.75], [1074.374267578125, 809.90234375, 1249.275146484375, 900.2526245117188], [613.5113525390625, 750.75, 801.7493286132812, 877.2733764648438], [546.1317138671875, 949.5183715820312, 708.7095336914062, 1132.9034423828125], [349.9732666015625, 811.2991943359375, 492.3627014160156, 900.6735229492188], [40.357574462890625, 866.6327514648438, 139.8903350830078, 990.4290161132812], [986.0787353515625, 1327.5416259765625, 1221.20361328125, 1545.6064453125], [368.0306091308594, 1383.5302734375, 476.5965270996094, 1476.333984375], [44.355037689208984, 1289.26171875, 110.74656295776367, 1327.218994140625], [-2.4091005325317383, 0.48353075981140137, 1273.96240234375, 679.3356323242188], [520.7389526367188, 711.8641357421875, 1273.5908203125, 1214.8524169921875], [6.417828559875488, 710.5572509765625, 512.9811401367188, 1216.383544921875], [340.9124755859375, 1237.0057373046875, 1272.87060546875, 2095.974609375], [7.636231422424316, 1233.64111328125, 338.9095764160156, 2093.697021484375], [1033, 1655, 1094, 1731], [171, 287, 228, 344], [901, 284, 1029, 349], [322, 920, 362, 952], [500, 1428, 552, 1468], [792, 853, 838, 891], [1031, 895, 1073, 934], [134, 928, 174, 976]], "labels": [0, 0, 0, 0, 0, 0, 0, 1, 1, 1, 1, 1, 1, 1, 1, 1, 1, 2, 2, 2, 2, 2, 3, 3, 3, 3, 3, 3, 3, 3], "image_id": 37}, "character_clusters": [0, 1, 1, 0, 1, 0, 1], "text_char_matches": [[0, 5], [1, 2], [2, 4], [3, 4], [4, 4], [5, 3], [6, 3], [7, 1], [8, 0], [9, 6]], "text_tail_matches": [[0, 2], [1, 1], [2, 6], [3, 5], [4, 5], [5, 3], [6, 7], [7, 0], [8, 4]], "text_classification": [1, 1, 1, 1, 1, 1, 1, 1, 1, 1], "character_names": ["Akito Takagi", "Moritaka Mashiro", "Moritaka Mashiro", "Akito Takagi", "Moritaka Mashiro", "Akito Takagi", "Moritaka Mashiro"]}