{"bbox_annotations": {"bboxes_as_x1y1x2y2": [[142.11720275878906, 1314.7091064453125, 1354.579116821289, 2098.626708984375], [4.477822780609131, 750.75, 953.4952788352966, 1225.9874267578125], [0, 0, 925.75, 687.75], [983.80859375, 164.9130859375, 1264.2852783203125, 1156.6806640625], [605.4593505859375, 383.0499267578125, 926.5848999023438, 838.5685424804688], [283.10748291015625, 616.4567260742188, 448.24273681640625, 846.018798828125], [148.67054748535156, 822.403076171875, 311.4251708984375, 961.8125], [273.0112609863281, 1041.3115234375, 462.638427734375, 1137.01220703125], [79.41194915771484, 1086.837890625, 262.82067108154297, 1183.4410400390625], [204.91757202148438, 1351.66552734375, 575.64599609375, 1761.6962890625], [956.4317016601562, 13.678362846374512, 1401.218017578125, 1230.70751953125], [-11.056703567504883, -16.191959381103516, 943.287109375, 1244.657958984375], [4.2902350425720215, 1290.8939208984375, 1403.46435546875, 2097.05224609375], [682, 1296, 1395, 1426]], "labels": [0, 0, 0, 1, 1, 1, 1, 1, 1, 1, 2, 2, 2, 3], "image_id": 73}, "character_clusters": [0, 1, 0], "text_char_matches": [[0, 1], [1, 1], [2, 1], [3, 1], [4, 1], [5, 1], [6, 1]], "text_tail_matches": [[6, 0]], "text_classification": [1, 1, 1, 1, 1, 1, 1], "character_names": ["Miho Azuki", "Moritaka Mashiro", "Miho Azuki"]}