{"bbox_annotations": {"bboxes_as_x1y1x2y2": [[290.4339599609375, 233.6414337158203, 422.73388671875, 593.8180084228516], [-7.186454772949219, 1183, 458.3135452270508, 1960.8426513671875], [828.230224609375, 1365, 996.9053344726562, 1962.3432617187502], [899.6411743164062, 177.1475067138672, 1241.72021484375, 602.5962982177734], [703.048828125, 638.1057739257812, 1007.5993041992188, 1138.8214111328125], [453.0823059082031, 176.75, 598.5, 533.6356353759766], [1192.6943359375, 295.9581604003906, 1272.409912109375, 332.3841857910156], [957.25, 288.75, 1046.5, 365.6948547363281], [823.1946411132812, 254.69378662109375, 937.5220336914062, 322.1021423339844], [630, 195.20953369140625, 753.1624145507812, 276.2494812011719], [97.49974822998047, 95.30933380126953, 208.6299285888672, 178.13381958007812], [93.53837585449219, 440.2988586425781, 238.28338623046875, 520.3355102539062], [1039.6639404296875, 1185.3756103515625, 1207.158447265625, 1657.6973876953125], [393.5994567871094, 1366.75, 493.5, 1524.25], [806.4118041992188, 161.56442260742188, 1271.2471923828125, 612.2229614257812], [75.98088073730469, 155.66062927246094, 787.8956298828125, 609.2128295898438], [69.01455688476562, 634.551025390625, 1269.9635009765625, 1144.8782958984375], [471.1989440917969, 1170.2891845703125, 1271.9320068359375, 1966.5760498046875], [-1.051822304725647, 1176.528076171875, 475.1885986328125, 1962.8759765625], [594, 210, 636, 246], [245, 423, 289, 473], [942, 210, 1001, 268], [386, 1617, 434, 1699]], "labels": [0, 0, 0, 0, 0, 0, 1, 1, 1, 1, 1, 1, 1, 1, 2, 2, 2, 2, 2, 3, 3, 3, 3], "image_id": 33}, "character_clusters": [0, 0, 0, 0, 0, 1], "text_char_matches": [[2, 3], [3, 5], [5, 0], [7, 1]], "text_tail_matches": [[2, 2], [3, 0], [5, 1], [7, 3]], "text_classification": [0, 0, 1, 1, 0, 1, 0, 1], "character_names": ["Moritaka Mashiro", "Moritaka Mashiro", "Moritaka Mashiro", "Moritaka Mashiro", "Moritaka Mashiro", "none"]}