{"bbox_annotations": {"bboxes_as_x1y1x2y2": [[50.75, 1198.75, 500.5, 1643.25], [308.81396484375, -8.633615493774414, 1016.33642578125, 420.1163845062256], [0, 843.5, 1277.8280029296875, 2090.5481567382812], [1013.1119995117188, 238.1747283935547, 1235.619384765625, 451.668701171875], [701.9944458007812, 305.7949523925781, 887.5823364257812, 493.0464172363281], [470.34228515625, 324.5588073730469, 675.779296875, 510.6711120605469], [71.0668716430664, 297.4452819824219, 236.58722686767578, 420.9979553222656], [849.0845947265625, 725.8743896484375, 1253.994873046875, 1029.5157470703125], [407.28521728515625, 726.4178466796875, 761.25, 1031.0654296875], [17.5, 1030.75, 518.0, 1277.5], [304.5, 1009.75, 479.5, 1072.75], [440.33502197265625, 1148, 528.5, 1245.0360107421875], [258.146484375, 1227.68408203125, 519.7711791992188, 1311.3973388671875], [479.77490234375, 1307.9815673828125, 576.4061279296875, 1460.4395751953125], [87.5, 1251.25, 528.5, 1424.5], [369.25, 1499.75, 763.0533447265625, 2018.6862792968752], [43.21556091308594, 822.7549438476562, 171.86083984375, 897.2567138671875], [57.897483825683594, 1228.8082275390625, 201.5854721069336, 1303.744873046875], [99.75, 1484, 299.25, 1995], [67.05034637451172, -0.6030678749084473, 1271.9141845703125, 555.7979125976562], [-0.10309815406799316, 589.3027954101562, 1270.947509765625, 2100.225341796875], [458, 1360, 500, 1406]], "labels": [0, 0, 0, 1, 1, 1, 1, 1, 1, 1, 1, 1, 1, 1, 1, 1, 1, 1, 1, 2, 2, 3], "image_id": 79}, "character_clusters": [0, 1, 1], "text_char_matches": [[0, 1], [1, 1], [2, 1], [3, 1], [4, 2], [5, 2]], "text_tail_matches": [[10, 0]], "text_classification": [1, 1, 1, 1, 1, 1, 0, 0, 0, 0, 0, 0, 0, 0, 0, 0], "character_names": ["none", "Moritaka Mashiro", "Moritaka Mashiro"]}