{"bbox_annotations": {"bboxes_as_x1y1x2y2": [[894.3883056640625, 1466.8343505859375, 1269.0283203125, 1962.0701904296875], [163.37246704101562, 1578.5, 507.5, 2044.0810546875], [103.50929260253906, 73.3228759765625, 648.3538970947266, 632.4786376953125], [980, 722.75, 1226.75, 1166.18359375], [388.9894104003906, 1487.152587890625, 476.0, 1604.027099609375], [181.88864135742188, 739.2340698242188, 667.796142578125, 1359.937255859375], [774.62109375, -1.7329752445220947, 1268.8909912109375, 630.6840779781342], [764.3682861328125, 1211.6102294921875, 1253.4305419921875, 1419.5191650390625], [1080.74267578125, 130.42562866210938, 1264.8074951171875, 506.7731018066406], [520.54345703125, 241.95680236816406, 650.9210205078125, 425.6536865234375], [39.65353775024414, 242.90936279296875, 162.9311408996582, 434.80218505859375], [789.7500610351562, 729.75, 975.3505859375, 858.3342895507812], [59.049217224121094, 750.8252563476562, 188.18639373779297, 945.78515625], [1151.33837890625, 1529.47265625, 1217.6259765625, 1599.5], [549.6494750976562, 1543.5, 781.67724609375, 1764.6953125], [36.4495735168457, 1540, 197.6763038635254, 1693.8280029296875], [687.0390625, 0.8350074291229248, 1266.076171875, 637.3302001953125], [-3.5603702068328857, 2.100254535675049, 679.3946533203125, 637.5640258789062], [758.305908203125, 667.723388671875, 1271.5369873046875, 1174.3421630859375], [758.3861083984375, 1195.6846923828125, 1272.048095703125, 1430.4326171875], [-6.404060363769531, 666.8256225585938, 747.1118774414062, 1403.1590576171875], [818.1485595703125, 1455.58203125, 1272.7098388671875, 1968.364501953125], [-9.354269027709961, 1454.1588134765625, 802.4231567382812, 2093.53759765625], [528, 1825, 588, 1878], [216, 829, 274, 874], [979, 869, 1029, 903], [498, 152, 546, 191], [150, 159, 198, 196], [1087, 1648, 1128, 1689], [147, 1783, 195, 1822]], "labels": [0, 0, 0, 0, 0, 0, 0, 0, 1, 1, 1, 1, 1, 1, 1, 1, 2, 2, 2, 2, 2, 2, 2, 3, 3, 3, 3, 3, 3, 3], "image_id": 35}, "character_clusters": [0, 1, 1, 0, 0, 1, 0, 1], "text_char_matches": [[0, 6], [1, 2], [2, 2], [3, 3], [4, 5], [5, 0], [6, 1], [7, 1]], "text_tail_matches": [[1, 3], [2, 4], [3, 2], [4, 1], [5, 5], [6, 0], [7, 6]], "text_classification": [1, 1, 1, 1, 1, 1, 1, 1], "character_names": ["Moritaka Mashiro", "Akito Takagi", "Akito Takagi", "Moritaka Mashiro", "Moritaka Mashiro", "Akito Takagi", "Moritaka Mashiro", "Akito Takagi"]}