{"bbox_annotations": {"bboxes_as_x1y1x2y2": [[709.3269653320312, 1622.5462646484375, 1157.4693603515625, 2096.750244140625], [285.14654541015625, 863.2161865234375, 766.7890625, 1339.31689453125], [579.5701293945312, -10.155122756958008, 1415.75, 799.1352825164795], [828.9519653320312, 854, 1171.7091064453125, 1339.9486083984373], [99.08541870117188, 525.0543823242188, 404.25, 808.660400390625], [1062.025146484375, 1582.423095703125, 1395.71435546875, 2098.570068359375], [1220.354736328125, 200.0107879638672, 1347.976806640625, 264.06634521484375], [619.6900024414062, 168.7270050048828, 818.6583251953125, 623.7995147705078], [137.93666076660156, 211.29042053222656, 317.0736083984375, 360.8634033203125], [118.13744354248047, 428.0946960449219, 233.40077209472656, 514.4826049804688], [1188.6278076171875, 922.9584350585938, 1342.072021484375, 1092.3619384765625], [1142.75, 873.25, 1200.5, 957.25], [682.6245727539062, 934.8265380859375, 776.524169921875, 970.4160766601562], [111.72649383544922, 925.3587646484375, 323.24401092529297, 1225.479248046875], [1150.3900146484375, 1388.171875, 1338.073486328125, 1605.1832275390625], [674.947998046875, 1401.75, 965.1875, 1622.04345703125], [640.4839477539062, 1673.2320556640625, 807.0264892578125, 1842.75], [597.3739013671875, 1866.6895751953125, 770.0120239257812, 1932.3443603515625], [371.3836975097656, 1393, 582.8781127929688, 1704.9110107421875], [157.09555053710938, 1393.75341796875, 214.3242950439453, 1680.3629150390625], [222.53408813476562, 1830.02392578125, 373.31658935546875, 1991.203125], [115.5, 1892.7554931640625, 193.7150115966797, 1970.553955078125], [560.0005493164062, -1.6805917024612427, 1406.78515625, 809.1400146484375], [104.18199920654297, -3.372417449951172, 550.4721069335938, 812.8654174804688], [825.4474487304688, 846.3826904296875, 1405.7069091796875, 1344.4024658203125], [95.56159973144531, 847.465087890625, 811.7155151367188, 1346.4097900390625], [643.5927124023438, 1367.835205078125, 1403.1083984375, 2090.7041015625], [99.89459991455078, 1364.8970947265625, 630.2632446289062, 2012.1826171875], [1126, 964, 1194, 1010], [328, 1087, 379, 1133], [631, 1029, 694, 1079], [1318, 1618, 1370, 1698], [748, 1660, 803, 1729], [368, 1898, 410, 1940], [1248, 347, 1306, 434], [332, 173, 425, 244], [502, 1737, 539, 1796], [140, 1708, 198, 1841]], "labels": [0, 0, 0, 0, 0, 0, 1, 1, 1, 1, 1, 1, 1, 1, 1, 1, 1, 1, 1, 1, 1, 1, 2, 2, 2, 2, 2, 2, 3, 3, 3, 3, 3, 3, 3, 3, 3, 3], "image_id": 78}, "character_clusters": [0, 1, 0, 0, 0, 1], "text_char_matches": [[1, 2], [4, 3], [6, 1], [7, 1], [8, 5], [9, 0], [11, 5], [12, 0], [13, 5], [14, 0], [15, 5]], "text_tail_matches": [[0, 6], [2, 7], [4, 0], [6, 2], [7, 1], [8, 3], [9, 4], [12, 8], [13, 9], [14, 5]], "text_classification": [1, 1, 1, 0, 1, 0, 1, 1, 1, 1, 0, 1, 1, 1, 1, 1], "character_names": ["Moritaka Mashiro", "Akito Takagi", "Moritaka Mashiro", "Moritaka Mashiro", "Moritaka Mashiro", "Akito Takagi"]}