{"bbox_annotations": {"bboxes_as_x1y1x2y2": [[258.3064880371094, 1316.588623046875, 1326.8887634277344, 2100.9033203125], [4.080158233642578, 76.4252700805664, 554.75, 640.7110977172852], [502.25, 767.1299438476562, 1097.0706787109375, 1275.796142578125], [657.3527221679688, 201.25, 961.0214233398438, 635.0949859619141], [29.611774444580078, 836.5, 377.5295295715332, 1274.6761474609375], [1027.2274169921875, 218.2499542236328, 1230.8199462890625, 462.136474609375], [666.0172119140625, 246.12120056152344, 763.3026123046875, 282.3194580078125], [461.19158935546875, 194.2434844970703, 623.0, 406.2084045410156], [1040.6087646484375, 698.9697875976562, 1298.5, 1104.25], [78.2721176147461, 718.5745239257812, 287.10131072998047, 872.951904296875], [1036.5841064453125, 1372.852294921875, 1265.2568359375, 1743.8828125], [111.7462387084961, 1339.537109375, 312.1984176635742, 1738.4654541015625], [641.2494506835938, 173.13426208496094, 1321.132568359375, 652.6521606445312], [3.06052565574646, 6.691512584686279, 640.2365112304688, 644.3740234375], [2.8678476810455322, 662.664794921875, 1323.32080078125, 1284.511962890625], [-4.912537574768066, 1299.811279296875, 1327.8416748046875, 2097.265869140625], [167, 950, 219, 1018], [383, 269, 433, 314], [1235, 469, 1316, 538], [738, 303, 781, 350], [889, 1388, 983, 1446], [366, 1504, 438, 1567], [956, 728, 1021, 771]], "labels": [0, 0, 0, 0, 0, 1, 1, 1, 1, 1, 1, 1, 2, 2, 2, 2, 3, 3, 3, 3, 3, 3, 3], "image_id": 53}, "character_clusters": [0, 0, 0, 1, 1], "text_char_matches": [[0, 1], [1, 3], [2, 1], [3, 2], [4, 4], [5, 0], [6, 0]], "text_tail_matches": [[0, 2], [1, 3], [2, 1], [4, 0], [3, 6], [5, 4], [6, 5]], "text_classification": [1, 1, 1, 1, 1, 1, 1], "character_names": ["Nobuhiro Mashiro", "Nobuhiro Mashiro", "Nobuhiro Mashiro", "Moritaka Mashiro", "Moritaka Mashiro"]}