{"bbox_annotations": {"bboxes_as_x1y1x2y2": [[281.75, 1282.75, 570.1635131835938, 2094.407958984375], [836.6482543945312, 1289.75, 1038.111572265625, 2070.55126953125], [960.0007934570312, 581.8184204101562, 1397.9727783203125, 1199.0301513671875], [108.77066040039062, 0, 740.0843811035156, 1212.3133163452148], [1049.7452392578125, 48.11262512207031, 1290.9775390625, 365.5070343017578], [633.5, 338.8240051269531, 852.1876220703125, 813.4137573242188], [1074.3349609375, 1311.40380859375, 1279.25, 1653.7630615234375], [618.4635620117188, 1445.5, 749.8744506835938, 1577.576904296875], [410.1889343261719, 1288, 554.8164672851562, 1470.364990234375], [119.6393051147461, 1283.0155029296875, 276.95702362060547, 1750.2293701171875], [110.77010345458984, -10.013267517089844, 1393.7586669921875, 1212.3631591796875], [573.220458984375, 1241.6895751953125, 1307.4947509765625, 2090.81201171875], [114.43853759765625, 1237.913330078125, 572.868896484375, 2094.619140625], [1003, 1359, 1061, 1401], [751, 1410, 822, 1463]], "labels": [0, 0, 0, 0, 1, 1, 1, 1, 1, 1, 2, 2, 2, 3, 3], "image_id": 48}, "character_clusters": [0, 1, 0, 1], "text_char_matches": [[0, 2], [1, 2], [2, 1], [3, 1], [4, 0], [5, 0]], "text_tail_matches": [[2, 0], [3, 1]], "text_classification": [1, 1, 1, 1, 1, 1], "character_names": ["Akito Takagi", "Moritaka Mashiro", "Akito Takagi", "Moritaka Mashiro"]}