{"bbox_annotations": {"bboxes_as_x1y1x2y2": [[931.0889282226562, 633.6592407226562, 1320.4693603515625, 1080.80078125], [333.5675354003906, 1129.3524169921875, 1359.5349426269531, 2102.1103515625], [124.69039916992188, 70, 416.5, 469.9137258529663], [859.61328125, 152.25, 1058.2904052734375, 440.1215515136719], [308.11529541015625, 631.8855590820312, 698.8194580078125, 1080.3302001953125], [1226.87109375, 169.5513916015625, 1311.312255859375, 270.62432861328125], [709.229248046875, 376.3672180175781, 789.3657836914062, 478.50811767578125], [502.0480041503906, 95.83283996582031, 717.5, 221.65406799316406], [1235.96923828125, 691.6536865234375, 1336.03271484375, 869.449951171875], [799.611083984375, 723.0733642578125, 948.1869506835938, 875.6868286132812], [613.27587890625, 744.184814453125, 739.9723510742188, 806.8216552734375], [135.8971405029297, 657.9535522460938, 336.3282165527344, 811.8060913085938], [164.5570831298828, 957.544677734375, 282.1656799316406, 1015.7785034179688], [1100.9959716796875, 1234.58740234375, 1355.46875, 1640.9715576171875], [183.2807159423828, 1148.318603515625, 312.13958740234375, 1506.66455078125], [741.87451171875, -3.9070799350738525, 1339.9200439453125, 581.3703002929688], [123.60240173339844, -5.608543872833252, 753.092529296875, 573.90087890625], [784.749267578125, 609.2655029296875, 1385.6541748046875, 1086.2236328125], [121.02845001220703, 606.1412963867188, 773.234375, 1087.45166015625], [120.45665740966797, 1111.8619384765625, 1403.054443359375, 2097.88037109375], [914, 925, 959, 961], [296, 819, 343, 862], [304, 1007, 371, 1060], [629, 908, 716, 956], [1241, 889, 1347, 966], [949, 1255, 1069, 1380]], "labels": [0, 0, 0, 0, 0, 1, 1, 1, 1, 1, 1, 1, 1, 1, 1, 2, 2, 2, 2, 2, 3, 3, 3, 3, 3, 3], "image_id": 60}, "character_clusters": [0, 0, 0, 0, 0], "text_char_matches": [[2, 2], [4, 0], [6, 4], [9, 1]], "text_tail_matches": [[3, 4], [4, 0], [5, 3], [6, 1], [7, 2], [8, 5]], "text_classification": [0, 0, 1, 1, 1, 1, 1, 1, 1, 1], "character_names": ["Moritaka Mashiro", "Moritaka Mashiro", "Moritaka Mashiro", "Moritaka Mashiro", "Moritaka Mashiro"]}