{"bbox_annotations": {"bboxes_as_x1y1x2y2": [[1043.41650390625, 242.51040649414062, 1137.087890625, 544.25], [498.2940368652344, 1274, 700.6644287109375, 1621.7034912109375], [81.06585693359375, 1354.5645751953125, 458.5, 1967.411376953125], [406.4691162109375, 299.25, 988.1326293945312, 932.1953735351562], [854, 1419.25, 1278.5946044921875, 1961.75], [1095.5, 479.5, 1342.2279052734375, 877.8700561523438], [922.0402221679688, 639.0962524414062, 1100.757568359375, 855.3213500976562], [90.90000915527344, 556.9957885742188, 354.6069793701172, 896.1661376953125], [847.4051513671875, 1044.75, 1108.2125244140625, 1262.9417724609373], [651.8724975585938, 1454.25, 899.6409912109375, 1818.018798828125], [499.1787414550781, 1609.3558349609375, 637.0, 1909.25], [214.0947723388672, 1058.75, 356.67034912109375, 1162.2969970703127], [72.9129638671875, -4.583622455596924, 1386.0169677734375, 947.6717529296875], [470.6518859863281, 957.916259765625, 1286.814453125, 1971.5286865234375], [72.58251953125, 964.7833251953125, 468.30914306640625, 1972.263916015625], [359, 773, 441, 828], [899, 594, 956, 641], [752, 1217, 853, 1289], [201, 1284, 245, 1354], [877, 1496, 985, 1554]], "labels": [0, 0, 0, 0, 0, 1, 1, 1, 1, 1, 1, 1, 2, 2, 2, 3, 3, 3, 3, 3], "image_id": 54}, "character_clusters": [1, 0, 0, 1, 1], "text_char_matches": [[0, 3], [1, 3], [2, 3], [3, 1], [6, 2], [4, 4], [5, 4]], "text_tail_matches": [[0, 1], [1, 1], [2, 0], [3, 2], [4, 4], [5, 4], [6, 3]], "text_classification": [1, 1, 1, 1, 1, 1, 1], "character_names": ["Nobuhiro Mashiro", "Moritaka Mashiro", "Moritaka Mashiro", "Nobuhiro Mashiro", "Nobuhiro Mashiro"]}