{"bbox_annotations": {"bboxes_as_x1y1x2y2": [[938.2779541015625, 1533, 1275.33154296875, 1964.461181640625], [389.7219543457031, 1327.837158203125, 919.0635070800781, 1982.2869873046875], [602, 124.25, 806.75, 442.75], [342.5762939453125, 359.4889221191406, 619.5, 739.8441162109375], [798.9661865234375, 784.994140625, 1093.75, 1141.283203125], [105.09626770019531, 1310.7037353515625, 368.5791778564453, 1967.7259521484375], [274.3099365234375, 785.1971435546875, 923.2182006835938, 1151.264404296875], [1233.75, 70, 1298.5, 281.75], [866.2305908203125, 204.71546936035156, 1075.8115234375, 452.9763488769531], [1209.25, 414.75, 1282.75, 668.5], [775.25, 168, 833.0, 413], [1060.5, 551.25, 1128.75, 768.25], [95.46434020996094, 190.9652099609375, 266.961181640625, 511.2414855957031], [1084.50341796875, 881.297607421875, 1297.96875, 1026.38818359375], [1007.466552734375, 926.1934814453125, 1059.4449462890625, 1068.755859375], [754.0916748046875, 786.3775024414062, 806.6312866210938, 934.748046875], [89.2813949584961, 798.0165405273438, 283.78902435302734, 1084.1507568359375], [1026.8074951171875, 1283.1341552734375, 1210.2003173828125, 1460.411865234375], [589.75, 1270.5, 640.5, 1429.75], [393.0713195800781, 1356.25, 559.5753784179688, 1575.7569580078125], [-3.1998395919799805, -5.27136754989624, 1323.128662109375, 759.0201416015625], [96.89733123779297, 766.2156982421875, 1317.4080810546875, 1223.4739990234375], [917.805908203125, 1233.9306640625, 1318.0374755859375, 1976.6341552734375], [367.24078369140625, 1220.2744140625, 922.5078735351562, 2099.92529296875], [105.70588684082031, 1249.82666015625, 370.0646667480469, 1980.7886962890625], [1046, 842, 1092, 877], [1212, 1494, 1256, 1580], [553, 1541, 607, 1587], [13, 921, 68, 980]], "labels": [0, 0, 0, 0, 0, 0, 0, 1, 1, 1, 1, 1, 1, 1, 1, 1, 1, 1, 1, 1, 2, 2, 2, 2, 2, 3, 3, 3, 3], "image_id": 51}, "character_clusters": [0, 1, 0, 1, 0, 0, 1], "text_char_matches": [[1, 2], [5, 2], [6, 4], [9, 6], [10, 0], [12, 1]], "text_tail_matches": [[6, 0], [9, 3], [10, 1], [12, 2]], "text_classification": [0, 1, 0, 0, 0, 1, 1, 0, 0, 1, 1, 0, 1], "character_names": ["Moritaka Mashiro", "Nobuhiro Mashiro", "Moritaka Mashiro", "Nobuhiro Mashiro", "Moritaka Mashiro", "Moritaka Mashiro", "Nobuhiro Mashiro"]}