{"bbox_annotations": {"bboxes_as_x1y1x2y2": [[698.25, 1573.25, 1270.1109619140625, 2097.375], [187.25990295410156, 1672.2689208984375, 545.1484527587891, 2098.52685546875], [176.8386993408203, 168, 486.2517852783203, 729.5088348388672], [483.3357849121094, 789.25, 1398.25, 1338.5533447265625], [880.25, 794.5, 1309.0, 1336.682861328125], [915.5291137695312, 237.91213989257812, 1259.06640625, 729.944580078125], [89.81605529785156, 795.0386962890625, 454.16712951660156, 1337.868408203125], [378.88250732421875, 72.9134750366211, 654.3742065429688, 738.2026596069336], [507.5, 1496.25, 728.0, 1645.0], [939.75, 1485.75, 1016.75, 1601.25], [997.5, 1454.25, 1053.5, 1529.5], [955.5, 1428, 1020.25, 1503.25], [477.75, 1386, 595.0, 1482.25], [302.75, 1445.5, 409.5, 1592.5], [1160.2786865234375, 213.87918090820312, 1292.9549560546875, 295.88726806640625], [901.9510498046875, 252.47608947753906, 1012.2421264648438, 324.6650695800781], [617.8302001953125, 277.907470703125, 850.0436401367188, 643.9446411132812], [281.3600158691406, 90.13998413085938, 421.736083984375, 218.0165557861328], [125.73271179199219, 531.8806762695312, 290.20654296875, 665.9043579101562], [1187.2440185546875, 806.5086669921875, 1334.5157470703125, 1011.8078002929688], [791.959716796875, 844.7572021484375, 913.5950317382812, 922.6226806640625], [492.21990966796875, 913.696044921875, 620.8668212890625, 1090.510498046875], [343.6674499511719, 828.80615234375, 398.4872131347656, 908.708251953125], [1085, 1419.115966796875, 1347.8634033203125, 1876.172607421875], [910, 1527.75, 950.25, 1562.75], [689.1412963867188, 1594.161865234375, 824.6123046875, 1695.8602294921875], [502.41046142578125, 1652, 708.9142456054688, 1896.4654541015625], [460.25, 1384.25, 493.5, 1445.5], [161.69180297851562, 1572.9298095703125, 212.3176727294922, 1606.8701171875], [880.4991455078125, 165.39013671875, 1280.095947265625, 741.5072631835938], [90.64305114746094, 0.4459485411643982, 871.5233154296875, 744.7317504882812], [467.1574401855469, 776.6435546875, 1402.0081787109375, 1344.515380859375], [87.58265686035156, 777.563720703125, 455.91387939453125, 1348.7869873046875], [89.0167236328125, 1365.468994140625, 1398.6368408203125, 2099.1728515625], [1299, 122, 1344, 180], [214, 1646, 255, 1680], [914, 409, 969, 479], [308, 465, 450, 600], [980, 1615, 1035, 1665], [711, 1805, 767, 1848], [637, 147, 699, 201], [1113, 819, 1200, 855], [391, 965, 428, 1028], [879, 988, 923, 1026], [650, 1136, 683, 1174]], "labels": [0, 0, 0, 0, 0, 0, 0, 0, 0, 0, 0, 0, 0, 0, 1, 1, 1, 1, 1, 1, 1, 1, 1, 1, 1, 1, 1, 1, 1, 2, 2, 2, 2, 2, 3, 3, 3, 3, 3, 3, 3, 3, 3, 3, 3], "image_id": 44}, "character_clusters": [0, 1, 1, 0, 1, 0, 0, 0, 2, 3, 4, 5, 6, 7], "text_char_matches": [[0, 5], [1, 2], [2, 7], [4, 7], [5, 4], [6, 4], [7, 3], [8, 6], [9, 0], [12, 0], [14, 1]], "text_tail_matches": [[0, 0], [1, 2], [2, 6], [4, 3], [5, 7], [6, 9], [7, 10], [8, 8], [9, 4], [12, 5], [14, 1]], "text_classification": [1, 1, 1, 0, 1, 1, 1, 1, 1, 1, 0, 0, 1, 0, 1], "character_names": ["Akito Takagi", "Moritaka Mashiro", "Moritaka Mashiro", "Akito Takagi", "Moritaka Mashiro", "Akito Takagi", "Akito Takagi", "Akito Takagi", "none", "none", "none", "none", "none", "none"]}