{"bbox_annotations": {"bboxes_as_x1y1x2y2": [[86.61936950683594, 586.0103759765625, 771.75, 1236.8233642578125], [559.402587890625, 1319.5, 747.25, 1571.095947265625], [472.7052917480469, 1384.261962890625, 590.3042602539062, 1583.77001953125], [666.2987670898438, 1279.3560791015625, 1273.103759765625, 2095.35107421875], [473.3830871582031, 1377.961669921875, 583.521728515625, 1578.4896240234375], [729.8326416015625, 150.15512084960938, 1188.5831298828125, 537.6632080078125], [532, 609.314208984375, 1165.88818359375, 1235.6123046875], [87.7597885131836, 1442, 462.9352340698242, 1961.9896240234375], [317.63861083984375, 91, 626.7754516601562, 541.7264251708984], [646.4591674804688, 1408.1534423828125, 739.728515625, 1542.3895263671875], [1086.070556640625, 168.21827697753906, 1209.9578857421875, 230.84429931640625], [141.25563049316406, 242.88427734375, 262.5362854003906, 284.4455261230469], [1023.0792236328125, 686.9999389648438, 1263.9422607421875, 762.9202880859375], [675.5, 470.75, 1009.75, 747.25], [502.4957580566406, 643.2919921875, 630.2152099609375, 749.8650512695312], [62.8614501953125, 637, 248.90748596191406, 948.8502197265626], [1016.0967407226562, 1357.9737548828125, 1268.6322021484375, 1650.7791748046875], [488.52593994140625, 1662.5, 678.7269897460938, 1967.9765625], [130.9525909423828, 1293.1475830078125, 422.4483184814453, 1450.7236328125], [77.43505859375, 0.8663937449455261, 1278.6070556640625, 543.7630615234375], [5.074006080627441, 569.334228515625, 1268.820068359375, 1246.9805908203125], [474.4652099609375, 1274.63671875, 1273.18359375, 2096.470703125], [79.00829315185547, 1271.05224609375, 465.20733642578125, 1969.528076171875], [277, 245, 332, 295], [983, 245, 1044, 286], [265, 747, 333, 805], [422, 655, 492, 763]], "labels": [0, 0, 0, 0, 0, 0, 0, 0, 0, 0, 1, 1, 1, 1, 1, 1, 1, 1, 1, 2, 2, 2, 2, 3, 3, 3, 3], "image_id": 43}, "character_clusters": [0, 1, 2, 3, 4, 3, 3, 0, 0, 5], "text_char_matches": [[0, 5], [1, 8], [2, 6], [4, 0], [5, 0], [6, 3], [7, 3], [8, 7]], "text_tail_matches": [[0, 1], [1, 0], [4, 3], [5, 2]], "text_classification": [1, 1, 1, 0, 1, 1, 1, 1, 1], "character_names": ["Moritaka Mashiro", "none", "none", "Akito Takagi", "none", "Akito Takagi", "Akito Takagi", "Moritaka Mashiro", "Moritaka Mashiro", "none"]}