{"bbox_annotations": {"bboxes_as_x1y1x2y2": [[822.5, 1323.957275390625, 1339.5455322265625, 2119.838623046875], [1062.268798828125, 1315.4227294921875, 1397.3138427734375, 1602.9566650390625], [325.3525695800781, 1538.25, 539.6021118164062, 2081.697265625], [245.3963623046875, 775.25, 647.2034912109375, 1274.209228515625], [751.1436767578125, 780.1873779296875, 1193.721923828125, 1271.115478515625], [125.23915100097656, 773.3840942382812, 395.5, 1266.3819580078125], [150.67092895507812, -3.607361078262329, 991.7630920410156, 678.1206662654877], [956.9494018554688, 91.79180145263672, 1290.19384765625, 635.146842956543], [148.7338409423828, 88.98860931396484, 455.0, 517.436393737793], [1064.1639404296875, 739.885498046875, 1251.1864013671875, 955.76611328125], [1218.2109375, 984.3638305664062, 1342.0394287109375, 1034.273681640625], [773.0591430664062, 758.6492919921875, 853.0127563476562, 793.9373168945312], [570.7988891601562, 764.75, 700.3912963867188, 982.2466430664062], [1201.9853515625, 1601.6373291015625, 1353.13671875, 1943.7103271484375], [930.802001953125, 1780.323974609375, 1150.5914306640625, 1999.1507568359375], [653.0408325195312, 1720.9110107421875, 790.514404296875, 2000.4791259765625], [392.52166748046875, 1351.07373046875, 588.305419921875, 1566.211181640625], [148.4102325439453, 1358.382568359375, 317.6692810058594, 1511.1419677734375], [120.19688415527344, -1.8095165491104126, 1315.7828369140625, 678.645751953125], [745.39208984375, 709.4353637695312, 1392.722412109375, 1271.041259765625], [125.1666488647461, 714.7686157226562, 730.6366577148438, 1280.3043212890625], [590.7068481445312, 1296.1107177734375, 1402.4185791015625, 2101.01953125], [125.56489562988281, 1311.41455078125, 605.5626831054688, 2101.8662109375], [784, 832, 821, 879], [612, 1053, 687, 1161], [1099, 1605, 1195, 1670], [713, 1553, 789, 1647], [1171, 952, 1226, 1053]], "labels": [0, 0, 0, 0, 0, 0, 0, 1, 1, 1, 1, 1, 1, 1, 1, 1, 1, 1, 2, 2, 2, 2, 2, 3, 3, 3, 3, 3], "image_id": 76}, "character_clusters": [0, 1, 0, 0, 0, 1, 0], "text_char_matches": [[0, 6], [1, 6], [4, 4], [5, 3], [6, 0], [7, 0], [9, 2], [10, 2]], "text_tail_matches": [[2, 4], [4, 0], [5, 1], [6, 2], [7, 2], [8, 3]], "text_classification": [1, 1, 1, 0, 1, 1, 1, 1, 1, 1, 1], "character_names": ["Moritaka Mashiro", "Akito Takagi", "Moritaka Mashiro", "Moritaka Mashiro", "Moritaka Mashiro", "Akito Takagi", "Moritaka Mashiro"]}