{"bbox_annotations": {"bboxes_as_x1y1x2y2": [[236.7902374267578, 1419.25, 713.4414215087891, 1869.4443359375], [448.02716064453125, -2.6930899620056152, 841.1082153320312, 625.9813485145569], [1129.5045166015625, 1513.75, 1321.4061279296875, 1960.2557373046873], [952.0573120117188, 203.0175018310547, 1230.6492919921875, 633.5198822021484], [339.5, 194.25, 602.0, 635.25], [803.4421997070312, 1172.396728515625, 971.5946044921875, 1504.57177734375], [420.18853759765625, 684.8666381835938, 1043.0972900390625, 1131.0511474609375], [1095.9622802734375, 95.59329223632812, 1270.0191650390625, 220.75360107421875], [1192.997314453125, 204.75, 1348.651611328125, 457.3267517089844], [729.2042846679688, 162.73318481445312, 787.9793090820312, 260.0000915527344], [1055.0172119140625, 772.3750610351562, 1310.9017333984375, 1002.5137939453125], [142.435302734375, 779.0389404296875, 398.1346130371094, 1009.6868896484375], [1062.25, 1100.75, 1342.25, 1363.25], [1042.9366455078125, 1625.2655029296875, 1091.15869140625, 1663.55126953125], [796.25, 1149.75, 898.13623046875, 1292.5986328125], [565.5065307617188, 1263.9212646484375, 728.477783203125, 1309.7806396484375], [159.85971069335938, 1207.0985107421875, 392.0, 1594.155029296875], [859.4248046875, 184.12277221679688, 1327.008544921875, 641.0945434570312], [124.76950073242188, 1.7360105514526367, 843.8365478515625, 635.8674926757812], [123.38579559326172, 675.07373046875, 1318.4674072265625, 1140.2236328125], [988.1220703125, 1159.97412109375, 1324.05322265625, 1963.1939697265625], [781.6403198242188, 1150.939697265625, 976.7722778320312, 1967.0927734375], [121.23809051513672, 1154.896484375, 778.0949096679688, 2093.5107421875], [1154, 227, 1219, 273], [1077, 1653, 1152, 1764]], "labels": [0, 0, 0, 0, 0, 0, 0, 1, 1, 1, 1, 1, 1, 1, 1, 1, 1, 2, 2, 2, 2, 2, 2, 3, 3], "image_id": 58}, "character_clusters": [0, 1, 0, 1, 0, 0, 1], "text_char_matches": [[1, 3], [2, 1], [3, 6], [4, 6], [6, 2], [8, 0], [9, 0]], "text_tail_matches": [[1, 0], [6, 1]], "text_classification": [0, 1, 1, 1, 1, 0, 1, 0, 1, 1], "character_names": ["Moritaka Mashiro", "Moritaka\u2019s mom", "Moritaka Mashiro", "Moritaka\u2019s mom", "Moritaka Mashiro", "Moritaka Mashiro", "Moritaka\u2019s mom"]}