{"bbox_annotations": {"bboxes_as_x1y1x2y2": [[712.5946044921875, 1578.5, 941.732177734375, 2014.7222900390627], [591.6713256835938, 1459.5, 873.25, 1723.75], [213.08184814453125, 133, 545.8460083007812, 596.8419036865234], [583.3543090820312, 187.25, 1276.9556884765625, 594.1228179931641], [133, 639.5762329101562, 1268.4749755859375, 1286.377685546875], [1041.7098388671875, 231.23411560058594, 1215.2164306640625, 384.58526611328125], [145.80670166015625, 200.1880340576172, 269.3722839355469, 235.82327270507812], [1009.3619995117188, 691.1524047851562, 1244.3941650390625, 1091.4036865234375], [343.17437744140625, 694.2125854492188, 563.1633911132812, 878.2402954101562], [142.15011596679688, 783.278076171875, 240.0845184326172, 817.4354248046875], [1049.3450927734375, 1397.10498046875, 1215.3277587890625, 1678.654052734375], [908.8207397460938, 1472.3741455078125, 960.0440673828125, 1533.396728515625], [883.75, 1524.25, 927.5, 1578.5], [169.01425170898438, 1422.8414306640625, 366.630126953125, 1703.340576171875], [72.01528930664062, -1.6582176685333252, 1282.38916015625, 603.3531494140625], [73.50765228271484, 630.5473022460938, 1284.547607421875, 1294.988525390625], [65.74019622802734, 1293.833984375, 1293.204833984375, 2097.23974609375], [211, 344, 267, 402], [900, 851, 952, 894], [557, 870, 637, 923], [1189, 96, 1267, 153], [103, 888, 169, 952]], "labels": [0, 0, 0, 0, 0, 1, 1, 1, 1, 1, 1, 1, 1, 1, 2, 2, 2, 3, 3, 3, 3, 3], "image_id": 56}, "character_clusters": [0, 1, 0, 1, 1], "text_char_matches": [[0, 3], [1, 2], [2, 4], [3, 4], [4, 2], [5, 0], [8, 0]], "text_tail_matches": [[0, 3], [1, 0], [2, 1], [3, 2], [4, 4]], "text_classification": [1, 1, 1, 1, 1, 1, 0, 0, 1], "character_names": ["Moritaka Mashiro", "Nobuhiro Mashiro", "Moritaka Mashiro", "Nobuhiro Mashiro", "Nobuhiro Mashiro"]}