{"bbox_annotations": {"bboxes_as_x1y1x2y2": [[243.07176208496094, 1541.8720703125, 688.4014129638672, 2103.593505859375], [82.21671295166016, -9.988327026367188, 904.75, 677.0100250244141], [2.6714041233062744, 826.7301025390625, 309.047075510025, 1469.35888671875], [-0.05472004413604736, 1802.5, 271.5246866941452, 2096.782958984375], [574.1114501953125, 1136.084228515625, 770.226806640625, 1448.3294677734375], [998.8970947265625, 1167.4100341796875, 1271.6163330078125, 1951.290771484375], [677.6976928710938, 899.4463500976562, 763.0680541992188, 1034.7742919921875], [929.7424926757812, 260.34759521484375, 1226.772705078125, 544.382080078125], [93.60306549072266, 302.78155517578125, 314.30957794189453, 447.0067138671875], [1039.672119140625, 866.244384765625, 1240.0028076171875, 904.75], [775.707275390625, 827.75, 975.1841430664062, 1095.912353515625], [619.5, 792.75, 743.75, 897.75], [547.75, 724.5, 682.5, 1092.0], [330.8743896484375, 790.1176147460938, 552.26123046875, 1263.446044921875], [552.765625, 1231.219970703125, 711.43701171875, 1416.0458984375], [101.33928680419922, 722.75, 239.82750701904297, 1108.7020263671875], [774.4085083007812, 1551.2291259765625, 968.7522583007812, 1907.26220703125], [517.3073120117188, 1570.0157470703125, 706.1739501953125, 1922.7999267578125], [29.35137939453125, 1535.953369140625, 199.31597900390625, 1827.5692138671875], [67.21118927001953, -0.9686887264251709, 1273.407958984375, 682.3065185546875], [990.8551025390625, 709.34521484375, 1269.11083984375, 1967.7510986328125], [317.94696044921875, 709.3760986328125, 986.2288208007812, 1474.5584716796875], [1.1469199657440186, 710.6268920898438, 317.7172546386719, 1466.3447265625], [1.778954267501831, 1501.4871826171875, 980.8970947265625, 2096.32080078125], [850, 360, 902, 402], [325, 357, 383, 412], [1117, 1111, 1156, 1168], [417, 1622, 475, 1663], [183, 1711, 234, 1786]], "labels": [0, 0, 0, 0, 0, 0, 0, 1, 1, 1, 1, 1, 1, 1, 1, 1, 1, 1, 1, 2, 2, 2, 2, 2, 3, 3, 3, 3, 3], "image_id": 41}, "character_clusters": [0, 0, 1, 1, 2, 1, 3], "text_char_matches": [[0, 1], [1, 1], [2, 5], [3, 1], [6, 1], [8, 2], [9, 0], [10, 0], [11, 3]], "text_tail_matches": [[0, 0], [1, 1], [2, 2], [10, 3], [9, 3], [11, 4]], "text_classification": [1, 1, 1, 1, 0, 0, 1, 0, 1, 1, 1, 1], "character_names": ["Moritaka Mashiro", "Moritaka Mashiro", "Akito Takagi", "Akito Takagi", "none", "Akito Takagi", "none"]}