{"bbox_annotations": {"bboxes_as_x1y1x2y2": [[780.5, 1597.75, 1262.882080078125, 1957.1497802734375], [562.380859375, 1627.5, 859.25, 1957.7493896484375], [819.6486206054688, 292.25, 1148.7691650390625, 671.0027465820312], [109.9063491821289, 1012.3267822265625, 612.5, 1349.1571044921875], [187.25, 177.677001953125, 546.2774658203125, 671.3363647460938], [9.218647956848145, 729.7957763671875, 312.62321949005127, 1179.3614501953125], [4.145069599151611, 1660.75, 105.62498140335083, 1933.4268798828125], [74.7261962890625, 1660.75, 259.0, 1937.3333740234375], [402.50885009765625, 1403.046875, 552.201904296875, 2094.66552734375], [707, 782.25, 1160.48046875, 1354.9183349609375], [701.1715087890625, 229.6529083251953, 921.7453002929688, 399.08929443359375], [488.4086608886719, 145.0563201904297, 667.866943359375, 297.5076904296875], [79.90874481201172, 143.61080932617188, 222.38170623779297, 270.75299072265625], [1011.5060424804688, 839.3986206054688, 1185.250732421875, 933.1455078125], [637.3609008789062, 733.25, 848.079833984375, 987.0862426757812], [425.8638000488281, 793.399658203125, 610.75, 968.8751831054688], [275.30059814453125, 768.25, 407.8398132324219, 998.527587890625], [45.09498977661133, 1115.3045654296875, 108.77600860595703, 1153.6597900390625], [983.5, 1426.25, 1181.9342041015625, 1592.4123535156248], [585.084716796875, 1417.76513671875, 799.9008178710938, 1603.4329833984375], [218.75, 1366.75, 400.4969482421875, 1650.19384765625], [113.75, 1445.5, 159.5301055908203, 1520.75], [673.8552856445312, 163.2807159423828, 1260.1016845703125, 675.0639038085938], [71.56956481933594, -2.584817886352539, 681.900146484375, 678.041015625], [625.0716552734375, 706.1922607421875, 1262.6700439453125, 1361.1676025390625], [-2.452972412109375, 707.205810546875, 618.4434204101562, 1359.1109619140625], [567.1611938476562, 1397.6925048828125, 1262.0791015625, 1966.72021484375], [391.7415771484375, 1383.0997314453125, 554.7450561523438, 2090.951416015625], [-8.15737533569336, 1382.712646484375, 465.5756530761719, 2102.2451171875], [843, 454, 894, 503], [121, 1581, 156, 1632], [105, 1163, 171, 1216], [330, 811, 430, 880], [1137, 1017, 1253, 1133]], "labels": [0, 0, 0, 0, 0, 0, 0, 0, 0, 0, 1, 1, 1, 1, 1, 1, 1, 1, 1, 1, 1, 1, 2, 2, 2, 2, 2, 2, 2, 3, 3, 3, 3, 3], "image_id": 65}, "character_clusters": [0, 1, 0, 0, 2, 1, 1, 0, 2, 1], "text_char_matches": [[0, 2], [1, 4], [2, 4], [3, 4], [4, 9], [5, 5], [7, 3], [8, 0], [9, 1], [11, 7]], "text_tail_matches": [[0, 0], [3, 4], [5, 3], [7, 2], [11, 1]], "text_classification": [1, 1, 1, 1, 1, 1, 0, 1, 1, 1, 0, 1], "character_names": ["Akito Takagi", "Moritaka Mashiro", "Akito Takagi", "Akito Takagi", "Miho Azuki", "Moritaka Mashiro", "Moritaka Mashiro", "Akito Takagi", "Miho Azuki", "Moritaka Mashiro"]}