{"bbox_annotations": {"bboxes_as_x1y1x2y2": [[-1.8533051013946533, 1183.14453125, 528.2889068126678, 2099.929443359375], [459.8006591796875, 0.1605302095413208, 1280.78076171875, 1130.9956132173538], [-7.1662187576293945, 41.32297897338867, 710.4581708908081, 1133.9433403015137], [553.3024291992188, 1184.75, 1236.8238525390625, 2093.1640625], [874.6889038085938, 262.9432373046875, 1246.3509521484375, 695.12060546875], [959.50390625, 1284.0135498046875, 1242.8743896484375, 1441.990478515625], [571.8630981445312, 1243.5047607421875, 813.5440063476562, 1457.3870849609375], [80.5, 1200.0233154296875, 510.06069183349604, 1624.7861328125], [-10.187774658203125, -8.443387985229492, 1274.36328125, 1139.55322265625], [544.5462036132812, 1171.242919921875, 1270.4725341796875, 2102.41845703125], [-6.744021415710449, 1161.3922119140625, 527.4240112304688, 2102.778076171875], [1164, 1567, 1219, 1637], [579, 1538, 632, 1628], [769, 594, 852, 665]], "labels": [0, 0, 0, 0, 1, 1, 1, 1, 2, 2, 2, 3, 3, 3], "image_id": 39}, "character_clusters": [0, 1, 0, 1], "text_char_matches": [[0, 1], [1, 3], [2, 3], [3, 0]], "text_tail_matches": [[0, 2], [1, 0], [2, 1]], "text_classification": [1, 1, 1, 1], "character_names": ["Moritaka Mashiro", "Akito Takagi", "Moritaka Mashiro", "Akito Takagi"]}