{"bbox_annotations": {"bboxes_as_x1y1x2y2": [[757.010986328125, 1324.283447265625, 1395.5274658203125, 2103.368408203125], [657.1195068359375, 1342.25, 962.5, 2096.9375], [322.77996826171875, 920.5, 551.25, 1271.410400390625], [556.9906005859375, 117.25, 1061.857421875, 636.0590972900391], [233.6170196533203, 1338.75, 498.3733673095703, 1962.7386474609375], [96.4144058227539, 0, 637.0, 635.0567917823792], [810.8346557617188, 681.9189453125, 1367.850341796875, 1273.166748046875], [471.7748718261719, 1814.8499755859375, 644.0, 1958.25], [598.5, 684.25, 760.4989013671875, 1120.0], [126.20769500732422, 724.5, 432.8230514526367, 1275.540283203125], [1111.57080078125, 181.96292114257812, 1343.709716796875, 425.84002685546875], [342.6658630371094, 165.0817413330078, 450.9288330078125, 218.65802001953125], [122.89541625976562, 211.80433654785156, 418.3890380859375, 425.1693420410156], [1185.94140625, 751.6051025390625, 1355.6668701171875, 938.368896484375], [798.697021484375, 700.9321899414062, 964.4164428710938, 883.1367797851562], [586.352294921875, 1160.072998046875, 701.7694702148438, 1192.6231689453125], [359.7560729980469, 774.9940185546875, 529.5173950195312, 812.3624877929688], [1186.75244140625, 1441.3621826171875, 1343.664794921875, 1534.470703125], [670.285400390625, 1428, 815.5, 1504.4680175781248], [506.6925354003906, 1415.75, 626.4126586914062, 1461.5887451171875], [132.60281372070312, 1368.7392578125, 295.1029052734375, 1681.4293212890625], [98.25212097167969, 2.710988998413086, 1398.8988037109375, 640.7584228515625], [786.0361938476562, 669.3567504882812, 1396.14794921875, 1285.16015625], [550.0382080078125, 669.8461303710938, 778.816650390625, 1284.1492919921875], [98.60646057128906, 669.39697265625, 556.72412109375, 1284.5306396484375], [650.9970703125, 1312.2738037109375, 1404.6280517578125, 2094.48779296875], [93.8331527709961, 1310.395751953125, 648.3516845703125, 1967.6923828125], [1061, 164, 1119, 206], [1106, 1458, 1166, 1506], [272, 848, 359, 915], [450, 1478, 501, 1516], [1139, 755, 1187, 797], [720, 1629, 785, 1725], [952, 735, 1003, 778], [645, 1032, 681, 1089]], "labels": [0, 0, 0, 0, 0, 0, 0, 0, 0, 0, 1, 1, 1, 1, 1, 1, 1, 1, 1, 1, 1, 2, 2, 2, 2, 2, 2, 3, 3, 3, 3, 3, 3, 3, 3], "image_id": 38}, "character_clusters": [0, 1, 1, 0, 1, 1, 0, 0, 1, 0], "text_char_matches": [[0, 3], [2, 5], [1, 5], [3, 6], [4, 6], [5, 8], [6, 9], [7, 0], [8, 1], [9, 4], [10, 4]], "text_tail_matches": [[0, 0], [3, 4], [4, 6], [5, 7], [6, 2], [7, 1], [8, 5], [9, 3]], "text_classification": [1, 1, 1, 1, 1, 1, 1, 1, 1, 1, 1], "character_names": ["Akito Takagi", "Moritaka Mashiro", "Moritaka Mashiro", "Akito Takagi", "Moritaka Mashiro", "Moritaka Mashiro", "Akito Takagi", "Akito Takagi", "Moritaka Mashiro", "Akito Takagi"]}