{"bbox_annotations": {"bboxes_as_x1y1x2y2": [[864.5943603515625, 1463, 1261.2755126953125, 1962.5854492187498], [710.5667724609375, 182.11178588867188, 1296.3275146484375, 871.3667907714844], [164.99624633789062, 917.1724243164062, 602.5543212890625, 1400.0787353515625], [117.19326782226562, 1441.5123291015625, 847.9975891113281, 2098.032958984375], [722.5841064453125, 950.25, 1166.0469970703125, 1398.3109130859375], [1079.0689697265625, 108.67544555664062, 1353.3533935546875, 530.25], [756.61962890625, 96.25, 1043.428466796875, 165.19619750976562], [479.58544921875, 488.92523193359375, 714.29296875, 563.5], [184.58206176757812, 221.9347686767578, 403.8019714355469, 446.004150390625], [1095.1910400390625, 1012.98486328125, 1296.460205078125, 1198.5963134765625], [621.673095703125, 983.4671020507812, 784.3951416015625, 1109.5008544921875], [860.875244140625, 1466.8045654296875, 996.6214599609375, 1672.5731201171875], [624.6435546875, 1531.8106689453125, 829.5, 1685.5010986328125], [155.11541748046875, 1536.5, 334.039306640625, 1694.716064453125], [121.6609115600586, -4.076622486114502, 1325.22802734375, 877.6723022460938], [128.92747497558594, 905.5303344726562, 1315.14013671875, 1409.48779296875], [848.0726318359375, 1440.7313232421875, 1311.7081298828125, 1967.18798828125], [120.12483215332031, 1432.6290283203125, 840.902099609375, 2096.83056640625], [1007, 378, 1064, 431], [1060, 995, 1108, 1034], [464, 384, 522, 428], [698, 1812, 742, 1861], [784, 1044, 829, 1089]], "labels": [0, 0, 0, 0, 0, 1, 1, 1, 1, 1, 1, 1, 1, 1, 2, 2, 2, 2, 3, 3, 3, 3, 3], "image_id": 42}, "character_clusters": [0, 0, 0, 0, 1], "text_char_matches": [[0, 1], [3, 1], [4, 4], [5, 4], [6, 0], [7, 3], [8, 3]], "text_tail_matches": [[0, 0], [3, 2], [4, 1], [5, 4], [7, 3]], "text_classification": [1, 1, 1, 1, 1, 1, 1, 1, 1], "character_names": ["Moritaka Mashiro", "Moritaka Mashiro", "Moritaka Mashiro", "Moritaka Mashiro", "Akito Takagi"]}