{"bbox_annotations": {"bboxes_as_x1y1x2y2": [[424.2637023925781, 1436.75, 777.0811157226562, 2098.25], [917.8154907226562, 269.5, 1194.8707275390625, 555.7939453125], [145.38548278808594, 90.8984603881836, 634.4792327880859, 668.0006942749023], [123.0048599243164, 1483.789794921875, 486.5, 2100.99560546875], [180.2694854736328, 719.1517944335938, 1109.8636627197266, 1332.2100830078125], [408.00384521484375, 141.75, 819.0679931640625, 668.9702911376953], [1065.0853271484375, 1489.25, 1317.4688720703125, 1964.4669189453125], [917, 0, 1398.25, 544.25], [1180.0240478515625, 135.0743408203125, 1342.906005859375, 229.5120086669922], [1013.3422241210938, 83.87879943847656, 1134.90625, 214.41104125976562], [999.8463134765625, 612.8917846679688, 1042.4818115234375, 645.5389404296875], [703.2413940429688, 171.92616271972656, 892.7838134765625, 475.68568420410156], [167.47412109375, 490.17864990234375, 260.28094482421875, 554.8630981445312], [1024.6561279296875, 887.7293701171875, 1290.0567626953125, 1102.639404296875], [163.277099609375, 797.616943359375, 409.9617919921875, 1045.7882080078125], [992.3991088867188, 1391.25, 1165.5, 1607.3411865234375], [769.158447265625, 1425.4466552734375, 939.75, 1653.75927734375], [469.1812438964844, 1396.5, 566.22021484375, 1480.7269287109375], [131.5288543701172, 1413.0927734375, 348.25, 1669.6898193359375], [913.3283081054688, 0.8317217230796814, 1398.424560546875, 674.7747192382812], [125.6652603149414, 1.1204884052276611, 902.5774536132812, 680.3156127929688], [125.02401733398438, 704.4557495117188, 1314.114013671875, 1339.6475830078125], [979.2607421875, 1359.98681640625, 1316.9547119140625, 1967.3597412109375], [122.88841247558594, 1362.85498046875, 969.3745727539062, 2089.795166015625], [1012, 1736, 1064, 1803], [954, 1104, 1019, 1147], [403, 1065, 479, 1109], [175, 348, 207, 400], [686, 111, 746, 155], [716, 1446, 762, 1487], [567, 1440, 605, 1480], [1357, 154, 1396, 229]], "labels": [0, 0, 0, 0, 0, 0, 0, 0, 1, 1, 1, 1, 1, 1, 1, 1, 1, 1, 1, 2, 2, 2, 2, 2, 3, 3, 3, 3, 3, 3, 3, 3], "image_id": 46}, "character_clusters": [0, 1, 0, 1, 0, 1, 1, 0], "text_char_matches": [[0, 7], [2, 1], [3, 5], [4, 2], [5, 4], [6, 4], [7, 6], [8, 0], [9, 0], [10, 3]], "text_tail_matches": [[0, 7], [3, 4], [4, 3], [5, 1], [6, 2], [7, 0], [8, 5], [9, 6]], "text_classification": [1, 0, 1, 1, 1, 1, 1, 1, 1, 1, 1], "character_names": ["Akito Takagi", "Moritaka Mashiro", "Akito Takagi", "Moritaka Mashiro", "Akito Takagi", "Moritaka Mashiro", "Moritaka Mashiro", "Akito Takagi"]}