{"bbox_annotations": {"bboxes_as_x1y1x2y2": [[213.7154083251953, 1334.9293212890625, 661.9776153564453, 2098.343994140625], [561.9401245117188, 1293.25, 1216.350830078125, 2098.75439453125], [622.2482299804688, 164.06973266601562, 925.8042602539062, 709.6009826660156], [-14.526679992675781, -0.2505585551261902, 629.3926315307617, 715.5787261128426], [765.04443359375, 809.7777099609375, 924.1617431640625, 1296.3240966796875], [467.7986755371094, 868.2966918945312, 778.58251953125, 1297.057373046875], [1.891200304031372, 757.38623046875, 351.8195450305939, 1309.0135498046875], [1035.83349609375, 190.21875, 1233.1158447265625, 559.20166015625], [90.1630630493164, 134.1733856201172, 419.0541458129883, 557.2671966552734], [1019.8482055664062, 857.66650390625, 1221.945068359375, 1012.849365234375], [369.630615234375, 762.9124145507812, 792.548828125, 971.25], [68.79928588867188, 791.8348999023438, 265.78448486328125, 870.7721557617188], [1032.1968994140625, 1353.1783447265625, 1247.054931640625, 1708.1259765625], [873.8424072265625, 1370.9593505859375, 945.4476928710938, 1475.0152587890625], [33.10369873046875, 1392.1434326171875, 236.7095184326172, 1712.7161865234375], [2.9543399810791016, 2.7338953018188477, 1272.62646484375, 718.86376953125], [363.3434753417969, 748.5225830078125, 1271.886474609375, 1309.9832763671875], [1.3142824172973633, 743.7259521484375, 352.49688720703125, 1313.712158203125], [-3.5381317138671875, 1331.9791259765625, 1268.1214599609375, 2096.716064453125], [197, 1746, 247, 1786], [914, 865, 970, 907], [919, 336, 972, 379]], "labels": [0, 0, 0, 0, 0, 0, 0, 1, 1, 1, 1, 1, 1, 1, 1, 2, 2, 2, 2, 3, 3, 3], "image_id": 69}, "character_clusters": [0, 1, 2, 1, 2, 1, 1], "text_char_matches": [[0, 2], [1, 3], [2, 4], [3, 5], [4, 6], [5, 1], [6, 1], [7, 0]], "text_tail_matches": [[0, 2], [2, 1], [7, 0]], "text_classification": [1, 1, 1, 1, 1, 1, 1, 0], "character_names": ["Nobuhiro Mashiro", "Moritaka Mashiro", "Akito Takagi", "Moritaka Mashiro", "Akito Takagi", "Moritaka Mashiro", "Moritaka Mashiro"]}