{"bbox_annotations": {"bboxes_as_x1y1x2y2": [[483.31365966796875, 1420.0137939453125, 633.6129150390625, 1920.643798828125], [685.477783203125, 1402.783935546875, 1306.0794677734375, 2098.05615234375], [247.54864501953125, 1678.25, 361.7701416015625, 1988.2930908203125], [811.0223388671875, 689.5, 1079.1544189453125, 1159.79833984375], [1.777191400527954, 1221.3472900390625, 299.1605532169342, 2092.870849609375], [416.5, 586.25, 866.25, 1154.44677734375], [150.11203002929688, 712.25, 398.0850830078125, 1163.4805908203125], [985.642822265625, 138.2775421142578, 1195.3914794921875, 413.0681915283203], [714.986083984375, 218.82395935058594, 915.9487915039062, 404.62530517578125], [128.3791961669922, 194.69601440429688, 341.1459045410156, 379.31939697265625], [1041.5140380859375, 663.1204833984375, 1286.7093505859375, 969.0255126953125], [425.10760498046875, 658, 598.9674072265625, 786.7166748046875], [128.04859924316406, 690.9117431640625, 232.98190307617188, 724.1361694335938], [1050.7734375, 1277.85302734375, 1223.256103515625, 1389.3873291015625], [760.3575439453125, 1226.95263671875, 975.6757202148438, 1440.670654296875], [534.8760375976562, 1299.3192138671875, 582.8070068359375, 1329.7197265625], [306.9280090332031, 1276.3197021484375, 456.30401611328125, 1419.9051513671875], [169.1484832763672, 1294.349365234375, 298.0002136230469, 1419.485107421875], [385, 1541.75, 509.25, 1832.25], [91.10789489746094, 115.72032928466797, 1294.363037109375, 540.9368896484375], [402.2292785644531, 562.9678955078125, 1300.1925048828125, 1165.1163330078125], [110.55351257324219, 565.4467163085938, 400.9522399902344, 1174.990234375], [644.6500244140625, 1188.27197265625, 1300.673095703125, 2103.57080078125], [477.7680969238281, 1194.59619140625, 634.4423217773438, 1911.3009033203125], [-1.622074842453003, 1204.115966796875, 481.7911071777344, 2105.98681640625], [978, 658, 1040, 728], [127, 844, 167, 899], [362, 1498, 417, 1568], [557, 1440, 592, 1501], [610, 600, 654, 633]], "labels": [0, 0, 0, 0, 0, 0, 0, 1, 1, 1, 1, 1, 1, 1, 1, 1, 1, 1, 1, 2, 2, 2, 2, 2, 2, 3, 3, 3, 3, 3], "image_id": 47}, "character_clusters": [0, 1, 1, 1, 0, 0, 1], "text_char_matches": [[0, 3], [1, 3], [2, 5], [3, 3], [4, 5], [5, 6], [6, 1], [7, 1], [8, 0], [9, 2], [10, 2]], "text_tail_matches": [[3, 0], [4, 4], [5, 1], [8, 3], [9, 2], [10, 2]], "text_classification": [1, 1, 1, 1, 1, 1, 1, 1, 1, 1, 1, 0], "character_names": ["Akito Takagi", "Moritaka Mashiro", "Moritaka Mashiro", "Moritaka Mashiro", "Akito Takagi", "Akito Takagi", "Moritaka Mashiro"]}