{"bbox_annotations": {"bboxes_as_x1y1x2y2": [[446.13629150390625, 210, 974.75, 799.64111328125], [1062.566162109375, 1866.5279541015625, 1126.695556640625, 1916.0634765625], [337.75, 1058.999755859375, 817.25, 1345.6103515625], [140.202880859375, 302.68511962890625, 434.76605224609375, 791.3864135742188], [992.25, 382.12860107421875, 1252.637451171875, 1005.8849487304688], [222.69017028808594, 1435, 401.9612121582031, 1939.637939453125], [393.54205322265625, 1400, 592.356201171875, 1944.2349853515625], [39.98086416721344, 1402.7247314453125, 269.23086416721344, 1849.75], [751.0597534179688, 1575.9912109375, 1296.75, 1912.3255615234375], [96.25, 841.19873046875, 698.25, 1009.9236450195312], [609, 1393, 945, 1911], [518, 407.75, 745.5, 782.25], [1016.3954467773438, 253.0600128173828, 1270.1650390625, 342.47027587890625], [172.21441650390625, 115.42930603027344, 276.4732971191406, 206.8482666015625], [908.25, 1051.75, 1256.5, 1253.0], [1142.173095703125, 1260.5562744140625, 1282.5987548828125, 1326.87744140625], [204.75, 1058.75, 579.25, 1347.5], [79.78511810302734, 1181.6466064453125, 193.94573974609375, 1235.1500244140625], [1154.6231689453125, 1446.4010009765625, 1214.2335205078125, 1535.9056396484375], [864.998046875, 1399.835205078125, 1112.8448486328125, 1597.0194091796875], [284.7782897949219, 1429.5625, 396.83734130859375, 1535.9215087890625], [515.1534423828125, 1739.71728515625, 561.0919189453125, 1868.820556640625], [991.0715942382812, -1.1806011199951172, 1302.9298095703125, 1014.6482543945312], [133.2484588623047, 197.35118103027344, 979.0176391601562, 798.4907836914062], [-1.2453556060791016, 832.5904541015625, 978.5956420898438, 1020.0073852539062], [-5.632930755615234, 1045.23193359375, 1299.7568359375, 1358.3017578125], [602.1386108398438, 1389.468505859375, 1298.935791015625, 1937.2255859375], [392.3904113769531, 1385.9007568359375, 596.8370361328125, 1939.5010986328125], [-2.455110788345337, 1393.4903564453125, 247.2471923828125, 1948.6505126953125], [322, 1565, 361, 1617], [1150, 1530, 1186, 1572]], "labels": [0, 0, 0, 0, 0, 0, 0, 0, 0, 0, 0, 0, 1, 1, 1, 1, 1, 1, 1, 1, 1, 1, 2, 2, 2, 2, 2, 2, 2, 3, 3], "image_id": 474}, "character_clusters": [0, 1, 2, 2, 2, 3, 4, 2, 3, 2, 2, 4], "text_char_matches": [[0, 4], [8, 5]], "text_tail_matches": [[6, 1], [8, 0]], "text_classification": [1, 0, 0, 1, 0, 1, 1, 0, 1, 1], "character_names": ["Fishbone D", "5 Year Old Ghost Boy", "Ichigo Kurosaki", "Ichigo Kurosaki", "Ichigo Kurosaki", "Hexapodus", "Rukia Kuchiki", "Ichigo Kurosaki", "Hexapodus", "Ichigo Kurosaki", "Ichigo Kurosaki", "Rukia Kuchiki"]}