{"bbox_annotations": {"bboxes_as_x1y1x2y2": [[92.75, 652.75, 1099.9305419921875, 1953.5755004882812], [227.5, 162.56434631347656, 1092.0, 351.75], [535.2804565429688, 441.4419250488281, 813.9352416992188, 626.3709716796875], [150.38771057128906, 816.5574951171875, 368.6280517578125, 922.9373779296875], [51.92975997924805, 137.0054931640625, 1191.23974609375, 431.67724609375], [79.71878051757812, 540.8817138671875, 1236.244873046875, 1911.6563720703125], [292, 983, 337, 1024]], "labels": [0, 1, 1, 1, 2, 2, 3], "image_id": 458}, "character_clusters": [0], "text_char_matches": [[2, 0]], "text_tail_matches": [[2, 0]], "text_classification": [0, 0, 1], "character_names": ["Ichigo Kurosaki"]}