{"bbox_annotations": {"bboxes_as_x1y1x2y2": [[645.3241577148438, 1516.0714111328125, 787.4866333007812, 1896.7752685546875], [365.14825439453125, 1626.5399169921875, 618.3475341796875, 1991.140380859375], [643.9393310546875, 413.1618957519531, 1012.8270874023438, 882.7686157226562], [147.05905151367188, 932.75, 412.1566162109375, 1232.0196533203125], [836.58447265625, 938, 1284.5, 1281.1260986328125], [999.25, 0, 1398.25, 547.75], [768.25, 1330, 931.0, 1907.5], [157.5, 50.75, 598.5, 850.5], [227.5, 120.75, 1162.0, 887.25], [1105.1649169921875, 613.9003295898438, 1336.795166015625, 837.7312622070312], [896.8197021484375, 901.9288330078125, 1068.3409423828125, 1049.8358154296875], [969.5, 1232.7220458984375, 1301.0166015625, 1925.0], [1191.077392578125, 1357.965576171875, 1306.0552978515625, 1891.0360107421875], [698.5181274414062, 1070.6273193359375, 793.4166870117188, 1103.0662841796875], [719.0598754882812, 1321.950439453125, 791.18701171875, 1487.0205078125], [640.5, 1261.75, 714.0, 1321.25], [627.8731689453125, 1470.5838623046875, 700.122802734375, 1543.822998046875], [481.05047607421875, 1324.978271484375, 596.8705444335938, 1523.0321044921875], [354.798095703125, 1710.069091796875, 405.6718444824219, 1751.8118896484375], [125.32613372802734, -15.278313636779785, 1400.13623046875, 890.7223510742188], [791.0059814453125, 921.5326538085938, 1313.0491943359375, 1920.441162109375], [143.0584716796875, 930.1563720703125, 831.4718017578125, 1243.5738525390625], [616.8644409179688, 1259.9403076171875, 818.4746704101562, 1899.3818359375], [146.32286071777344, 1254.8814697265625, 621.8167114257812, 2080.28173828125], [670, 1135, 705, 1169], [631, 1190, 658, 1224]], "labels": [0, 0, 0, 0, 0, 0, 0, 0, 1, 1, 1, 1, 1, 1, 1, 1, 1, 1, 1, 2, 2, 2, 2, 2, 3, 3], "image_id": 475}, "character_clusters": [0, 0, 1, 2, 3, 3, 1, 3], "text_char_matches": [[5, 3], [7, 3], [8, 3], [9, 6]], "text_tail_matches": [[5, 0], [7, 1], [8, 1]], "text_classification": [0, 1, 0, 0, 1, 1, 0, 1, 1, 1, 1], "character_names": ["5 Year Old Ghost Boy", "5 Year Old Ghost Boy", "Ichigo Kurosaki", "Rukia Kuchiki", "Hexapodus", "Hexapodus", "Ichigo Kurosaki", "Hexapodus"]}