{"bbox_annotations": {"bboxes_as_x1y1x2y2": [[260.75, 875, 766.3931884765625, 1428], [1003.5162353515625, 1002.1953735351562, 1245.37255859375, 1436.1151123046875], [9.708312034606934, 1492.0870361328125, 509.5837697982788, 2103.449951171875], [997.8143920898438, 1687.7484130859375, 1245.146484375, 1938.48046875], [664.2736206054688, 1492.40576171875, 1059.1461181640625, 1933.86767578125], [117.25, 612.5, 1240.8473281860352, 700.0], [929.273681640625, 899.8622436523438, 1032.4718017578125, 940.2024536132812], [31.5, 794.5, 890.75, 904.75], [1101.1563720703125, 1533.099609375, 1227.731201171875, 1654.098388671875], [525.4407348632812, 1555.044189453125, 683.6380004882812, 1707.8236083984375], [62.222557067871094, 1841.3697509765625, 205.4518051147461, 1879.6749267578125], [68.79116821289062, -4.912224292755127, 1251.468505859375, 737.568359375], [907.4619140625, 769.5297241210938, 1252.6431884765625, 1440.0350341796875], [5.792397499084473, 768.7232666015625, 896.4210205078125, 1438.6558837890625], [521.4678955078125, 1484.8050537109375, 1248.1168212890625, 1943.6597900390625], [2.256894111633301, 1481.354248046875, 510.02362060546875, 2099.7626953125], [1031, 1620, 1069, 1649], [680, 1637, 721, 1675], [966, 1099, 1004, 1141]], "labels": [0, 0, 0, 0, 0, 1, 1, 1, 1, 1, 1, 2, 2, 2, 2, 2, 3, 3, 3], "image_id": 460}, "character_clusters": [0, 0, 1, 0, 1], "text_char_matches": [[3, 4], [4, 4], [5, 2], [1, 1]], "text_tail_matches": [[1, 2], [3, 0], [4, 1]], "text_classification": [1, 0, 0, 1, 1, 1], "character_names": ["Orihime Inoue", "Orihime Inoue", "Tatsuki Arisawa", "Orihime Inoue", "Tatsuki Arisawa"]}