{"bbox_annotations": {"bboxes_as_x1y1x2y2": [[278.8548889160156, 7.714712619781494, 1233.1354064941406, 674.721670627594], [453.26409912109375, 1773.364501953125, 960.75, 1849.75], [480.5390319824219, 711.9098510742188, 964.0040283203125, 999.0653076171875], [1049.24951171875, 309.152587890625, 1207.54736328125, 506.508544921875], [118.93814849853516, 284.5404052734375, 347.49512481689453, 515.1245727539062], [142.89749145507812, 558.6475830078125, 307.1016845703125, 615.2808837890625], [1015.619140625, 1230.925537109375, 1137.5928955078125, 1303.009765625], [228.5257568359375, 1302.0496826171875, 350.8387756347656, 1409.593994140625], [1016.1223754882812, 1687.2462158203125, 1204.914306640625, 1737.0255126953125], [988.5848999023438, 1751.924560546875, 1230.66162109375, 1873.2994384765625], [256.65374755859375, 1793.75, 467.6473083496094, 1941.33837890625], [239.46170043945312, 1698.0528564453125, 356.730712890625, 1774.448974609375], [102.11228942871094, 1776.38134765625, 233.14422607421875, 1839.430908203125], [84.33395385742188, -3.5023748874664307, 1250.44482421875, 678.7799682617188], [88.58309173583984, 706.7669067382812, 1251.1588134765625, 1008.2526245117188], [84.134765625, 1040.3321533203125, 1244.6964111328125, 1543.00439453125], [83.14959716796875, 1626.8702392578125, 1251.028076171875, 1947.6502685546875], [343, 492, 399, 538], [972, 503, 1017, 540]], "labels": [0, 0, 0, 1, 1, 1, 1, 1, 1, 1, 1, 1, 1, 2, 2, 2, 2, 3, 3], "image_id": 478}, "character_clusters": [0, 0, 1], "text_char_matches": [[0, 0], [1, 0], [2, 0], [3, 2], [4, 2]], "text_tail_matches": [[0, 1], [1, 0], [2, 0]], "text_classification": [1, 1, 1, 1, 1, 1, 1, 0, 1, 1], "character_names": ["Ichigo Kurosaki", "Ichigo Kurosaki", "Rukia Kuchiki"]}