{"bbox_annotations": {"bboxes_as_x1y1x2y2": [[544.3493041992188, 92.93694305419922, 1084.8927001953125, 800.011589050293], [334.25, 1634.5, 553.0370483398438, 1935.5], [860.6549682617188, 1193.0504150390625, 1148.0, 1581.5374755859375], [871.9559326171875, 1634.95361328125, 1031.5042724609375, 1771.0], [721, 1289.75, 995.75, 1583.23828125], [266.1861877441406, 1196.216064453125, 572.6183471679688, 1585.9569091796875], [546.274658203125, 850.2573852539062, 1055.6119384765625, 1141.4364013671875], [876.75, 1781.5, 952.0, 1935.5], [707, 1634.5, 871.5, 1937.25], [1160.6693115234375, 386.3788146972656, 1336.6168212890625, 422.8045349121094], [236.5838165283203, 296.38531494140625, 445.3189392089844, 544.6275024414062], [1151.2674560546875, 959.604248046875, 1271.10498046875, 1074.344970703125], [248.43409729003906, 1001.6307983398438, 417.35003662109375, 1041.6263427734375], [1166.9398193359375, 1203.3944091796875, 1296.170166015625, 1311.4063720703125], [1171.54248046875, 1336.4024658203125, 1286.5360107421875, 1408.9415283203125], [1096.588623046875, 1433.95556640625, 1281.1611328125, 1557.5587158203125], [654.5404663085938, 1258.3330078125, 801.0048828125, 1341.3358154296875], [496.1502990722656, 1300.0391845703125, 670.2977905273438, 1420.79443359375], [504.50537109375, 1449.220458984375, 657.0465087890625, 1567.033203125], [163.2599639892578, 1402.072265625, 237.74655151367188, 1438.170654296875], [1191.9412841796875, 1679.6190185546875, 1297.60595703125, 1763.6412353515625], [991.1891479492188, 1730.5625, 1178.7252197265625, 1909.1837158203125], [545.2955322265625, 1672.3363037109375, 685.4873046875, 1828.1363525390625], [161.5857391357422, 1784.4652099609375, 319.4095458984375, 1962.3236083984375], [151.46607971191406, -0.7239192724227905, 1392.104736328125, 800.1943969726562], [144.7004852294922, 838.5950317382812, 1387.644775390625, 1154.866943359375], [702.7804565429688, 1180.01220703125, 1302.1873779296875, 1589.094970703125], [151.9687042236328, 1187.7640380859375, 729.8638916015625, 1589.8822021484375], [700.607421875, 1615.7061767578125, 1311.2484130859375, 1941.10400390625], [145.77989196777344, 1618.8369140625, 692.3410034179688, 1948.9088134765625], [553, 1845, 588, 1878], [455, 541, 515, 582], [300, 1746, 336, 1784], [1123, 528, 1181, 568], [249, 1526, 296, 1570], [1130, 1278, 1171, 1323]], "labels": [0, 0, 0, 0, 0, 0, 0, 0, 0, 1, 1, 1, 1, 1, 1, 1, 1, 1, 1, 1, 1, 1, 1, 1, 2, 2, 2, 2, 2, 2, 3, 3, 3, 3, 3, 3], "image_id": 465}, "character_clusters": [0, 0, 1, 1, 0, 1, 1, 0, 2], "text_char_matches": [[0, 0], [1, 0], [3, 6], [4, 2], [5, 2], [6, 2], [7, 4], [8, 4], [9, 4], [2, 6], [10, 5], [11, 7], [12, 7], [13, 1], [14, 1]], "text_tail_matches": [[0, 3], [1, 1], [4, 5], [5, 5], [6, 5], [10, 4], [13, 0], [14, 2]], "text_classification": [1, 1, 1, 1, 1, 1, 1, 1, 1, 1, 1, 1, 1, 1, 1], "character_names": ["Rukia Kuchiki", "Rukia Kuchiki", "Ichigo Kurosaki", "Ichigo Kurosaki", "Rukia Kuchiki", "Ichigo Kurosaki", "Ichigo Kurosaki", "Rukia Kuchiki", "none"]}