{"bbox_annotations": {"bboxes_as_x1y1x2y2": [[20.798099517822266, 79.71659088134766, 165.58418655395508, 294.1019058227539], [345.3103942871094, 523.56396484375, 741.4522094726562, 1150.755859375], [-0.07440006732940674, 632.446044921875, 195.51901423931122, 1146.810546875], [0, 683.8472290039062, 318.8002014160157, 1144.121337890625], [178.7167510986328, 10.290637969970703, 294.25933837890625, 292.2861213684082], [653.7730102539062, 72.29923248291016, 679.0851581508516, 131.62043795620437], [666.0717163085938, 69.62530413625304, 698.1605839416058, 182.5871238708496], [83.93187347931872, 331.19989013671875, 321.43275642395014, 590.8616943359375], [349.0802919708029, 366.24817518248176, 704.8369829683697, 1146.4330900243308], [0, 333.8199513381995, 157.3722627737226, 588.4768856447688], [675.2700729927006, 51.503649635036496, 708.6520681265206, 127.80535279805352], [80.50347900390625, 33.83585739135742, 134.4817518248175, 77.25547445255475], [628.1080322265625, 399.6879577636719, 688.26708984375, 449.9844055175781], [492.16485595703125, 1073.5006103515625, 555.62744140625, 1103.76171875], [225.5300347172721, 484.68052573099624, 309.0041863286002, 541.5287618149806], [46.72599792480469, 397.7226277372263, 114.45255474452554, 438.18462592725916], [144.02911376953125, 839.6005249023438, 263.8832702636719, 964.034912109375], [82.69921112060547, 1012.0451049804688, 229.14913177490234, 1105.7012939453125], [305.0809020996094, -0.650226354598999, 739.2118530273438, 301.9327087402344], [180.3379364013672, -2.0770559310913086, 295.9262390136719, 297.7375183105469], [6.616272926330566, 3.88079833984375, 171.9318389892578, 298.43902587890625], [340.1115417480469, 326.3067321777344, 735.991455078125, 1144.873046875], [-2.442941427230835, 325.0850524902344, 328.7033996582031, 597.96484375], [-1.5223946571350098, 595.7710571289062, 323.9704895019531, 1143.80517578125], [572, 394, 613, 417], [64, 336, 89, 375], [215, 769, 238, 803]], "labels": [0, 0, 0, 0, 0, 0, 0, 0, 0, 0, 0, 1, 1, 1, 1, 1, 1, 1, 2, 2, 2, 2, 2, 2, 3, 3, 3], "image_id": 945}, "character_clusters": [0, 0, 1, 0, 0, 2, 3, 0, 1, 1, 4], "text_char_matches": [[1, 8], [3, 7], [4, 9], [5, 3], [6, 3]], "text_tail_matches": [[1, 0], [4, 1], [5, 2], [6, 2]], "text_classification": [0, 1, 0, 1, 1, 1, 1], "character_names": ["DENJI", "DENJI", "MAKIMA", "DENJI", "DENJI", "none", "none", "DENJI", "MAKIMA", "MAKIMA", "none"]}