{"bbox_annotations": {"bboxes_as_x1y1x2y2": [[117.3690414428711, 419.8846435546875, 277.09395599365234, 662.6510009765625], [3.351198196411133, 708.405517578125, 202.3605670928955, 1077.458740234375], [497.3296203613281, 908.96630859375, 634.258544921875, 1145.798583984375], [193.39266967773438, 752.4242553710938, 323.3054504394531, 1074.8175048828125], [88.3882064819336, 3.573753833770752, 419.5750961303711, 344.8039479255676], [434.9131774902344, 81.53099060058594, 576.4507446289062, 241.8734893798828], [350.0135803222656, 929.5069580078125, 486.53436279296875, 1144.8031005859375], [582.660888671875, 81.33815002441406, 740.6021728515625, 343.44752502441406], [500.4193420410156, 710.0999755859375, 716.7496337890625, 885.8800659179688], [555.6929321289062, 240.8330535888672, 635.8413696289062, 337.24957275390625], [439.9297790527344, 261.3333333333333, 521.0770874023438, 314.7760925292969], [15.291512489318848, 47.91057586669922, 158.02414798736572, 133.3000030517578], [47.652069091796875, 197.364013671875, 135.6347198486328, 280.2965087890625], [503.7787780761719, 470.208984375, 630.4428223844282, 562.9383544921875], [389.71420830125646, 752.7523084951433, 475.9318734793187, 813.5815931631121], [586.5693430656934, 1068.2238442822384, 655.9772338867188, 1124.4963503649635], [207.93386399020824, 968.8126254859052, 280.40875912408757, 1022.3766513648114], [96.18074798583984, 968.0778588807785, 168.6375732421875, 1006.228710462287], [425.4592590332031, 69.37939453125, 741.8696899414062, 347.7798767089844], [3.8906497955322266, 2.1415326595306396, 417.8429260253906, 347.9925231933594], [-1.7404837608337402, 370.6707763671875, 737.5818481445312, 663.4169921875], [342.432373046875, 682.8989868164062, 740.2454833984375, 891.9593505859375], [489.2857666015625, 897.17138671875, 741.3170776367188, 1148.2010498046875], [346.281982421875, 897.9393310546875, 487.8932800292969, 1146.814453125], [-2.078996181488037, 685.404541015625, 330.3661804199219, 1077.565673828125], [143, 182, 190, 233], [621, 1024, 641, 1052], [494, 743, 543, 774], [134, 908, 155, 948], [481, 199, 504, 231], [241, 921, 264, 956]], "labels": [0, 0, 0, 0, 0, 0, 0, 0, 0, 1, 1, 1, 1, 1, 1, 1, 1, 1, 2, 2, 2, 2, 2, 2, 2, 3, 3, 3, 3, 3, 3], "image_id": 931}, "character_clusters": [0, 0, 1, 1, 2, 1, 1, 2, 2], "text_char_matches": [[1, 5], [0, 5], [2, 4], [3, 4], [4, 4], [5, 8], [6, 2], [7, 3], [8, 1]], "text_tail_matches": [[0, 4], [1, 4], [2, 0], [3, 0], [5, 2], [6, 1], [7, 5], [8, 3]], "text_classification": [1, 1, 1, 1, 1, 1, 1, 1, 1], "character_names": ["DENJI", "DENJI", "MAKIMA", "MAKIMA", "none", "MAKIMA", "MAKIMA", "none", "none"]}