{"bbox_annotations": {"bboxes_as_x1y1x2y2": [[0, 56.546146392822266, 719.2173767089844, 945.9333534240723], [-2.8613138686131387, 23.844282238442823, 739.1727493917275, 1143.5717761557178], [699.1143552311435, 312.8369829683698, 724.8661800486617, 379.6009732360097], [643.4102783203125, 1038.6569343065694, 713.4209245742093, 1075.8107910156252], [-2.208672046661377, 2.2669029235839844, 735.86328125, 1147.1165771484375]], "labels": [0, 0, 1, 1, 2], "image_id": 943}, "character_clusters": [0, 1], "text_char_matches": [], "text_tail_matches": [], "text_classification": [0, 0], "character_names": ["DENJI", "Muscle Devil"]}