{"bbox_annotations": {"bboxes_as_x1y1x2y2": [[414.509765625, 828.62451171875, 787.1297607421875, 1145.5135498046875], [47.774818420410156, 841.7261962890625, 373.6170120239258, 1141.7283935546875], [217.4467315673828, 421.4494934082031, 311.2000427246094, 781.1821899414062], [550.458251953125, -0.16201913356781006, 784.8256225585938, 386.28018057346344], [77.03465270996094, 424.3526916503906, 271.49700927734375, 785.4807739257812], [415.9366760253906, 108.76309967041016, 541.3780517578125, 383.91236114501953], [47.54495620727539, 137.0950469970703, 313.7472267150879, 391.5064697265625], [330.0970764160156, 421.1328430175781, 591.7346801757812, 577.7771606445312], [245.67832946777344, 81.18212890625, 392.1854248046875, 389.2666931152344], [414.4020080566406, 309.02189781021895, 512.1751824817518, 336.316650390625], [561.5770874023438, 476.95849609375, 683.8733520507812, 515.0364963503649], [632.3503649635036, 619.4171142578125, 737.265206812652, 684.8077858880779], [348.74920654296875, 614.6568603515625, 429.17840576171875, 711.6476440429688], [114.50521087646484, 657.1484184914841, 261.33333333333337, 723.0482788085938], [361.3597717285156, 873.654501216545, 487.2846984863281, 959.4939172749391], [390.1973537621417, 1035.2638441396746, 450.1800486618004, 1079.669099756691], [548.3698120117188, 0.3084949254989624, 780.3368530273438, 391.6375732421875], [43.05406951904297, 1.5801643133163452, 539.3258666992188, 389.24700927734375], [323.46533203125, 416.1361083984375, 715.6235961914062, 583.2763061523438], [321.62017822265625, 580.470947265625, 784.4624633789062, 785.5445556640625], [40.77244186401367, 413.7039489746094, 312.72894287109375, 787.3373413085938], [43.132083892822266, 813.4133911132812, 783.3812866210938, 1141.6199951171875], [528, 527, 563, 554], [462, 989, 501, 1021], [193, 581, 220, 621], [350, 1018, 387, 1046]], "labels": [0, 0, 0, 0, 0, 0, 0, 0, 0, 1, 1, 1, 1, 1, 1, 1, 2, 2, 2, 2, 2, 2, 3, 3, 3, 3], "image_id": 928}, "character_clusters": [0, 1, 0, 1, 1, 0, 2, 1, 1], "text_char_matches": [[1, 7], [4, 4], [5, 0], [6, 1], [2, 5], [3, 5]], "text_tail_matches": [[1, 0], [4, 2], [5, 1], [6, 3]], "text_classification": [0, 1, 1, 1, 1, 1, 1], "character_names": ["MAKIMA", "DENJI", "MAKIMA", "DENJI", "DENJI", "MAKIMA", "none", "DENJI", "DENJI"]}