{"bbox_annotations": {"bboxes_as_x1y1x2y2": [[556.3740844726562, 241.50648498535156, 712.0828857421875, 506.8406524658203], [143.87600708007812, 77.62091827392578, 401.5252990722656, 507.4062271118164], [137.9102847431118, 73.44038929440389, 309.02189781021895, 257.51824817518246], [242.34671020507812, 538.9237060546875, 709.5811767578125, 841.6524047851562], [432.02789306640625, 1.0631310939788818, 608.6749267578125, 227.03925108909607], [595.4219360351562, 865.5177612304688, 708.2281494140625, 1119.2015380859375], [587.8076171875, 109.39028930664062, 695.1985473632812, 196.6776123046875], [450.1708068847656, 268.5208435058594, 552.0957641601562, 342.3185119628906], [449.1583557128906, 408.34814453125, 547.2901611328125, 463.29534912109375], [585.6617431640625, 595.1073608398438, 701.1282958984375, 681.5474853515625], [123.58301544189453, 655.9197387695312, 258.3514175415039, 749.5095825195312], [426.3880615234375, 925.6107788085938, 568.4000854492188, 1008.1743774414062], [352.4237976074219, 1006.9904174804688, 425.2205810546875, 1109.4920654296875], [430.3479919433594, -0.1922270953655243, 710.7278442382812, 227.50857543945312], [437.9286804199219, 227.17535400390625, 714.0966796875, 512.3935546875], [56.390777587890625, -2.766899824142456, 425.8846435546875, 510.0470886230469], [42.99070358276367, 532.8982543945312, 784.388671875, 844.7352905273438], [590.5759887695312, 856.7662963867188, 786.4783935546875, 1141.3189697265625], [42.86067581176758, 856.436767578125, 584.0570068359375, 1140.6298828125], [548, 687, 588, 722], [551, 255, 589, 295], [274, 744, 317, 773], [606, 48, 647, 77]], "labels": [0, 0, 0, 0, 0, 0, 1, 1, 1, 1, 1, 1, 1, 2, 2, 2, 2, 2, 2, 3, 3, 3, 3], "image_id": 946}, "character_clusters": [0, 0, 1, 0, 2, 2], "text_char_matches": [[0, 4], [1, 0], [2, 0], [4, 3], [3, 3], [5, 5], [6, 5]], "text_tail_matches": [[0, 3], [1, 1], [2, 1], [3, 0], [4, 2]], "text_classification": [1, 1, 1, 1, 1, 1, 1], "character_names": ["DENJI", "DENJI", "POCHITA", "DENJI", "MAKIMA", "MAKIMA"]}