{"bbox_annotations": {"bboxes_as_x1y1x2y2": [[321.6621398925781, 506.76287841796875, 519.8053527980535, 734.1266479492188], [239.95553588867188, 773.3032836914062, 530.2998657226562, 1147.2158203125], [114.20872497558594, 36.83860397338867, 366.073486328125, 413.4688835144043], [160.23357664233575, 497.8061828613281, 407.2923583984375, 734.0400390625], [549.390869140625, 778.58935546875, 742.21337890625, 1142.4345703125], [472.48492431640625, 459.15643310546875, 694.3454987834549, 736.7596435546875], [379.54571533203125, 15.889409065246582, 742.922607421875, 411.85406970977783], [1.6994080543518066, 771.9645385742188, 223.40628671646118, 1144.8494873046875], [194.56934306569343, 120.17518248175182, 362.4330900243309, 415.8442822384428], [398.67639902676393, 99.19221411192214, 506.4525547445255, 279.45498783454985], [488.10760498046875, 270.33001708984375, 613.2749391727493, 363.6419677734375], [189.01589965820312, 27.818195343017578, 317.4848937988281, 95.30987930297852], [54.682559967041016, 204.55816650390625, 173.98335647583008, 259.9330749511719], [119.68744659423828, 531.5079956054688, 258.3732681274414, 625.1220092773438], [312.916259765625, 1021.9417724609375, 471.7796325683594, 1111.442626953125], [378.6510009765625, -0.5992285013198853, 741.5382080078125, 421.1248474121094], [4.246697425842285, -0.725793182849884, 369.24700927734375, 419.80718994140625], [66.90713500976562, 445.8140869140625, 742.7132568359375, 736.80712890625], [543.8093872070312, 766.7951049804688, 741.4078979492188, 1141.43115234375], [229.53927612304688, 766.3718872070312, 528.264892578125, 1149.9901123046875], [6.325962543487549, 770.5885009765625, 224.14903259277344, 1141.7586669921875], [562, 207, 583, 237], [310, 89, 341, 122], [279, 545, 317, 568]], "labels": [0, 0, 0, 0, 0, 0, 0, 0, 0, 0, 1, 1, 1, 1, 1, 2, 2, 2, 2, 2, 2, 3, 3, 3], "image_id": 937}, "character_clusters": [0, 1, 2, 2, 3, 3, 2, 3, 0, 0], "text_char_matches": [[0, 6], [1, 2], [2, 2], [3, 3], [4, 1]], "text_tail_matches": [[0, 0], [1, 1], [3, 2]], "text_classification": [1, 1, 1, 1, 1], "character_names": ["Muscle Devil", "MAKIMA", "none", "none", "DENJI", "DENJI", "none", "DENJI", "Muscle Devil", "Muscle Devil"]}