{"bbox_annotations": {"bboxes_as_x1y1x2y2": [[178.1993865966797, 0.7187807559967041, 783.0574188232422, 751.3874819278717], [539.872802734375, 798.5695190429688, 785.5442504882812, 1117.2591552734375], [198.30853271484375, 38.10245895385742, 320.5091247558594, 268.89065170288086], [45.78102189781022, 798.3065693430657, 375.78588807785883, 1143.5717761557178], [157.3722627737226, 434.91970802919707, 270.87104622871044, 591.3381995133819], [48.64233576642335, 470.20924574209243, 413.93673965936733, 754.4330900243308], [548.4184914841849, 600.8759124087591, 613.217529296875, 711.25537109375], [289.9464720194647, 349.67669677734375, 338.58880778588804, 376.7396593673966], [395.15423583984375, 817.7423706054688, 480.7007299270073, 907.9902676399026], [371.73980712890625, 965.704345703125, 490.5263671875, 1041.5182481751824], [226.99756690997566, 1093.9756690997567, 658.2078857421875, 1122.588807785888], [31.908674240112305, 1.2686493396759033, 780.4481201171875, 761.2828369140625], [44.53510665893555, 793.559326171875, 783.1279296875, 1144.6683349609375], [301, 948, 363, 990], [521, 970, 595, 1037]], "labels": [0, 0, 0, 0, 0, 0, 1, 1, 1, 1, 1, 2, 2, 3, 3], "image_id": 942}, "character_clusters": [0, 1, 0, 0, 0, 1], "text_char_matches": [[2, 3], [3, 3], [4, 1], [1, 5]], "text_tail_matches": [[2, 0], [3, 0], [4, 1]], "text_classification": [0, 1, 1, 1, 1], "character_names": ["DENJI", "Muscle Devil", "DENJI", "DENJI", "DENJI", "Muscle Devil"]}