{"bbox_annotations": {"bboxes_as_x1y1x2y2": [[100.21353149414062, 768.2625732421875, 268.9588317871094, 856.4005737304688], [119.2214111922141, 15.260340632603405, 393.9075425790754, 406.3065693430657], [162.9122772216797, 593.2457420924574, 286.13138686131384, 726.8019409179688], [288.4629211425781, 773.1744384765625, 691.4841849148418, 1143.5717761557178], [53.89265823364258, 872.7119140625, 271.45175552368164, 1145.001953125], [266.1021897810219, 658.1337890625, 367.2019464720195, 729.33447265625], [524.9797973632812, 539.5108642578125, 610.7466430664062, 726.6615600585938], [285.36285400390625, 884.1459854014598, 422.2346496582031, 1145.4224853515625], [381.50851581508516, 132.57420924574208, 693.3917274939172, 439.68856447688563], [417.11151123046875, 613.9806518554688, 469.57720947265625, 636.1654501216544], [610.705810546875, 823.2672119140625, 751.5717761557178, 966.5330810546875], [98.3190514409049, 1087.2992700729926, 227.95133819951337, 1108.8313775352608], [44.45716094970703, -7.2817840576171875, 783.64794921875, 497.2276916503906], [41.12872314453125, 526.6638793945312, 723.1845703125, 731.6341552734375], [287.5372009277344, 758.1583251953125, 781.5753784179688, 1140.1097412109375], [44.570518493652344, 762.3468627929688, 277.5408020019531, 858.8599853515625], [44.400665283203125, 857.97119140625, 274.3277893066406, 1145.6488037109375], [480, 585, 531, 614], [156, 1027, 183, 1066], [548, 834, 601, 878], [288, 612, 409, 656]], "labels": [0, 0, 0, 0, 0, 0, 0, 0, 0, 1, 1, 1, 2, 2, 2, 2, 2, 3, 3, 3, 3], "image_id": 936}, "character_clusters": [0, 1, 1, 1, 0, 2, 0, 2, 2], "text_char_matches": [[0, 2], [1, 3], [2, 4]], "text_tail_matches": [[0, 0], [0, 3], [1, 2], [2, 1]], "text_classification": [1, 1, 1], "character_names": ["DENJI", "none", "none", "none", "DENJI", "Muscle Devil", "DENJI", "Muscle Devil", "Muscle Devil"]}