{"bbox_annotations": {"bboxes_as_x1y1x2y2": [[329.69940185546875, 855.5328467153284, 451.06402587890625, 1012.8509521484375], [528.43994140625, 433.1402587890625, 784.681396484375, 747.71875], [58.93452453613281, 560.5700073242188, 276.1150207519531, 747.867431640625], [46.69831085205078, 818.2819213867188, 509.31386861313865, 1142.429931640625], [350.80157470703125, 792.93603515625, 725.9913940429688, 1143.4051513671875], [117.31386861313868, 429.1970802919708, 288.0489501953125, 548.4184914841849], [463.73388671875, 450.18004866180047, 588.875244140625, 622.5435791015626], [301.5406799316406, 458.7639902676399, 409.53216552734375, 748.9529418945312], [545.1961059570312, 656.1887817382812, 655.6826171875, 724.85498046875], [431.4662170410156, 654.287104622871, 518.8515815085158, 721.0510948905109], [329.0510948905109, 657.1484184914841, 381.63189697265625, 686.7153284671532], [713.4839477539062, 822.2574462890625, 769.313720703125, 850.7639902676399], [201.24574209245742, 1037.7825927734375, 330.0634765625, 1092.0681265206813], [43.62052917480469, 68.50733947753906, 783.1332397460938, 402.93865966796875], [300.7090148925781, 426.1195373535156, 784.853271484375, 751.8226318359375], [44.84619140625, 423.37042236328125, 292.6585388183594, 558.4653930664062], [44.158660888671875, 552.6661987304688, 291.6177062988281, 753.0674438476562], [44.932498931884766, 778.3496704101562, 784.3223266601562, 1142.7557373046875], [515, 593, 536, 625], [340, 606, 359, 637], [705, 884, 740, 924], [337, 1032, 392, 1085]], "labels": [0, 0, 0, 0, 0, 0, 0, 0, 1, 1, 1, 1, 1, 2, 2, 2, 2, 2, 3, 3, 3, 3], "image_id": 930}, "character_clusters": [0, 1, 2, 1, 2, 3, 0, 3], "text_char_matches": [[0, 6], [1, 6], [2, 7], [3, 4], [4, 4]], "text_tail_matches": [[0, 0], [1, 0], [2, 1], [3, 2], [4, 3]], "text_classification": [1, 1, 1, 1, 1], "character_names": ["DENJI", "none", "none", "none", "none", "MAKIMA", "DENJI", "MAKIMA"]}