{"bbox_annotations": {"bboxes_as_x1y1x2y2": [[306.7327575683594, 1.3025683164596558, 512.1751824817518, 404.65718257427216], [45.78757858276367, 5.279134750366211, 287.5978355407715, 402.9110927581787], [505.37646484375, 451.6532897949219, 637.0106201171875, 646.3240966796875], [62.56820297241211, 693.0982055664062, 192.98969650268555, 926.1632080078125], [442.305908203125, 484.5726318359375, 522.346923828125, 644.4719848632812], [44.03105545043945, 441.69183349609375, 252.1846046447754, 645.7244873046875], [509.11883544921875, 978.072021484375, 680.26806640625, 1143.628173828125], [412.02919708029196, 2.1580142974853516, 783.9662475585938, 405.27874183654785], [215.10723876953125, 685.9906005859375, 703.9890747070312, 962.0310668945312], [493.8013000488281, 134.34022521972656, 573.552734375, 171.547607421875], [463.557861328125, 242.43048095703125, 600.1275024414062, 342.7362365722656], [97.8533706665039, 274.58514404296875, 229.34146881103516, 359.9759826660156], [582.7989501953125, 481.22344970703125, 732.2412719726562, 598.0028076171875], [306.2051696777344, 489.330322265625, 418.9320983886719, 594.4703979492188], [203.5998992919922, 574.2637329101562, 250.8923797607422, 606.8291625976562], [654.1701049804688, 728.8646240234375, 760.1557177615571, 809.7518248175182], [546.1856689453125, 764.4952392578125, 640.9343065693431, 860.3550415039062], [252.60272216796875, 1018.6277372262773, 400.9977722167969, 1112.0973236009731], [71.02342224121094, 957.5863746958637, 176.06776428222656, 1038.6569343065694], [300.61163330078125, 0.3886684775352478, 783.6755981445312, 408.4573059082031], [42.575904846191406, -0.940089762210846, 293.94500732421875, 407.5028991699219], [44.44660186767578, 432.45745849609375, 781.5680541992188, 646.1976928710938], [212.35260009765625, 677.5827026367188, 782.2365112304688, 962.7178344726562], [217.08795166015625, 965.0489501953125, 715.4118041992188, 1143.71826171875], [42.95755386352539, 677.9783935546875, 209.36651611328125, 1081.7171630859375], [121, 873, 148, 927], [118, 207, 142, 250], [540, 558, 573, 579], [446, 572, 492, 596], [556, 697, 624, 725], [195, 536, 218, 565], [612, 195, 638, 230]], "labels": [0, 0, 0, 0, 0, 0, 0, 0, 0, 1, 1, 1, 1, 1, 1, 1, 1, 1, 1, 2, 2, 2, 2, 2, 2, 3, 3, 3, 3, 3, 3, 3], "image_id": 932}, "character_clusters": [0, 0, 1, 0, 2, 0, 0, 3, 3], "text_char_matches": [[0, 7], [1, 7], [2, 1], [3, 2], [4, 2], [5, 5], [6, 8], [7, 8], [9, 3], [8, 8]], "text_tail_matches": [[0, 6], [1, 6], [2, 1], [3, 2], [4, 3], [6, 4], [7, 4], [5, 5], [9, 0]], "text_classification": [1, 1, 1, 1, 1, 1, 1, 1, 1, 1], "character_names": ["DENJI", "DENJI", "none", "DENJI", "none", "DENJI", "DENJI", "MAKIMA", "MAKIMA"]}