{"bbox_annotations": {"bboxes_as_x1y1x2y2": [[55.318734793187346, 16.05405616760254, 701.0218978102189, 869.8394160583941], [246.0729927007299, 101.09975669099757, 714.3746958637469, 685.7615571776155], [80.1815414428711, 868.1153564453125, 448.5109176635742, 1144.5235595703125], [179.30900243309, 413.9367396593674, 462.57907542579073, 854.5790754257907], [554.271728515625, 813.4381103515625, 783.3652954101562, 1144.44580078125], [256.56447688564475, 36.42184829711914, 409.1678832116788, 118.2676399026764], [253.47869873046875, 409.0359191894531, 306.43878173828125, 477.14947509765625], [563.88720703125, 1007.0584716796875, 654.2860717773438, 1117.83544921875], [385.0318298339844, 889.020263671875, 552.5750122070312, 964.2627737226277], [399.376708984375, 1009.513916015625, 513.6050415039062, 1108.2911376953125], [44.93245315551758, 4.245290279388428, 781.7657470703125, 858.7688598632812], [553.6472778320312, 811.5626831054688, 780.2615966796875, 1142.7586669921875], [41.049468994140625, 865.909912109375, 568.4700927734375, 1143.998291015625], [632, 956, 656, 997], [260, 501, 284, 533], [445, 35, 491, 69]], "labels": [0, 0, 0, 0, 0, 1, 1, 1, 1, 1, 2, 2, 2, 3, 3, 3], "image_id": 940}, "character_clusters": [0, 1, 0, 2, 1], "text_char_matches": [[0, 0], [2, 4], [3, 2], [4, 2], [1, 3]], "text_tail_matches": [[0, 2], [1, 1], [2, 0]], "text_classification": [1, 0, 1, 1, 1], "character_names": ["Muscle Devil", "DENJI", "Muscle Devil", "none", "DENJI"]}