{"bbox_annotations": {"bboxes_as_x1y1x2y2": [[399.567138671875, 38.78512191772461, 553.7010498046875, 389.84826278686523], [151.51388549804688, 59.627647399902344, 266.69683837890625, 388.5129623413086], [197.43065693430657, 494.05352798053525, 579.0546417236328, 1143.7459411621094], [571.4572143554688, 3.946810722351074, 780.1851196289062, 383.2842435836792], [246.0729927007299, 461.625304136253, 557.956204379562, 909.8978102189781], [264.19464720194645, 29.5669099756691, 352.8953771289537, 97.44619560241699], [167.65643310546875, 737.938720703125, 260.8763122558594, 759.2019464720194], [563.8956909179688, 1.062593698501587, 780.8593139648438, 388.58154296875], [379.95452880859375, 2.79044508934021, 554.0567626953125, 391.75238037109375], [44.67844009399414, -0.30598685145378113, 369.08544921875, 389.78094482421875], [43.1645393371582, 420.70367431640625, 709.694091796875, 1143.8902587890625], [244, 99, 275, 127], [265, 684, 286, 723]], "labels": [0, 0, 0, 0, 0, 1, 1, 2, 2, 2, 2, 3, 3], "image_id": 944}, "character_clusters": [0, 0, 1, 0, 2], "text_char_matches": [[0, 1], [1, 2]], "text_tail_matches": [[0, 0], [1, 1]], "text_classification": [1, 0], "character_names": ["MAKIMA", "MAKIMA", "DENJI", "MAKIMA", "none"]}