{"bbox_annotations": {"bboxes_as_x1y1x2y2": [[311.9277038574219, 857.5003051757812, 543.9483642578125, 1146.0660400390625], [568.8702392578125, 734.403892944039, 617.6991577148438, 963.30900243309], [61.40278244018555, 700.0656127929688, 286.77163314819336, 1140.194580078125], [638.2194213867188, 755.7977905273438, 781.3770141601562, 1143.5947265625], [314.510009765625, 697.9468383789062, 470.2442321777344, 840.9368286132812], [158.30738830566406, 212.94573974609375, 763.8084259033203, 666.4439086914062], [494.515380859375, 0.13799607753753662, 715.6946411132812, 184.05453050136566], [150.63633728027344, 1.0155627727508545, 350.3846435546875, 183.23432803153992], [379.6283264160156, 87.58284759521484, 454.3546447753906, 110.32176208496094], [629.5916137695312, 299.4608154296875, 723.9871215820312, 331.734130859375], [605.813720703125, 407.2765808105469, 713.2708740234375, 500.019287109375], [636.1654501216544, 939.8869018554688, 658.1021897810218, 1041.5182481751824], [476.018798828125, 724.47802734375, 541.2339477539062, 818.212890625], [448.0435791015625, 1034.51171875, 540.28369140625, 1084.4379562043794], [328.5016174316406, 1038.8636474609375, 414.55224609375, 1108.0460205078125], [199.338199513382, 950.2742309570312, 247.5493621826172, 987.1532846715328], [106.82238442822384, 1044.928955078125, 217.22767639160156, 1082.530413625304], [492.22149658203125, -0.4198831021785736, 717.8571166992188, 190.1153564453125], [42.21311569213867, -0.16466371715068817, 483.8824157714844, 189.01806640625], [44.67506408691406, 205.54360961914062, 779.2496948242188, 668.4580688476562], [567.9588623046875, 687.1077270507812, 780.7334594726562, 1141.6566162109375], [299.7795715332031, 691.0474853515625, 559.4473876953125, 848.3396606445312], [299.77972412109375, 849.9142456054688, 562.728271484375, 1146.7884521484375], [42.18730926513672, 692.0806884765625, 286.61273193359375, 1140.8060302734375], [571, 320, 616, 357], [431, 768, 466, 805], [194, 888, 221, 922], [457, 980, 479, 1011], [451, 118, 478, 143], [382, 985, 400, 1015]], "labels": [0, 0, 0, 0, 0, 0, 0, 0, 1, 1, 1, 1, 1, 1, 1, 1, 1, 2, 2, 2, 2, 2, 2, 2, 3, 3, 3, 3, 3, 3], "image_id": 948}, "character_clusters": [0, 0, 1, 1, 1, 1, 1, 0], "text_char_matches": [[0, 6], [1, 5], [2, 5], [4, 4], [5, 0], [6, 0], [7, 2], [8, 2]], "text_tail_matches": [[0, 4], [1, 0], [2, 0], [4, 1], [5, 3], [6, 5], [7, 2], [8, 2]], "text_classification": [1, 1, 1, 0, 1, 1, 1, 1, 1], "character_names": ["MAKIMA", "MAKIMA", "DENJI", "DENJI", "DENJI", "DENJI", "DENJI", "MAKIMA"]}