{"bbox_annotations": {"bboxes_as_x1y1x2y2": [[248.20838928222656, 530.6524047851562, 379.4567565917969, 775.6261596679688], [255.90655517578125, 835.4724731445312, 547.7147216796875, 1141.504150390625], [89.47428894042969, 4.188201427459717, 315.20220947265625, 492.1447443962097], [497.3115234375, 533.9531860351562, 739.2010498046875, 773.8831787109375], [0.8217477798461914, 528.5458984375, 216.08023166656494, 776.363525390625], [278.439453125, 68.83475494384766, 457.1735534667969, 494.0630569458008], [413.9405517578125, 67.99604797363281, 611.9237670898438, 495.0667266845703], [410.05120849609375, 274.9779052734375, 594.1995133819951, 401.9366149902344], [141.5675506591797, 297.96441650390625, 304.21923828125, 375.1976623535156], [417.9412536621094, 614.3798828125, 536.9732360097323, 708.5408325195312], [232.0850372314453, 688.6228710462286, 315.9990234375, 758.4738769531249], [17.084375381469727, 690.9859008789062, 118.0333423614502, 718.1897810218977], [-5.295448303222656, 3.2033584117889404, 737.9429321289062, 498.80450439453125], [388.94744873046875, 523.5712890625, 740.5867919921875, 777.8493041992188], [226.05259704589844, 522.5697021484375, 381.01971435546875, 779.64697265625], [-2.6221277713775635, 522.7894897460938, 218.9258575439453, 781.1248168945312], [-0.7217922210693359, 824.6074829101562, 739.3073120117188, 1142.6578369140625], [460, 202, 497, 247], [237, 206, 276, 250], [124, 724, 162, 752], [268, 635, 290, 669]], "labels": [0, 0, 0, 0, 0, 0, 0, 1, 1, 1, 1, 1, 2, 2, 2, 2, 2, 3, 3, 3, 3], "image_id": 933}, "character_clusters": [0, 1, 2, 1, 1, 0, 3], "text_char_matches": [[1, 5], [0, 5], [3, 0], [4, 4]], "text_tail_matches": [[0, 0], [1, 1], [3, 3], [4, 2]], "text_classification": [1, 1, 1, 1, 1], "character_names": ["MAKIMA", "DENJI", "none", "DENJI", "DENJI", "MAKIMA", "none"]}