{"bbox_annotations": {"bboxes_as_x1y1x2y2": [[1039.952153110048, 502.39234449760767, 1260.68701171875, 713.3971291866029], [102.79878997802734, 810.5181274414062, 525.238883972168, 1071.505126953125], [402.5719338741029, 1245.937207381691, 1000.8723489131654, 2006.3064700770035], [109.66645812988281, 286.3636363636364, 590.8797149658203, 757.7869873046875], [761.9617224880383, 614.5933014354067, 863.3812255859375, 945.0825805664062], [829.5975952148438, 127.3310546875, 1294.10888671875, 421.4977722167969], [363.3971291866029, 45.21531100478469, 436.9197998046876, 86.18396759033203], [425.658203125, 206.2598419189453, 589.1458129882812, 372.5526428222656], [115.48909759521484, 181.73936462402344, 313.91393280029297, 445.0721893310547], [1214.1148325358852, 1785.1674641148327, 1255.9808612440193, 1823.6842105263158], [1073.4449760765551, 1751.6746411483255, 1105.2631578947369, 1791.866028708134], [885.8851674641148, 1781.818181818182, 937.799043062201, 1818.66028708134], [741.866028708134, 1741.6267942583734, 795.4545454545455, 1790.1913875598088], [591.1483253588517, 1753.3492822966507, 636.3636363636364, 1800.2392344497607], [440.4306220095694, 1734.9282296650717, 480.622009569378, 1780.1435406698565], [324.88038277511964, 1771.7703349282297, 358.3732057416268, 1818.6602870813397], [614.3305053710938, -3.099738121032715, 1398.3291015625, 1066.3707275390625], [105.59532928466797, 8.715513229370117, 603.9127197265625, 770.3853759765625], [101.83041381835938, 802.8250732421875, 600.5934448242188, 1075.1070556640625], [95.89492797851562, 1102.245361328125, 1273.9573974609375, 1995.693359375]], "labels": [0, 0, 0, 0, 0, 1, 1, 1, 1, 1, 1, 1, 1, 1, 1, 1, 2, 2, 2, 2], "image_id": 109}, "character_clusters": [0, 1, 1, 0, 1], "text_char_matches": [[0, 0], [2, 3], [3, 3]], "text_tail_matches": [], "text_classification": [1, 1, 1, 1, 0, 0, 0, 0, 0, 0, 0], "character_names": ["Dario Brando", "Dio Brando", "Dio Brando", "Dario Brando", "Dio Brando"]}