{"bbox_annotations": {"bboxes_as_x1y1x2y2": [[87.12730407714844, 322.923828125, 352.30406188964844, 638.6895751953125], [926.0765550239234, 1252.6315789473686, 1287.0618896484375, 2016.3885498046875], [-8.313566207885742, 1187.3205741626796, 903.2720050811768, 2006.9207763671875], [480.622009569378, 0, 1292.8229665071772, 1195.6937799043062], [415.25128173828125, 424.9190368652344, 508.6250915527344, 486.2659912109375], [271.29186602870817, 191.86781311035156, 339.23895263671875, 240.59222412109375], [1074.1294313275644, 1780.1435406698565, 1173.9234449760768, 1822.695805453798], [271.5286560058594, 1216.3082275390625, 389.3570556640625, 1265.337890625], [403.0306701660156, -1.4833502769470215, 1294.1280517578125, 1158.8577880859375], [4.784238338470459, -2.311631441116333, 371.6730651855469, 1136.353515625], [922.099853515625, 1178.3900146484375, 1289.111572265625, 2001.26708984375], [2.9875099658966064, 1183.3580322265625, 901.1239013671875, 2006.16259765625]], "labels": [0, 0, 0, 0, 1, 1, 1, 1, 2, 2, 2, 2], "image_id": 120}, "character_clusters": [0, 0, 0, 0], "text_char_matches": [], "text_tail_matches": [], "text_classification": [0, 0, 0, 0], "character_names": ["Dio Brando", "Dio Brando", "Dio Brando", "Dio Brando"]}