{"bbox_annotations": {"bboxes_as_x1y1x2y2": [[534.0313110351562, -3.0020854473114014, 1276.5987548828125, 775.8309834003448], [131.03909301757812, 877.9581909179688, 1149.8325500488281, 1568.7940673828125], [371.77033492822966, 1727.5418701171875, 914.354066985646, 1930.8612440191387], [143.85357666015625, 305.9837646484375, 510.2255554199219, 612.564453125], [1033.825439453125, 885.8851674641148, 1219.5667724609375, 1177.6053466796875], [1142.1052631578948, 1319.9947509765625, 1234.1414794921873, 1358.5587158203125], [120.84402465820312, 889.2344497607656, 396.59405517578125, 1302.5023193359375], [254.54545454545456, 1674.641148325359, 350.0, 1771.7703349282297], [102.2159194946289, -2.5934829711914062, 1275.31591796875, 781.6143798828125], [106.60094451904297, 801.1204833984375, 1259.9427490234375, 1565.8494873046875], [107.4746322631836, 1611.99951171875, 1256.336669921875, 2010.1527099609375]], "labels": [0, 0, 0, 1, 1, 1, 1, 1, 2, 2, 2], "image_id": 124}, "character_clusters": [0, 1, 2], "text_char_matches": [[0, 0], [1, 1], [3, 1]], "text_tail_matches": [], "text_classification": [1, 1, 0, 1, 0], "character_names": ["Jonathan Joestar", "Dio Brando", "Danny"]}