{"bbox_annotations": {"bboxes_as_x1y1x2y2": [[99.95735168457031, 594.453125, 807.8120880126953, 1538.2032470703125], [92.63158416748047, 6.708874225616455, 962.4998092651367, 753.093273639679], [627.9904306220096, 741.866028708134, 862.4401913875599, 1147.129186602871], [1000.771240234375, 616.4803466796875, 1095.22802734375, 680.5772705078125], [621.2918660287081, 1522.2488038277513, 711.7224880382774, 1585.885167464115], [93.24608612060547, 9.89375114440918, 1396.4398193359375, 1512.193359375], [701.1412353515625, 1568.7532958984375, 1265.4774169921875, 1945.32080078125], [98.47250366210938, 1577.14013671875, 685.3869018554688, 2016.8651123046875]], "labels": [0, 0, 0, 1, 1, 2, 2, 2], "image_id": 119}, "character_clusters": [0, 1, 2], "text_char_matches": [], "text_tail_matches": [], "text_classification": [0, 0], "character_names": ["none", "none", "none"]}