{"bbox_annotations": {"bboxes_as_x1y1x2y2": [[462.73760986328125, 1525.7958984375, 1217.682373046875, 2009.6966552734375], [195.568359375, 1174.52392578125, 395.8518371582031, 1355.699951171875], [505.0265808105469, 738.4319458007812, 996.4114832535886, 1180.622009569378], [338.2775119617225, 62.43305969238281, 956.22009569378, 586.1244019138757], [331.2987976074219, 794.912109375, 470.1835632324219, 964.8469848632812], [205.98086124401914, 308.13397129186603, 1120.3349282296651, 688.7660980224609], [219.69046020507812, 929.6875, 432.6046142578125, 1135.0576171875], [365.56036376953125, 1609.95458984375, 715.0717703349283, 2009.392333984375], [125.59808612440192, 1466.9856459330144, 341.8530578613281, 1833.7320574162682], [671.5311004784689, 884.2105263157895, 1281.1004784688996, 1403.7886962890625], [999.1845703125, 215.37673950195312, 1240.9718017578125, 462.371826171875], [791.1017456054688, 135.7494659423828, 873.7962036132812, 177.3284454345703], [351.7229919433594, 500.79376220703125, 426.9266662597656, 546.6893310546875], [291.7029113769531, 460.4785461425781, 352.00775146484375, 500.0544738769531], [155.77207946777344, 224.11221313476562, 296.3923034667969, 433.708740234375], [313.2665710449219, 601.765625, 374.4353942871094, 642.5099487304688], [1000.7876586914062, 900.9569377990431, 1105.2631578947369, 951.520751953125], [581.7308740935257, 1273.2560252504486, 668.6338892302444, 1323.0311717348236], [138.47381591796875, 861.4263916015625, 265.7467956542969, 976.1058959960938], [409.2910547575882, 1135.7444677033493, 478.9119959196976, 1206.3326024689743], [1144.9649658203125, 1493.7799043062203, 1260.083740234375, 1701.165771484375], [912.8714599609375, 1523.331787109375, 1120.451904296875, 1792.2947998046875], [364.62530517578125, 1521.6981201171875, 525.0882568359375, 1821.171875], [200.95693779904306, 1827.0334928229665, 282.113037109375, 1909.090909090909], [124.3416748046875, 2.1725168228149414, 1280.0506591796875, 696.0426635742188], [497.8483581542969, 724.6903686523438, 1281.5001220703125, 1415.3040771484375], [123.70960998535156, 737.51416015625, 490.6274719238281, 1425.155517578125], [356.668701171875, 1456.3370361328125, 1279.01708984375, 1999.55224609375], [119.32270050048828, 1448.6011962890625, 340.2929992675781, 1924.697998046875], [403, 1230, 446, 1271], [408, 1884, 459, 1951], [780, 159, 965, 265], [291, 293, 367, 371], [261, 786, 300, 830]], "labels": [0, 0, 0, 0, 0, 0, 0, 0, 0, 0, 1, 1, 1, 1, 1, 1, 1, 1, 1, 1, 1, 1, 1, 1, 2, 2, 2, 2, 2, 3, 3, 3, 3, 3], "image_id": 114}, "character_clusters": [0, 1, 0, 0, 2, 1, 0, 2, 1, 1], "text_char_matches": [[0, 3], [4, 3], [7, 9], [8, 4], [9, 1], [10, 0], [11, 0], [12, 7]], "text_tail_matches": [[0, 2], [4, 3], [9, 0], [8, 4], [12, 1]], "text_classification": [1, 1, 0, 0, 1, 0, 0, 0, 1, 1, 1, 1, 1, 0], "character_names": ["none", "Jonathan Joestar", "none", "none", "none", "Jonathan Joestar", "none", "none", "Jonathan Joestar", "Jonathan Joestar"]}