{"bbox_annotations": {"bboxes_as_x1y1x2y2": [[420.3349282296651, 1515.55023923445, 718.421052631579, 1780.9141845703125], [185.838134765625, 1187.9136962890625, 382.5712585449219, 1541.2471923828125], [590.482421875, 538.5370483398438, 1233.410888671875, 810.4546508789062], [125.59808612440192, 1591.5023193359375, 379.6705093383789, 1885.39013671875], [352.11871337890625, 335.8819885253906, 538.0814208984375, 487.2471618652344], [571.0526315789474, 0, 1284.4497607655503, 485.6459330143541], [470.57416267942585, 1425.1196172248804, 775.3588516746412, 1763.3971291866028], [1021.664794921875, 96.54625701904297, 1261.7340087890625, 270.90230560302734], [117.39993286132812, 91.7323226928711, 392.851318359375, 337.2543258666992], [158.7696533203125, 558.4116821289062, 554.9951171875, 746.559326171875], [671.5311004784689, 927.7511961722488, 775.3588516746412, 986.3636363636364], [17.16982650756836, 3.713883876800537, 1287.6492919921875, 492.03277587890625], [122.97991180419922, 530.248046875, 1290.6014404296875, 820.5848388671875], [397.08135986328125, 836.763671875, 1281.4173583984375, 1988.48046875], [3.807497024536133, 854.9393920898438, 389.4778747558594, 1548.234375], [123.39196014404297, 1583.37890625, 389.28643798828125, 1897.9437255859375]], "labels": [0, 0, 0, 0, 0, 0, 0, 1, 1, 1, 1, 2, 2, 2, 2, 2], "image_id": 118}, "character_clusters": [0, 1, 2, 1, 1, 2, 3], "text_char_matches": [[0, 5], [1, 5], [2, 2]], "text_tail_matches": [], "text_classification": [1, 1, 1, 0], "character_names": ["none", "Jonathan Joestar", "Erina Pendleton", "Jonathan Joestar", "Jonathan Joestar", "Erina Pendleton", "none"]}