{"bbox_annotations": {"bboxes_as_x1y1x2y2": [[681.7398071289062, 1610.49755859375, 927.7511961722489, 1877.2727272727275], [107.17703349282297, 1641.1483253588517, 318.1818181818182, 2006.0313720703125], [1018.1818181818182, 1611.079833984375, 1263.158203125, 1881.6414794921875], [881.5283813476562, 797.1291866028708, 1257.6555023923445, 1249.2822966507179], [1009.9244995117188, 1305.4052734375, 1264.8778076171875, 1566.2144775390625], [613.93017578125, 1329.665071770335, 833.9712918660287, 1555.7416267942585], [1122.5576171875, 133.9712918660287, 1305.7198486328125, 368.42105263157896], [956.9612426757812, 175.29454040527344, 1114.0452880859375, 518.0002899169922], [806.4066749098198, 1183.278850062612, 887.9907813551323, 1229.699260218862], [936.0368041992188, 1372.626708984375, 1006.850341796875, 1447.8675537109375], [129.79473876953125, 1493.1622314453125, 282.72100830078125, 1585.4075927734375], [286.3636363636364, 1698.248291015625, 474.26910400390625, 1916.916015625], [107.03665924072266, 7.972550868988037, 1397.1953125, 1246.28466796875], [925.7429809570312, 1291.0048828125, 1271.427978515625, 1573.745361328125], [609.3427734375, 1289.284912109375, 917.6644287109375, 1570.0198974609375], [947.1980590820312, 1594.898681640625, 1268.207763671875, 1893.4522705078125], [606.04296875, 1593.623291015625, 932.2877807617188, 1897.8973388671875], [108.44557189941406, 1303.364990234375, 588.4862670898438, 2036.150634765625], [966, 1482, 1003, 1525]], "labels": [0, 0, 0, 0, 0, 0, 1, 1, 1, 1, 1, 1, 2, 2, 2, 2, 2, 2, 3], "image_id": 115}, "character_clusters": [0, 0, 0, 0, 0, 0], "text_char_matches": [[0, 3], [1, 3], [3, 4]], "text_tail_matches": [[3, 0]], "text_classification": [1, 1, 0, 1, 1, 0], "character_names": ["Jonathan Joestar", "Jonathan Joestar", "Jonathan Joestar", "Jonathan Joestar", "Jonathan Joestar", "Jonathan Joestar"]}