{"bbox_annotations": {"bboxes_as_x1y1x2y2": [[437.0813397129187, 1180.622009569378, 657.4552612304688, 1446.6302490234375], [147.3684210526316, 1537.3205741626796, 357.0645446777344, 1882.2769775390627], [855.2071533203125, 1510.2918701171875, 962.8165893554688, 1619.1156005859375], [495.69377990430627, 1176.2205810546875, 927.8323364257812, 1450.2392344497607], [624.6411483253589, 1646.0704345703125, 859.5747680664064, 1890.136962890625], [922.7272727272727, 266.26794258373207, 954.5454545454546, 304.78468899521533], [994.7368421052632, 329.9043062200957, 1034.9282296650717, 370.0956937799043], [825.5980861244019, 216.0287081339713, 870.8133971291866, 264.5933014354067], [1043.3014354066986, 416.9856459330144, 1076.7942583732058, 460.5263157894737], [656.4593301435407, 205.98086124401914, 701.6746411483253, 252.87081339712918], [1056.6985645933014, 547.6076555023924, 1088.5167464114832, 581.1004784688996], [520.8133971291867, 209.33014354066987, 561.0047846889953, 251.19617224880383], [1044.976076555024, 679.9043062200957, 1076.7942583732058, 718.421052631579], [83.75262451171875, 116.52403259277344, 294.9166259765625, 409.64073181152344], [1084.65478515625, 1182.1728515625, 1275.50048828125, 1429.0804443359375], [964.489501953125, 1173.9715576171875, 1031.1685791015625, 1364.221435546875], [832.160400390625, 1345.9938573517868, 929.962890625, 1381.1986913361618], [149.80879642176285, 1254.7699827349356, 329.62434817957535, 1369.8564593301435], [1087.4149169921875, 1543.955322265625, 1274.6072998046875, 1770.76220703125], [1056.6053052108255, 1945.5397972581488, 1160.4326977889505, 1988.2229027268988], [772.0095693779905, 1567.4641148325359, 852.3923444976077, 1612.6794258373207], [388.7384948730469, 1572.488038277512, 578.8767700195312, 1800.8294677734373], [234.32537841796875, 1554.4439697265625, 344.33807373046875, 1608.277587890625], [-3.831237554550171, -0.05514290928840637, 1291.862548828125, 1126.31494140625], [116.39844512939453, 1156.9420166015625, 1341.9453125, 1461.2940673828125], [373.42706298828125, 1486.2095947265625, 1290.8626708984375, 2006.25732421875], [144.91236877441406, 1501.9083251953125, 361.2230529785156, 1897.94384765625]], "labels": [0, 0, 0, 0, 0, 1, 1, 1, 1, 1, 1, 1, 1, 1, 1, 1, 1, 1, 1, 1, 1, 1, 1, 2, 2, 2, 2], "image_id": 104}, "character_clusters": [0, 1, 0, 1, 1], "text_char_matches": [[8, 3], [9, 3], [10, 3], [12, 3], [16, 4], [17, 1], [13, 2]], "text_tail_matches": [], "text_classification": [0, 0, 0, 0, 0, 0, 0, 0, 1, 1, 0, 1, 1, 1, 0, 0, 1, 1], "character_names": ["WOMAN FROM BAR", "Dario Brando", "WOMAN FROM BAR", "Dario Brando", "Dario Brando"]}