{"bbox_annotations": {"bboxes_as_x1y1x2y2": [[915.9313354492188, 1637.799043062201, 1398.3253588516745, 1888.0318603515625], [103.20684051513672, 1516.500244140625, 878.1298751831055, 2004.52880859375], [109.61038208007812, 22.419513702392578, 764.7468566894531, 1028.1424751281738], [395.8590393066406, 100.67253875732422, 1409.6504211425781, 1043.254020690918], [908.393798828125, 1092.42431640625, 1106.9377990430621, 1284.4497607655503], [508.0628662109375, 1088.81396484375, 880.4842529296875, 1468.327392578125], [102.50572204589844, 1139.3370361328125, 289.3600158691406, 1455.083740234375], [111.55548095703125, 1090.1913875598086, 486.14013671875, 1463.7760009765625], [909.4701538085938, 1142.1052631578948, 1206.0692138671875, 1686.117919921875], [1188.884765625, 167.68272399902344, 1307.54296875, 251.97393798828125], [1189.8446044921875, 1161.5213623046875, 1320.9693603515625, 1353.0001220703125], [1205.7416267942585, 1438.5167464114834, 1282.775119617225, 1483.7320574162682], [777.3206591446434, 1156.7064670398474, 875.6840624649559, 1247.6076555023924], [519.864501953125, 1105.990234375, 633.4920654296875, 1307.037353515625], [423.68421052631584, 1192.3444976076555, 460.52631578947376, 1356.4593301435407], [771.0496826171875, 1567.32275390625, 863.1946411132812, 1720.4075927734375], [656.8056640625, 1793.522705078125, 701.6414794921875, 1965.833251953125], [123.54246520996094, 1556.7406005859375, 321.4212951660156, 1781.1048583984375], [108.09872436523438, 3.4788529872894287, 1399.8489990234375, 1043.0487060546875], [897.9603271484375, 1070.1727294921875, 1394.4888916015625, 1890.282958984375], [510.4952392578125, 1076.312744140625, 886.5233764648438, 1474.2100830078125], [105.15721893310547, 1076.756103515625, 498.55303955078125, 1472.7286376953125], [102.346923828125, 1495.67236328125, 872.9051513671875, 2003.28857421875], [1181, 328, 1234, 381], [761, 1764, 812, 1806], [555, 1322, 594, 1364], [791, 1299, 846, 1347], [209, 1828, 265, 1877]], "labels": [0, 0, 0, 0, 0, 0, 0, 0, 0, 1, 1, 1, 1, 1, 1, 1, 1, 1, 2, 2, 2, 2, 2, 3, 3, 3, 3, 3], "image_id": 107}, "character_clusters": [0, 0, 1, 0, 2, 0, 2, 1, 1], "text_char_matches": [[0, 3], [1, 8], [3, 5], [4, 5], [6, 1], [8, 1]], "text_tail_matches": [[0, 0], [3, 3], [4, 2], [6, 1], [8, 4]], "text_classification": [1, 1, 0, 1, 1, 0, 1, 0, 1], "character_names": ["George Joestar", "George Joestar", "Dario Brando", "George Joestar", "WOMAN FROM BAR", "George Joestar", "WOMAN FROM BAR", "Dario Brando", "Dario Brando"]}