{"bbox_annotations": {"bboxes_as_x1y1x2y2": [[847.3684210526317, 1488.6260986328125, 1266.5864257812502, 1881.3995361328125], [110.58860778808594, 70.33492822966508, 899.2822966507177, 1433.4928229665072], [629.665071770335, 344.97607655502395, 1396.341552734375, 1436.842105263158], [101.10710144042969, 1486.1431884765625, 367.9123992919922, 1877.01025390625], [425.3588516746412, 1594.2583732057417, 815.5502392344498, 1828.708133971292], [1006.2977905273438, 123.32559967041016, 1132.543212890625, 194.0432891845703], [823.9234449760766, 1698.086124401914, 889.2344497607655, 1731.5789473684213], [480.622009569378, 1456.269775390625, 533.9817504882811, 1494.24755859375], [333.2535885167464, 1857.177033492823, 416.9856459330143, 1888.9952153110048], [107.39268493652344, 4.461546421051025, 1395.91650390625, 1445.000732421875], [826.8821411132812, 1481.9849853515625, 1264.437255859375, 1887.77197265625], [382.6613464355469, 1478.0811767578125, 815.1007690429688, 1881.63671875], [100.16221618652344, 1480.193603515625, 388.3208312988281, 1885.015625]], "labels": [0, 0, 0, 0, 0, 1, 1, 1, 1, 2, 2, 2, 2], "image_id": 123}, "character_clusters": [0, 1, 0, 2, 1], "text_char_matches": [], "text_tail_matches": [], "text_classification": [0, 1, 1, 1], "character_names": ["Dio Brando", "Danny", "Dio Brando", "Jonathan Joestar", "Danny"]}