{"bbox_annotations": {"bboxes_as_x1y1x2y2": [[546.40966796875, 1521.7994384765625, 835.6177368164062, 1877.8109130859375], [113.96055603027344, 1030.5185546875, 412.1445770263672, 1882.5286865234375], [750.2392344497608, 540.9090909090909, 1205.7416267942585, 934.4497607655503], [599.82470703125, 256.545654296875, 877.6588745117188, 464.8710021972656], [931.6917724609375, 1192.6669921875, 1133.7730712890625, 1381.2998046875], [154.851318359375, 510.8953552246094, 576.1400146484375, 981.1829223632812], [125.5173110961914, 185.42332458496094, 383.65323638916016, 926.5327606201172], [952.0988159179688, 1498.0587158203125, 1139.8255615234375, 2008.2835693359375], [933.6596069335938, 77.67338562011719, 1277.2066650390625, 470.05589294433594], [915.3663940429688, 106.91301727294922, 1064.51416015625, 282.26781463623047], [800.4509887695312, 161.78933715820312, 869.5031127929688, 204.39781188964844], [701.6746411483253, 114.8077621459961, 768.5618896484374, 159.10894775390625], [618.676513671875, 219.3079376220703, 685.2800903320312, 259.7937316894531], [638.8098754882812, 574.9161987304688, 743.3018188476562, 693.2348022460938], [408.497791783091, 271.6719469864403, 564.3493237655128, 331.29703853917465], [860.7655502392345, 1043.3014354066986, 926.0765550239234, 1083.4928229665072], [806.2247314453125, 1084.918701171875, 867.759521484375, 1130.558349609375], [768.0152587890625, 1158.0869140625, 837.1419677734375, 1202.3670654296875], [562.8163452148438, 1075.1196172248804, 741.9970092773438, 1382.1763916015625], [435.85931396484375, 1177.2727272727273, 554.7892456054688, 1354.2071533203125], [435.74462890625, 1548.6004638671875, 577.9609375, 1709.5487060546875], [313.15789473684214, 1717.795942242636, 405.00778198242193, 1759.538618023886], [902.3385620117188, -0.9069840908050537, 1280.558837890625, 478.1595764160156], [597.84765625, 0.3546569347381592, 885.079345703125, 478.28790283203125], [607.9176025390625, 504.80535888671875, 1280.2587890625, 985.9771118164062], [119.57917022705078, 122.48625946044922, 579.8978271484375, 993.09375], [430.9271240234375, 1022.9529418945312, 1281.9833984375, 2004.5118408203125], [119.00482177734375, 1021.3368530273438, 414.4649658203125, 1892.6436767578125], [976, 322, 1028, 363], [318, 1545, 364, 1610], [637, 1424, 682, 1481], [566, 1525, 606, 1560]], "labels": [0, 0, 0, 0, 0, 0, 0, 0, 0, 1, 1, 1, 1, 1, 1, 1, 1, 1, 1, 1, 1, 1, 2, 2, 2, 2, 2, 2, 3, 3, 3, 3], "image_id": 122}, "character_clusters": [0, 1, 2, 1, 2, 0, 1, 1, 0], "text_char_matches": [[0, 8], [5, 5], [9, 0], [10, 0], [12, 1], [11, 0]], "text_tail_matches": [[0, 0], [9, 2], [10, 2], [11, 3], [12, 1]], "text_classification": [1, 0, 0, 0, 0, 1, 0, 0, 0, 1, 1, 1, 1], "character_names": ["Jonathan Joestar", "Dio Brando", "Danny", "Dio Brando", "Danny", "Jonathan Joestar", "Dio Brando", "Dio Brando", "Jonathan Joestar"]}