{"bbox_annotations": {"bboxes_as_x1y1x2y2": [[567.7033492822967, 500.4810485839844, 943.7578125, 981.3397129186603], [122.7212142944336, 107.17703349282297, 416.67867279052734, 365.97696685791016], [115.55023923444976, 1029.9043062200958, 697.4345092773438, 2007.8947368421054], [372.7314147949219, 602.8708133971293, 550.3318481445312, 983.8584594726562], [951.1961722488039, 57.392154693603516, 1264.9757080078125, 967.9425837320575], [710.2677612304688, 1037.505615234375, 1278.884765625, 2011.73974609375], [424.63525390625, 123.38795471191406, 539.4011840820312, 269.60235595703125], [123.09664916992188, 438.75598086124404, 398.3333740234375, 963.8793029785156], [729.2421875, 1125.3588516746413, 869.632568359375, 1271.6606053986618], [540.7295532226562, 1108.6124401913876, 689.365478515625, 1255.6595458984375], [560.4862670898438, -9.566157341003418, 1271.5380859375, 995.6077880859375], [115.17642974853516, 4.274144172668457, 551.411376953125, 377.9734802246094], [117.43284606933594, 419.02447509765625, 552.2164306640625, 992.3197021484375], [706.188232421875, 1032.03125, 1269.4876708984375, 2003.8768310546875], [108.63253784179688, 1022.2010498046875, 694.5565185546875, 2006.268310546875], [413, 315, 483, 364], [577, 1335, 646, 1388], [765, 1377, 818, 1434]], "labels": [0, 0, 0, 0, 0, 0, 1, 1, 1, 1, 2, 2, 2, 2, 2, 3, 3, 3], "image_id": 121}, "character_clusters": [0, 1, 0, 1, 1, 1], "text_char_matches": [[0, 1], [1, 3], [2, 5], [3, 2]], "text_tail_matches": [[0, 0], [2, 2], [3, 1]], "text_classification": [1, 1, 1, 1], "character_names": ["Dio Brando", "Jonathan Joestar", "Dio Brando", "Jonathan Joestar", "Jonathan Joestar", "Jonathan Joestar"]}