{"bbox_annotations": {"bboxes_as_x1y1x2y2": [[792.88232421875, 186.8729705810547, 863.5977172851562, 332.0282287597656], [1050.536865234375, 160.2892608642578, 1122.4737548828125, 287.50115966796875], [869.0057983398438, 107.57640838623047, 932.020263671875, 217.64447021484375], [967.2596435546875, 178.05215454101562, 1040.3515625, 284.46429443359375], [940.897216796875, 125.73831939697266, 994.539794921875, 224.28550720214844], [76.38511657714844, 100.51227569580078, 1398.25, 2083.7304153442383], [1090.25, 127.75, 1136.1842041015625, 229.09400939941412], [1222.0802001953125, 131.22225952148438, 1289.75, 232.67921447753906], [915.2222290039062, 269.2427673339844, 1274.4656982421875, 589.99267578125], [821.5756225585938, 110.1226577758789, 871.3177490234375, 202.51986694335938], [890.3435668945312, 270.0574035644531, 990.7515869140625, 457.0528869628906], [800.7244262695312, 283.5, 897.6405639648438, 529.9217529296874], [904.9348754882812, 164.64163208007812, 977.2413940429688, 290.63873291015625], [1144.5, 117.25, 1204.0, 224.2165374755859], [1052.1156005859375, 155.68048095703125, 1116.1673583984375, 273.8388366699219], [983.37841796875, 141.88926696777344, 1031.4395751953125, 224.5810089111328], [1167.25, 154, 1240.75, 225.75], [1074.5, 103.25, 1099.0, 148.75], [980, 105, 1023.75, 173.25], [1020.25, 119, 1071.0, 206.5], [780.5, 110.25, 815.5, 187.25], [806.75, 190.75, 918.75, 348.25], [1116.5, 212.9224395751953, 1281.0, 420.0], [1034.4346923828125, 749.3391723632812, 1203.4127197265625, 870.1058349609375], [119.47837829589844, 1410.8856201171875, 437.8035125732422, 1848.366455078125], [796.271728515625, -7.086704730987549, 1287.06689453125, 586.3790893554688], [67.95286560058594, -5.540764331817627, 1402.4716796875, 2094.09326171875]], "labels": [0, 0, 0, 0, 0, 0, 0, 0, 0, 0, 0, 0, 0, 0, 0, 0, 0, 0, 0, 0, 0, 0, 1, 1, 1, 2, 2], "image_id": 404}, "character_clusters": [0, 1, 2, 3, 4, 5, 6, 7, 5, 8, 9, 10, 11, 12, 13, 14, 15, 16, 17, 18, 19, 20], "text_char_matches": [[1, 5], [2, 5]], "text_tail_matches": [], "text_classification": [1, 1, 1], "character_names": ["none", "none", "none", "none", "none", "Erina Nakiri", "none", "none", "Erina Nakiri", "none", "none", "none", "none", "none", "none", "none", "none", "none", "none", "none", "none", "none"]}