{"bbox_annotations": {"bboxes_as_x1y1x2y2": [[533.641357421875, 728.7761840820312, 584.5, 861.6743774414062], [795.3526611328125, 978.25, 967.75, 1261.2086181640625], [607.6514892578125, 680.7169189453125, 678.8455810546875, 865.9602661132812], [276.4292297363281, 1062.03515625, 388.00653076171875, 1261.5758056640625], [5.270689964294434, 1305.96923828125, 303.42123317718506, 1938.151123046875], [503.7225646972656, 705.0572509765625, 546.4711303710938, 858.5841064453125], [318.0749206542969, 1321.25, 684.1810913085938, 1864.1556396484373], [726.0283203125, 1312.5516357421875, 1043.247802734375, 2106.321044921875], [307.3174743652344, 1312.1973876953125, 430.650390625, 1823.0341796875], [708.7835083007812, 575.75, 843.7029418945312, 878.445068359375], [359.22601318359375, 1032.5, 454.4976501464844, 1256.503173828125], [452.43927001953125, 1032.2305908203125, 551.7817993164062, 1256.9744873046875], [76.71004486083984, 171.5, 284.6714401245117, 542.3858032226562], [859.912841796875, 654.0065307617188, 973.047607421875, 884.0262451171875], [936.6156616210938, 940.5631103515625, 1116.5, 1261.63330078125], [548.1249389648438, 962.5, 622.4864501953125, 1257.2340087890625], [994.3825073242188, 1434.477783203125, 1171.0390625, 1727.25], [439.25, 1072.75, 488.25, 1247.75], [966, 133.09844970703125, 1253.7247314453125, 371.0], [399.63427734375, 114.65473937988281, 936.34033203125, 226.9066925048828], [1121.75, 976.5, 1264.470947265625, 1203.402587890625], [633.397705078125, 969.5, 783.7909545898438, 1218.0], [112.33330535888672, 997.5, 248.5, 1196.6951904296875], [1165.5, 1316.6553955078125, 1279.25244140625, 1522.5633544921875], [1171.9986572265625, 1583.1346435546875, 1277.72216796875, 1765.7015380859375], [1071, 1646.75, 1142.845458984375, 1828.75], [720.4088745117188, 1494.9490966796875, 814.8362426757812, 1527.75], [547.6085205078125, 1736, 664.3482055664062, 1899.161865234375], [-12.678443908691406, 3.0585856437683105, 1283.5701904296875, 905.752197265625], [631.3931274414062, 926.5404663085938, 1279.9302978515625, 1272.43408203125], [94.30416870117188, 931.6019897460938, 632.1908569335938, 1275.4339599609375], [970.6905517578125, 1292.2799072265625, 1288.2335205078125, 1931.0450439453125], [303.2773132324219, 1298.5322265625, 1049.4266357421875, 2094.934814453125], [3.103834390640259, 1305.666015625, 309.30047607421875, 1936.507568359375], [662, 1820, 702, 1859], [800, 1507, 836, 1539], [1080, 1327, 1176, 1427]], "labels": [0, 0, 0, 0, 0, 0, 0, 0, 0, 0, 0, 0, 0, 0, 0, 0, 0, 0, 1, 1, 1, 1, 1, 1, 1, 1, 1, 1, 2, 2, 2, 2, 2, 2, 3, 3, 3], "image_id": 399}, "character_clusters": [0, 1, 2, 3, 4, 5, 4, 2, 6, 7, 8, 9, 10, 11, 12, 13, 2, 14], "text_char_matches": [[0, 2], [5, 16], [6, 16], [9, 7], [2, 16], [3, 16], [4, 16], [8, 7]], "text_tail_matches": [[5, 2], [6, 2], [8, 1], [9, 0]], "text_classification": [1, 0, 1, 1, 1, 1, 1, 0, 1, 1], "character_names": ["none", "none", "S\u014dma Yukihira", "none", "Yoshiaki Nikaido", "none", "Yoshiaki Nikaido", "S\u014dma Yukihira", "none", "none", "none", "none", "none", "none", "none", "none", "S\u014dma Yukihira", "none"]}