{"bbox_annotations": {"bboxes_as_x1y1x2y2": [[460.7543640136719, 420.6495056152344, 1013.25, 971.4959411621094], [533.8469848632812, 1236.7528076171875, 711.3368530273438, 1525.1077880859375], [974.9458618164062, 49.35737991333008, 1283.1671142578125, 970.3982124328613], [-2.893038034439087, 1068.586669921875, 261.3569619655609, 1516.896728515625], [688.5852661132812, 1230.5093994140625, 829.8815307617188, 1529.6165771484375], [889.5567626953125, 1042.1597900390625, 1058.30322265625, 1470.1514892578125], [41.79201126098633, 128.98655700683594, 469.51359939575195, 971.6244354248047], [890.9434814453125, 1037.6689453125, 1279.25, 1519.0], [640.07275390625, 51.921382904052734, 984.5199584960938, 966.940486907959], [215.19017028808594, 1570.52783203125, 1282.75, 2101.97412109375], [956.7528076171875, 1277.888916015625, 1028.742431640625, 1456.531494140625], [519.75, 1006.25, 1055.25, 1233.75], [274.75, 1324.75, 456.75, 1492.75], [140, 635.25, 453.25, 967.75], [1036.5606689453125, 715.9916381835938, 1263.3544921875, 874.752685546875], [843.9271850585938, 405.78375244140625, 976.2254638671875, 624.745849609375], [798.7919921875, 743.75, 1011.1968994140625, 919.1038208007812], [475.50958251953125, 798.9409790039062, 568.88330078125, 925.8980102539062], [341.3842468261719, 240.4930877685547, 450.5674743652344, 555.1489105224609], [254.62646484375, 794.8334350585938, 374.20965576171875, 890.7019653320312], [1048.8922119140625, 1148.9100341796875, 1281.49951171875, 1366.4827880859375], [229.25, 1359.75, 1158.5, 1550.5], [877.2557983398438, 1352.005859375, 964.11962890625, 1424.66064453125], [220.45359802246094, 1034.500244140625, 565.5080413818359, 1317.878662109375], [91.77831268310547, 1358.933349609375, 166.29505920410156, 1399.624267578125], [1015.0187377929688, 1588.92578125, 1251.2562255859375, 1935.8800048828125], [126.312744140625, 1743, 353.6067199707031, 1879.09423828125], [973.8128662109375, -3.88673996925354, 1285.1068115234375, 982.3885498046875], [460.02313232421875, -4.846791744232178, 1018.2879028320312, 972.4957885742188], [4.030841827392578, 5.518077373504639, 496.1658020019531, 984.7615356445312], [-1.5393376350402832, 1006.7515869140625, 1283.813720703125, 1535.639404296875], [94.99349975585938, 1551.693115234375, 1280.7200927734375, 2097.263427734375]], "labels": [0, 0, 0, 0, 0, 0, 0, 0, 0, 0, 0, 0, 0, 0, 1, 1, 1, 1, 1, 1, 1, 1, 1, 1, 1, 1, 1, 2, 2, 2, 2, 2], "image_id": 407}, "character_clusters": [0, 0, 1, 2, 1, 3, 0, 4, 1, 5, 6, 7, 8, 1], "text_char_matches": [[0, 2], [1, 8], [3, 0], [4, 6], [5, 13], [8, 4], [6, 1], [9, 1], [10, 4], [12, 1], [11, 1]], "text_tail_matches": [], "text_classification": [1, 1, 0, 1, 1, 1, 1, 1, 1, 1, 1, 1, 1], "character_names": ["Yoshiaki Nikaido", "Yoshiaki Nikaido", "S\u014dma Yukihira", "none", "S\u014dma Yukihira", "none", "Yoshiaki Nikaido", "none", "S\u014dma Yukihira", "Erina Nakiri", "none", "none", "none", "S\u014dma Yukihira"]}