{"bbox_annotations": {"bboxes_as_x1y1x2y2": [[563.0890502929688, 1481.340087890625, 765.8800659179688, 1928.1583251953125], [554.7452392578125, 1591.03369140625, 632.2430419921875, 1713.633056640625], [242.79837036132812, 1557.095947265625, 482.10040283203125, 1928.3590087890625], [-8.401372909545898, 679.9741821289062, 705.9930973052979, 1479.8883056640625], [1028.4344482421875, 862.1260986328125, 1269.45654296875, 1462.140625], [436.8010559082031, 1580.5948486328125, 585.9649047851562, 1929.9100341796875], [526.06103515625, 133.0084228515625, 1083.4886474609375, 684.3567504882812], [0.4782475531101227, 1547, 99.58969011902809, 1931.4984130859375], [116.73556518554688, 161.87408447265625, 459.02301025390625, 663.0017700195312], [721, 1183, 1174.25, 2092.834716796875], [409.5, 1622.25, 491.75, 1722.0], [424.1204528808594, 210.49598693847656, 518.3978881835938, 267.95111083984375], [507.8658447265625, 478.1416931152344, 771.2990112304688, 612.5], [941.1290893554688, 717.3958129882812, 1249.8094482421875, 848.8878784179688], [915.5165405273438, 1006.51806640625, 1017.8349609375, 1107.171875], [871.5, 1169, 1225.0, 1786.75], [693.1351928710938, 824.0211181640625, 867.3172607421875, 1288.5084228515625], [674.482666015625, 1492.75, 790.6712036132812, 1630.1104736328125], [513.8961791992188, 1727.25, 708.87060546875, 1927.343994140625], [360.6088562011719, 1748.25, 465.5530090332031, 1884.3298339843748], [88.91728973388672, 1695.75, 256.1418991088867, 1887.900634765625], [5.080056190490723, -3.1015186309814453, 1180.3985595703125, 674.9044189453125], [716.7548828125, 688.6172485351562, 1265.880615234375, 2095.12646484375], [-2.262526750564575, 672.599609375, 908.611083984375, 1511.337646484375], [-2.529805898666382, 1447.7432861328125, 803.1173706054688, 1938.693603515625], [1010, 1079, 1056, 1116], [276, 166, 417, 224]], "labels": [0, 0, 0, 0, 0, 0, 0, 0, 0, 0, 0, 1, 1, 1, 1, 1, 1, 1, 1, 1, 1, 2, 2, 2, 2, 3, 3], "image_id": 401}, "character_clusters": [0, 1, 2, 3, 3, 4, 3, 5, 6, 6, 7], "text_char_matches": [[0, 8], [3, 4], [5, 3]], "text_tail_matches": [[0, 1], [3, 0]], "text_classification": [1, 0, 0, 1, 0, 1, 1, 1, 1, 1], "character_names": ["none", "none", "none", "Yoshiaki Nikaido", "Yoshiaki Nikaido", "none", "Yoshiaki Nikaido", "none", "S\u014dma Yukihira", "S\u014dma Yukihira", "none"]}