{"bbox_annotations": {"bboxes_as_x1y1x2y2": [[574.2268676757812, 750.75, 718.036865234375, 979.2746582031251], [4.712224006652832, 848.0985717773438, 127.62931537628174, 1183.265380859375], [1027.1678466796875, 751.4627685546875, 1121.10009765625, 966.6981811523438], [1216.9188232421875, 870.0234985351562, 1386.3216552734375, 1136.67919921875], [62.63008499145508, 751.424072265625, 305.56287002563477, 1138.2076416015625], [896.330078125, 663.0629272460938, 1033.8193359375, 1097.3887939453125], [196.4380340576172, 711.5277099609375, 388.5, 1082.6925048828125], [1028.560791015625, 666.75, 1269.07568359375, 1142.155029296875], [361.141845703125, 736.75, 459.2878723144531, 940.2350463867186], [313.25, 712.25, 745.8948364257812, 1145.34423828125], [54.35892868041992, 1129.4744873046875, 515.3613395690918, 1558.3006591796875], [701.75, 673.6793823242188, 1009.3147583007814, 1145.7786865234375], [0, 0, 1398.25, 1134], [1019.9008178710938, 101.55851745605469, 1372.0, 509.43650817871094], [119.07799530029297, 99.39920806884766, 453.83104705810547, 467.69824981689453], [1069.0142822265625, 1171.41357421875, 1346.1016845703125, 1461.2884521484375], [951.111328125, 1680.7041015625, 1360.1187744140625, 1936.5185546875], [548.7952880859375, 1681.75, 835.76025390625, 2018.6549072265625], [173.80760192871094, 1592.282470703125, 413.7343444824219, 1898.912841796875], [-1.1075854301452637, -4.727473735809326, 1396.008056640625, 1163.947265625], [517.4421997070312, 1127.176025390625, 1390.6424560546875, 2095.94873046875], [69.38009643554688, 1139.0269775390625, 516.6043090820312, 1926.69140625]], "labels": [0, 0, 0, 0, 0, 0, 0, 0, 0, 0, 0, 0, 0, 1, 1, 1, 1, 1, 1, 2, 2, 2], "image_id": 408}, "character_clusters": [0, 1, 2, 3, 4, 5, 6, 7, 8, 9, 10, 11, 12], "text_char_matches": [[5, 10], [2, 10], [3, 10], [4, 10], [0, 10], [1, 10]], "text_tail_matches": [], "text_classification": [1, 1, 1, 1, 1, 1], "character_names": ["none", "none", "none", "none", "none", "none", "none", "none", "none", "none", "Yoshiaki Nikaido", "none", "Erina Nakiri"]}