{"bbox_annotations": {"bboxes_as_x1y1x2y2": [[47.25, 488.6491394042969, 1426.0793762207031, 1599.9878845214844], [15.009188652038574, 67.10459899902344, 1272.888461112976, 598.7982025146484], [8.932217597961426, 613.7550048828125, 444.18774127960205, 1570.2955322265625], [416.3238220214844, 1621.6156005859375, 709.5380859375, 2100.62646484375], [994.3953247070312, 252.77178955078125, 1110.952880859375, 291.0705871582031], [289.06927490234375, 22.348785400390625, 587.8528442382812, 206.83328247070312], [143.06993103027344, 233.75743103027344, 361.59088134765625, 421.729736328125], [1159.2958984375, 1069.56005859375, 1287.0869140625, 1276.5677490234375], [469.4559326171875, 622.75634765625, 640.4029541015625, 752.1648559570312], [644.3853149414062, 1262.46630859375, 795.9221801757812, 1461.796142578125], [361.42498779296875, 692.720947265625, 424.7991943359375, 731.2638549804688], [1063.282470703125, 1559.9029541015625, 1297.834228515625, 1707.34912109375], [614.4205932617188, 1597.9542236328125, 807.5037841796875, 1848.872314453125], [101.29718017578125, 1608.9239501953125, 414.34326171875, 1833.320556640625], [9.505224227905273, 4.329152584075928, 1349.3614501953125, 615.2030639648438], [-1.1818110942840576, 333.2978820800781, 1397.1307373046875, 1582.962158203125], [837.6633911132812, 1561.73876953125, 1322.508544921875, 1935.288330078125], [17.858718872070312, 1574.4925537109375, 821.4940185546875, 2096.493896484375], [302, 703, 352, 741]], "labels": [0, 0, 0, 0, 1, 1, 1, 1, 1, 1, 1, 1, 1, 1, 2, 2, 2, 2, 3], "image_id": 413}, "character_clusters": [0, 0, 1, 2], "text_char_matches": [[0, 1], [2, 1], [3, 0], [5, 0], [9, 3], [8, 3], [6, 2]], "text_tail_matches": [[6, 0]], "text_classification": [1, 0, 1, 1, 0, 1, 1, 0, 1, 1], "character_names": ["S\u014dma Yukihira", "S\u014dma Yukihira", "Erina Nakiri", "Hisako Arato"]}