{"bbox_annotations": {"bboxes_as_x1y1x2y2": [[393.5148620605469, 993.890625, 781.505859375, 1369.0782470703125], [315.28179931640625, 1164.1982421875, 352.356201171875, 1254.818603515625], [399, 1504.5196533203125, 790.8541870117186, 2101.0390625], [253.67234802246094, 1216.2816162109375, 287.49090576171875, 1308.256591796875], [913.5, 1848.3463134765625, 1110.6597900390625, 2009.1767578125], [209.8176727294922, 0.12542009353637695, 1403.4994354248047, 943.7049489021301], [265.99566650390625, 1070.048828125, 306.25, 1161.546630859375], [119.23239135742188, 1475.25, 476.0, 2102.267578125], [1046.0462646484375, 1116.5, 1256.288330078125, 1362.863037109375], [114.04800415039062, 954.1223754882812, 1299.9221496582031, 985.25], [309.2791748046875, 365.4996032714844, 652.7332153320312, 497.3022155761719], [1023.75, 1023.75, 1093.75, 1081.5], [995.75, 1114.75, 1076.25, 1342.25], [798, 1050, 878.5, 1097.25], [745.5, 1006.1031494140625, 825.5623779296874, 1060.5], [1115.1600341796875, 1474.8092041015625, 1296.6192626953125, 1675.3880615234375], [922.25, 1368.5, 1084.410400390625, 1741.62451171875], [749.6923828125, 1431.32666015625, 890.5020141601562, 1656.48046875], [352.82611083984375, 1510.396484375, 509.9222717285156, 1641.992919921875], [193.31651306152344, 1537.9915771484375, 280.97576904296875, 1637.8021240234375], [118.8336181640625, 3.780064105987549, 1385.560302734375, 960.2232666015625], [382.5848083496094, 979.46533203125, 1301.3887939453125, 1371.7012939453125], [115.38556671142578, 983.2937622070312, 390.7342529296875, 1373.54833984375], [893.2168579101562, 1390.08642578125, 1299.38525390625, 2093.58984375], [118.13888549804688, 1400.20947265625, 896.4652709960938, 2095.96728515625], [638, 516, 736, 574], [173, 1443, 222, 1488]], "labels": [0, 0, 0, 0, 0, 0, 0, 0, 0, 1, 1, 1, 1, 1, 1, 1, 1, 1, 1, 1, 2, 2, 2, 2, 2, 3, 3], "image_id": 416}, "character_clusters": [0, 0, 0, 1, 0, 2, 2, 2, 1], "text_char_matches": [[1, 5], [6, 2], [8, 2], [9, 2], [10, 7]], "text_tail_matches": [[1, 0], [10, 1]], "text_classification": [0, 1, 0, 0, 0, 0, 1, 0, 1, 1, 1], "character_names": ["Erina Nakiri", "Erina Nakiri", "Erina Nakiri", "Hisako Arato", "Erina Nakiri", "S\u014dma Yukihira", "S\u014dma Yukihira", "S\u014dma Yukihira", "Hisako Arato"]}