{"bbox_annotations": {"bboxes_as_x1y1x2y2": [[698.78515625, 1600.4605712890625, 1012.9879760742188, 2100.15576171875], [182.21466064453125, 1595.5970458984375, 686.619384765625, 2102.49365234375], [260.2015380859375, 30.47138786315918, 1248.2056884765625, 701.0367565155029], [1096.671630859375, 1723.446533203125, 1237.1966552734375, 2103.6318359375], [1046.4620361328125, 681.2620239257812, 1362.3096923828125, 914.0435180664062], [207.9921112060547, 621.7824096679688, 1221.2520599365234, 1529.6575927734375], [1062.25, 276.5, 1378.0030517578125, 528.5], [153.0618896484375, 40.10322952270508, 523.5575561523438, 339.5], [917.6342163085938, 706.0281372070312, 1052.6319580078125, 793.9371337890625], [1053.78173828125, 1072.3226318359375, 1374.7879638671875, 1335.791015625], [840.1497192382812, 1286.3223876953125, 1026.6737060546875, 1481.4837646484375], [392, 1181.25, 687.75, 1473.5], [1189.1802978515625, 1653.75, 1281.586669921875, 1712.8470458984375], [1239, 1795.5, 1326.5, 1855.0], [1002.5736083984375, 1664.8355712890625, 1113.5704345703125, 1736.62548828125], [1008.8236694335938, 1846.7021484375, 1059.0667724609375, 1876.0], [704.8067626953125, 1601.7745361328125, 875.1312866210938, 1802.0772705078125], [515.3677978515625, 1610.4400634765625, 685.3021850585938, 1786.03466796875], [127.75016021728516, 1609.8973388671875, 297.4158706665039, 1807.7646484375], [131.61053466796875, -0.10085552930831909, 1396.7664794921875, 697.4201049804688], [117.44790649414062, 677.2822875976562, 1392.912353515625, 1559.232666015625], [690.1669311523438, 1588.2347412109375, 1394.7740478515625, 2098.64990234375], [120.7719955444336, 1576.3734130859375, 689.0431518554688, 2101.12109375], [954, 1778, 1007, 1820]], "labels": [0, 0, 0, 0, 0, 0, 1, 1, 1, 1, 1, 1, 1, 1, 1, 1, 1, 1, 1, 2, 2, 2, 2, 3], "image_id": 414}, "character_clusters": [0, 0, 1, 1, 1, 1], "text_char_matches": [[10, 0], [11, 1], [12, 1]], "text_tail_matches": [[9, 0]], "text_classification": [0, 0, 0, 0, 0, 0, 0, 0, 0, 1, 1, 1, 1], "character_names": ["Erina Nakiri", "Erina Nakiri", "S\u014dma Yukihira", "S\u014dma Yukihira", "S\u014dma Yukihira", "S\u014dma Yukihira"]}