{"bbox_annotations": {"bboxes_as_x1y1x2y2": [[947.7728881835938, 733.54443359375, 1300.6424560546875, 1049.310791015625], [649.25, 111.44503784179688, 887.9832763671875, 322.0], [147.01089477539062, 1344, 648.555908203125, 2099.80419921875], [775.25, -0.8650481700897217, 1032.2099609375, 113.73722386360168], [977.5261840820312, 20.626270294189453, 1232.4107666015625, 233.8464698791504], [782.8248901367188, 1375.96337890625, 1298.5, 2100.841796875], [1200.5, 80.5, 1404.0596923828125, 308.0], [992.3507080078125, 241.5, 1192.36083984375, 532.882080078125], [489.0957946777344, 311.2923583984375, 883.38134765625, 683.0812377929688], [307.687744140625, 45.11383056640625, 510.906005859375, 229.76087951660156], [537.8880004882812, 53.927001953125, 749.254638671875, 233.26260375976562], [802.4249267578125, 169.22772216796875, 1035.2113037109375, 394.8738708496094], [158.9985809326172, 218.17652893066406, 404.25, 687.2036895751953], [1338.75, 336, 1398.25, 549.5], [1153.4093017578125, 367.6002502441406, 1340.3800048828125, 561.242431640625], [890.75, 376.25, 1149.75, 656.25], [477.6526184082031, 186.60679626464844, 593.2286987304688, 315.3365173339844], [420.2654724121094, 506.5445251464844, 504.12969970703125, 571.3018798828125], [1191.2413330078125, 842.068359375, 1274.0, 873.25], [881.9829711914062, 787.5, 964.9913940429688, 842.6506958007812], [648.2942504882812, 749, 854.343505859375, 1032.2662353515625], [396.279296875, 818.0469360351562, 517.3055419921875, 945.4821166992188], [224.18954467773438, 836.7457275390625, 289.2201843261719, 901.3867797851562], [148.19100952148438, 905.7758178710938, 244.47406005859375, 968.6489868164062], [1195.213134765625, 1259.7784423828125, 1367.5152587890625, 1421.051513671875], [697.1918334960938, 1235.5, 878.1614379882812, 1497.96240234375], [706.0546875, 1660.75, 816.418212890625, 1808.7825927734375], [155.53724670410156, 1217.3779296875, 589.0235137939453, 1437.728759765625], [121.91742706298828, -3.326730489730835, 1403.153564453125, 690.1119384765625], [616.7537841796875, 718.770263671875, 1301.494873046875, 1055.8514404296875], [121.75806427001953, 720.052978515625, 635.3592529296875, 1053.604248046875], [648.5750732421875, 1193.5355224609375, 1396.14208984375, 2097.245849609375], [123.69877624511719, 1202.2777099609375, 646.8516845703125, 2098.90087890625], [411, 430, 449, 476], [859, 911, 921, 954], [575, 258, 621, 304]], "labels": [0, 0, 0, 0, 0, 0, 0, 0, 0, 0, 0, 0, 0, 0, 1, 1, 1, 1, 1, 1, 1, 1, 1, 1, 1, 1, 1, 1, 2, 2, 2, 2, 2, 3, 3, 3], "image_id": 398}, "character_clusters": [0, 1, 2, 3, 4, 5, 6, 7, 0, 8, 9, 10, 11, 12], "text_char_matches": [[3, 12], [2, 8], [6, 0], [4, 0], [7, 0], [8, 12], [9, 12], [10, 5], [11, 5], [12, 2], [13, 2]], "text_tail_matches": [[2, 2], [3, 0], [6, 1]], "text_classification": [1, 0, 1, 1, 1, 0, 1, 1, 1, 1, 1, 1, 1, 1], "character_names": ["Erina Nakiri", "none", "S\u014dma Yukihira", "none", "none", "J\u014dichir\u014d Yukihira", "none", "none", "Erina Nakiri", "none", "none", "none", "Hisako Arato", "none"]}