{"bbox_annotations": {"bboxes_as_x1y1x2y2": [[1064.494140625, 394.14862060546875, 1354.2958984375, 743.48779296875], [1170.3310546875, 226.061767578125, 1326.710205078125, 383.9993896484375], [760.24560546875, 181.58383178710938, 983.373046875, 424.5105895996094], [357.6437072753906, 174.28038024902344, 595.3654174804688, 619.9315643310547], [186.43234252929688, 169.8647918701172, 274.7099609375, 694.2803802490234], [874.9492797851562, 815.701904296875, 1363.8675537109375, 1296.24072265625], [586.25, 1009.75, 703.5, 1144.5], [376.25, 838.25, 577.5, 1029.0], [539, 1190, 665, 1317.75], [693, 1358, 780.5, 1443.75], [666.75, 1519, 801.5, 1688.75], [854, 1639.75, 957.25, 1760.5], [1011.5, 1744.75, 1106.0, 1842.75], [151.55645751953125, 1504.389892578125, 557.1890869140625, 2000.156494140625], [1018.308837890625, 4.74543571472168, 1381.396728515625, 748.5958862304688], [326.8389587402344, 143.90985107421875, 1068.8359375, 750.9535522460938], [117.95133972167969, 775.5629272460938, 1390.747314453125, 2077.779052734375]], "labels": [0, 1, 1, 1, 1, 1, 1, 1, 1, 1, 1, 1, 1, 1, 2, 2, 2], "image_id": 402}, "character_clusters": [0], "text_char_matches": [], "text_tail_matches": [], "text_classification": [1, 1, 1, 1, 1, 0, 0, 0, 0, 0, 0, 0, 1], "character_names": ["S\u014dma Yukihira"]}