{"bbox_annotations": {"bboxes_as_x1y1x2y2": [[1077.2447509765625, 1688.6983642578125, 1349.8525390625, 2098.547119140625], [408.40557861328125, 799.75, 738.5, 1142.75], [0.3821954131126404, 686, 55.62085050344467, 1136.7467041015625], [1058.75, 722.869873046875, 1396.5521240234375, 1143.2652587890625], [836.5, 1707.379638671875, 987.0107421875, 2080.75], [0.4944831132888794, 458.37457275390625, 437.46295845508575, 1179.346923828125], [793.3573608398438, 466.107666015625, 1030.5714111328125, 1107.5029296875], [893.1073608398438, 1662.0631103515625, 1084.669677734375, 2096.0107421875], [1032.057861328125, 1222.8883056640625, 1346.0068359375, 1626.1297607421875], [2.7713208198547363, 1706.21923828125, 420.0, 2099.860595703125], [1.75, 1216.25, 729.75, 1781.5], [567.2230834960938, 217.61944580078125, 787.8764038085938, 533.1995239257812], [302.75, 215.25, 458.5, 620.7244873046875], [1028.4677734375, 1253.015625, 1130.159912109375, 1336.8367919921875], [1093.3546142578125, 1498.454345703125, 1293.639404296875, 1659.4547119140625], [851.6398315429688, 1234.8721923828125, 1011.243408203125, 1435.1861572265625], [773.8925170898438, 1464.75, 954.6860961914062, 1695.871337890625], [757.955078125, 1825.051025390625, 873.2503051757812, 1856.75], [541.6341552734375, 1274.07666015625, 734.5244140625, 1513.0396728515625], [464.2105712890625, 1641.27392578125, 692.0020141601562, 1876.552978515625], [321.3663024902344, 1829.152099609375, 416.9733581542969, 1865.5], [-3.3387362957000732, -2.8453588485717773, 1393.390869140625, 1174.9051513671875], [1017.5906372070312, 1211.6654052734375, 1357.00146484375, 1642.9014892578125], [1062.7679443359375, 1649.7138671875, 1346.8272705078125, 2100.300048828125], [744.4957885742188, 1204.8436279296875, 1077.4876708984375, 2098.351806640625], [-5.266684532165527, 1218.84228515625, 743.4292602539062, 2097.578369140625], [966, 1584, 1010, 1639], [864, 1889, 912, 1929], [1116, 1300, 1157, 1338]], "labels": [0, 0, 0, 0, 0, 0, 0, 0, 0, 0, 0, 1, 1, 1, 1, 1, 1, 1, 1, 1, 1, 2, 2, 2, 2, 2, 3, 3, 3], "image_id": 397}, "character_clusters": [0, 1, 2, 3, 0, 4, 5, 5, 5, 0, 5], "text_char_matches": [[0, 6], [2, 8], [3, 8], [5, 7], [4, 7], [6, 7], [7, 10], [8, 10], [9, 9]], "text_tail_matches": [[2, 2], [4, 0], [5, 0], [6, 1]], "text_classification": [1, 1, 1, 1, 1, 1, 1, 1, 1, 1], "character_names": ["none", "none", "none", "none", "none", "none", "Erina Nakiri", "Erina Nakiri", "Erina Nakiri", "none", "Erina Nakiri"]}