{"bbox_annotations": {"bboxes_as_x1y1x2y2": [[950.1771850585938, 1570.0869140625, 1341.81884765625, 2100.027587890625], [399.7193908691406, 877.4351196289062, 742.0, 1349.39697265625], [396.62127685546875, 1474.5364990234375, 778.8636474609375, 1925.8953857421875], [79.40906524658203, 1834.056640625, 382.6366958618164, 2096.32666015625], [255.5, 399, 418.25, 623.39453125], [645.75, 831.2466430664062, 1385.6610107421875, 1340.4544677734375], [932.75, 337.9883117675781, 1341.189208984375, 815.9113159179688], [752.228759765625, 281.6358947753906, 1134.0, 817.2601623535156], [342.34295654296875, 571.5621337890625, 474.75677490234375, 814.4634399414062], [787.0870361328125, 1806, 895.99658203125, 2095.9619140625], [252.49591064453125, 362.25, 330.75, 582.4127197265625], [854.3342895507812, 1849.75, 999.25, 2096.133056640625], [1121.4072265625, 209.27052307128906, 1274.6820068359375, 364.2186584472656], [831.906494140625, 186.5401611328125, 1058.447509765625, 271.25], [566.4067993164062, 168.548828125, 750.7495727539062, 400.1851501464844], [534.0841064453125, 439.8830871582031, 746.9373168945312, 808.5619506835938], [393.3514709472656, 229.5106658935547, 486.1712646484375, 369.4654846191406], [158.60671997070312, 607.4910278320312, 291.3518371582031, 768.7438354492188], [1158.1719970703125, 972.7175903320312, 1296.19287109375, 1169.50341796875], [147.02236938476562, 932.1152954101562, 408.96270751953125, 1244.694091796875], [1126.5343017578125, 1366.0062255859375, 1320.2791748046875, 1576.0833740234375], [796.6613159179688, 1478.75, 978.5067749023438, 1656.7354736328125], [646.9791870117188, 1381.3338623046875, 727.6293334960938, 1538.90625], [437.8060302734375, 1406.400390625, 575.8782958984375, 1594.3544921875], [257.7986755371094, 1781.5, 348.25, 1885.2601318359375], [100.97706604003906, 1746.5, 221.17967224121094, 1832.0992431640625], [517.8939208984375, -5.799834251403809, 1342.977294921875, 828.9313354492188], [163.75389099121094, 150.11148071289062, 514.1674194335938, 827.8489990234375], [68.90361022949219, 815.4286499023438, 1392.1807861328125, 1354.7606201171875], [787.3385009765625, 1340.5960693359375, 1342.9005126953125, 2087.1142578125], [393.2745361328125, 1345.8206787109375, 776.3018798828125, 1933.9586181640625], [15.608689308166504, 1338.1671142578125, 391.2900695800781, 2099.820556640625], [1208, 1591, 1254, 1647], [1197, 391, 1236, 444]], "labels": [0, 0, 0, 0, 0, 0, 0, 0, 0, 0, 0, 0, 1, 1, 1, 1, 1, 1, 1, 1, 1, 1, 1, 1, 1, 1, 2, 2, 2, 2, 2, 2, 3, 3], "image_id": 411}, "character_clusters": [0, 1, 1, 0, 2, 2, 1, 0, 0, 1, 1, 2], "text_char_matches": [[0, 6], [2, 7], [3, 7], [4, 4], [5, 4], [6, 5], [7, 5], [8, 0], [9, 11], [10, 2], [11, 2], [12, 3]], "text_tail_matches": [[0, 1], [8, 0]], "text_classification": [1, 0, 1, 1, 1, 1, 1, 1, 1, 1, 1, 1, 1, 0], "character_names": ["S\u014dma Yukihira", "Erina Nakiri", "Erina Nakiri", "S\u014dma Yukihira", "Hisako Arato", "Hisako Arato", "Erina Nakiri", "S\u014dma Yukihira", "S\u014dma Yukihira", "Erina Nakiri", "Erina Nakiri", "Hisako Arato"]}