{"bbox_annotations": {"bboxes_as_x1y1x2y2": [[2.9764533042907715, 64.8518295288086, 820.4253058433533, 2078.9096908569336], [788.7408447265625, 654.3756103515625, 1069.25, 1015.6552734375], [804.52783203125, 180.47828674316406, 1296.719970703125, 1009.2427520751953], [669.3014526367188, 1057.5247802734375, 1297.7987060546875, 1953.3206787109375], [1046.580810546875, 199.315185546875, 1205.2740478515625, 358.1722412109375], [634.3952026367188, 306.8921813964844, 755.2340698242188, 375.6326599121094], [31.5, 103.25, 227.38262367248538, 271.66455841064453], [214.4141387939453, 1472.26416015625, 710.0025787353516, 1815.642822265625], [0.6739974021911621, 84.48172760009766, 1304.4967041015625, 1097.716552734375], [-5.648243427276611, 1062.203857421875, 1292.7767333984375, 2072.379638671875], [574, 318, 626, 361], [999, 431, 1118, 582]], "labels": [0, 0, 0, 0, 1, 1, 1, 1, 2, 2, 3, 3], "image_id": 417}, "character_clusters": [0, 0, 1, 1], "text_char_matches": [[0, 0], [1, 0], [3, 0]], "text_tail_matches": [[0, 1], [1, 0]], "text_classification": [1, 1, 0, 1], "character_names": ["S\u014dma Yukihira", "S\u014dma Yukihira", "Erina Nakiri", "Erina Nakiri"]}