{"bbox_annotations": {"bboxes_as_x1y1x2y2": [[77.69966888427734, 633.4971313476562, 1084.166160583496, 1120.4219970703125], [294.3280334472656, 1126.497802734375, 974.7370910644531, 2099.213623046875], [837.8685302734375, 749.8701782226562, 1369.5867919921875, 2006.3811645507812], [1124.3935546875, 221.80165100097656, 1228.2166748046875, 381.4748229980469], [167.25938415527344, 455.8894958496094, 270.06146240234375, 496.1061096191406], [686.9945678710938, 1258.3026123046875, 739.6694946289062, 1290.8875732421875], [183.75, 1172.5, 273.0, 1410.5], [72.7772445678711, 1.8695666790008545, 1398.6727294921875, 641.7893676757812], [44.22923278808594, 633.6257934570312, 1399.631103515625, 1133.4609375], [280.23138427734375, 1107.5169677734375, 1394.0267333984375, 2092.69677734375], [-3.763625144958496, 1120.06103515625, 367.18438720703125, 2093.836181640625]], "labels": [0, 0, 0, 1, 1, 1, 1, 2, 2, 2, 2], "image_id": 394}, "character_clusters": [0, 0, 0], "text_char_matches": [[1, 0], [2, 1]], "text_tail_matches": [], "text_classification": [1, 0, 1, 0], "character_names": ["Erina Nakiri", "Erina Nakiri", "Erina Nakiri"]}