{"bbox_annotations": {"bboxes_as_x1y1x2y2": [[1080.1571044921875, 1596.453125, 1177.7083740234375, 2011.6021728515625], [646.4104614257812, 1629.248779296875, 824.25, 2011.7235107421875], [78.18597412109375, 1621.776611328125, 424.3258056640625, 2096.47900390625], [332.4410705566406, 1221.1246337890625, 1132.1638488769531, 1455.138916015625], [864.663330078125, 197.46961975097656, 1211.0, 1140.559341430664], [149.8544158935547, 477.2626037597656, 789.25, 1220.2895812988281], [543.5441284179688, 232.35650634765625, 850.8641967773438, 560.04248046875], [287.31829833984375, 1468.25, 431.2300720214844, 1700.5565185546875], [89.9427719116211, 1496.25, 238.9294662475586, 1617.458984375], [69.01555633544922, -12.373844146728516, 1395.6063232421875, 1223.618408203125], [20.594554901123047, 1202.430419921875, 1351.901611328125, 1462.3525390625], [458.4288330078125, 1477.15234375, 1391.26416015625, 2090.761474609375], [75.54165649414062, 1450.4317626953125, 506.564208984375, 2100.27880859375], [374, 1703, 420, 1760], [864, 233, 931, 284]], "labels": [0, 0, 0, 0, 0, 0, 1, 1, 1, 2, 2, 2, 2, 3, 3], "image_id": 410}, "character_clusters": [0, 1, 1, 1, 0, 1], "text_char_matches": [[0, 4], [1, 2], [2, 2]], "text_tail_matches": [[0, 1], [1, 0], [2, 0]], "text_classification": [1, 1, 1], "character_names": ["S\u014dma Yukihira", "Erina Nakiri", "Erina Nakiri", "Erina Nakiri", "S\u014dma Yukihira", "Erina Nakiri"]}