{"bbox_annotations": {"bboxes_as_x1y1x2y2": [[215.9433135986328, 1790.25, 428.07635498046875, 2098.44677734375], [26.244426727294922, 553, 403.2688102722168, 1181.8848876953125], [415.9355163574219, 693, 631.5228881835938, 1175.6884765625], [635.6309814453125, 748.957763671875, 1400.89453125, 2103.393310546875], [48.39485168457031, 1744.16796875, 247.1272735595703, 2101.5009765625], [651, 0, 1400, 826], [1094.06787109375, 243.36959838867188, 1156.243896484375, 757.4452819824219], [677.25, 152.25, 882.0, 423.5], [745.5, 474.25, 927.5, 701.75], [806.75, 701.75, 981.75, 887.25], [967.75, 903, 1123.5, 1083.25], [1088.5, 1093.75, 1230.25, 1247.75], [1051.75, 1762.25, 1095.5, 1869.0], [252.95445251464844, 297.04571533203125, 445.7893371582031, 565.7871704101562], [436.556396484375, 1273.8912353515625, 622.8854370117188, 1447.1519775390625], [295.75, 1267, 428.75, 1459.5], [369.25, 1372, 416.5, 1428], [345.1695251464844, 1521.2896728515625, 558.6019897460938, 1900.2396240234375], [245, 1312.5, 285.25, 1396.5], [95.55963134765625, 1245.1748046875, 210.3661346435547, 1434.2825927734375], [65.96051025390625, 1496.567138671875, 259.715087890625, 1718.986572265625], [266, 1673, 315, 1757], [210, 1739.5, 250.25, 1820.0], [635.422607421875, -7.642489433288574, 1396.077392578125, 2092.0810546875], [3.8736910820007324, 4.258337497711182, 634.0741577148438, 1174.3316650390625], [47.3011474609375, 1217.881591796875, 625.5770874023438, 2100.149169921875], [212, 1388, 299, 1500], [61, 1690, 112, 1822]], "labels": [0, 0, 0, 0, 0, 0, 1, 1, 1, 1, 1, 1, 1, 1, 1, 1, 1, 1, 1, 1, 1, 1, 1, 2, 2, 2, 3, 3], "image_id": 396}, "character_clusters": [0, 1, 2, 3, 4, 5], "text_char_matches": [[0, 5], [8, 5], [7, 5], [11, 5], [14, 4], [13, 0], [6, 3]], "text_tail_matches": [[13, 0], [14, 1]], "text_classification": [1, 0, 0, 0, 0, 0, 1, 1, 1, 1, 1, 1, 1, 1, 1, 1, 1], "character_names": ["none", "none", "none", "none", "none", "Erina Nakiri"]}