{"bbox_annotations": {"bboxes_as_x1y1x2y2": [[618.38, 691.7601318359375, 781.0516357421875, 946.6800000000001], [68.56143188476562, -0.2755962610244751, 419.44, 284.90440373897553], [90.16, 865.34, 177.4280242919922, 943.970703125], [158.250244140625, 912.4790649414062, 223.21600341796875, 1048.09716796875], [587.02, -4.1890387535095215, 784.78955078125, 435.73570489883423], [153.3142852783203, 1044.5382080078125, 254.53213500976562, 1144.4796142578125], [90.16, 282.5771789550781, 210.36234283447266, 416.97735595703125], [240.1, 291.7996826171875, 398.4371032714844, 438.15802001953125], [246.96, 464.52, 526.26, 1146.6], [419.44, 297.92, 693.8399999999999, 434.14], [452.76, 25.48, 611.52, 258.8662452697754], [678.16, 261.4545593261719, 754.5999999999999, 315.28082275390625], [363.58, 18.62, 412.58, 190.12], [358.68, 276.36, 384.5432434082031, 392.06259155273443], [70.56, 356.8545227050781, 122.36215972900392, 436.4586181640625], [166.6, 472.36, 392.0, 886.9000000000001], [224.42, 933.9399999999999, 246.95999999999998, 1029.98], [81.17705535888672, 958.2302856445312, 149.26126098632812, 1083.88], [411.3600769042969, 1.2682474851608276, 788.6290893554688, 439.28436279296875], [68.899169921875, 0.8555890917778015, 446.101318359375, 268.68218994140625], [65.35238647460938, 269.5813293457031, 411.8172607421875, 441.18646240234375], [237.09165954589844, 458.1630859375, 780.823974609375, 1177.1722412109375], [67.3425521850586, 855.8546142578125, 253.31883239746094, 1175.3424072265625], [145, 1008, 165, 1031]], "labels": [0, 0, 0, 0, 0, 0, 0, 0, 0, 0, 1, 1, 1, 1, 1, 1, 1, 1, 2, 2, 2, 2, 2, 3], "image_id": 215}, "character_clusters": [0, 1, 2, 0, 1, 1, 0, 1, 1, 0], "text_char_matches": [[7, 3], [3, 7]], "text_tail_matches": [[7, 0]], "text_classification": [0, 0, 0, 1, 0, 0, 0, 1], "character_names": ["Loid Forger", "none", "Nguyen", "Loid Forger", "none", "none", "Loid Forger", "none", "none", "Loid Forger"]}