{"bbox_annotations": {"bboxes_as_x1y1x2y2": [[27.15485015869141, 922.6862255859374, 46.534450683593754, 964.3199999999999], [367.0908203125, 333.419189453125, 521.2296752929688, 469.0125427246094], [122.51760864257812, 879.5743408203125, 142.56626892089844, 931.1072387695312], [502.74, 897.68, 524.3, 934.76220703125], [267.3812255859375, 327.7895202636719, 408.65999999999997, 446.2342834472656], [99.63690948486328, 912.1257934570312, 120.57687377929688, 942.382080078125], [493.92, 1113.28, 528.22, 1170.6470947265625], [510.58, 1079.96, 535.0799999999999, 1117.2], [231.28, 854.56, 249.9, 885.92], [232.26, 832.02, 245.98, 853.5799999999999], [252.84, 818.3, 264.6, 849.66], [244.01999999999998, 806.54, 256.76, 834.9599999999999], [503.71999999999997, 881.02, 518.42, 911.4], [568.9244384765625, 108.8750228881836, 661.81787109375, 178.4435272216797], [305.6015625, 89.17999999999999, 353.78, 216.57999999999998], [84.28, 147.56817626953125, 127.12686920166016, 194.49331665039062], [633.08, 378.12799072265625, 694.82, 399.84000000000003], [513.938720703125, 367.9234313964844, 597.0004272460938, 437.6304016113281], [387.56671142578125, 322.9825134277344, 412.9488830566406, 391.0765686035156], [363.58000000000004, 340.06, 381.22, 404.74], [168.309326171875, 369.8203430175781, 259.7, 462.772216796875], [16.66, 512.5400000000001, 360.64000000000004, 816.3399999999999], [359.65999999999997, 1037.82, 494.9, 1086.82], [47.27629089355469, 974.9716796875, 199.92, 1094.44921875], [-2.514263153076172, 1.839329481124878, 718.4367065429688, 298.405029296875], [1.2462668418884277, 323.0860900878906, 718.6561889648438, 483.6407775878906], [-5.253695011138916, 425.6852722167969, 716.7062377929688, 1037.26220703125], [-7.665689468383789, 975.331298828125, 718.2139892578125, 1175.661865234375], [484, 394, 510, 420]], "labels": [0, 0, 0, 0, 0, 0, 0, 0, 0, 0, 0, 0, 0, 1, 1, 1, 1, 1, 1, 1, 1, 1, 1, 1, 2, 2, 2, 2, 3], "image_id": 176}, "character_clusters": [0, 1, 2, 3, 4, 5, 6, 7, 8, 9, 10, 11, 12], "text_char_matches": [[0, 4], [2, 4], [4, 1], [3, 1], [7, 4]], "text_tail_matches": [[3, 0], [4, 0]], "text_classification": [1, 0, 1, 1, 1, 0, 0, 1, 0, 0, 1], "character_names": ["none", "Diplomat's Driver", "none", "none", "Westalian Diplomat", "none", "none", "none", "none", "none", "none", "none", "none"]}