{"bbox_annotations": {"bboxes_as_x1y1x2y2": [[0.25279200077056885, 994.6688842773438, 46.40618860721588, 1121.68212890625], [257.0656433105469, 826.5296630859375, 711.513916015625, 1169.1551513671875], [29.4, 954.52, 240.1, 1174.58154296875], [-4.462567329406738, 2.1216723918914795, 372.35982036590576, 378.2592761516571], [433.01611328125, 44.1, 607.2546997070312, 322.99427032470703], [328.29254150390625, 558.0056762695312, 721.9688720703125, 901.2547607421875], [-0.846439704895019, 439.34035400390627, 248.38167919158934, 851.62], [583.1, 518.4193115234375, 677.1800000000001, 581.3475341796875], [5.264290809631348, 483.21893310546875, 327.32, 833.98], [585.06, 915.3199999999999, 710.8198242187499, 1121.12], [345.94, 984.9, 381.22, 1097.6], [62.72, 886.9, 124.46000000000001, 928.06], [224.42, 1057.30126953125, 246.95999999999998, 1137.78], [433.52374267578125, 1.1703071594238281, 716.0983276367188, 322.9201965332031], [-1.9364228248596191, -1.5258643627166748, 435.03472900390625, 377.53826904296875], [0.39316320419311523, 315.1344909667969, 719.7432861328125, 876.5743408203125], [226.29571533203125, 874.1622924804688, 713.9694213867188, 1174.4833984375], [-3.861034631729126, 863.0607299804688, 255.45225524902344, 1174.795654296875], [573, 485, 622, 530], [53, 926, 91, 976]], "labels": [0, 0, 0, 0, 0, 0, 0, 1, 1, 1, 1, 1, 1, 2, 2, 2, 2, 2, 3, 3], "image_id": 214}, "character_clusters": [0, 1, 2, 1, 2, 2, 1], "text_char_matches": [], "text_tail_matches": [[0, 0], [4, 1]], "text_classification": [0, 0, 0, 0, 0, 0], "character_names": ["none", "Nguyen", "Loid Forger", "Nguyen", "Loid Forger", "Loid Forger", "Nguyen"]}