{"bbox_annotations": {"bboxes_as_x1y1x2y2": [[315.396240234375, 619.1255493164062, 368.19012451171875, 667.8130493164062], [450.68359375, 618.794677734375, 502.693359375, 666.3136596679688], [210.0325164794922, 808.2141723632812, 500.11814880371094, 1091.8826904296875], [327.176513671875, 509.97076416015625, 418.52691650390625, 667.2473754882812], [556.64, 709.0657153320312, 717.8409399414063, 938.84], [227.35999999999999, 158.76, 604.66, 304.78], [625.6883544921875, 199.33267211914062, 676.5726928710938, 244.33815002441406], [457.5252380371094, 146.07763671875, 525.1671752929688, 190.75994873046875], [405.71999999999997, 84.60027313232422, 460.8425903320312, 122.85279083251953], [321.5569763183594, 140.59365844726562, 448.84000000000003, 187.18], [398.86, 389.51678466796875, 623.28, 412.58000000000004], [210.36904907226562, 399.7931213378906, 305.1137390136719, 420.70574951171875], [40.794456481933594, 247.49703979492188, 187.62841033935547, 315.1471252441406], [577.7569580078125, 536.5809326171875, 688.3222045898438, 620.0546264648438], [245, 432.18, 336.14, 586.04], [49, 507.7883605957031, 190.81791305541992, 649.5465698242188], [498.2591552734375, 768.567138671875, 589.2247314453125, 895.3937377929688], [123.19791412353516, 745.8390502929688, 199.55332946777344, 928.0588989257812], [292.04, 1078.10595703125, 462.6397399902344, 1137.8704833984375], [49.815650939941406, 902.900634765625, 122.67485046386719, 1086.8238525390625], [-1.7408517599105835, 1117.615966796875, 120.14113676548004, 1176.115478515625], [17.03725814819336, -1.6661596298217773, 719.7325439453125, 456.5423278808594], [19.36016273498535, 476.314208984375, 719.665283203125, 685.277587890625], [518.166015625, 703.0143432617188, 717.1300048828125, 1088.6116943359375], [-7.058736324310303, 699.000732421875, 512.0048828125, 1176.8251953125]], "labels": [0, 0, 0, 0, 0, 1, 1, 1, 1, 1, 1, 1, 1, 1, 1, 1, 1, 1, 1, 1, 1, 2, 2, 2, 2], "image_id": 184}, "character_clusters": [0, 1, 2, 3, 3], "text_char_matches": [], "text_tail_matches": [], "text_classification": [1, 1, 0, 0, 0, 0, 0, 1, 1, 0, 1, 1, 1, 0, 1, 0], "character_names": ["none", "none", "Donovan Desmond", "Loid Forger", "Loid Forger"]}