{"bbox_annotations": {"bboxes_as_x1y1x2y2": [[319.45819091796875, 617.4281616210938, 367.5, 678.0527954101562], [649.81591796875, 637.258544921875, 693.60009765625, 680.7235107421875], [326.34, 549.5133056640625, 373.38, 614.0873413085938], [664.4314575195312, 290.08, 715.4, 403.9607238769531], [408.65999999999997, 501.4815576171875, 478.05699584960934, 646.8], [48.738136291503906, 72.57553100585938, 403.76, 445.6596374511719], [611.2901611328125, 653.287109375, 642.8915405273438, 682.9901733398438], [565.3444213867188, 605.2562255859375, 626.6133422851562, 679.6301879882812], [293.98468017578125, 1003.6131591796875, 721.83154296875, 1174.9505615234375], [360.64, 588, 433.15999999999997, 674.24], [596.8927612304688, 97.66455078125, 693.048828125, 240.56224060058594], [457.15313720703125, 145.5152587890625, 539.626708984375, 307.431396484375], [569.5079956054688, 364.756103515625, 665.0723266601562, 416.767822265625], [617.507568359375, 407.9699401855469, 719.6290283203125, 437.40777587890625], [367.8205261230469, 186.7917938232422, 454.71999999999997, 275.50164794921875], [221.48, 287.14, 245.98, 423.5840759277344], [30.596176147460938, 121.88851165771484, 124.46, 241.32345581054688], [548.9490356445312, 482.9578857421875, 705.6, 605.64], [484.8546728515625, 500.78, 508.62, 534.1], [411.8140869140625, 500.72662353515625, 447.82958984375, 514.5], [216.07237243652344, 540.4711303710938, 309.7462158203125, 612.7014770507812], [31.84517478942871, 505.1731262207031, 161.8459072113037, 649.0932006835938], [556.6685180664062, 773.84619140625, 671.9114990234375, 1004.56396484375], [424.34, 716.1324462890625, 450.10015869140625, 798.7], [370.44, 732.06, 397.57177734375, 813.4], [82.40216827392578, 776.16, 196.0247039794922, 923.16], [209.72, 980.177978515625, 234.22, 1062.32], [165.62, 1008.0979614257812, 191.31292724609375, 1089.76], [40.040283203125, 988.1871948242188, 115.65155029296875, 1049.6060791015625], [468.2754821777344, 56.50455856323242, 711.3162841796875, 442.2639465332031], [2.9147396087646484, -1.7243034839630127, 470.608154296875, 446.716552734375], [-2.9788999557495117, 470.6039733886719, 710.2283935546875, 688.6619262695312], [-3.0516819953918457, 703.717529296875, 717.7369995117188, 998.0538940429688], [53.690155029296875, 993.17724609375, 712.4478759765625, 1171.9189453125], [475, 526, 497, 551]], "labels": [0, 0, 0, 0, 0, 0, 0, 0, 0, 0, 1, 1, 1, 1, 1, 1, 1, 1, 1, 1, 1, 1, 1, 1, 1, 1, 1, 1, 1, 2, 2, 2, 2, 2, 3], "image_id": 186}, "character_clusters": [0, 1, 2, 3, 4, 4, 5, 6, 4, 7], "text_char_matches": [[6, 5], [7, 4], [8, 4], [9, 4]], "text_tail_matches": [[8, 0]], "text_classification": [1, 1, 0, 0, 1, 0, 1, 1, 1, 1, 1, 1, 1, 0, 0, 1, 0, 0, 1], "character_names": ["none", "none", "none", "none", "Loid Forger", "Loid Forger", "none", "none", "Loid Forger", "none"]}