{"bbox_annotations": {"bboxes_as_x1y1x2y2": [[583.6542358398438, 270.03375244140625, 779.6223754882812, 454.06134033203125], [176.4, 892.7860717773438, 300.24053955078125, 1089.65966796875], [348.8684997558594, 765.08984375, 728.1990356445312, 1165.22], [430.3908386230469, 122.5, 518.2460327148438, 463.1768035888672], [633.08, 284.2, 686.0, 346.91999999999996], [592.0706176757812, 60.320770263671875, 722.3568725585938, 245.92845153808594], [563.2894897460938, 268.4036865234375, 606.95263671875, 331.9956359863281], [286.53143310546875, 82.3681640625, 400.04010009765625, 186.77716064453125], [82.64070129394531, 427.5806884765625, 188.16, 555.23681640625], [107.8, 683.06, 166.6, 735.9799999999999], [578.2, 699.2785205078126, 638.843369140625, 783.0200000000001], [212.9470672607422, 723.5877685546875, 280.06207275390625, 787.5283203125], [86.4691162109375, 957.3967895507812, 159.82406616210938, 1019.1999999999999], [522.8861083984375, -3.2129998207092285, 783.67138671875, 467.3056335449219], [427.5794982910156, -1.7349404096603394, 523.339111328125, 470.4417419433594], [66.446044921875, 1.8985072374343872, 422.81207275390625, 470.47882080078125], [65.98033905029297, 503.8817138671875, 783.4019775390625, 639.958251953125], [311.7460021972656, 650.9680786132812, 726.27099609375, 1176.2633056640625], [607, 293, 634, 316], [244, 822, 262, 862], [119, 890, 137, 922], [544, 788, 574, 822]], "labels": [0, 0, 0, 0, 0, 1, 1, 1, 1, 1, 1, 1, 1, 2, 2, 2, 2, 2, 3, 3, 3, 3], "image_id": 239}, "character_clusters": [0, 1, 0, 0, 1], "text_char_matches": [[0, 0], [1, 4], [2, 3], [3, 3], [6, 1]], "text_tail_matches": [[1, 0], [5, 3], [6, 1], [7, 2]], "text_classification": [1, 1, 1, 1, 0, 0, 1, 1], "character_names": ["Loid Forger", "Anya Forger", "Loid Forger", "Loid Forger", "Anya Forger"]}