{"bbox_annotations": {"bboxes_as_x1y1x2y2": [[489.2943420410156, 931.98, 614.46, 1176.7849121093752], [301.36444091796875, 494.6356506347656, 597.1983642578125, 725.0259399414062], [178.07350158691406, 501.8326721191406, 429.3803405761719, 725.0298461914062], [173.7274627685547, 0.7209627628326416, 530.1800000000001, 466.938583612442], [407.0741271972656, 4.206422328948975, 716.51904296875, 468.3653883934021], [78.4, 752.64, 237.16, 1096.4820556640625], [322.42, 792.8853149414062, 425.32, 1089.76], [245.98000000000002, 892.78, 425.32000000000005, 1088.78], [556.64, 946.68, 599.76, 1070.1599999999999], [555.66, 103.9421615600586, 706.3165893554688, 219.3739471435547], [456.7430114746094, 383.6850280761719, 497.9620056152344, 426.8080749511719], [23.169326782226562, 116.14289855957031, 182.6801300048828, 385.14], [600.2129516601562, 524.1806030273438, 703.576171875, 677.8585815429688], [272.44, 644.84, 294.79401123046875, 695.8000000000001], [90.27594421386719, 575.498193359375, 156.18745849609377, 596.81337890625], [656.6, 755.8488159179688, 694.82, 1099.0263671875], [517.4399999999999, 793.1813354492188, 551.7399999999999, 830.0600000000001], [453.28810546875, 814.3144555664063, 514.79982421875, 927.8181176757813], [462.17376708984375, 946.4171752929688, 503.6321716308594, 980.98], [443.5482482910156, 1044.0760498046875, 508.0954284667969, 1079.96], [315.56, 761.4375, 375.34000000000003, 885.9200000000001], [255.78, 822.9246826171875, 303.7856750488281, 885.92], [370.0080847167969, 1060.36, 406.7, 1080.7839404296876], [197.96, 858.5263061523438, 245.0, 940.8], [59.9996223449707, 777.029052734375, 137.29127883911133, 905.9334716796875], [39.2, 1035.1748046875, 67.38133239746094, 1048.6], [2.510688304901123, -0.22085201740264893, 716.8450927734375, 470.8623962402344], [51.36944580078125, 491.0007019042969, 715.0770874023438, 729.4730834960938], [434.63470458984375, 745.0316772460938, 714.366455078125, 1176.245849609375], [238.96392822265625, 749.1184692382812, 431.0062561035156, 1094.8297119140625], [53.36228942871094, 747.640380859375, 239.55117797851562, 1176.3363037109375], [280, 908, 304, 944], [150, 598, 208, 647], [483, 921, 505, 949], [502, 1035, 525, 1059], [385, 1001, 406, 1037]], "labels": [0, 0, 0, 0, 0, 0, 0, 0, 0, 1, 1, 1, 1, 1, 1, 1, 1, 1, 1, 1, 1, 1, 1, 1, 1, 1, 2, 2, 2, 2, 2, 3, 3, 3, 3, 3], "image_id": 222}, "character_clusters": [0, 0, 1, 2, 0, 0, 0, 1, 1], "text_char_matches": [[0, 4], [2, 4], [1, 4], [3, 1], [5, 2], [6, 8], [7, 0], [8, 0], [9, 0], [10, 8], [12, 7], [13, 6], [14, 7], [15, 5], [16, 5]], "text_tail_matches": [[5, 1], [7, 2], [8, 2], [10, 3], [12, 0], [14, 0], [13, 4]], "text_classification": [1, 1, 1, 1, 0, 1, 1, 1, 1, 1, 1, 0, 1, 1, 1, 1, 1], "character_names": ["Nguyen", "Nguyen", "Anya Forger", "Loid Forger", "Nguyen", "Nguyen", "Nguyen", "Anya Forger", "Anya Forger"]}