{"bbox_annotations": {"bboxes_as_x1y1x2y2": [[565.46, 970.0160522460938, 642.88, 1174.9097900390625], [454.71999999999997, 927.8245239257812, 547.9931640625, 1175.2529296875], [321.28570556640625, 74.3341293334961, 377.7698669433594, 268.80101776123047], [233.24424743652344, 1094.4554443359375, 303.2513122558594, 1175.248046875], [1.0291064977645874, 893.5794677734375, 108.12876164913177, 1173.447265625], [433.15999999999997, 312.55218505859375, 716.7097778320311, 798.817626953125], [137.01295471191406, 1057.2718505859375, 216.89979553222656, 1176.3331298828125], [267.308837890625, 197.877197265625, 298.5690002441406, 271.0523986816406], [-1.1453766822814941, 454.3569641113281, 263.45462331771853, 799.647216796875], [387.04864501953125, 1057.342041015625, 423.35400390625, 1153.135986328125], [532.3909912109375, 62.726863861083984, 680.8428955078125, 238.23687362670898], [452.5666198730469, 161.0550537109375, 521.043701171875, 202.7370147705078], [84.379150390625, 138.0072479248047, 145.30926513671875, 160.74380493164062], [394.57562255859375, 355.82965087890625, 487.9752197265625, 474.15020751953125], [407.68, 490.3617248535156, 469.98327636718756, 526.26], [214.780029296875, 416.8539733886719, 301.84, 444.92], [238.13743591308594, 703.9981689453125, 290.9716796875, 743.82], [608.6041870117188, 871.0714721679688, 700.09423828125, 955.4999999999999], [563.5, 933.9399999999999, 600.697509765625, 967.1740356445312], [355.6831970214844, 867.1134033203125, 448.8047180175781, 970.1999999999999], [238.19129943847656, 889.0340576171875, 316.6333312988281, 1029.7049560546875], [190.12, 1003.294189453125, 218.04629516601562, 1042.72], [87.22, 920.4249267578125, 159.100341796875, 987.8399999999999], [51.92316436767578, 1023.849853515625, 107.49039459228516, 1109.97265625], [2.1220812797546387, 1.321922779083252, 715.2786254882812, 285.85479736328125], [348.3138122558594, 301.7844543457031, 716.502685546875, 799.9764404296875], [-4.653482437133789, 304.5501403808594, 347.58856201171875, 803.2936401367188], [313.055908203125, 823.031005859375, 716.502685546875, 1178.97021484375], [0.9712371826171875, 868.5653076171875, 314.61944580078125, 1175.3260498046875], [426, 157, 452, 181], [143, 178, 167, 198], [510, 460, 538, 484], [243, 515, 273, 545], [442, 934, 465, 957], [626, 977, 647, 1000], [308, 720, 336, 741], [275, 1031, 295, 1064], [192, 1047, 208, 1070], [61, 1001, 80, 1025]], "labels": [0, 0, 0, 0, 0, 0, 0, 0, 0, 0, 1, 1, 1, 1, 1, 1, 1, 1, 1, 1, 1, 1, 1, 1, 2, 2, 2, 2, 2, 3, 3, 3, 3, 3, 3, 3, 3, 3, 3], "image_id": 196}, "character_clusters": [0, 1, 1, 2, 1, 1, 0, 2, 2, 2], "text_char_matches": [[0, 2], [1, 2], [2, 7], [3, 5], [4, 5], [5, 8], [6, 5], [7, 0], [8, 0], [9, 1], [10, 3], [11, 6], [12, 4], [13, 4]], "text_tail_matches": [[0, 0], [1, 0], [2, 1], [3, 2], [4, 2], [5, 3], [6, 6], [7, 5], [9, 4], [10, 7], [11, 8], [13, 9]], "text_classification": [1, 1, 1, 1, 1, 1, 1, 1, 1, 1, 1, 1, 1, 1], "character_names": ["none", "Loid Forger", "Loid Forger", "Anya Forger", "Loid Forger", "Loid Forger", "none", "Anya Forger", "Anya Forger", "Anya Forger"]}