{"bbox_annotations": {"bboxes_as_x1y1x2y2": [[158.76, 435.1713562011719, 502.74, 782.5447998046875], [606.9064331054688, 264.6187744140625, 654.7556762695312, 401.8493347167969], [654.584228515625, 254.83189392089844, 709.0260620117188, 405.4309997558594], [375.8905029296875, 237.16, 527.4711303710938, 402.8644714355469], [600.6163330078125, 1075.55810546875, 626.4791259765625, 1155.612548828125], [4.0230712890625, 7.92680549621582, 346.30694580078125, 401.39143562316895], [532.954345703125, 239.3201446533203, 601.7185668945312, 404.7825622558594], [539.1748046875, 823.5284423828125, 591.4242553710938, 888.7396850585938], [353.77459716796875, 1006.0993041992188, 375.2920837402344, 1082.4210205078125], [624.7144165039062, 1069.6783447265625, 653.6690063476562, 1152.9610595703125], [107.8, 1091.72, 131.32, 1112.3], [574.9530639648438, 100.53156280517578, 669.3399999999999, 180.76441955566406], [410.12939453125, 121.83560180664062, 474.8433837890625, 184.24668884277344], [232.38665771484375, 253.69662475585938, 313.1163024902344, 314.9451904296875], [80.73759460449219, 229.32, 206.59066772460938, 375.4239807128906], [548.8, 527.9321899414062, 661.1571655273438, 621.32], [60.55891036987305, 678.8079833984375, 185.22000000000003, 793.8], [476.9333801269531, 822.1123657226562, 497.84, 868.0798950195312], [191.1, 960.3963012695312, 238.14, 1072.12], [356.7619934082031, -0.3657034635543823, 717.3099975585938, 409.29461669921875], [-2.9257328510284424, -0.5264840126037598, 352.6673583984375, 408.7294921875], [-0.5680503845214844, 430.5668640136719, 719.4168701171875, 788.1734008789062], [70.39537048339844, 803.5474853515625, 713.870361328125, 906.5001831054688], [-2.2074804306030273, 946.1671752929688, 718.6652221679688, 1169.8858642578125], [498.82, 846.72, 511.56, 861.4200000000001]], "labels": [0, 0, 0, 0, 0, 0, 0, 0, 0, 0, 0, 1, 1, 1, 1, 1, 1, 1, 1, 2, 2, 2, 2, 2, 3], "image_id": 212}, "character_clusters": [0, 1, 2, 0, 3, 4, 4, 0, 5, 6, 7], "text_char_matches": [[0, 6], [2, 5], [3, 5], [4, 5], [5, 5]], "text_tail_matches": [[6, 0]], "text_classification": [1, 1, 1, 1, 1, 1, 0, 0], "character_names": ["Anya Forger", "none", "none", "Anya Forger", "none", "none", "none", "Anya Forger", "Loid Forger", "none", "none"]}