{"bbox_annotations": {"bboxes_as_x1y1x2y2": [[458.9296569824219, 1015.28, 485.6097106933594, 1125.0089111328125], [239.69688415527344, 1024.998046875, 264.0836181640625, 1115.5728759765625], [107.91121673583984, 137.1468963623047, 356.4147262573242, 599.4123992919922], [289.3228759765625, 138.62509155273438, 615.478759765625, 599.8133544921875], [493.2344055175781, 1036.49609375, 511.0817565917969, 1108.796875], [348.3623352050781, 1033.363037109375, 372.3218688964844, 1115.438720703125], [202.3092803955078, 1022.6497802734375, 228.69155883789062, 1117.905029296875], [267.9736022949219, 1022.7789916992188, 296.134765625, 1116.2581787109375], [311.64, 1056.839599609375, 334.18, 1091.7199999999998], [396.7994689941406, 1018.22, 425.32, 1124.729736328125], [586.9368286132812, 104.37947845458984, 726.1241455078125, 335.5385971069336], [566.4399999999999, 700.6999999999999, 625.2399999999999, 847.6999999999999], [114.66, 542.92, 321.44, 810.46], [138.18, 938.30029296875, 201.15109252929688, 986.86], [30.91925811767578, -2.0403270721435547, 781.6679077148438, 594.884521484375], [69.64591979980469, 590.987548828125, 779.9424438476562, 801.1134643554688], [69.84052276611328, 868.639892578125, 729.9166870117188, 1177.8502197265625]], "labels": [0, 0, 0, 0, 0, 0, 0, 0, 0, 0, 1, 1, 1, 1, 2, 2, 2], "image_id": 217}, "character_clusters": [0, 1, 2, 3, 4, 5, 6, 7, 8, 9], "text_char_matches": [[0, 3]], "text_tail_matches": [], "text_classification": [1, 0, 0, 1], "character_names": ["none", "none", "Nguyen", "Loid Forger", "none", "none", "none", "none", "Anya Forger", "Edgar"]}