{"bbox_annotations": {"bboxes_as_x1y1x2y2": [[356.9018249511719, 907.484619140625, 455.7, 1098.58], [182.32980346679688, 320.8662109375, 291.7384338378906, 397.73504638671875], [271.46, 720.35986328125, 673.1818237304688, 801.1115112304688], [548.8, 33.867374420166016, 779.4813232421875, 709.5654335021973], [279.3, 196.46832275390625, 342.2205505371094, 335.15999999999997], [425.52099609375, 151.01539611816406, 541.1324462890625, 278.33758544921875], [331.24, 131.2433624267578, 375.1863098144532, 168.38583374023438], [77.282958984375, 108.7498779296875, 150.39659118652344, 201.95594787597656], [131.32, 363.58, 146.01999999999998, 394.94], [200.9, 850.3447875976562, 268.52, 969.22], [394.41058349609375, -1.1421464681625366, 782.6239624023438, 358.131103515625], [69.51248931884766, -1.3651188611984253, 382.4800109863281, 338.0530090332031], [67.20635223388672, 342.5338134765625, 782.9239501953125, 707.0492553710938], [68.98192596435547, 715.7134399414062, 768.7699584960938, 806.064697265625], [65.12637329101562, 807.5535888671875, 729.5442504882812, 1170.67822265625], [549, 210, 577, 235], [121, 225, 147, 252], [324, 205, 346, 230], [167, 376, 188, 394]], "labels": [0, 0, 0, 0, 0, 1, 1, 1, 1, 1, 2, 2, 2, 2, 2, 3, 3, 3, 3], "image_id": 213}, "character_clusters": [0, 0, 0, 0, 0], "text_char_matches": [[0, 3], [2, 4], [1, 4], [3, 1]], "text_tail_matches": [[0, 0], [1, 2], [2, 1], [3, 3]], "text_classification": [1, 1, 1, 1, 0], "character_names": ["Loid Forger", "Loid Forger", "Loid Forger", "Loid Forger", "Loid Forger"]}