{"bbox_annotations": {"bboxes_as_x1y1x2y2": [[391.02, 330.26, 782.03759765625, 444.19131469726557], [265.4753723144531, 0, 414.403564453125, 302.14522075653076], [389.4127502441406, 1103.5400390625, 427.7680969238281, 1178.39501953125], [369.64190673828125, 1099.458740234375, 417.177734375, 1176.16259765625], [144.35716247558594, 1130.541259765625, 184.4298553466797, 1175.8475341796875], [599.8421630859375, 1119.4239501953125, 642.0811767578125, 1175.5206298828125], [69.27865600585938, 1070.2359619140625, 127.78810119628906, 1177.1474609375], [225.4, 448.84, 766.062286376953, 831.4296264648438], [265.8553466796875, 1127.661376953125, 316.719482421875, 1174.9173583984375], [169.81893920898438, 176.37156677246094, 260.3901672363281, 273.5570983886719], [334.4331970214844, 1077.56396484375, 383.6070861816406, 1176.6365966796875], [172.1025848388672, 1092.3873291015625, 244.3772735595703, 1174.4468994140625], [78.6303939819336, 26.624855041503906, 199.7980499267578, 264.86280059814453], [633.6104125976562, 1092.067626953125, 681.4528198242188, 1176.481689453125], [279.1430969238281, 1062.1142578125, 341.5251159667969, 1176.9085693359375], [527.9573364257812, 13.397706985473633, 727.8325805664062, 300.663179397583], [681.094970703125, 1038.933349609375, 729.6832885742188, 1176.634765625], [451.21966552734375, 1057.0296630859375, 522.5779418945312, 1176.4571533203125], [511.9310302734375, 1125.5733642578125, 548.5173950195312, 1174.7099609375], [253.82, 983.7692260742188, 307.71999999999997, 1030.96], [106.82, 1039.4495849609375, 161.7, 1083.88], [527.3723754882812, -0.38713502883911133, 728.332763671875, 308.0995178222656], [420.1894226074219, -3.9852371215820312, 522.34326171875, 309.44775390625], [67.32601165771484, 0.6613644361495972, 417.1150207519531, 306.3941955566406], [65.85066223144531, 326.43377685546875, 786.561767578125, 452.7359924316406], [65.3386001586914, 437.4628601074219, 782.19873046875, 828.7273559570312], [77.59927368164062, 917.667724609375, 730.9334716796875, 1176.03173828125]], "labels": [0, 0, 0, 0, 0, 0, 0, 0, 0, 0, 0, 0, 0, 0, 0, 0, 0, 0, 0, 1, 1, 2, 2, 2, 2, 2, 2], "image_id": 237}, "character_clusters": [0, 0, 1, 2, 3, 4, 5, 0, 6, 0, 7, 8, 9, 10, 11, 0, 12, 13, 14], "text_char_matches": [], "text_tail_matches": [], "text_classification": [1, 1], "character_names": ["Anya Forger", "Anya Forger", "none", "none", "none", "none", "none", "Anya Forger", "none", "Anya Forger", "none", "none", "Loid Forger", "none", "none", "Anya Forger", "none", "none", "none"]}