{"bbox_annotations": {"bboxes_as_x1y1x2y2": [[734.849853515625, 213.967529296875, 748.1267700195312, 248.7466278076172], [363.4053649902344, 633.8908081054688, 724.22, 883.802734375], [90.16, 396.9, 412.58000000000004, 906.0219421386719], [623.5635986328125, 111.53268432617188, 739.2868041992188, 184.74049377441406], [454.218994140625, 22.649860382080078, 620.0111083984375, 101.66345596313477], [511.49334716796875, 131.1432342529297, 601.0203247070312, 223.38514709472656], [294.97515869140625, 214.19491577148438, 358.2065734863281, 269.3924865722656], [173.73095703125, 68.37751770019531, 261.427978515625, 173.43260192871094], [79.62943267822266, 201.85948181152344, 137.54156494140625, 224.73248291015625], [623.7149047851562, 407.22393798828125, 750.68, 617.6198120117188], [401.839111328125, 514.5, 469.9854431152344, 582.3484497070312], [289.10546875, 576.7507934570312, 347.6458740234375, 645.5151977539062], [579.6190795898438, 948.698486328125, 675.6785278320312, 1055.6954345703125], [458.33380126953125, 995.1671752929688, 523.271484375, 1046.6399999999999], [98.07193756103516, 959.81982421875, 232.55463409423828, 1099.116943359375], [64.57806396484375, -1.1800854206085205, 778.2124633789062, 297.553466796875], [67.72423553466797, 340.22467041015625, 761.0379028320312, 904.1796875], [66.93155670166016, 926.8322143554688, 726.3325805664062, 1173.9371337890625], [270, 589, 292, 611], [431, 593, 452, 618]], "labels": [0, 0, 0, 1, 1, 1, 1, 1, 1, 1, 1, 1, 1, 1, 1, 2, 2, 2, 3, 3], "image_id": 235}, "character_clusters": [0, 1, 2], "text_char_matches": [[6, 1], [7, 1], [8, 2], [0, 2], [2, 2], [3, 1], [4, 1], [5, 1], [9, 2], [10, 1], [11, 2]], "text_tail_matches": [[7, 1], [8, 0]], "text_classification": [1, 0, 1, 1, 1, 1, 1, 1, 1, 1, 1, 1], "character_names": ["none", "Anya Forger", "Loid Forger"]}