{"bbox_annotations": {"bboxes_as_x1y1x2y2": [[511.799560546875, 986.86, 597.35498046875, 1087.3292236328125], [174.44, 1097.6, 269.5, 1175.4716796874998], [14.145381927490234, 192.15818786621094, 341.03999999999996, 350.7066650390625], [390.3094482421875, 111.31852722167969, 684.6597290039062, 351.2672424316406], [474.49169921875, 997.3212280273438, 626.4389038085938, 1175.6929931640625], [307.4570617675781, 464.76263427734375, 533.1718139648438, 990.78], [149.94, 331.24, 472.36, 684.955078125], [595.7315673828125, 182.77517700195312, 693.100830078125, 213.2212371826172], [244.01999999999998, 51.94, 457.65999999999997, 115.63999999999999], [301.8373718261719, 174.44, 398.86, 239.3099365234375], [37.7201042175293, 137.81906127929688, 154.67187118530273, 242.95008850097656], [14.7, 394.94, 680.12, 553.7], [585.8304443359375, 674.94970703125, 682.7745971679688, 746.2725219726562], [483.1058654785156, 845.158203125, 554.3690795898438, 907.0133056640625], [97.74720001220703, 614.766357421875, 176.39999999999998, 666.4326171875], [214.62, 849.2171020507812, 299.9313049316406, 904.54], [57.09392547607422, 776.253662109375, 168.3482208251953, 872.1999999999999], [654.1748046875, 1016.3295288085938, 699.7199999999999, 1057.42], [411.59999999999997, 997.11376953125, 473.34, 1077.02], [223.44, 996.0657348632812, 362.7136535644531, 1084.228271484375], [76.51004028320312, 1021.14306640625, 142.8669891357422, 1056.0238037109375], [-0.48197364807128906, -0.18620753288269043, 715.7509765625, 352.3809814453125], [-0.2755904197692871, 373.71307373046875, 718.951904296875, 941.9237060546875], [387.848876953125, 961.9562377929688, 716.7957763671875, 1175.6502685546875], [52.93674850463867, 957.8189697265625, 384.0794677734375, 1177.466796875], [536, 682, 576, 723], [634, 1050, 657, 1072], [179, 811, 215, 839], [192, 591, 213, 617]], "labels": [0, 0, 0, 0, 0, 0, 0, 1, 1, 1, 1, 1, 1, 1, 1, 1, 1, 1, 1, 1, 1, 2, 2, 2, 2, 3, 3, 3, 3], "image_id": 238}, "character_clusters": [0, 1, 0, 1, 1, 1, 0], "text_char_matches": [[0, 3], [3, 3], [5, 5], [7, 6], [9, 5], [10, 4], [13, 0]], "text_tail_matches": [[5, 0], [7, 3], [9, 2], [10, 1]], "text_classification": [1, 1, 0, 1, 1, 1, 0, 1, 0, 1, 1, 0, 0, 1], "character_names": ["Anya Forger", "Loid Forger", "Anya Forger", "Loid Forger", "Loid Forger", "Loid Forger", "Anya Forger"]}