{"bbox_annotations": {"bboxes_as_x1y1x2y2": [[185.18507385253906, 846.4609375, 355.418701171875, 1080.94], [203.22286987304688, 750.8402099609375, 542.9568481445312, 1174.979248046875], [66.8788070678711, 411.8157043457031, 105.09878540039062, 588.2813110351562], [209.48623657226562, 623.9853515625, 349.37945556640625, 757.4866943359375], [142.30654907226562, 350.4778137207031, 215.71463012695312, 590.3223876953125], [222.39515686035156, 104.84363555908203, 763.0816802978516, 588.6267166137695], [478.8074645996094, 618.3665771484375, 607.0337524414062, 753.1571655273438], [84.93640899658203, 477.543701171875, 154.39907836914062, 589.0232543945312], [276.36, 94.08, 329.28000000000003, 397.88], [88.2, 117.6, 201.88, 184.24], [610.1961059570312, 655.4747924804688, 716.38, 720.3148193359375], [199.92, 654.1152954101562, 249.0294189453125, 694.8199999999999], [118.58, 676.3129272460938, 170.51999999999998, 740.7009887695312], [637.473388671875, 885.6369018554688, 741.815185546875, 970.1999999999999], [557.7848095703125, 1037.216123046875, 623.28, 1165.22], [224.8628387451172, -2.9387705326080322, 778.3425903320312, 592.4569091796875], [70.01605224609375, -4.405527114868164, 220.15798950195312, 591.0955200195312], [66.771484375, 608.724609375, 734.5776977539062, 757.4395141601562], [49.9822883605957, 769.820068359375, 778.0841674804688, 1172.9486083984375], [572, 670, 602, 697]], "labels": [0, 0, 0, 0, 0, 0, 0, 0, 1, 1, 1, 1, 1, 1, 1, 2, 2, 2, 2, 3], "image_id": 221}, "character_clusters": [0, 1, 2, 3, 4, 1, 5, 6], "text_char_matches": [[0, 5], [1, 4], [2, 6], [3, 3], [4, 3]], "text_tail_matches": [[2, 0]], "text_classification": [0, 1, 1, 1, 1, 1, 0], "character_names": ["Anya Forger", "Nguyen", "none", "none", "Edgar", "Nguyen", "none", "none"]}