{"bbox_annotations": {"bboxes_as_x1y1x2y2": [[322.42, 63.938087463378906, 648.241455078125, 508.62], [67.62, 537.04, 488.04, 646.9081420898438], [384.15999999999997, 776.16, 610.54, 1039.78], [101.07962799072266, 181.5070343017578, 240.30707550048828, 508.98793029785156], [586.1536254882812, 51.89936447143555, 776.6009521484375, 506.9798698425293], [244.12185668945312, 47.48817825317383, 427.5613708496094, 508.04668045043945], [660.34228515625, 322.9050598144531, 739.3719482421875, 385.84588623046875], [273.00775146484375, 317.84344482421875, 376.3835144042969, 442.45050048828125], [158.76, 120.53999999999999, 209.72, 159.74], [79.93161010742188, 411.978759765625, 145.88442993164062, 476.8747863769531], [614.4329223632812, 597.722412109375, 691.323974609375, 669.51611328125], [648.4911499023438, 827.656494140625, 746.76, 974.9317016601562], [264.6, 867.4948120117188, 334.0014343261719, 951.58], [89.17999999999999, 855.3114013671875, 192.84930419921872, 918.8539428710938], [245.25369262695312, 0.15151047706604004, 782.6558227539062, 508.0952453613281], [67.3000717163086, 84.31715393066406, 240.79864501953125, 510.6701354980469], [63.868587493896484, 610.94384765625, 778.9764404296875, 1169.1097412109375], [627, 289, 661, 313], [384, 314, 412, 349], [144, 370, 167, 398], [176, 179, 194, 208], [328, 886, 376, 927]], "labels": [0, 0, 0, 0, 0, 0, 1, 1, 1, 1, 1, 1, 1, 1, 2, 2, 2, 3, 3, 3, 3, 3], "image_id": 179}, "character_clusters": [0, 1, 4, 1, 2, 3], "text_char_matches": [[0, 0], [1, 0], [2, 3], [3, 3], [4, 1], [5, 1]], "text_tail_matches": [[0, 0], [1, 1], [2, 3], [3, 2], [6, 4]], "text_classification": [1, 1, 1, 1, 1, 1, 0, 1], "character_names": ["Edgar", "Investigator", "Loid Forger", "Investigator", "none", "none"]}