{"bbox_annotations": {"bboxes_as_x1y1x2y2": [[295.374267578125, 778.12, 498.44317626953125, 1126.254150390625], [216.6273193359375, 636.71240234375, 527.3989868164062, 747.3168334960938], [54.33979415893555, 228.39537048339844, 260.8627586364746, 880.7676849365234], [531.97265625, 108.2251968383789, 669.6565551757812, 236.00001525878906], [549.78, 689.92, 573.3, 749.6999999999999], [596.0694580078125, 844.3921508789062, 681.1, 905.52], [132.3, 1000.6572265625, 195.02, 1025.08], [-2.2363595962524414, -2.0510692596435547, 718.6728515625, 434.9379577636719], [18.825687408447266, 485.2573547363281, 714.087158203125, 656.25927734375], [484.6541442871094, 673.0377807617188, 713.744873046875, 1174.8116455078125], [46.974369049072266, 730.1364135742188, 499.24786376953125, 1177.428955078125], [204, 1004, 232, 1027]], "labels": [0, 0, 0, 1, 1, 1, 1, 2, 2, 2, 2, 3], "image_id": 232}, "character_clusters": [0, 1, 1], "text_char_matches": [[0, 2], [1, 1], [2, 1], [3, 0]], "text_tail_matches": [[3, 0]], "text_classification": [1, 1, 1, 1], "character_names": ["Anya Forger", "Loid Forger", "Loid Forger"]}