{"bbox_annotations": {"bboxes_as_x1y1x2y2": [[591.499267578125, 478.63134765625, 632.1732788085938, 542.9484252929688], [649.4359130859375, 475.3512268066406, 686.0240478515625, 545.967529296875], [297.92, 694.6827392578125, 785.2075805664062, 863.9540405273438], [699.3690185546875, 239.12, 729.9310302734375, 329.78125], [90.35601806640625, 893.4629516601562, 414.9303283691406, 1177.4886474609375], [696.8218994140625, 537.5189208984375, 718.7308959960938, 607.4817504882812], [559.763671875, 549.93994140625, 585.4522094726562, 605.4488525390625], [721.91880859375, 552.4967602539062, 744.1316381835937, 611.0346630859375], [578.93310546875, 259.58990478515625, 600.2847900390625, 317.7689514160156], [531.7245483398438, 466.6325378417969, 551.063232421875, 530.550048828125], [499.116943359375, 998.145263671875, 594.44482421875, 1175.982666015625], [186.56080627441406, 39.281517028808594, 334.5838623046875, 614.4109725952148], [655.8250732421875, 233.74598693847656, 690.5770874023438, 329.7859802246094], [528.01220703125, 524.9370727539062, 556.1906127929688, 608.8240356445312], [60.20012664794922, 528.42529296875, 354.7449264526367, 746.697265625], [570.0245361328125, 987.342041015625, 669.38720703125, 1173.9317626953125], [634.06, 609.5600000000001, 738.92, 691.8800000000001], [614.46, 276.36, 628.1800000000001, 319.48], [748.72, 519.4, 783.02, 591.92], [660.52, 21.56, 766.36, 164.64], [691.0386352539062, 442.96, 720.504150390625, 460.7773132324218], [556.0006103515625, 612.4617309570312, 628.1334228515625, 640.6403198242188], [389.47784423828125, 460.00933837890625, 457.8808898925781, 655.62], [564.48, 932.6370239257812, 606.62, 974.12], [467.46, 954.67578125, 508.0644226074218, 971.18], [363.2159118652344, 928.5704345703125, 439.03999999999996, 998.62], [84.18893432617188, 922.3223266601562, 159.74200439453125, 1006.918212890625], [96.03999999999999, 1075.06, 141.12, 1103.48], [68.6, 1039.78, 112.69999999999999, 1067.22], [72.52, 1107.514404296875, 117.7035903930664, 1137.78], [65.61164093017578, 1.7244787216186523, 777.8427734375, 395.7309875488281], [62.518157958984375, 424.6650695800781, 772.6758422851562, 865.0670166015625], [451.3463134765625, 885.59814453125, 730.8131713867188, 1174.2745361328125], [66.62531280517578, 883.6757202148438, 445.2162780761719, 1177.48095703125], [490, 1008, 510, 1033], [685, 466, 703, 486]], "labels": [0, 0, 0, 0, 0, 0, 0, 0, 0, 0, 0, 0, 0, 0, 0, 0, 0, 0, 0, 1, 1, 1, 1, 1, 1, 1, 1, 1, 1, 1, 2, 2, 2, 2, 3, 3], "image_id": 183}, "character_clusters": [0, 1, 1, 2, 1, 3, 4, 5, 6, 7, 0, 1, 8, 9, 0, 1, 10, 11, 12], "text_char_matches": [[1, 1], [5, 10], [6, 4]], "text_tail_matches": [[1, 1], [5, 0]], "text_classification": [0, 1, 0, 0, 0, 0, 1, 1, 0, 0, 0], "character_names": ["none", "Loid Forger", "Loid Forger", "none", "Loid Forger", "none", "none", "none", "none", "none", "none", "Loid Forger", "none", "none", "none", "Loid Forger", "none", "none", "none"]}