{"bbox_annotations": {"bboxes_as_x1y1x2y2": [[479.5360107421875, 611.2718505859375, 517.2763061523438, 727.9663696289062], [679.14013671875, 780.7837524414062, 706.015625, 815.8067626953125], [48.10362243652344, 107.72815704345703, 419.44, 779.1], [438.6341857910156, 704.2962036132812, 481.18, 802.5648193359375], [330.26, 870.5062255859375, 676.138916015625, 1175.291259765625], [121.52, 1005.051513671875, 309.93731689453125, 1175.02], [116.28997802734375, 865.7661743164062, 174.5173797607422, 1031.330322265625], [505.62652587890625, 748.0394897460938, 529.5113525390625, 797.8067016601562], [672.84302734375, 758.9962646484375, 693.2154028320313, 803.4315063476563], [508.39300537109375, 150.55970764160156, 633.7053833007812, 241.27224731445312], [402.78, 492.94, 427.5306701660156, 505.68], [656.3720092773438, 610.4678955078125, 714.4857177734375, 741.7686157226562], [563.5, 623.1881713867188, 646.757568359375, 752.4984130859375], [389.9797058105469, 916.2675170898438, 500.5030517578125, 995.6800000000001], [277.0509948730469, 975.2371826171875, 383.1393127441406, 1081.11669921875], [209.72, 854.56, 237.16, 939.8199999999999], [77.42, 886.9, 98.98, 897.68], [39.6593212890625, 1011.5358081054687, 119.56, 1075.3588671875], [-3.9695301055908203, 2.689652681350708, 735.3657836914062, 801.1658325195312], [327.2237854003906, 833.4722900390625, 720.958740234375, 1170.3795166015625], [48.13774871826172, 838.3548583984375, 324.8316955566406, 1173.514892578125], [118, 1077, 148, 1099], [533, 705, 559, 727], [659, 246, 701, 272], [387, 484, 406, 501], [94, 887, 113, 907]], "labels": [0, 0, 0, 0, 0, 0, 0, 0, 0, 1, 1, 1, 1, 1, 1, 1, 1, 1, 2, 2, 2, 3, 3, 3, 3, 3], "image_id": 192}, "character_clusters": [0, 1, 2, 3, 3, 3, 2, 2, 4], "text_char_matches": [[2, 3], [3, 3], [1, 2], [0, 3], [4, 4], [5, 4], [8, 5], [7, 6]], "text_tail_matches": [[0, 2], [1, 3], [2, 1], [3, 1], [7, 4], [8, 0]], "text_classification": [1, 1, 1, 1, 1, 1, 0, 1, 1], "character_names": ["Loid Forger", "none", "Anya Forger", "Orphanage Owner", "Orphanage Owner", "Orphanage Owner", "Anya Forger", "Anya Forger", "none"]}