{"bbox_annotations": {"bboxes_as_x1y1x2y2": [[334.5533752441406, 88.5949478149414, 450.5472412109375, 293.53018951416016], [444.3694152832031, 47.085025787353516, 525.7869873046875, 259.8091468811035], [575.01318359375, 120.1887435913086, 690.9, 193.9021453857422], [192.87820434570312, 64.85120391845703, 319.2425842285156, 107.74230194091797], [119.58919525146484, 161.08721923828125, 195.01999999999998, 223.44], [608.58, 354.358154296875, 707.0225830078125, 464.9842834472656], [499.8902587890625, 399.5666198730469, 591.5050048828125, 473.5416564941406], [406.0205078125, 347.15008544921875, 477.1800842285156, 441.6485900878906], [272.71527099609375, 358.206787109375, 367.2346496582031, 463.1448669433594], [116.46817016601562, 432.3768615722656, 175.14212036132812, 466.47999999999996], [611.4016723632812, 678.1558227539062, 712.46, 783.02], [487.06, 845.5816650390625, 522.8101806640625, 882.98], [229.71983337402344, 643.614501953125, 382.3443908691406, 775.1024169921875], [201.88, 1020.18, 290.08, 1047.62], [67.54916381835938, 0.01067197322845459, 728.9727783203125, 299.1273193359375], [65.07438659667969, 316.4235534667969, 728.980224609375, 537.1211547851562], [63.49201202392578, 557.4169311523438, 780.8898315429688, 1172.0098876953125], [536, 130, 562, 152], [233, 1046, 256, 1082]], "labels": [0, 0, 1, 1, 1, 1, 1, 1, 1, 1, 1, 1, 1, 1, 2, 2, 2, 3, 3], "image_id": 189}, "character_clusters": [0, 1], "text_char_matches": [[0, 1], [1, 0], [2, 0], [3, 1], [4, 1], [5, 1], [6, 0], [7, 0], [8, 0], [10, 0], [9, 1]], "text_tail_matches": [[0, 0]], "text_classification": [1, 1, 1, 1, 1, 1, 1, 1, 1, 1, 1, 0], "character_names": ["Loid Forger", "Real Estate Agent"]}