{"bbox_annotations": {"bboxes_as_x1y1x2y2": [[85.87847900390625, 522.1082763671875, 223.4250946044922, 837.9745483398438], [592.9, 714.42, 678.16, 822.2199999999999], [226.71969604492188, 524.4535522460938, 367.7481994628906, 837.5142211914062], [323.52532958984375, 729.4011840820312, 464.9461669921875, 841.8529663085938], [202.16668701171875, 381.8407287597656, 289.1266784667969, 484.6992492675781], [70.56, 869.26, 520.38, 1141.7], [561.9314575195312, 113.20201873779297, 734.02, 304.00032806396484], [584.08, 329.28, 687.96, 377.740478515625], [319.48, 392, 334.18, 458.28289794921875], [116.8918685913086, 385.0229187011719, 188.69598388671875, 410.0259094238281], [588, 529.1365966796875, 692.86, 586.8592529296875], [678.16, 683.06, 702.66, 750.4138793945312], [432.34979248046875, 542.1515502929688, 519.4, 657.7717895507812], [265.58, 793.4141235351562, 301.75866699218744, 832.6614990234375], [660.4846801757812, 904.5498046875, 760.5599975585938, 1053.1859130859375], [565.0165405273438, 970.273193359375, 632.9886474609375, 1054.48], [115.54149627685547, 937.3282470703125, 263.82613372802734, 1062.375244140625], [68.35182189941406, 0.5877120494842529, 778.5725708007812, 497.5726013183594], [543.2727661132812, 513.54638671875, 734.4597778320312, 839.0771484375], [229.3480987548828, 513.3448486328125, 538.2455444335938, 843.327880859375], [70.04788970947266, 512.8209838867188, 222.53729248046875, 845.8436279296875], [66.5958023071289, 863.9931640625, 737.686767578125, 1158.5535888671875], [522, 982, 550, 1004], [296, 428, 318, 451]], "labels": [0, 0, 0, 0, 0, 0, 1, 1, 1, 1, 1, 1, 1, 1, 1, 1, 1, 2, 2, 2, 2, 2, 3, 3], "image_id": 211}, "character_clusters": [0, 0, 1, 0, 0, 0], "text_char_matches": [[2, 4], [6, 2], [8, 5], [9, 5]], "text_tail_matches": [[2, 1], [8, 0], [9, 0]], "text_classification": [1, 1, 1, 0, 0, 0, 1, 0, 1, 1, 1], "character_names": ["Anya Forger", "Anya Forger", "Loid Forger", "Anya Forger", "Anya Forger", "Anya Forger"]}