{"bbox_annotations": {"bboxes_as_x1y1x2y2": [[131.92349243164062, 255.49554443359375, 244.85137939453125, 342.6103210449219], [175.03701782226562, 619.2349853515625, 555.2347412109375, 943.8945922851562], [175.8175811767578, 131.0059051513672, 328.6856994628906, 353.18463134765625], [340.0050354003906, 155.82, 622.6657104492188, 583.1463470458984], [347.9, 999.4826049804688, 544.784423828125, 1175.23583984375], [142.02183532714844, 952.290771484375, 383.666015625, 1177.404541015625], [111.5473861694336, 192.80494689941406, 185.6721954345703, 314.1502380371094], [56.839999999999996, 653.66, 169.22897338867188, 835.9399999999999], [0.513425886631012, 135.17877197265625, 58.452806532382965, 347.3990478515625], [570.579833984375, 121.1235580444336, 672.6612548828125, 221.7576141357422], [371.42, 68.6, 396.226318359375, 157.77999999999997], [263.84942626953125, 108.2875747680664, 325.6218566894531, 211.736083984375], [40.95930862426758, 83.0721435546875, 150.5364112854004, 179.72991943359375], [40.572608947753906, 249.25747680664062, 113.16646575927734, 324.687744140625], [245, 392.2085876464844, 327.2112121582031, 511.7505187988281], [83.71219635009766, 414.8858642578125, 160.72, 472.1576843261719], [28.564250946044922, 486.8509216308594, 73.80777740478516, 535.7373046875], [567.7857666015625, 673.6727294921875, 657.58, 820.847412109375], [397.969482421875, 747.6878662109375, 514.5, 875.7344360351562], [566.6113891601562, 985.5079345703125, 686.98, 1109.36], [106.82, 1042.5987548828125, 146.01999999999998, 1063.3000000000002], [337.8086853027344, 0.37166154384613037, 715.9202270507812, 585.5631713867188], [2.56508207321167, 0.7364012002944946, 333.472900390625, 353.5302734375], [31.754898071289062, 377.5574951171875, 332.1478271484375, 588.196533203125], [0.13799381256103516, 602.8947143554688, 715.6660766601562, 943.1166381835938], [51.652584075927734, 963.8605346679688, 715.3294677734375, 1174.1763916015625], [168, 1048, 191, 1069], [358, 794, 385, 817], [529, 1053, 564, 1083], [110, 189, 133, 213], [384, 149, 406, 188], [247, 166, 271, 185], [101, 287, 151, 338]], "labels": [0, 0, 0, 0, 0, 0, 0, 0, 0, 1, 1, 1, 1, 1, 1, 1, 1, 1, 1, 1, 1, 2, 2, 2, 2, 2, 3, 3, 3, 3, 3, 3, 3], "image_id": 218}, "character_clusters": [0, 1, 1, 0, 2, 1, 3, 0, 4], "text_char_matches": [[2, 2], [3, 6], [4, 0], [8, 1], [9, 1], [10, 4], [11, 5]], "text_tail_matches": [[1, 4], [2, 5], [3, 3], [4, 6], [8, 1], [9, 1], [10, 2], [11, 0]], "text_classification": [1, 0, 1, 1, 1, 1, 1, 1, 1, 1, 1, 1], "character_names": ["Anya Forger", "Edgar", "Edgar", "Anya Forger", "none", "Edgar", "none", "Anya Forger", "none"]}