{"bbox_annotations": {"bboxes_as_x1y1x2y2": [[500.6011657714844, -0.1655382513999939, 784.0621337890625, 240.83301216363907], [226.11122131347656, 907.6549072265625, 589.3972320556641, 1177.812744140625], [465.5, 708.54, 602.7, 784.98], [391.5590515136719, 660.51123046875, 437.08000000000004, 812.56298828125], [256.6150207519531, 206.2976531982422, 635.2342529296875, 348.8232727050781], [385.2816162109375, 79.75643920898438, 433.2171936035156, 108.61906433105469], [93.99027252197266, 162.76611328125, 272.74658966064453, 302.84844970703125], [560.0197143554688, 441.01312255859375, 765.38, 636.2695922851562], [561.9967041015625, 933.07666015625, 721.2092895507812, 1076.621826171875], [77.91316223144531, 932.7593383789062, 262.04547119140625, 1075.1246337890625], [67.7409896850586, -1.5198273658752441, 785.9887084960938, 248.26759338378906], [66.13655853271484, 148.5330810546875, 782.9143676757812, 352.59942626953125], [64.2890625, 369.2743225097656, 781.0078125, 887.8556518554688], [64.47052001953125, 905.934814453125, 731.4818115234375, 1177.1407470703125]], "labels": [0, 0, 0, 0, 0, 1, 1, 1, 1, 1, 2, 2, 2, 2], "image_id": 223}, "character_clusters": [0, 1, 2, 1, 3], "text_char_matches": [[2, 3], [3, 1], [4, 1]], "text_tail_matches": [], "text_classification": [1, 1, 1, 1, 1], "character_names": ["Anya Forger", "Loid Forger", "none", "Loid Forger", "Nguyen"]}