{"bbox_annotations": {"bboxes_as_x1y1x2y2": [[106.82, 73.1872329711914, 501.0840454101563, 426.29999999999995], [574.4943237304688, 107.82660675048828, 641.5119018554688, 189.80267333984375], [281.9903259277344, 718.8809204101562, 395.50811767578125, 839.8226928710938], [1.3365492820739746, 850.043212890625, 378.5255751609802, 1177.786865234375], [354.8712463378906, 619.478515625, 536.5895385742188, 850.3419189453125], [612.785888671875, 335.79547119140625, 716.141357421875, 587.1996459960938], [-6.767841815948486, 7.425975799560547, 104.25606107711792, 627.4084587097168], [629.5795288085938, 189.92825317382812, 710.370849609375, 277.68621826171875], [336.14, 916.3, 507.64, 1156.3999999999999], [577.037109375, 25.88022804260254, 684.04, 71.86210060119629], [660.7528076171875, 96.3060302734375, 700.6999999999999, 145.52371215820312], [530.0960693359375, 101.9659652709961, 577.22, 161.27711486816406], [526.3857421875, 293.736328125, 593.3269653320312, 409.2843933105469], [493.13909912109375, 473.73565673828125, 548.8, 519.4], [121.51999999999998, 334.18, 449.82, 639.94], [58.24040985107422, 289.48956298828125, 82.0694808959961, 332.87762451171875], [593.358642578125, 688.6937255859375, 688.6204223632812, 767.158447265625], [79.48362731933594, 674.1820678710938, 192.40798950195312, 790.7953491210938], [566.1697998046875, 948.4450073242188, 668.6265869140625, 1075.2164306640625], [465.72344970703125, 888.146484375, 541.2796020507812, 939.1441650390625], [499.1295166015625, -0.8608725070953369, 714.56787109375, 316.3019714355469], [475.8735046386719, 321.63702392578125, 715.8505859375, 605.4359130859375], [-1.541273593902588, -0.5432367324829102, 523.3113403320312, 625.9168090820312], [-3.3915963172912598, 612.7169799804688, 712.9150390625, 866.0631103515625], [-3.156777858734131, 842.36376953125, 714.6189575195312, 1173.375], [508, 1026, 543, 1054], [595, 399, 620, 428], [673, 162, 692, 192]], "labels": [0, 0, 0, 0, 0, 0, 0, 0, 0, 1, 1, 1, 1, 1, 1, 1, 1, 1, 1, 1, 2, 2, 2, 2, 2, 3, 3, 3], "image_id": 228}, "character_clusters": [0, 1, 1, 2, 2, 1, 3, 0, 4], "text_char_matches": [[1, 7], [2, 1], [3, 5], [6, 6], [7, 4], [8, 2], [9, 8]], "text_tail_matches": [[1, 2], [3, 1], [9, 0]], "text_classification": [0, 0, 1, 1, 0, 0, 1, 1, 1, 1, 1], "character_names": ["none", "none", "none", "none", "none", "none", "none", "none", "Loid Forger"]}