{"bbox_annotations": {"bboxes_as_x1y1x2y2": [[459.6580505371094, 578.0424194335938, 494.81109619140625, 668.2946166992188], [18.62, 885.92, 425.32, 1175.4410400390625], [-1.1580171585083008, -5.025640487670898, 527.8348417282104, 468.2558841705322], [187.72216796875, 495.3580322265625, 287.0909729003906, 679.69677734375], [289.88848876953125, 539.0930786132812, 351.7360534667969, 630.3400268554688], [-8.219674110412598, 709.225830078125, 529.7729406356812, 788.8772583007812], [440.6982727050781, 487.4287109375, 488.7073974609375, 665.5397338867188], [93.10000000000002, 815.36, 719.32, 1175.02], [588.98, 195.02, 634.0600000000001, 208.74], [82.152099609375, 138.9720001220703, 138.29104614257812, 183.73011779785156], [50.737178802490234, 265.537109375, 120.53999999999999, 328.45526123046875], [616.42, 529.8778515625, 702.66, 616.4200000000001], [359.65999999999997, 601.72, 383.17999999999995, 610.5400000000001], [27.702058792114258, 533.16796875, 151.89999999999998, 617.4], [600.9940795898438, 917.3470458984375, 668.36, 967.26], [452.51129150390625, 980.4102172851562, 556.81201171875, 1036.84], [67.62, 841.9342651367188, 120.54, 884.9399999999999], [29.4, 891.8, 81.34, 931.9799999999999], [-3.42341947555542, -1.9914007186889648, 720.7955322265625, 469.3020324707031], [368.7322692871094, 467.4771423339844, 718.9169311523438, 683.9255981445312], [1.1521525382995605, 466.87591552734375, 361.6037902832031, 685.040283203125], [-0.7151098251342773, 701.4735107421875, 719.52001953125, 795.2022705078125], [1.1261005401611328, 813.318603515625, 720.428955078125, 1172.2100830078125], [115, 304, 147, 330], [492, 889, 511, 916]], "labels": [0, 0, 0, 0, 0, 0, 0, 0, 1, 1, 1, 1, 1, 1, 1, 1, 1, 1, 2, 2, 2, 2, 2, 3, 3], "image_id": 234}, "character_clusters": [0, 0, 1, 1, 2, 1, 1, 1], "text_char_matches": [[1, 2], [2, 2], [3, 0], [5, 4], [6, 7], [7, 7]], "text_tail_matches": [[1, 0], [2, 0], [6, 1], [7, 1]], "text_classification": [1, 1, 1, 1, 1, 1, 1, 1, 0, 0], "character_names": ["Anya Forger", "Anya Forger", "Loid Forger", "Loid Forger", "Franky Franklin", "Loid Forger", "Loid Forger", "Loid Forger"]}