{"bbox_annotations": {"bboxes_as_x1y1x2y2": [[580.4995727539062, 941.4917602539062, 716.58740234375, 1174.822265625], [84.7548828125, 1057.71728515625, 182.0579071044922, 1174.9547119140625], [68.6, 141.12, 781.6510009765625, 832.7415008544923], [233.9031982421875, 944.5671997070312, 378.4152526855469, 1176.8834228515625], [450.0968322753906, 1059.0198974609375, 560.2431030273438, 1144.242919921875], [184.24, 336.14, 513.52, 767.3399999999999], [119.56, 57.82, 172.48000000000002, 86.24], [80.36, 95.06, 134.26, 124.46000000000001], [705.6, 909.7030639648438, 735.98, 1065.26], [562.4566650390625, 875.14, 657.5799999999999, 927.0799999999999], [400.098876953125, 892.8563842773438, 508.62, 1016.26], [305.7039489746094, 868.4609985351562, 382.2467956542969, 988.6656494140625], [272.44, 898.8303833007812, 299.3688049316406, 917.28], [245.98, 918.8228149414062, 279.3, 939.8199999999999], [153.85999999999999, 882.2625732421875, 234.26225280761716, 948.64], [92.12, 925.12, 141.12, 988.82], [60.01242446899414, -5.454937934875488, 785.419677734375, 843.1825561523438], [385.7145690917969, 850.1845092773438, 782.8173828125, 1174.2142333984375], [68.03895568847656, 854.9423828125, 379.7193603515625, 1175.6536865234375], [110, 1015, 130, 1044], [456, 334, 490, 363]], "labels": [0, 0, 0, 0, 0, 0, 1, 1, 1, 1, 1, 1, 1, 1, 1, 1, 2, 2, 2, 3, 3], "image_id": 241}, "character_clusters": [0, 1, 0, 0, 1, 1], "text_char_matches": [[2, 0], [4, 0], [5, 3], [8, 3], [9, 1]], "text_tail_matches": [[9, 0]], "text_classification": [0, 0, 1, 0, 1, 1, 0, 0, 1, 1], "character_names": ["Loid Forger", "Anya Forger", "Loid Forger", "Loid Forger", "Anya Forger", "Anya Forger"]}