{"bbox_annotations": {"bboxes_as_x1y1x2y2": [[281.26, 221.48, 321.9653930664062, 413.55999999999995], [350.84, 118.86331939697266, 410.89553833007807, 211.68], [359.2100524902344, 897.39404296875, 375.3904724121094, 960.893310546875], [545.86, 114.49884033203125, 605.64, 234.22], [640.92, 288.2311096191406, 736.9599999999999, 421.4], [461.58, 89.4327621459961, 531.1091918945312, 171.36488342285156], [341.3421691894531, 904.528056640625, 357.115087890625, 962.0931811523437], [316.54, 174.44, 397.88, 324.38], [65.67381286621094, 454.3836975097656, 392.5988006591797, 601.32275390625], [693.84, 288.12, 783.02, 429.24], [616.974609375, 79.02384948730469, 754.5999999999999, 268.52], [136.04461669921875, 71.7062759399414, 250.13607788085938, 175.0101318359375], [79.94136047363281, 211.2648468017578, 154.83999999999997, 233.43304443359375], [197.96, 255.22552490234375, 262.9830627441406, 277.34], [74.1753158569336, 299.84857177734375, 202.62322235107422, 405.3056640625], [579.5341796875, 470.19525146484375, 693.84, 559.5799999999999], [440.4749450683594, 505.2988586425781, 539.0, 572.32], [603.68, 862.6443481445312, 749.2092895507812, 888.86], [278.4543151855469, 1.6831752061843872, 782.3632202148438, 428.35443115234375], [69.3338623046875, -4.000921249389648, 272.9858703613281, 425.4236145019531], [63.89678955078125, 448.0122375488281, 731.5618896484375, 604.2066650390625], [64.2211685180664, 617.3883056640625, 780.7332153320312, 1173.44287109375], [390, 520, 420, 540]], "labels": [0, 0, 0, 0, 0, 0, 0, 0, 0, 0, 1, 1, 1, 1, 1, 1, 1, 1, 2, 2, 2, 2, 3], "image_id": 177}, "character_clusters": [0, 1, 2, 3, 4, 5, 6, 7, 8, 9], "text_char_matches": [[5, 8], [6, 8], [7, 8]], "text_tail_matches": [[5, 0], [6, 0]], "text_classification": [1, 1, 1, 1, 1, 1, 1, 1], "character_names": ["none", "none", "Investigator", "none", "none", "none", "Edgar", "none", "none", "none"]}