{"bbox_annotations": {"bboxes_as_x1y1x2y2": [[407.4580993652344, 16.195533752441406, 543.60498046875, 347.66529083251953], [249.9, 110.74, 314.58, 180.32], [206.03555297851562, 382.83489990234375, 580.4784545898438, 496.6202087402344], [491.71624755859375, 973.547119140625, 627.2, 1107.7257080078125], [31.14460563659668, 94.71195983886719, 87.12709617614746, 230.8480682373047], [8.966022491455078, 814.38, 382.0168647766113, 1176.748291015625], [564.8997192382812, 75.66585540771484, 697.353759765625, 352.17150115966797], [606.4304809570312, 233.97454833984375, 705.605712890625, 335.5652160644531], [430.21999999999997, 250.5240936279297, 488.82861328124994, 291.06], [203.37657165527344, 0.005795985460281372, 406.6666564941406, 34.331128627061844], [299.11883544921875, 158.9531707763672, 390.258056640625, 294.668701171875], [127.01632690429688, 90.40272521972656, 205.8700408935547, 154.2228546142578], [19.6, 46.06, 95.06, 77.0042724609375], [49.98, 252.7748565673828, 101.91999999999999, 324.743408203125], [620.9713745117188, 451.4546813964844, 668.6869506835938, 471.38], [427.89923095703125, 508.81915283203125, 534.1, 633.9796752929688], [24.714502334594727, 836.2433471679688, 172.8415012359619, 948.5807495117188], [408.91070556640625, -0.11507856845855713, 715.1006469726562, 358.6389465332031], [7.0877556800842285, -0.7349116802215576, 407.1355895996094, 358.0997009277344], [52.44933319091797, 376.8697204589844, 715.4929809570312, 500.6103515625], [-3.710926055908203, 495.7085266113281, 682.5340576171875, 814.2201538085938], [384.6067810058594, 815.329345703125, 716.3408203125, 1177.7613525390625], [-1.4062938690185547, 812.9046630859375, 380.0215148925781, 1176.542724609375], [100, 131, 125, 154], [628, 192, 649, 216], [447, 172, 464, 197], [116, 273, 156, 308], [297, 135, 318, 158], [593, 442, 612, 459]], "labels": [0, 0, 0, 0, 0, 0, 0, 1, 1, 1, 1, 1, 1, 1, 1, 1, 1, 2, 2, 2, 2, 2, 2, 3, 3, 3, 3, 3, 3], "image_id": 208}, "character_clusters": [0, 1, 1, 2, 0, 2, 1], "text_char_matches": [[0, 6], [1, 0], [3, 1], [4, 4], [6, 1], [7, 2], [8, 2], [9, 5]], "text_tail_matches": [[0, 1], [1, 2], [3, 4], [4, 0], [6, 3], [7, 5]], "text_classification": [1, 1, 0, 1, 1, 0, 1, 1, 1, 1], "character_names": ["Loid Forger", "Franky Franklin", "Franky Franklin", "Anya Forger", "Loid Forger", "Anya Forger", "Franky Franklin"]}