{"bbox_annotations": {"bboxes_as_x1y1x2y2": [[484.12, 116.62, 716.38, 290.08000000000004], [104.79536437988281, 1007.4399999999999, 690.8292999267578, 1174.6881103515625], [273.4999084472656, 121.5171127319336, 318.71734619140625, 181.39620971679688], [99.6515121459961, 287.9093017578125, 537.5834884643555, 823.4156494140625], [653.66, 9.8, 689.92, 107.8], [587.02, 34.3, 629.16, 132.3], [59.40477752685547, 113.55496215820312, 165.5588836669922, 218.1132049560547], [613.57421875, 405.6011047363281, 689.8239135742188, 524.4194946289062], [559.58, 400.82, 589.96, 497.84], [564.8521118164062, 662.1889038085938, 641.7203979492188, 784.9041748046875], [379.467041015625, 601.961669921875, 507.8619384765625, 758.9572143554688], [172.9997296142578, 468.68420654296875, 200.9, 560.6405053710937], [40.44379806518555, 391.707763671875, 166.3267936706543, 557.3590698242188], [266.56, 721.28, 324.38, 792.8199999999999], [539.1482543945312, 884.5718994140625, 666.3154296875, 1004.2459106445312], [151.9, 881.6610107421875, 271.53533935546875, 1028.02], [58.8, 1048.2412109375, 84.45526885986327, 1061.34], [47.58982849121094, -0.11684846878051758, 715.6880493164062, 339.9042053222656], [543.4829711914062, 363.3631286621094, 718.5762329101562, 823.8993530273438], [-0.2959413528442383, 346.6058654785156, 539.5319213867188, 825.2308349609375], [-8.297176361083984, 837.0693359375, 718.7259521484375, 1172.89404296875], [397, 566, 419, 594], [291, 697, 309, 722]], "labels": [0, 0, 0, 0, 1, 1, 1, 1, 1, 1, 1, 1, 1, 1, 1, 1, 1, 2, 2, 2, 2, 3, 3], "image_id": 202}, "character_clusters": [0, 1, 1, 1], "text_char_matches": [[2, 2], [3, 3], [5, 3], [6, 3], [9, 3], [8, 3], [10, 3], [11, 3], [12, 1]], "text_tail_matches": [[6, 0], [9, 1]], "text_classification": [0, 0, 1, 1, 0, 1, 1, 0, 1, 1, 1, 1, 1], "character_names": ["Anya Forger", "Loid Forger", "Loid Forger", "Loid Forger"]}