{"bbox_annotations": {"bboxes_as_x1y1x2y2": [[354.1960754394531, 636.9124755859375, 380.35064697265625, 695.606689453125], [438.9129943847656, 630.8023681640625, 462.6417541503906, 660.1820068359375], [513.85009765625, 210.00633239746094, 688.50830078125, 534.0326995849609], [273.91180419921875, 638.4151611328125, 298.35040283203125, 702.4622802734375], [280.20751953125, 21.571842193603516, 691.88, 538.8606605529785], [94.54463195800781, 571.75439453125, 138.70521545410156, 727.3424072265625], [390.2314758300781, 603.0320068359375, 426.0391845703125, 715.4], [611.3350219726562, 78.69252014160156, 739.7589111328125, 138.0878448486328], [712.7615966796875, 319.48, 740.88, 414.3681945800782], [640.92, 370.44, 674.24, 457.65999999999997], [273.3786315917969, 78.54067993164062, 380.8044738769531, 201.34506225585938], [98, 55.12523651123047, 212.36476135253906, 262.77892303466797], [111.27436065673828, 289.2902526855469, 220.6671142578125, 355.39141845703125], [611.863525390625, 592.1044921875, 730.6239013671875, 701.5703735351562], [148.72222900390625, 614.6417236328125, 234.77435302734375, 689.3933715820312], [588, 842.8, 782.04, 1041.74], [78.4, 806.54, 255.78, 1056.3463134765625], [247.84800720214844, -4.340706825256348, 776.5612182617188, 540.6854248046875], [70.38027954101562, -3.305490493774414, 240.24920654296875, 544.3401489257812], [66.90120697021484, 558.7954711914062, 734.2400512695312, 735.24267578125], [67.14636993408203, 746.6117553710938, 778.2455444335938, 1165.8603515625]], "labels": [0, 0, 0, 0, 0, 0, 0, 1, 1, 1, 1, 1, 1, 1, 1, 1, 1, 2, 2, 2, 2], "image_id": 201}, "character_clusters": [0, 1, 2, 3, 4, 5, 4], "text_char_matches": [[0, 4], [3, 4], [4, 4], [6, 1], [7, 6]], "text_tail_matches": [], "text_classification": [1, 0, 0, 1, 1, 0, 1, 1, 0, 0], "character_names": ["none", "none", "Anya Forger", "none", "Loid Forger", "none", "Loid Forger"]}