{"bbox_annotations": {"bboxes_as_x1y1x2y2": [[605.0209350585938, 1002.3610229492188, 675.546875, 1101.9434814453125], [312.5963439941406, 952.481689453125, 458.04132080078125, 1028.02], [446.88, 796.3172607421875, 518.0321044921875, 949.6199999999999], [66.91875457763672, 56.11742401123047, 269.76485443115234, 286.15999999999997], [61.663909912109375, 951.7401733398438, 264.6, 1175.7916259765625], [495.88, 617.3211059570312, 592.27392578125, 751.6600000000001], [340.47894287109375, 576.0947265625, 448.9731750488281, 688.795654296875], [688.1824951171875, 2.3764941692352295, 764.4403686523438, 254.8], [625.24, 67.62, 644.84, 122.5], [617.4, 234.00379943847656, 661.5, 393.32415771484375], [696.78, 318.5, 715.4, 371.42], [450.8, 147.98, 467.46000000000004, 231.27999999999997], [458.64, 234.22, 500.78, 388.08], [397.88, 290.08, 437.08, 420.41999999999996], [284.2, 73.5, 342.39410400390625, 206.78], [222.46, 221.48, 265.58, 299.88], [236.18, 342.02, 268.52, 385.14], [82.32, 253.82, 117.6, 315.56], [649.0045166015625, 573.6492919921875, 741.86, 728.1451416015625], [253.82, 455.1441955566406, 303.8, 528.22], [162.68, 547.8199999999999, 245.98000000000002, 657.5799999999999], [151.9, 393.96, 195.02, 465.5], [121.24815216064454, 848.0405712890625, 220.59708251953126, 929.1061840820313], [391.04595947265625, -1.225244164466858, 785.9083862304688, 398.29766845703125], [267.3751220703125, 0.9249218702316284, 410.57977294921875, 400.14776611328125], [67.18769073486328, 1.2170605659484863, 280.20257568359375, 399.7591857910156], [62.86178970336914, 424.7232360839844, 780.5512084960938, 1168.9061279296875], [60.5621223449707, 822.1939086914062, 263.7527160644531, 1174.2415771484375]], "labels": [0, 0, 0, 0, 0, 0, 0, 1, 1, 1, 1, 1, 1, 1, 1, 1, 1, 1, 1, 1, 1, 1, 1, 2, 2, 2, 2, 2], "image_id": 229}, "character_clusters": [0, 1, 2, 0, 0, 3, 4], "text_char_matches": [], "text_tail_matches": [], "text_classification": [0, 0, 0, 0, 0, 0, 0, 0, 0, 0, 1, 1, 0, 0, 0, 0], "character_names": ["Edgar", "none", "none", "Edgar", "Edgar", "none", "none"]}