{"bbox_annotations": {"bboxes_as_x1y1x2y2": [[769.289306640625, 1156.7960205078125, 935.8966064453125, 1382.8453369140625], [745.4774169921875, 1765.75, 983.6200561523438, 1929.3320312500002], [714.63232421875, 1604.75, 877.3441772460938, 1920.8682861328123], [599.4893188476562, 725.9398193359375, 686.2623901367188, 900.4473876953125], [3.589951992034912, 914.2218627929688, 330.40614461898804, 2106.9616088867188], [270.2586364746094, 416.2781677246094, 594.1826171875, 672.9840698242188], [497, 919.1714477539062, 860.791259765625, 1379.0], [1037.8955078125, 1426.783935546875, 1283.69873046875, 1928.6187744140625], [748.3311157226562, 475.2032165527344, 907.8424682617188, 664.7196044921875], [334.6318359375, 1230.7247314453125, 486.5, 1832.47802734375], [958.980224609375, 1100.4281005859375, 1122.071044921875, 1384.867919921875], [1036.0830078125, 225.89505004882812, 1259.27734375, 347.1128845214844], [728.0227661132812, 175.10911560058594, 913.4732666015625, 282.46563720703125], [77.7263412475586, 324.3796691894531, 260.77779388427734, 508.3506774902344], [1098.439453125, 966.5339965820312, 1274.9510498046875, 1204.3128662109375], [821.5232543945312, 964.25, 1095.325439453125, 1133.0550537109375], [496.5104064941406, 1008.7507934570312, 682.2769775390625, 1169.7271728515625], [801.0816040039062, 1442.64892578125, 1040.8419189453125, 1680.52197265625], [497.16546630859375, 1466.5, 704.2533569335938, 1631.1501464843748], [105.30008697509766, 1625.872314453125, 319.91980743408203, 1693.763671875], [-4.88099479675293, 2.928847074508667, 1281.135009765625, 713.8001708984375], [255.80613708496094, 669.4439086914062, 972.6629638671875, 912.4032592773438], [487.7007141113281, 920.8432006835938, 1280.46728515625, 1392.6300048828125], [478.258056640625, 1419.2918701171875, 1274.3731689453125, 1921.760009765625], [320.8174743652344, 909.5753173828125, 480.01611328125, 2071.28466796875], [1.9812077283859253, 926.9803466796875, 344.01422119140625, 2100.886474609375], [1079, 417, 1125, 458]], "labels": [0, 0, 0, 0, 0, 0, 0, 0, 0, 0, 0, 1, 1, 1, 1, 1, 1, 1, 1, 1, 2, 2, 2, 2, 2, 2, 3], "image_id": 597}, "character_clusters": [0, 1, 2, 3, 3, 3, 3, 3, 4, 3, 5], "text_char_matches": [[0, 8], [3, 10], [5, 10], [6, 1], [7, 1], [8, 4]], "text_tail_matches": [[0, 0]], "text_classification": [1, 0, 1, 1, 1, 1, 1, 1, 1], "character_names": ["none", "none", "none", "S\u014dma Yukihira", "S\u014dma Yukihira", "S\u014dma Yukihira", "S\u014dma Yukihira", "S\u014dma Yukihira", "none", "S\u014dma Yukihira", "none"]}