{"bbox_annotations": {"bboxes_as_x1y1x2y2": [[370.4928894042969, 1280.471923828125, 1042.4414978027344, 2099.126708984375], [1049.7703857421875, 1340.4149169921875, 1399.419189453125, 1933.9793701171875], [116.70687103271484, 1288.019775390625, 343.26622772216797, 2111.31787109375], [604.0758056640625, 104.47437286376953, 1235.8294677734375, 1266.4865798950195], [377.5987548828125, 608.3319091796875, 452.2837219238281, 646.01611328125], [545.4934692382812, 969.5, 715.5580444335938, 1137.13037109375], [340.1260681152344, 934.5, 452.1361389160156, 1068.79638671875], [151.70603942871094, 1046.5, 316.955322265625, 1150.549560546875], [1064.1282958984375, 1709.75, 1302.4129638671875, 1925.8990478515625], [801.8958740234375, 1308.7691650390625, 990.426025390625, 1422.0828857421875], [372.1625671386719, 1310.75, 596.0859985351562, 1530.9102783203125], [229.7358856201172, 1832.25, 322.3407897949219, 1902.8135986328125], [103.39588928222656, -1.1278420686721802, 1308.9169921875, 1250.8466796875], [1045.39013671875, 1230.51953125, 1391.1092529296875, 1943.7601318359375], [349.79522705078125, 1241.7535400390625, 1039.1976318359375, 2094.797607421875], [114.82012176513672, 1267.345947265625, 345.64727783203125, 2097.386962890625], [699, 1116, 754, 1158]], "labels": [0, 0, 0, 0, 1, 1, 1, 1, 1, 1, 1, 1, 2, 2, 2, 2, 3], "image_id": 592}, "character_clusters": [0, 0, 1, 1], "text_char_matches": [[1, 3], [0, 0], [2, 0], [3, 0], [6, 0], [7, 2], [4, 1]], "text_tail_matches": [[1, 0]], "text_classification": [1, 1, 1, 1, 1, 1, 1, 1], "character_names": ["S\u014dma Yukihira", "S\u014dma Yukihira", "J\u014dichir\u014d Yukihira", "J\u014dichir\u014d Yukihira"]}