{"bbox_annotations": {"bboxes_as_x1y1x2y2": [[1095.1756591796875, 784, 1371.3907470703125, 1203.283203125], [908.0594482421875, 894.525390625, 1062.8199462890625, 1059.737548828125], [0.6425172090530396, 484.75, 397.96453869342804, 2083.849609375], [172.9656524658203, 175.37847900390625, 1247.8028106689453, 315.7676696777344], [1126.77099609375, 669.7241821289062, 1225.0350341796875, 712.12744140625], [817.1044921875, 651.8495483398438, 980.343505859375, 839.3674926757812], [825.57958984375, 1102.741455078125, 999.3303833007812, 1266.609130859375], [572.5924682617188, 989.4987182617188, 764.5361328125, 1105.935791015625], [832.4069213867188, 1485.2169189453125, 1000.4900512695312, 1742.578125], [563.5139770507812, 1373.635498046875, 733.46875, 1478.0533447265625], [322.0428771972656, 1206.806884765625, 520.4308471679688, 1460.462158203125], [1049.5784912109375, 1705.9656982421875, 1321.97607421875, 1869.5347900390625], [635.59326171875, 1626.5047607421875, 814.6792602539062, 1881.48876953125], [42.70716857910156, 1.6576542854309082, 1394.1513671875, 550.6563110351562], [4.274421691894531, 278.47735595703125, 1402.95849609375, 2132.399169921875], [1173, 736, 1208, 787]], "labels": [0, 0, 0, 1, 1, 1, 1, 1, 1, 1, 1, 1, 1, 2, 2, 3], "image_id": 606}, "character_clusters": [0, 1, 2], "text_char_matches": [[2, 1], [7, 2], [1, 0], [3, 2], [5, 2], [9, 2], [0, 2]], "text_tail_matches": [[1, 0]], "text_classification": [1, 1, 1, 1, 0, 1, 0, 1, 0, 1], "character_names": ["none", "none", "Erina Nakiri"]}