{"bbox_annotations": {"bboxes_as_x1y1x2y2": [[275.8806457519531, 253.12718200683594, 458.8619689941406, 618.8655242919922], [268.6878967285156, 864.0484619140625, 475.7318420410156, 1140.3472900390625], [370.7135925292969, 1261.092041015625, 873.3019409179688, 2099.365478515625], [923.6237182617188, 5.01035737991333, 1267.4071044921875, 619.5866513252258], [3.675589084625244, 1137.853759765625, 376.56050729751587, 2099.07470703125], [529.2951049804688, 174.6331787109375, 712.8746337890625, 615.5808715820312], [723.1093139648438, 810.5036010742188, 1042.001953125, 1138.0386962890625], [1171.911865234375, 417.9335021972656, 1261.431640625, 513.0823364257812], [752.150390625, 236.1909637451172, 922.8388671875, 391.84686279296875], [428.35919189453125, 381.8839111328125, 536.4392700195312, 431.5821228027344], [120.98518371582031, 231.96377563476562, 276.29705810546875, 543.0938720703125], [1032.5487060546875, 757.75, 1218.537353515625, 949.5177612304688], [712.25, 617.75, 908.25, 708.75], [555.166259765625, 805, 729.9056396484375, 1028.3687744140625], [461.73187255859375, 1096.452392578125, 523.9675903320312, 1133.503173828125], [120.75605773925781, 724.5900268554688, 254.29783630371094, 881.87548828125], [1102.4234619140625, 1279.25, 1238.72900390625, 1445.2192382812498], [982.05224609375, 1393.4638671875, 1060.86328125, 1455.89111328125], [1037.59130859375, 1610, 1251.712158203125, 1838.7991943359375], [898.9085693359375, 1763.22802734375, 1002.8558959960938, 1847.48876953125], [707.2044677734375, 1247.75, 887.946044921875, 1372.9985351562502], [402.3877258300781, 1206.4390869140625, 639.216064453125, 1461.0948486328125], [264.80377197265625, 1480.64892578125, 365.9676818847656, 1533.10986328125], [105, 1834.093505859375, 145.09005737304688, 1905.841064453125], [924.485107421875, 1.5814886093139648, 1381.8809814453125, 623.1793823242188], [75.04440307617188, 144.7921905517578, 936.9046020507812, 622.4497680664062], [70.99603271484375, 651.2467651367188, 1261.7786865234375, 1150.4571533203125], [820.4830932617188, 1173.8817138671875, 1401.5067138671875, 2097.430908203125], [363.7359619140625, 1176.2470703125, 906.1742553710938, 2096.3076171875], [-2.1101951599121094, 1131.67626953125, 379.16644287109375, 2098.3095703125], [1030, 974, 1073, 1008], [719, 331, 759, 370], [738, 968, 778, 1005], [1116, 503, 1157, 543], [282, 470, 344, 534]], "labels": [0, 0, 0, 0, 0, 0, 0, 1, 1, 1, 1, 1, 1, 1, 1, 1, 1, 1, 1, 1, 1, 1, 1, 1, 2, 2, 2, 2, 2, 2, 3, 3, 3, 3, 3], "image_id": 594}, "character_clusters": [0, 0, 0, 1, 0, 1, 1], "text_char_matches": [[0, 3], [1, 5], [3, 0], [4, 6], [6, 6], [8, 1], [9, 6], [11, 6], [13, 2], [14, 2], [10, 1], [12, 2], [16, 4]], "text_tail_matches": [[0, 3], [1, 1], [3, 4], [4, 0], [6, 2]], "text_classification": [1, 1, 0, 1, 1, 0, 1, 0, 1, 1, 1, 1, 1, 1, 1, 0, 1], "character_names": ["S\u014dma Yukihira", "S\u014dma Yukihira", "S\u014dma Yukihira", "J\u014dichir\u014d Yukihira", "S\u014dma Yukihira", "J\u014dichir\u014d Yukihira", "J\u014dichir\u014d Yukihira"]}