{"bbox_annotations": {"bboxes_as_x1y1x2y2": [[-4.905214786529541, 1312.9456787109375, 504.7619605064392, 1643.0511474609375], [337.8384704589844, 1401.85791015625, 1406.2714538574219, 2100.883544921875], [748.1417846679688, 347.06988525390625, 1352.578857421875, 984.718017578125], [523.3839111328125, 1076.332763671875, 960.36279296875, 1546.3150634765625], [98.3837890625, 493.38922119140625, 438.2518005371094, 1074.5693359375], [628.99365234375, 361.15496826171875, 741.0945434570312, 481.4272766113281], [999.25, 1027.25, 1121.258544921875, 1109.3956298828125], [260.75, 1722, 428.0140380859375, 1825.910888671875], [44.68226623535156, -2.5785908699035645, 1396.610595703125, 1026.865966796875], [0.18287301063537598, 1004.3350830078125, 1388.611572265625, 2112.56494140625], [-2.5142641067504883, 1302.9708251953125, 504.6685791015625, 1647.969482421875]], "labels": [0, 0, 0, 0, 0, 1, 1, 1, 2, 2, 2], "image_id": 582}, "character_clusters": [0, 0, 1, 0, 0], "text_char_matches": [[0, 2]], "text_tail_matches": [], "text_classification": [1, 0, 0], "character_names": ["Yaeko Minegasaki", "Yaeko Minegasaki", "S\u014dma Yukihira", "Yaeko Minegasaki", "Yaeko Minegasaki"]}