{"bbox_annotations": {"bboxes_as_x1y1x2y2": [[622.4141845703125, 21, 1428.50634765625, 2038.1601562499998], [-2.1939754486083984, 743.75, 880.3857975006104, 2095.025634765625], [153.57174682617188, 313.1328430175781, 452.2464294433594, 813.2966918945312], [904.65478515625, 1350.4378662109375, 1194.4471435546875, 1668.510498046875], [710.5, 1431.5, 777.0, 1660.75], [558.1815185546875, 1764, 622.7835083007812, 1807.3363037109375], [2.2897720336914062, -0.18418729305267334, 1401.114501953125, 2099.7216796875]], "labels": [0, 0, 1, 1, 1, 1, 2], "image_id": 604}, "character_clusters": [0, 1], "text_char_matches": [[0, 0], [1, 0]], "text_tail_matches": [], "text_classification": [1, 1, 0, 1], "character_names": ["J\u014dichir\u014d Yukihira", "S\u014dma Yukihira"]}