{"bbox_annotations": {"bboxes_as_x1y1x2y2": [[307.48199462890625, 0, 653.8660888671875, 994.6631526947021], [-0.7179580926895142, 1811.1651611328125, 81.16366422176361, 2104.351318359375], [385.804443359375, 975.8131713867188, 1351.2965087890625, 2098.0866088867188], [120.0179214477539, 40.436058044433594, 404.1010513305664, 1000.3182601928711], [46.46432876586914, 1669.6080322265625, 309.5998878479004, 2100.08251953125], [21.921646118164062, 1886.3900146484375, 116.66412353515625, 2100.48583984375], [1100.01318359375, 196.23854064941406, 1274.5556640625, 422.3304138183594], [977.8479614257812, 511.31744384765625, 1155.86083984375, 599.7671508789062], [670.9094848632812, 318.0118408203125, 884.4197998046875, 521.3369140625], [1065.996826171875, 804.049072265625, 1203.002685546875, 938.2313232421875], [692.0228271484375, 797.98291015625, 888.7704467773438, 948.5206909179688], [577.5, 0, 647.8973999023438, 229.25], [294.9739990234375, 633.775146484375, 614.8949584960938, 867.3331298828125], [121.33124542236328, 761.343505859375, 223.4879608154297, 823.994873046875], [146.46511840820312, 934.8264770507812, 259.5677490234375, 1014.8251342773438], [1086.6871337890625, 1291.7646484375, 1272.025390625, 1424.94677734375], [943.25, 1577.729248046875, 1139.4361572265625, 1773.3883056640625], [606.3796997070312, 1606.5, 793.028076171875, 1739.67333984375], [146.77670288085938, 1241.55126953125, 243.45970153808594, 1298.0128173828125], [206.31179809570312, 1655.3065185546875, 311.8360900878906, 1813.8861083984375], [663.2084350585938, 152.64511108398438, 1279.841552734375, 694.607421875], [661.1401977539062, 720.7608642578125, 1280.7918701171875, 1001.480712890625], [93.07460021972656, -6.466081619262695, 654.6856689453125, 1006.22412109375], [363.0597229003906, 981.1411743164062, 1352.4835205078125, 2099.05615234375], [122.6203384399414, 1149.0682373046875, 373.6382141113281, 1540.0399169921875], [-0.18995553255081177, 1558.1343994140625, 333.4505920410156, 2101.535888671875], [207, 1866, 247, 1907], [449, 460, 489, 516]], "labels": [0, 0, 0, 0, 0, 0, 1, 1, 1, 1, 1, 1, 1, 1, 1, 1, 1, 1, 1, 1, 2, 2, 2, 2, 2, 2, 3, 3], "image_id": 567}, "character_clusters": [0, 1, 2, 2, 0, 3], "text_char_matches": [[6, 0], [2, 0], [8, 3], [3, 0], [4, 0], [9, 2], [10, 2], [13, 4], [0, 3], [1, 3]], "text_tail_matches": [[6, 1], [13, 0]], "text_classification": [1, 1, 1, 1, 1, 0, 1, 0, 1, 1, 1, 0, 0, 1], "character_names": ["Yaeko Minegasaki", "none", "S\u014dma Yukihira", "S\u014dma Yukihira", "Yaeko Minegasaki", "none"]}