{"bbox_annotations": {"bboxes_as_x1y1x2y2": [[420.6151123046875, 1448.56103515625, 534.7586669921875, 1940.4205322265625], [-0.001105666160583496, 1097.2586669921875, 275.0514761209488, 2096.53662109375], [265.46856689453125, 1321.9835205078125, 468.7734680175781, 1992.7669677734375], [428.38128662109375, 183.34051513671875, 1214.5, 2084.0792846679688], [993.8421630859375, 277.3260803222656, 1195.9146728515625, 435.9130859375], [246.75, 140, 610.75, 358.75], [209.41175842285156, 656.3271484375, 384.93328857421875, 805.6358032226562], [325.5, 1146.25, 577.5, 1312.5], [577.5, 1513.75, 1279.25, 1986.25], [-4.08170223236084, -5.271461486816406, 1395.1656494140625, 2094.25390625], [932, 463, 1007, 520], [296, 363, 614, 601]], "labels": [0, 0, 0, 0, 1, 1, 1, 1, 1, 2, 3, 3], "image_id": 600}, "character_clusters": [0, 1, 2, 3], "text_char_matches": [[0, 3]], "text_tail_matches": [[0, 0], [2, 1]], "text_classification": [1, 0, 1, 0, 0], "character_names": ["none", "none", "none", "J\u014dichir\u014d Yukihira"]}