{"bbox_annotations": {"bboxes_as_x1y1x2y2": [[974.9708251953125, 1327.173828125, 1281.395263671875, 2104.297607421875], [496.226806640625, 546.9735107421875, 1130.5, 1128.7032470703125], [276.5, 1878.9718017578125, 315.0, 2007.1485595703125], [310.26885986328125, 1881.010986328125, 348.6312561035156, 2003.977294921875], [573.336181640625, 37.92387008666992, 1275.936279296875, 1139.9947929382324], [450.7613220214844, 1875.1331787109375, 514.5, 2038.5572509765625], [817.2738037109375, 1925.63134765625, 884.8846435546875, 2041.7784423828125], [4.668430328369141, 1861.5758056640625, 99.54516983032227, 2072.24658203125], [988.79248046875, 252.06040954589844, 1205.68212890625, 497.457763671875], [243.8709716796875, 460.2782287597656, 446.583740234375, 804.2332153320312], [405.7310791015625, 952, 496.154052734375, 1017.7286987304689], [340.16632080078125, 1214.4276123046875, 910.1634521484375, 1270.228271484375], [781.8856201171875, 1778, 890.7447509765625, 1880.9078369140625], [105.8520278930664, 1624, 285.95999908447266, 1889.0306396484375], [74.78567504882812, -8.713066101074219, 1286.7696533203125, 1139.1622314453125], [-0.7554776668548584, 360.2755126953125, 126.42057800292969, 1129.3203125], [976.62548828125, 1321.5872802734375, 1281.6890869140625, 2101.412841796875], [-14.96621322631836, 1338.056640625, 954.6659545898438, 2094.6923828125]], "labels": [0, 0, 0, 0, 0, 0, 0, 0, 1, 1, 1, 1, 1, 1, 2, 2, 2, 2], "image_id": 595}, "character_clusters": [0, 0, 1, 2, 3, 0, 4, 5], "text_char_matches": [[0, 4], [1, 4], [4, 5], [5, 5], [2, 1]], "text_tail_matches": [], "text_classification": [1, 1, 1, 1, 1, 1], "character_names": ["S\u014dma Yukihira", "S\u014dma Yukihira", "none", "none", "J\u014dichir\u014d Yukihira", "S\u014dma Yukihira", "none", "none"]}