{"bbox_annotations": {"bboxes_as_x1y1x2y2": [[905.9828491210938, 1432.2567138671875, 1228.435546875, 1934.0899658203125], [708.5484008789062, 1455.6197509765625, 886.3270263671875, 1710.544677734375], [236.79478454589844, 1560.2027587890625, 566.2958221435547, 2103.28271484375], [44.83561706542969, 1263.713134765625, 309.9388885498047, 2104.035400390625], [529.5814208984375, 273.3341369628906, 1298.6075439453125, 1397.4814758300781], [531.3258056640625, 1503.04736328125, 735.5298461914062, 1927.1297607421875], [969.5, 164.5, 1356.25, 404.25], [433.8113708496094, 182, 795.2069702148438, 669.1343383789062], [857.5, 1404.09033203125, 967.5237426757812, 1751.75], [372.0892639160156, 635.25, 430.80670166015625, 822.4605102539062], [295.861328125, 645.75, 353.53985595703125, 828.4192504882812], [272.1029052734375, 1188.25, 428.43450927734375, 1446.756591796875], [402.325927734375, 170.6298370361328, 1400.4832763671875, 1399.0328369140625], [904.4910888671875, 1415.519775390625, 1235.817626953125, 1937.80029296875], [512.9557495117188, 1417.770751953125, 917.7999877929688, 1945.865966796875], [2.7655422687530518, 4.25636625289917, 472.2569274902344, 1035.8070068359375], [45.443214416503906, 1034.486328125, 564.5135498046875, 2096.1748046875]], "labels": [0, 0, 0, 0, 0, 0, 1, 1, 1, 1, 1, 1, 2, 2, 2, 2, 2], "image_id": 564}, "character_clusters": [0, 0, 1, 2, 1, 1], "text_char_matches": [[0, 4], [1, 4], [5, 3]], "text_tail_matches": [], "text_classification": [1, 1, 0, 0, 0, 1], "character_names": ["J\u014dichir\u014d Yukihira", "J\u014dichir\u014d Yukihira", "S\u014dma Yukihira", "Yaeko Minegasaki", "S\u014dma Yukihira", "S\u014dma Yukihira"]}