{"bbox_annotations": {"bboxes_as_x1y1x2y2": [[472.583251953125, 1467.9564208984375, 871.2222900390625, 2097.140380859375], [312.5994567871094, 0, 1395.6226501464844, 1205.1243677139282], [733.5856323242188, 1212.5723876953125, 869.1610107421875, 1687.9989013671875], [389.3974304199219, 1408.640625, 635.8240356445312, 1839.5946044921875], [731.6268310546875, 1206.608154296875, 870.8541259765625, 1816.262939453125], [0.6185472011566162, 1250.5689697265625, 494.4237229824066, 2095.928466796875], [885.09912109375, 1209.079345703125, 1324.707763671875, 1927.689697265625], [249.3541259765625, 299.75, 369.2524719238281, 395.85626220703125], [189.57200622558594, 484.39300537109375, 249.25491333007812, 769.4421997070312], [439.25, 1233.75, 682.5, 1409.1708984375002], [75.25, 1279.7264404296875, 350.0, 1421.0], [1.378411054611206, 7.786435127258301, 1398.2918701171875, 1214.8349609375], [883.6344604492188, 1198.4991455078125, 1320.3287353515625, 1930.138427734375], [348.00982666015625, 1196.968994140625, 870.3192138671875, 2097.98095703125], [-5.121967315673828, 1203.6826171875, 482.3184509277344, 2094.771484375], [373, 364, 431, 418]], "labels": [0, 0, 0, 0, 0, 0, 0, 1, 1, 1, 1, 2, 2, 2, 2, 3], "image_id": 587}, "character_clusters": [2, 0, 2, 3, 4, 0, 1], "text_char_matches": [[0, 1], [1, 1]], "text_tail_matches": [[0, 0], [1, 0]], "text_classification": [1, 1, 0, 0], "character_names": ["none", "Yaeko Minegasaki", "none", "none", "none", "Yaeko Minegasaki", "S\u014dma Yukihira"]}