{"bbox_annotations": {"bboxes_as_x1y1x2y2": [[270.71990966796875, 973.2951049804688, 557.694580078125, 1486.0889892578125], [45.632179260253906, 1701.6829833984375, 575.9802017211914, 2099.89111328125], [-0.156441330909729, 1601.146240234375, 119.4088968038559, 2092.071044921875], [268.4542541503906, 647.5895385742188, 315.71795654296875, 801.1483154296875], [629.7005615234375, 595.6502685546875, 1402.28564453125, 1619.172607421875], [274.41717529296875, 600.25, 474.4316711425781, 846.6906127929688], [428.75, 607.25, 498.75, 829.5], [717.5, 157.5, 1296.75, 994.0], [418.81097412109375, 731.1842651367188, 470.8319396972656, 776.8434448242188], [270.4024658203125, 1019.6980590820312, 370.6225891113281, 1107.6009521484375], [100.43354797363281, 153.56927490234375, 325.97540283203125, 280.0077209472656], [115.5, 1079.75, 243.25, 1379.0], [401.0884094238281, 1582, 557.505859375, 1717.686279296875], [48.239837646484375, 1615.25, 224.33526611328125, 1744.717529296875], [574.9055786132812, 0.3347665071487427, 1393.375732421875, 2099.78466796875], [264.1196594238281, 885.9078369140625, 553.9912109375, 1486.3546142578125], [-1.8119261264801025, 20.068592071533203, 300.7666015625, 1512.8870849609375], [-7.699399948120117, 1518.665771484375, 622.5034790039062, 2100.92919921875], [67, 1818, 160, 1879], [431, 1780, 515, 1867]], "labels": [0, 0, 0, 0, 0, 0, 0, 1, 1, 1, 1, 1, 1, 1, 2, 2, 2, 2, 3, 3], "image_id": 578}, "character_clusters": [0, 1, 0, 2, 3, 0, 1], "text_char_matches": [[2, 0], [5, 1], [6, 1], [1, 5]], "text_tail_matches": [[5, 1], [6, 0]], "text_classification": [0, 1, 1, 0, 0, 1, 1], "character_names": ["none", "none", "none", "none", "S\u014dma Yukihira", "none", "none"]}