{"bbox_annotations": {"bboxes_as_x1y1x2y2": [[233.3047637939453, 261.2450866699219, 581.7378692626953, 770.9280395507812], [542.9259643554688, 312.1318054199219, 787.7595825195312, 789.7697143554688], [722.4402465820312, 56.201595306396484, 991.2885131835938, 495.25], [126, 799.8463745117188, 957.25, 2098.25], [1020.9736328125, 3.940406322479248, 1389.998291015625, 858.7494883537292], [1100.709716796875, 1179.747314453125, 1395.2154541015625, 1911.82421875], [515.9321899414062, 1765.1181640625, 640.5809936523438, 1851.6695556640625], [1016.21533203125, 1362.125244140625, 1123.5050048828125, 1550.3465576171875], [1017.0905151367188, 532.8860473632812, 1326.75, 824.3082885742188], [1033.9822998046875, 443.5085754394531, 1197.1038818359375, 484.53509521484375], [455.7235412597656, 184.0504150390625, 691.3001708984375, 302.366455078125], [718.6327514648438, 595.4434204101562, 970.4794921875, 753.5634765625], [489.06951904296875, 523.25, 644.7982177734375, 607.4791870117188], [219.40643310546875, 201.5471649169922, 343.1236877441406, 269.82012939453125], [134.75, 285.25, 325.5, 421.75], [181.32737731933594, 626.8259887695312, 348.8248596191406, 729.9974975585938], [1075.0438232421875, 917, 1344.2052001953125, 1121.7204589843748], [1059.7691650390625, 1608.413818359375, 1293.6624755859375, 1879.3485107421875], [823.6870727539062, 904.9564208984375, 973.6834716796875, 1014.451904296875], [644.4092407226562, 1181.7265625, 936.8013305664062, 1376.2808837890625], [371, 1274, 518, 1412.25], [236.25, 1120, 411.25, 1253], [644, 1477, 696.5, 1594.25], [498.75, 1433.25, 588.0, 1541.75], [140, 929.25, 315, 1095.5], [733.25, 1604.75, 806.75, 1730.75], [462.1379089355469, 1654.4818115234375, 660.6229248046875, 1744.4600830078125], [775.25, 1755.25, 903.0, 1883.0], [1005.3788452148438, -8.19874382019043, 1394.74609375, 853.8118896484375], [119.30316925048828, 3.1991825103759766, 995.8353881835938, 813.303466796875], [999.5328979492188, 871.093994140625, 1397.77197265625, 1914.3388671875], [124.5019302368164, 769.956787109375, 1055.755615234375, 2097.821533203125], [1181, 375, 1222, 422], [1227, 1452, 1294, 1561], [915, 457, 955, 509], [571, 481, 617, 528], [570, 302, 613, 343], [1076, 1163, 1137, 1269]], "labels": [0, 0, 0, 0, 0, 0, 0, 0, 1, 1, 1, 1, 1, 1, 1, 1, 1, 1, 1, 1, 1, 1, 1, 1, 1, 1, 1, 1, 2, 2, 2, 2, 3, 3, 3, 3, 3, 3], "image_id": 602}, "character_clusters": [0, 1, 2, 3, 2, 3, 4, 4], "text_char_matches": [[1, 4], [2, 0], [9, 5], [10, 3], [0, 4], [3, 2], [4, 1], [8, 7], [11, 3], [18, 6]], "text_tail_matches": [[1, 0], [0, 0], [3, 2], [2, 4], [4, 3], [8, 5], [9, 1]], "text_classification": [1, 1, 1, 1, 1, 1, 0, 1, 1, 1, 1, 1, 0, 0, 0, 0, 0, 0, 1, 0], "character_names": ["none", "none", "none", "none", "none", "none", "none", "none"]}