{"bbox_annotations": {"bboxes_as_x1y1x2y2": [[735.3893432617188, 949.87451171875, 1040.424072265625, 1272.4482421875], [680.8204345703125, 1544.125, 817.0443115234375, 1915.4185791015625], [2.1448254585266113, 1318.0631103515625, 284.3179211616516, 1999.228759765625], [-2.594341278076172, 329.16278076171875, 112.14380264282227, 555.8553466796875], [386.0832824707031, 0, 690.3358154296875, 613.6804442405701], [1019.957763671875, 597.7112426757812, 1095.280029296875, 892.2073974609375], [1016.5739135742188, 211.3197479248047, 1169.897216796875, 460.25], [856.168212890625, 739.6376342773438, 922.9031982421875, 775.923095703125], [1093.516845703125, 807.4432373046875, 1172.1583251953125, 849.6928100585938], [594.296875, 455.6339111328125, 738.8074340820312, 704.7750854492188], [469.8925476074219, 743.210205078125, 525.6182861328125, 786.2899780273438], [395.5, 717.5, 462.0, 862.75], [330.75, 220.5, 360.5, 329.0], [291.0317687988281, 219.9495391845703, 337.3854064941406, 386.05718994140625], [156.65176391601562, 317.6450500488281, 284.2667541503906, 449.59698486328125], [172.1686248779297, 582.9359741210938, 324.2119445800781, 752.1444091796875], [88.13024139404297, 801.0848999023438, 245.73509979248047, 892.2785034179688], [1047.891845703125, 990.3574829101562, 1240.3984375, 1161.368408203125], [958.9908447265625, 1100.90234375, 1008.9989624023438, 1133.90234375], [448.6080627441406, 969.5, 647.7161865234375, 1269.3912353515625], [701.9896240234375, 1417.822265625, 793.3800659179688, 1489.060791015625], [778.9874267578125, 2.8478310108184814, 1287.6593017578125, 917.2448120117188], [382.4604797363281, 0.8052483201026917, 775.8051147460938, 921.3387451171875], [-0.20365118980407715, 185.88656616210938, 370.788330078125, 565.0282592773438], [18.850784301757812, 562.2008666992188, 360.9471740722656, 929.8243408203125], [429.2952575683594, 940.2874755859375, 1259.657470703125, 1285.6983642578125], [90.49166107177734, 940.49169921875, 425.5572204589844, 1287.4779052734375], [221.96719360351562, 1307.8525390625, 1255.3389892578125, 1933.86376953125], [4.174546718597412, 1310.1348876953125, 274.3150939941406, 2084.624755859375], [671, 1149, 720, 1187], [616, 317, 649, 370], [100, 350, 164, 414]], "labels": [0, 0, 0, 0, 0, 0, 1, 1, 1, 1, 1, 1, 1, 1, 1, 1, 1, 1, 1, 1, 1, 2, 2, 2, 2, 2, 2, 2, 2, 3, 3, 3], "image_id": 569}, "character_clusters": [0, 0, 0, 0, 0, 0], "text_char_matches": [[3, 4], [8, 3], [9, 3], [10, 3], [11, 0], [13, 0], [1, 5], [12, 0]], "text_tail_matches": [[8, 2], [13, 0], [3, 1]], "text_classification": [1, 1, 0, 1, 1, 0, 0, 0, 1, 1, 1, 1, 1, 1, 0], "character_names": ["S\u014dma Yukihira", "S\u014dma Yukihira", "S\u014dma Yukihira", "S\u014dma Yukihira", "S\u014dma Yukihira", "S\u014dma Yukihira"]}