{"bbox_annotations": {"bboxes_as_x1y1x2y2": [[374.5, 1388.13623046875, 1039.1644287109375, 2100.2060546875], [907.854248046875, 388.88909912109375, 993.9337768554688, 634.4423217773438], [731.5, 911.89208984375, 1083.58935546875, 1322.8150634765625], [1107.75, 1463.155029296875, 1269.2996826171875, 1928.19970703125], [210.997314453125, 1023.9727783203125, 461.1755676269531, 1323.1181640625], [561.3328247070312, 221.27593994140625, 692.41552734375, 348.4651794433594], [304.1451110839844, 184.25250244140625, 459.7488708496094, 343.0481872558594], [100.5088119506836, 460.5730285644531, 266.4473190307617, 556.7592163085938], [1054.2366943359375, 800.5438232421875, 1266.263671875, 1052.5367431640625], [551.32275390625, 847, 671.3951416015625, 991.8903198242188], [331.7401123046875, 826, 444.18353271484375, 963.2659912109375], [93.15609741210938, 799.0855712890625, 294.0231628417969, 1023.838623046875], [114.4886245727539, 1090.1719970703125, 213.42494201660156, 1142.323974609375], [88.76575469970703, 1245.8824462890625, 188.9963836669922, 1296.9447021484375], [1060.06884765625, 1453.36962890625, 1161.8531494140625, 1517.208740234375], [535.1636352539062, 1508.7125244140625, 642.8795166015625, 1559.1929931640625], [85.78968811035156, 1606.5, 222.6443634033203, 1690.2481689453125], [2.4268746376037598, -2.903156042098999, 1276.0433349609375, 743.1585083007812], [472.907470703125, 767.9649658203125, 1277.95166015625, 1334.940185546875], [86.66816711425781, 770.1478881835938, 468.4456481933594, 1333.5841064453125], [1039.5146484375, 1363.13525390625, 1275.9462890625, 1937.863525390625], [307.0350341796875, 1359.68359375, 1034.9232177734375, 2094.24853515625], [39.27777862548828, 1370.7064208984375, 303.9517517089844, 2001.84716796875], [1011, 951, 1052, 988]], "labels": [0, 0, 0, 0, 0, 1, 1, 1, 1, 1, 1, 1, 1, 1, 1, 1, 1, 2, 2, 2, 2, 2, 2, 3], "image_id": 603}, "character_clusters": [0, 0, 0, 0, 1], "text_char_matches": [[0, 1], [1, 1], [2, 1], [3, 2], [5, 2], [6, 2], [11, 0]], "text_tail_matches": [[3, 0]], "text_classification": [1, 1, 1, 1, 1, 1, 1, 0, 0, 0, 0, 1], "character_names": ["J\u014dichir\u014d Yukihira", "J\u014dichir\u014d Yukihira", "J\u014dichir\u014d Yukihira", "J\u014dichir\u014d Yukihira", "none"]}