{"bbox_annotations": {"bboxes_as_x1y1x2y2": [[423.2117004394531, 13.990974426269531, 778.0723266601562, 770.9954299926758], [210, 952, 1179.5, 2087.904541015625], [1148.8206787109375, 188.1715545654297, 1287.528076171875, 250.200927734375], [848.0185546875, 449.75, 1013.556884765625, 624.7836303710938], [667.8140869140625, 143.5, 847.16748046875, 314.6227722167969], [459.54071044921875, 636.1553344726562, 513.3873291015625, 750.0015869140625], [185.3439483642578, 252.204345703125, 373.5213623046875, 392.6687316894531], [909.4555053710938, 768.25, 1171.623046875, 949.1444702148438], [942.63232421875, 1208.4666748046875, 1335.027587890625, 1387.8583984375], [442.0906982421875, 0.4562750458717346, 1320.008056640625, 750.478515625], [-2.2512614727020264, 3.1881675720214844, 492.3072814941406, 861.642578125], [-0.11949539184570312, 821.177734375, 1389.9329833984375, 2095.183349609375]], "labels": [0, 0, 1, 1, 1, 1, 1, 1, 1, 2, 2, 2], "image_id": 571}, "character_clusters": [0, 0], "text_char_matches": [[1, 0], [2, 0], [4, 0], [0, 0], [3, 0]], "text_tail_matches": [], "text_classification": [1, 1, 1, 1, 1, 0, 0], "character_names": ["S\u014dma Yukihira", "S\u014dma Yukihira"]}