{"bbox_annotations": {"bboxes_as_x1y1x2y2": [[355.518310546875, 4.826279640197754, 1369.7056884765625, 515.9006814956665], [0, 1375.5, 773.5, 2098.25], [1067.468994140625, 221.4014434814453, 1166.66552734375, 362.62054443359375], [235.74693298339844, 174.78366088867188, 372.0458068847656, 387.1693115234375], [1067.137451171875, 730.4299926757812, 1273.84619140625, 1023.4713745117188], [591.5, 801.5, 712.25, 913.5], [491.75, 616, 621.25, 736.75], [966, 1351, 1162, 1611.75], [729.75, 1246, 875.0, 1405.25], [554.75, 1022, 642.25, 1107.75], [610.75, 1174.25, 694.75, 1240.75], [119.0321044921875, 780.8671875, 414.1978454589844, 1190.3194580078125], [964.8784790039062, 1664.2591552734375, 1065.3897705078125, 1958.193603515625], [1121.75, 1813, 1307.25, 2019.5], [75.03301239013672, 1.3762258291244507, 1388.637451171875, 522.0323486328125], [-1.0623157024383545, 512.0127563476562, 1397.25341796875, 2089.71630859375]], "labels": [0, 0, 1, 1, 1, 1, 1, 1, 1, 1, 1, 1, 1, 1, 2, 2], "image_id": 598}, "character_clusters": [0, 0], "text_char_matches": [], "text_tail_matches": [], "text_classification": [1, 1, 1, 0, 0, 0, 0, 0, 0, 1, 0, 0], "character_names": ["S\u014dma Yukihira", "S\u014dma Yukihira"]}