{"bbox_annotations": {"bboxes_as_x1y1x2y2": [[895.0733032226562, 339.97869873046875, 1096.9473876953125, 612.7234497070312], [143.11654663085938, 219.4073028564453, 400.6638488769531, 734.9716949462891], [-2.6991500854492188, 300.38299560546875, 143.13944244384766, 636.8882446289062], [368.6563415527344, 800.0985717773438, 1249.1619567871094, 1181.90869140625], [689.5, 1179.5, 932.75, 1373.75], [256.7007751464844, 0.1630336046218872, 1015.3339538574219, 748.5595790147781], [1076.0897216796875, 256.23870849609375, 1274.4776611328125, 508.00030517578125], [695.585693359375, 1825.25, 1148.9678955078125, 2099.8605957031245], [1162, 931, 1302, 1064], [148.75, 217, 191.69708251953125, 274.75], [453.25, 729.5980224609375, 544.869384765625, 803.060546875], [1112.62646484375, 957.5564575195312, 1173.420166015625, 1001.2305297851562], [1222.549560546875, 1120.4803466796875, 1285.75634765625, 1170.91796875], [157.22967529296875, 978.8378295898438, 243.09654235839844, 1029.1929931640625], [40.675045013427734, 950.7804565429688, 141.30749130249023, 1009.02294921875], [1004.5, 1247.75, 1247.75, 1407.0], [-4.474484920501709, -6.2567667961120605, 1279.78857421875, 759.8201904296875], [1108.0325927734375, 889.2561645507812, 1297.328369140625, 1195.144287109375], [58.06178283691406, 777.927490234375, 1128.66552734375, 1219.5711669921875], [929.70947265625, 1207.3975830078125, 1283.9986572265625, 1944.5736083984375], [-2.1806657314300537, 1182.525146484375, 936.6150512695312, 2093.529052734375]], "labels": [0, 0, 0, 0, 0, 0, 0, 0, 0, 1, 1, 1, 1, 1, 1, 1, 2, 2, 2, 2, 2], "image_id": 577}, "character_clusters": [0, 1, 2, 3, 3, 3, 4, 3, 3], "text_char_matches": [[0, 1]], "text_tail_matches": [], "text_classification": [1, 0, 0, 0, 0, 0, 0], "character_names": ["none", "Yaeko Minegasaki", "none", "S\u014dma Yukihira", "S\u014dma Yukihira", "S\u014dma Yukihira", "none", "S\u014dma Yukihira", "S\u014dma Yukihira"]}