{"bbox_annotations": {"bboxes_as_x1y1x2y2": [[928.5698852539062, 1702.570556640625, 1033.9530029296875, 1819.773681640625], [63.985755920410156, 158.2556610107422, 395.10233306884766, 529.9619598388672], [149.55392456054688, 1360.3436279296875, 487.751220703125, 1935.4686279296875], [675.3193359375, 46.54130554199219, 1399.7310791015625, 1303.3398895263672], [517.3258666992188, 293.3011474609375, 674.5827026367188, 566.75439453125], [253.68104553222656, 1623.087646484375, 746.9475860595703, 2095.6103515625], [1085.00244140625, 1661.280517578125, 1210.76513671875, 1783.1080322265625], [0, 505.75, 1078, 1352.75], [1194.26904296875, 216.51060485839844, 1286.916748046875, 287.2019958496094], [681.8056030273438, 227.5, 859.2460327148438, 359.6378173828125], [708.75, 466.4718322753906, 811.84228515625, 534.8924560546875], [407.2263488769531, 275.3862609863281, 553.0, 356.78814697265625], [115.0311279296875, 344.5824279785156, 239.75299072265625, 533.3807373046875], [638.3958740234375, 610.75, 961.9309692382812, 676.941162109375], [595.00146484375, 1065.75, 766.1504516601562, 1262.133544921875], [136.6165771484375, 1190, 453.25, 1282.7574462890625], [1103.25927734375, 1477, 1251.3201904296875, 1640.07958984375], [826.789306640625, 1572.550537109375, 995.991943359375, 1716.5345458984375], [885.2716674804688, 1824.3834228515625, 999.25927734375, 1980.1591796875], [562.8112182617188, 1424.5, 744.8101806640625, 1620.3271484375], [111.66625213623047, 1694, 291.41112518310547, 1891.0716552734375], [70.38916778564453, 135.39797973632812, 1308.212158203125, 600.7867431640625], [5.231845378875732, 520.5443115234375, 1398.8721923828125, 1343.8345947265625], [754.5439453125, 1347.7186279296875, 1395.2833251953125, 2101.99365234375], [56.42131042480469, 1337.02001953125, 753.9375, 2097.274658203125], [1175, 292, 1216, 332], [644, 320, 688, 363], [508, 1150, 564, 1199], [241, 335, 279, 377]], "labels": [0, 0, 0, 0, 0, 0, 0, 0, 1, 1, 1, 1, 1, 1, 1, 1, 1, 1, 1, 1, 1, 2, 2, 2, 2, 3, 3, 3, 3], "image_id": 558}, "character_clusters": [0, 1, 2, 0, 0, 3, 1, 1], "text_char_matches": [[0, 3], [4, 1], [6, 7], [8, 6], [10, 6], [9, 0], [11, 5], [12, 2], [1, 4]], "text_tail_matches": [[0, 0], [1, 1], [4, 3], [6, 2]], "text_classification": [1, 1, 0, 1, 1, 1, 1, 1, 1, 1, 1, 1, 1], "character_names": ["S\u014dma Yukihira", "J\u014dichir\u014d Yukihira", "Aki Koganei", "S\u014dma Yukihira", "S\u014dma Yukihira", "none", "J\u014dichir\u014d Yukihira", "J\u014dichir\u014d Yukihira"]}