{"bbox_annotations": {"bboxes_as_x1y1x2y2": [[127.70796966552734, 1041.1663818359375, 712.6333236694336, 1748.4078369140625], [218.6732635498047, 15.216323852539062, 1157.362289428711, 1079.448989868164], [1164.3909912109375, 1368.3909912109375, 1399.4951171875, 1920.663330078125], [1044.75, 148.75, 1378.0606689453125, 391.60537719726557], [822.5, 503.3674011230469, 1076.931396484375, 719.9745483398438], [1124.3470458984375, 743.75, 1382.5, 968.0062255859376], [166.25, -4.472111701965332, 560.0, 312.27788829803467], [169.75, 433.8518981933594, 455.0, 722.2617797851562], [1135.75, 1333.5, 1302.0, 1463.0], [727.5848999023438, 1293.27880859375, 1056.611572265625, 1505.838134765625], [939.75, 1646.75, 1083.053466796875, 1719.7576904296875], [768.25, 1636.25, 928.9898681640625, 1720.7110595703125], [103.63479614257812, -28.197114944458008, 1405.615234375, 1247.3890380859375], [1108.8756103515625, 1260.557373046875, 1399.3426513671875, 1928.234130859375], [106.7862777709961, 1011.9981689453125, 1107.4794921875, 2091.906494140625]], "labels": [0, 0, 0, 1, 1, 1, 1, 1, 1, 1, 1, 1, 2, 2, 2], "image_id": 576}, "character_clusters": [0, 0, 0], "text_char_matches": [], "text_tail_matches": [], "text_classification": [0, 0, 0, 0, 0, 0, 0, 0, 0], "character_names": ["S\u014dma Yukihira", "S\u014dma Yukihira", "S\u014dma Yukihira"]}