{"bbox_annotations": {"bboxes_as_x1y1x2y2": [[1227.3929443359375, 1249.023193359375, 1398.25, 2098.25], [900.9005126953125, 1174.6280517578125, 986.8903198242188, 2047.5], [966.6329345703125, 1538.0352783203125, 1006.7383422851562, 1592.30712890625], [401.4644775390625, 834.0697631835938, 891.2239990234375, 1563.6915283203125], [4.059776782989502, 883.75, 405.348961353302, 2099.2294311523438], [991.0770874023438, 1305.6749267578125, 1337.0, 2098.25], [168, 122.5, 911.75, 603.75], [644, 691.25, 889, 976.5], [944.5160522460938, 940.6947631835938, 1338.580810546875, 1152.079833984375], [191.1140899658203, 714.7879638671875, 555.3188629150391, 910.2324829101562], [595.3800048828125, 1442, 793.6508178710938, 1562.72021484375], [185.25277709960938, 1760.5, 514.8505249023438, 1930.761962890625], [2.444732189178467, 8.039027214050293, 1402.3228759765625, 2107.8642578125], [400, 1677, 463, 1745], [397, 1467, 491, 1529]], "labels": [0, 0, 0, 0, 0, 0, 1, 1, 1, 1, 1, 1, 2, 3, 3], "image_id": 601}, "character_clusters": [0, 1, 2, 3, 4, 5], "text_char_matches": [[3, 3], [4, 4], [5, 4]], "text_tail_matches": [[5, 0], [4, 1]], "text_classification": [0, 1, 0, 1, 1, 1], "character_names": ["none", "none", "none", "McFly", "J\u014dichir\u014d Yukihira", "none"]}