{"bbox_annotations": {"bboxes_as_x1y1x2y2": [[1125.8367919921875, 1678.25, 1378.7364501953125, 2099.699462890625], [667.1470336914062, 1391.6390380859375, 1111.437744140625, 2102.813720703125], [850.7786254882812, 304.0283508300781, 1101.3958740234375, 642.674560546875], [423.177978515625, 693.6344604492188, 1101.8134765625, 1349.97998046875], [500.655029296875, 211.9060821533203, 823.4317016601562, 705.6758575439453], [109.45701599121094, 747.6788330078125, 418.02940368652344, 1376.8204345703125], [112.25606536865234, 1429.859619140625, 325.14781951904297, 2097.38427734375], [280.1669616699219, 293.6152648925781, 419.27239990234375, 384.85137939453125], [220.34422302246094, 504.9281921386719, 327.0543518066406, 599.90283203125], [1145.71533203125, 764.75, 1290.134033203125, 897.541259765625], [971.9698486328125, 1039.3818359375, 1122.3941650390625, 1203.087646484375], [435.1114196777344, 873.25, 640.7996215820312, 1040.365966796875], [1075.4969482421875, 1361.5, 1237.55419921875, 1497.57080078125], [984.3286743164062, 1695.75, 1165.0426025390625, 1925.6641845703127], [885.4642944335938, 1419.277587890625, 933.9408569335938, 1486.6962890625], [116.54472351074219, 1150.7271728515625, 239.67897033691406, 1342.625732421875], [668.6490478515625, 1440.25, 760.2125854492188, 1521.4000244140625], [570.8953247070312, 1534.833984375, 688.9302368164062, 1604.84619140625], [324.08935546875, 1685.25, 446.1371154785156, 1760.3231201171875], [72.1839370727539, -2.5019242763519287, 1395.13818359375, 712.8407592773438], [1098.5906982421875, 657.1793823242188, 1400.9954833984375, 1288.2353515625], [409.5386962890625, 692.2981567382812, 1111.893798828125, 1354.4796142578125], [1028.260986328125, 1282.067626953125, 1406.53466796875, 2099.634765625], [684.5790405273438, 1317.7489013671875, 1101.770751953125, 2094.7705078125], [108.98363494873047, 729.4585571289062, 411.571533203125, 1389.73828125], [119.45616912841797, 1364.6219482421875, 785.39990234375, 2095.991455078125], [1184, 1520, 1226, 1574], [192, 1061, 233, 1107]], "labels": [0, 0, 0, 0, 0, 0, 0, 1, 1, 1, 1, 1, 1, 1, 1, 1, 1, 1, 1, 2, 2, 2, 2, 2, 2, 2, 3, 3], "image_id": 586}, "character_clusters": [0, 1, 1, 0, 0, 1, 0], "text_char_matches": [[2, 2], [3, 3], [4, 3], [8, 5], [5, 0], [6, 0], [9, 1], [10, 1], [11, 1], [1, 2], [7, 1]], "text_tail_matches": [[8, 1], [5, 0]], "text_classification": [0, 1, 1, 1, 1, 1, 1, 1, 1, 1, 1, 1], "character_names": ["S\u014dma Yukihira", "Yaeko Minegasaki", "Yaeko Minegasaki", "S\u014dma Yukihira", "S\u014dma Yukihira", "Yaeko Minegasaki", "S\u014dma Yukihira"]}