{"bbox_annotations": {"bboxes_as_x1y1x2y2": [[904.2947998046875, 393.23040771484375, 998.4598388671875, 658.851806640625], [116.5609130859375, 2.0118534564971924, 494.474365234375, 738.9764530658722], [793.8604736328125, 1209.6947021484375, 1358.5799560546875, 2089.883056640625], [703.1934204101562, 626.6098022460938, 781.49609375, 732.9992065429688], [1018.2794799804688, 882.522216796875, 1257.1475830078125, 1204.3775634765625], [737.2713623046875, 448.4538879394531, 809.18408203125, 640.408447265625], [630.5386962890625, 335.13299560546875, 698.1871337890625, 572.8543090820312], [776.0242919921875, 277.9294128417969, 885.2432250976562, 486.51312255859375], [214.60256958007812, 748.5643310546875, 778.3578186035156, 1189.533935546875], [1174.7113037109375, 290.9203796386719, 1275.0224609375, 354.5006103515625], [1053.36865234375, 502.2950744628906, 1199.822265625, 698.3287963867188], [926.3091430664062, 392.2978515625, 992.808349609375, 430.6849670410156], [449.6592712402344, 446.7723083496094, 496.6339111328125, 478.6548156738281], [137.31747436523438, 574.860595703125, 273.10687255859375, 671.0327758789062], [1150.1875, 768.25, 1268.18115234375, 914.0579833984375], [809.7050170898438, 864.5, 982.6773071289062, 1116.01220703125], [490, 775.25, 703.5, 890.75], [219.76869201660156, 842.1544799804688, 413.2577819824219, 1132.7525634765625], [1127.3076171875, 1319.110107421875, 1290.8179931640625, 1598.501708984375], [695.4592895507812, 1633.4696044921875, 912.2064819335938, 1940.2255859375], [472.2161560058594, 1281, 631.2754516601562, 1450.1964111328125], [176.73402404785156, 1296.75, 385.5212707519531, 1613.1119384765625], [153.74298095703125, 1760.5, 315.1084899902344, 1895.0419921875], [1023.95458984375, 149.54562377929688, 1307.3720703125, 740.662109375], [531.2964477539062, 144.76780700683594, 1014.2985229492188, 733.035888671875], [116.25841522216797, -5.371315956115723, 530.7002563476562, 742.7271728515625], [100.74625396728516, 730.104736328125, 1333.3636474609375, 1214.071533203125], [640.8937377929688, 1201.7879638671875, 1401.51123046875, 2096.169921875], [114.52556610107422, 1197.4295654296875, 646.0115966796875, 2097.289794921875], [258, 457, 293, 508], [1195, 945, 1237, 987], [920, 288, 959, 329]], "labels": [0, 0, 0, 0, 0, 0, 0, 0, 0, 1, 1, 1, 1, 1, 1, 1, 1, 1, 1, 1, 1, 1, 1, 2, 2, 2, 2, 2, 2, 3, 3, 3], "image_id": 580}, "character_clusters": [0, 1, 1, 2, 3, 4, 5, 3, 1], "text_char_matches": [[1, 7], [4, 1], [5, 4], [6, 8], [8, 8], [9, 2], [10, 2], [13, 2], [11, 2], [12, 2], [2, 7], [3, 1]], "text_tail_matches": [[2, 2], [4, 0], [5, 1]], "text_classification": [1, 1, 1, 1, 1, 1, 1, 0, 1, 1, 1, 1, 1, 1], "character_names": ["none", "Yaeko Minegasaki", "Yaeko Minegasaki", "none", "S\u014dma Yukihira", "none", "none", "S\u014dma Yukihira", "Yaeko Minegasaki"]}