{"bbox_annotations": {"bboxes_as_x1y1x2y2": [[-4.27621603012085, 160.6536865234375, 424.6653733253479, 1263.1075439453125], [199.58108520507812, 87.5, 485.90753173828125, 1203.997169494629], [400.55572509765625, 1233.1961669921875, 706.767333984375, 2097.94189453125], [482.530029296875, 28.641029357910156, 1393.615478515625, 2011.1445693969727], [-3.0175299644470215, 1465.61865234375, 380.902147769928, 2098.691650390625], [516.0089721679688, 4.709949970245361, 813.75, 773.5], [309.6474304199219, 666.75, 451.1467590332031, 845.5361938476562], [211.75, 654.5, 297.5, 721.0], [157.5, 708.75, 243.25, 764.75], [177.79185485839844, 921.0574951171875, 300.5867004394531, 1122.4571533203125], [482.7008972167969, 1050, 548.7234497070312, 1096.352783203125], [224.555419921875, 1316, 422.18084716796875, 1510.7170410156252], [-2.8060555458068848, 1.1739671230316162, 1394.21142578125, 2101.06787109375], [-8.38647747039795, 2.062422037124634, 510.9162292480469, 1254.1473388671875], [-0.6508409976959229, 1227.7017822265625, 422.618408203125, 2098.90234375], [502, 1172, 536, 1226], [350, 495, 434, 572], [170, 745, 254, 886]], "labels": [0, 0, 0, 0, 0, 1, 1, 1, 1, 1, 1, 1, 2, 2, 2, 3, 3, 3], "image_id": 575}, "character_clusters": [0, 1, 1, 2, 1], "text_char_matches": [[1, 1], [4, 0], [6, 4]], "text_tail_matches": [[5, 0], [1, 1], [4, 2]], "text_classification": [0, 1, 0, 0, 1, 1, 1], "character_names": ["none", "Yaeko Minegasaki", "Yaeko Minegasaki", "S\u014dma Yukihira", "Yaeko Minegasaki"]}