{"bbox_annotations": {"bboxes_as_x1y1x2y2": [[401.81695556640625, 675.8082885742188, 869.75, 1003.0905151367188], [635.185302734375, 1471.620849609375, 775.5257568359375, 1987.1011962890625], [946.4712524414062, 1543.024658203125, 1036.08544921875, 1696.7122802734375], [455.4110412597656, 1515.5462646484375, 535.6984252929688, 1612.3885498046875], [315.8620300292969, 259.6206970214844, 446.4978332519531, 605.2470703125], [488.28570556640625, 204.7583465576172, 612.888671875, 462.49424743652344], [845.5956420898438, 1603.206787109375, 938.9111938476562, 1689.72705078125], [1156.8076171875, 124.75713348388672, 1311.04296875, 193.083740234375], [1329.914306640625, 287.4052734375, 1379.1925048828125, 345.73382568359375], [969.5, 392, 1307.25, 548.3819580078125], [895.5641479492188, 492.4477233886719, 1089.2935791015625, 619.9674072265625], [643.8417358398438, 134.6201934814453, 894.5453491210938, 291.8530578613281], [119.2394790649414, 373.99835205078125, 388.4912796020508, 652.315673828125], [1102.6358642578125, 719.11962890625, 1284.119140625, 878.1452026367188], [737.4716796875, 873.2000732421875, 822.8225708007812, 909.7909545898438], [423.5, 691.25, 540.75, 943.25], [143.66880798339844, 780.6968383789062, 339.44647216796875, 940.8790893554688], [1224.087646484375, 1515.477294921875, 1314.9185791015625, 1554.786376953125], [1110.8394775390625, 1798.9425048828125, 1221.6507568359375, 1872.08544921875], [809.31640625, 1201.8033447265625, 1000.1296997070312, 1424.641845703125], [606.0323486328125, 1100.75, 781.7203369140625, 1355.79443359375], [425.31890869140625, 1358, 556.9457397460938, 1429.1490478515623], [431.3525695800781, 1656.7496337890625, 561.3270263671875, 1821.9056396484375], [153.45834350585938, 1144.188720703125, 294.350830078125, 1273.2655029296875], [173.80577087402344, 1800.75, 286.8287658691406, 1904.6330566406248], [57.292198181152344, -2.8108744621276855, 1397.0333251953125, 670.4052734375], [78.06808471679688, 670.669677734375, 1367.9278564453125, 1021.7904663085938], [1056.268310546875, 1034.0406494140625, 1400.14013671875, 1308.3228759765625], [1052.100830078125, 1255.5830078125, 1401.159912109375, 1940.2996826171875], [383.4237365722656, 1037.622802734375, 1048.409423828125, 2088.685302734375], [81.29024505615234, 1031.801025390625, 382.4808044433594, 2008.7735595703125], [893, 1491, 934, 1545], [538, 1479, 598, 1519], [688, 822, 768, 886], [386, 800, 502, 906], [542.5, 1820, 584.5, 1862]], "labels": [0, 0, 0, 0, 0, 0, 0, 1, 1, 1, 1, 1, 1, 1, 1, 1, 1, 1, 1, 1, 1, 1, 1, 1, 1, 2, 2, 2, 2, 2, 2, 3, 3, 3, 3, 3], "image_id": 596}, "character_clusters": [0, 0, 1, 2, 3, 0, 4], "text_char_matches": [[0, 5], [4, 5], [5, 4], [3, 4], [6, 4], [9, 0], [7, 0], [14, 1], [12, 6], [11, 6], [10, 1], [13, 6], [15, 6], [16, 6], [17, 6]], "text_tail_matches": [[7, 2], [9, 3], [12, 0], [13, 0], [14, 1], [15, 4]], "text_classification": [1, 0, 0, 1, 1, 1, 1, 1, 0, 1, 1, 1, 1, 1, 1, 1, 1, 1], "character_names": ["S\u014dma Yukihira", "S\u014dma Yukihira", "none", "none", "J\u014dichir\u014d Yukihira", "S\u014dma Yukihira", "none"]}