{"bbox_annotations": {"bboxes_as_x1y1x2y2": [[2.7758688926696777, 14.1903076171875, 606.6664328575134, 570.5137939453125], [617.75, 43.75, 1398.25, 2098.25], [0, 481.25, 673.75, 2098.25], [71.75, 1442, 1291.5, 1960], [-6.943124771118164, -9.888410568237305, 1392.06494140625, 2089.573974609375]], "labels": [0, 0, 0, 1, 2], "image_id": 589}, "character_clusters": [0, 1, 2], "text_char_matches": [], "text_tail_matches": [], "text_classification": [0], "character_names": ["none", "none", "none"]}