{"bbox_annotations": {"bboxes_as_x1y1x2y2": [[527.82373046875, 1526.6982421875, 1289.2869873046875, 2097.07763671875], [4.424709320068359, 1522.4654541015625, 671.2363548278809, 2096.64013671875], [-0.8994594216346741, 513.837890625, 349.9942173361778, 1020.7993774414062], [640.494384765625, -12.455799102783203, 1292.4937744140625, 1029.4956169128418], [1119.6201171875, 330.33251953125, 1233.855224609375, 519.1747436523438], [645.6649169921875, 742, 846.7103881835938, 967.7279663085938], [84, 82.25, 533.75, 230.22264099121094], [417.5557556152344, 869.75, 480.6548156738281, 912.770751953125], [1039.351806640625, 1192.78515625, 1188.634765625, 1325.1051025390625], [163.32582092285156, 1205.75, 347.7716064453125, 1369.1746826171877], [636.2210083007812, -4.290193557739258, 1284.780029296875, 1027.8553466796875], [3.31265926361084, -2.6552886962890625, 634.593505859375, 761.8424682617188], [6.389373779296875, 711.6024780273438, 631.8285522460938, 1031.232666015625], [99.3338851928711, 1052.3214111328125, 1286.7877197265625, 1483.545166015625], [548.7953491210938, 1512.984619140625, 1280.5799560546875, 2095.650634765625], [3.8234353065490723, 1515.6751708984375, 690.4463500976562, 2096.297119140625], [370, 913, 411, 945]], "labels": [0, 0, 0, 0, 1, 1, 1, 1, 1, 1, 2, 2, 2, 2, 2, 2, 3], "image_id": 581}, "character_clusters": [0, 1, 1, 1], "text_char_matches": [[0, 3], [1, 3], [4, 0], [5, 0], [3, 2]], "text_tail_matches": [[3, 0]], "text_classification": [1, 1, 0, 1, 1, 1], "character_names": ["S\u014dma Yukihira", "Yaeko Minegasaki", "Yaeko Minegasaki", "Yaeko Minegasaki"]}