{"bbox_annotations": {"bboxes_as_x1y1x2y2": [[0.12133121490478516, 0, 419.30123233795166, 626.1080741882324], [7.254880905151367, 333.7120666503906, 1398.25, 2086.926055908203], [511, 171.5, 1398.25, 1260.0], [-26.25, 584.5, 262.5, 927.5], [1034.935546875, 552.702392578125, 1295.5181884765625, 779.8342895507812], [820.75, 1480.5, 1296.75, 2054.5], [185.5873565673828, 1426.25, 399.1097717285156, 1615.25], [-4.950881004333496, -5.787035942077637, 1393.3795166015625, 2093.869140625]], "labels": [0, 0, 0, 0, 1, 1, 1, 2], "image_id": 590}, "character_clusters": [0, 1, 2, 3], "text_char_matches": [[0, 1]], "text_tail_matches": [], "text_classification": [1, 0, 0], "character_names": ["none", "S\u014dma Yukihira", "none", "none"]}