{"bbox_annotations": {"bboxes_as_x1y1x2y2": [[2.7232766151428223, 808.5, 393.75, 2095.048126220703], [839.078125, 609.7604370117188, 1382.8892822265625, 1563.3800048828125], [566.9134521484375, 1481.14501953125, 1064.322998046875, 1701.2547607421875], [661.7738647460938, 1149.4339599609375, 847.9441528320312, 1482.187744140625], [544.25, 1585.5, 1398.25, 2098.787841796875], [300.0228576660156, -3.042407274246216, 1387.2315979003906, 611.34437251091], [1010.68408203125, 237.69432067871094, 1221.8759765625, 428.67388916015625], [809.9738159179688, 138.34735107421875, 1005.81591796875, 257.5748596191406], [901.6376953125, 451.4691162109375, 1084.3575439453125, 564.778564453125], [449.2769775390625, 694.75, 737.79541015625, 992.547607421875], [806.75, 1095.5, 927.5, 1228.5], [885.5, 1716.75, 1053.5, 2033.5], [142.47984313964844, 1421.7166748046875, 384.2009582519531, 1561.2994384765625], [283.95404052734375, -1.4077216386795044, 1392.214599609375, 618.8451538085938], [350.5930480957031, 529.9198608398438, 1393.757568359375, 1620.5169677734375], [498.4197082519531, 1638.6455078125, 1397.74951171875, 2098.237548828125], [-4.8677473068237305, 5.6342034339904785, 514.6265869140625, 2104.545166015625], [727, 965, 780, 1013]], "labels": [0, 0, 0, 0, 0, 0, 1, 1, 1, 1, 1, 1, 1, 2, 2, 2, 2, 3], "image_id": 574}, "character_clusters": [0, 0, 1, 1, 0, 0], "text_char_matches": [[0, 5], [3, 1], [6, 0]], "text_tail_matches": [[3, 0]], "text_classification": [1, 0, 0, 1, 0, 0, 1], "character_names": ["S\u014dma Yukihira", "S\u014dma Yukihira", "Yaeko Minegasaki", "Yaeko Minegasaki", "S\u014dma Yukihira", "S\u014dma Yukihira"]}