{"bbox_annotations": {"bboxes_as_x1y1x2y2": [[493.2526550292969, 1437.03857421875, 698.864013671875, 1953.2823486328125], [923.1874389648438, 1196.67041015625, 1249.6390380859375, 1514.3897705078125], [853.09814453125, 318.7851257324219, 1262.47509765625, 862.3781433105469], [479.5, 1193.5, 808.7833862304689, 1364.4208984375], [-3.1429290771484375, -17.112895965576172, 1394.5489501953125, 2004.019775390625]], "labels": [0, 0, 1, 1, 2], "image_id": 593}, "character_clusters": [0, 1], "text_char_matches": [[0, 0]], "text_tail_matches": [], "text_classification": [1, 0], "character_names": ["J\u014dichir\u014d Yukihira", "S\u014dma Yukihira"]}