{"bbox_annotations": {"bboxes_as_x1y1x2y2": [[760.3512573242188, 645.8712768554688, 1020.1741333007812, 1276.474853515625], [110.43351745605469, -0.7069587707519531, 1390.7593994140625, 2098.882080078125]], "labels": [0, 2], "image_id": 570}, "character_clusters": [0], "text_char_matches": [], "text_tail_matches": [], "text_classification": [], "character_names": ["S\u014dma Yukihira"]}