{"bbox_annotations": {"bboxes_as_x1y1x2y2": [[572.7501220703125, 1615.9197998046875, 731.5496215820312, 2093.1259765625], [957.0986938476562, 648.5341796875, 1236.25341796875, 1124.1063232421875], [421.7321472167969, 1866.2833251953125, 597.1416015625, 2100.900390625], [32.73710632324219, 241.25271606445312, 477.2119598388672, 1107.6221008300781], [2.0805299282073975, 1281.2418212890625, 353.9365785121918, 1952.86572265625], [978.5687866210938, 1463.4151611328125, 1295.947509765625, 2102.854736328125], [693.5656127929688, 347.7475280761719, 955.9866943359375, 1126.0317077636719], [1094.6422119140625, 263.1767578125, 1282.7772216796875, 525.4678955078125], [466.2933349609375, 107.72891235351562, 678.1350708007812, 394.9693908691406], [1054.6043701171875, 1219.4345703125, 1247.3328857421875, 1299.1734619140625], [772.248291015625, 1223.087890625, 980.0, 1503.4786376953125], [382.4468688964844, 1224.915771484375, 635.112060546875, 1310.75], [51.76286697387695, 1322.2283935546875, 189.12422561645508, 1441.0343017578125], [693.8238525390625, 202.60092163085938, 1301.5732421875, 1133.0574951171875], [-2.046003818511963, -1.6601890325546265, 693.0199584960938, 1127.158935546875], [747.9097290039062, 1173.5384521484375, 1297.0101318359375, 2096.750244140625], [362.24853515625, 1172.93017578125, 732.1727905273438, 2099.892578125], [4.933294773101807, 1175.5565185546875, 351.9632568359375, 1958.4395751953125], [173, 1407, 218, 1464]], "labels": [0, 0, 0, 0, 0, 0, 0, 1, 1, 1, 1, 1, 1, 2, 2, 2, 2, 2, 3], "image_id": 80}, "character_clusters": [0, 1, 1, 1, 0, 0, 0], "text_char_matches": [[0, 6], [1, 6], [2, 5], [3, 5], [4, 0], [5, 4]], "text_tail_matches": [[5, 0]], "text_classification": [1, 1, 1, 1, 1, 1], "character_names": ["Taiga Kagami", "Tetsuya Kuroko", "Tetsuya Kuroko", "Tetsuya Kuroko", "Taiga Kagami", "Taiga Kagami", "Taiga Kagami"]}