{"bbox_annotations": {"bboxes_as_x1y1x2y2": [[937.209228515625, 1004.7516479492188, 1007.4314575195312, 1097.25], [1150.1455078125, 961.0380859375, 1181.76123046875, 1055.216064453125], [1164.1339111328125, 573.2181396484375, 1398.38525390625, 1203.1827392578125], [1067.9559326171875, 948.5724487304688, 1115.48974609375, 1112.634033203125], [795.6212768554688, 1270.51611328125, 1397.778076171875, 2101.35009765625], [868, 1002.6351928710938, 941.8037109375, 1179.5], [868.5462036132812, 955.766357421875, 924.6658325195312, 1037.75], [1001, 967.75, 1041.25, 1135.75], [967.75, 964.25, 1001.0, 1023.75], [931, 964.25, 960.75, 1020.25], [1036, 948.5, 1074.5, 1137.5], [1123.5, 943.25, 1148.0, 1060.5], [952, 600.25, 1158.5, 738.5], [920.5, 775.25, 1116.5, 924.0], [804.7239990234375, 654.4175415039062, 924.0, 789.486083984375], [806.75, 1417.6763916015625, 904.75, 1464.75], [0, 582.75, 645.75, 1230.25], [775.5574951171875, 0.12729763984680176, 1398.3929443359375, 512.2511596679688], [781.3137817382812, 561.642822265625, 1395.2772216796875, 1199.39013671875], [785.37744140625, 1263.9237060546875, 1401.9794921875, 2095.23828125], [-1.2970924377441406, 16.90167236328125, 776.864013671875, 2111.98681640625], [884, 1530, 927, 1565], [916, 767, 967, 810]], "labels": [0, 0, 0, 0, 0, 0, 0, 0, 0, 0, 0, 0, 1, 1, 1, 1, 1, 2, 2, 2, 2, 3, 3], "image_id": 93}, "character_clusters": [0, 1, 2, 3, 2, 4, 5, 6, 7, 8, 9, 10], "text_char_matches": [[2, 2], [3, 4]], "text_tail_matches": [[2, 1], [3, 0]], "text_classification": [0, 0, 1, 1, 0], "character_names": ["none", "none", "Taiga Kagami", "none", "Taiga Kagami", "none", "none", "none", "none", "none", "none", "none"]}