{"bbox_annotations": {"bboxes_as_x1y1x2y2": [[371.76593017578125, 320.30712890625, 642.6109008789062, 710.458251953125], [1159.363525390625, 813.9030151367188, 1395.272216796875, 1403.3133544921875], [322, 1020.25, 628.2529296875, 1353.0142822265625], [197.0765838623047, 89.84394073486328, 430.5, 554.75], [1056.4476318359375, 1096.581298828125, 1102.5838623046875, 1179.744384765625], [740.8739624023438, 1487.615478515625, 1077.378662109375, 2102.20166015625], [212.5450439453125, 1481.4510498046875, 958.7500610351562, 2105.75439453125], [641.2269287109375, 163.0749969482422, 1072.3179931640625, 720.0489959716797], [125.6640396118164, 791.0232543945312, 318.5448989868164, 1143.444091796875], [954.8680419921875, 1191.4156494140625, 1057.67919921875, 1383.22900390625], [1133.529541015625, 247.32208251953125, 1302.2275390625, 507.44012451171875], [459.8653869628906, 139.78561401367188, 586.4271850585938, 344.8768310546875], [196, 574, 563.5, 717.5], [137.7064666748047, 355.1474609375, 240.74778747558594, 546.1659545898438], [1120.49072265625, 1274.7669677734375, 1178.275390625, 1349.25], [939.970458984375, 838.8568725585938, 1094.305419921875, 991.0624389648438], [812, 871.2871704101562, 920.4501342773436, 1054.136474609375], [705.4215087890625, 1246.400390625, 773.2201538085938, 1351.0], [519.2604370117188, 834.3145141601562, 680.3347778320312, 1040.4510498046875], [610.75, 1130.7978515625, 673.3275756835938, 1165.5], [260.75, 1195.226318359375, 388.5, 1314.25], [134.83099365234375, 1205.4189453125, 231.0, 1340.65380859375], [1142.478515625, 1567.6551513671875, 1300.156982421875, 1751.75], [252, 1579.6722412109375, 313.25, 1620.5], [132.75106811523438, 1755.1138916015625, 253.70986938476562, 1842.75], [117.1908950805664, -0.9035691618919373, 1393.50537109375, 726.1170043945312], [1116.1534423828125, 781.53955078125, 1396.4227294921875, 1400.72900390625], [691.2077026367188, 780.8622436523438, 1106.6192626953125, 1408.3975830078125], [122.46552276611328, 782.5388793945312, 685.2285766601562, 1410.1435546875], [113.61700439453125, 1463.385009765625, 1306.1229248046875, 2097.310546875], [412, 175, 461, 216], [251, 1807, 301, 1847], [1103, 1792, 1155, 1829], [1055, 493, 1106, 531], [1179, 1240, 1214, 1274], [225, 1322, 274, 1360], [556, 1066, 591, 1110], [764, 1346, 808, 1382]], "labels": [0, 0, 0, 0, 0, 0, 0, 0, 0, 0, 1, 1, 1, 1, 1, 1, 1, 1, 1, 1, 1, 1, 1, 1, 1, 2, 2, 2, 2, 2, 3, 3, 3, 3, 3, 3, 3, 3], "image_id": 77}, "character_clusters": [0, 2, 0, 1, 0, 2, 0, 0, 2, 2], "text_char_matches": [[0, 7], [1, 3], [3, 0], [4, 1], [5, 4], [6, 4], [7, 9], [8, 2], [11, 2], [12, 5], [13, 6], [14, 6]], "text_tail_matches": [[0, 3], [1, 0], [4, 4], [8, 6], [11, 5], [12, 2], [13, 1], [14, 1]], "text_classification": [1, 1, 0, 1, 1, 1, 1, 1, 1, 1, 0, 1, 1, 1, 1], "character_names": ["Riko Aida", "Taiga Kagami", "Riko Aida", "Tetsuya Kuroko", "Riko Aida", "Taiga Kagami", "Riko Aida", "Riko Aida", "Taiga Kagami", "Taiga Kagami"]}