{"bbox_annotations": {"bboxes_as_x1y1x2y2": [[1033.522216796875, 1968.86181640625, 1225.439697265625, 2100.202880859375], [278.0975341796875, 241.92970275878906, 656.7264404296875, 1139.223648071289], [549.5, 1140.5980224609375, 1013.1715698242188, 1427.7066650390625], [351.65032958984375, 1984.437744140625, 476.25848388671875, 2096.826904296875], [62.32748031616211, 1772.1494140625, 141.91326522827148, 1977.8265380859375], [242.37693786621094, 1734.25, 331.390625, 2009.1224365234377], [2.8021647930145264, 1.8660619258880615, 279.2891948223114, 542.1835057735443], [574.2930297851562, 110.12049865722656, 1254.7830810546875, 1131.990005493164], [-0.5025357007980347, 606.9613037109375, 273.5706149339676, 1135.160400390625], [-6.217411041259766, 1535.9815673828125, 145.15822982788086, 2095.67919921875], [470.1038818359375, 1534.555908203125, 993.4010620117188, 2101.64794921875], [134.2412109375, 1776.8653564453125, 230.33880615234375, 1966.4119873046875], [76.84918212890625, 1903.4998779296875, 138.06008911132812, 1976.18017578125], [1063.8665771484375, 162.66986083984375, 1255.5047607421875, 371.7079162597656], [1034.2945556640625, 578.123046875, 1172.8177490234375, 764.4786376953125], [878.5, 785.75, 1264.7366943359375, 1128.75], [327.25, 455, 397.25, 490], [996.4490966796875, 1279.703369140625, 1166.553955078125, 1364.179931640625], [189.09315490722656, 719.6285400390625, 270.67236328125, 789.30078125], [1121.39306640625, 1556.297607421875, 1246.0, 1704.5], [1011.5, 1806, 1275.75, 1981], [867.4075317382812, 1595.5050048828125, 999.25, 1780.2393798828125], [377.3816833496094, 1586.0010986328125, 512.6527099609375, 1738.267822265625], [346.5, 1875.6326904296875, 484.8278503417969, 1956.5], [284.3033752441406, -0.9947866201400757, 1268.205322265625, 1137.781494140625], [3.046579599380493, -1.4713078737258911, 281.3447570800781, 546.5157470703125], [324.37371826171875, 1124.4923095703125, 1243.775634765625, 1432.1602783203125], [-3.3793225288391113, 596.2755126953125, 281.6885986328125, 1144.1231689453125], [333.6973571777344, 1416.80615234375, 1271.4925537109375, 2094.72412109375], [-31.282455444335938, 1411.8375244140625, 327.1044921875, 2096.0341796875], [190, 855, 234, 897]], "labels": [0, 0, 0, 0, 0, 0, 0, 0, 0, 0, 0, 0, 0, 1, 1, 1, 1, 1, 1, 1, 1, 1, 1, 1, 2, 2, 2, 2, 2, 2, 3], "image_id": 88}, "character_clusters": [0, 1, 2, 2, 2, 3, 3, 2, 1, 0, 1, 1, 4], "text_char_matches": [[0, 7], [1, 7], [5, 8], [6, 0], [8, 0], [9, 10]], "text_tail_matches": [[5, 0]], "text_classification": [1, 1, 0, 1, 0, 1, 1, 0, 1, 1, 0], "character_names": ["none", "Riko Aida", "Tetsuya Kuroko", "Tetsuya Kuroko", "Tetsuya Kuroko", "Taiga Kagami", "Taiga Kagami", "Tetsuya Kuroko", "Riko Aida", "none", "Riko Aida", "Riko Aida", "none"]}