{"bbox_annotations": {"bboxes_as_x1y1x2y2": [[741.4939575195312, 10.898248672485352, 1300.2158203125, 746.1430606842041], [563.0757446289062, 812.8582763671875, 1273.0489501953125, 1272.31201171875], [813.9339599609375, 1864.5897216796875, 1024.20361328125, 2101.15087890625], [1009.6494140625, 1492.1378173828125, 1400.81298828125, 2100.820068359375], [1137.6744384765625, 898.7073364257812, 1298.5, 1012.8755493164062], [285.25, 1008.2936401367188, 395.12677001953125, 1120.0], [626.8679809570312, 1448.227294921875, 831.9993286132812, 1661.0604248046875], [887.4699096679688, 1800.836181640625, 963.9509887695312, 1846.9344482421875], [435.5001220703125, 1471.75, 568.75, 1515.5], [116.04329681396484, -3.1466736793518066, 1394.808837890625, 748.9425659179688], [110.48575592041016, 798.278076171875, 1305.396240234375, 1283.9951171875], [605.9708862304688, 1320.9112548828125, 1394.236572265625, 2096.656005859375], [118.58782958984375, 1318.3765869140625, 596.701171875, 2098.5693359375], [394, 1091, 445, 1129], [1127, 1066, 1170, 1104]], "labels": [0, 0, 0, 0, 1, 1, 1, 1, 1, 2, 2, 2, 2, 3, 3], "image_id": 81}, "character_clusters": [0, 0, 1, 0], "text_char_matches": [[0, 1], [1, 1], [2, 3]], "text_tail_matches": [[0, 1], [1, 0]], "text_classification": [1, 1, 1, 0, 1], "character_names": ["Taiga Kagami", "Taiga Kagami", "none", "Taiga Kagami"]}