{"bbox_annotations": {"bboxes_as_x1y1x2y2": [[1163.27734375, 1795.504150390625, 1342.598876953125, 2104.845458984375], [1334.7528076171875, 1725.234619140625, 1398.7880859375, 2099.71044921875], [953.505859375, 1854.1634521484375, 1027.05615234375, 1954.321533203125], [115.74315643310547, 0.853438675403595, 743.75, 1031.1805871129036], [102.28087615966797, 1086.05126953125, 373.59297943115234, 1448.1678466796875], [509.10382080078125, 1276.3017578125, 652.1124267578125, 1448.0687255859375], [343.29656982421875, 1512.46875, 737.3087768554688, 2099.110595703125], [749.9889526367188, 285.39630126953125, 1227.394775390625, 1025.64697265625], [154, 1757.6051025390625, 413.1773376464844, 2105.138671875], [1168.78759765625, 298.5161437988281, 1313.833984375, 422.0310974121094], [129.19102478027344, 779.179443359375, 246.75, 848.75], [1157.29248046875, 1109.3316650390625, 1368.5, 1532.9234619140625], [668.5, 1270.5, 715.75, 1414.0], [476, 1128.75, 558.25, 1173.98388671875], [336, 1272.297607421875, 458.43383789062506, 1443.75], [605.9716186523438, 1548.75, 747.6118774414062, 1815.9976806640625], [383.3574523925781, 1889.1380615234375, 716.8209838867188, 2099.083984375], [225.75, 1586.54150390625, 397.46905517578125, 1692.25], [340.7197570800781, 1875.9901123046875, 408.2983703613281, 1916.796142578125], [128.00611877441406, 1580.240478515625, 198.15333557128906, 1708.0], [102.56451416015625, -8.620816230773926, 1394.2310791015625, 1028.0653076171875], [754.7929077148438, 1078.60205078125, 1398.35107421875, 2098.3359375], [106.09313201904297, 1078.6968994140625, 748.853515625, 1460.8319091796875], [104.081298828125, 1502.4949951171875, 753.6854858398438, 2103.38720703125], [1125, 499, 1182, 544], [161, 1743, 210, 1793], [292, 798, 344, 856]], "labels": [0, 0, 0, 0, 0, 0, 0, 0, 0, 1, 1, 1, 1, 1, 1, 1, 1, 1, 1, 1, 2, 2, 2, 2, 3, 3, 3], "image_id": 79}, "character_clusters": [0, 1, 2, 0, 0, 3, 0, 3, 3], "text_char_matches": [[0, 7], [1, 3], [6, 6], [10, 8], [2, 0]], "text_tail_matches": [[0, 0], [1, 2], [10, 1]], "text_classification": [1, 1, 1, 0, 0, 0, 1, 0, 0, 0, 1], "character_names": ["Taiga Kagami", "none", "none", "Taiga Kagami", "Taiga Kagami", "Tetsuya Kuroko", "Taiga Kagami", "Tetsuya Kuroko", "Tetsuya Kuroko"]}