{"bbox_annotations": {"bboxes_as_x1y1x2y2": [[203.20375061035156, 1454.25, 603.6026763916016, 1945.9681396484377], [1215.9140625, 371.36407470703125, 1323.07763671875, 816.8443603515625], [785.9575805664062, 505.53057861328125, 872.4522094726562, 811.2389526367188], [830.474853515625, 155.37158203125, 1264.0623779296875, 825.5151977539062], [230.3054656982422, 156.6075439453125, 734.2484588623047, 824.443359375], [1078.97802734375, 1963.1746826171875, 1309.0, 2100.66796875], [628.6394653320312, 364.7230224609375, 802.6424560546875, 818.6000366210938], [754.9275512695312, 901.7702026367188, 1074.1187744140625, 1252.1527099609375], [127.66192626953125, 332.64544677734375, 252.0652618408203, 828.385986328125], [867.7147216796875, 2046.3184814453125, 1000.2212524414062, 2100.44189453125], [1018.0196533203125, 1337, 1163.178955078125, 1782.8931884765625], [1162, 271.7518005371094, 1271.3233642578125, 472.5], [460.25, 159.25, 857.5, 400.75], [939.9200439453125, 604.3377685546875, 1047.879638671875, 680.75], [290.5, 565.9867553710938, 374.142822265625, 696.33154296875], [1180.1451416015625, 931.944580078125, 1323.0, 1098.9173583984375], [1076.25, 1156.75, 1335.356201171875, 1254.75], [463.9114990234375, 895.27978515625, 761.25, 1181.25], [169.75, 928.5387573242188, 455.0, 1230.25], [1244.25, 1503.6142578125, 1333.5, 1566.25], [735, 1841, 1317.75, 2042.25], [694.989990234375, 1451.7271728515625, 810.25, 1667.75], [139.1280517578125, 1393.329345703125, 290.4472351074219, 1552.0008544921875], [145.25, 1548.7677001953125, 186.8757781982422, 1609.4051513671875], [128.75653076171875, 149.29168701171875, 1327.59326171875, 827.8980102539062], [127.8490982055664, 876.99658203125, 1338.041748046875, 1262.14697265625], [604.9337768554688, 1298.04638671875, 1402.444091796875, 2092.655517578125], [129.78094482421875, 1304.6502685546875, 597.9861450195312, 1952.0546875], [1204, 1512, 1239, 1549], [251, 1518, 323, 1573], [805, 1493, 843, 1527], [1118, 1080, 1205, 1155]], "labels": [0, 0, 0, 0, 0, 0, 0, 0, 0, 0, 0, 1, 1, 1, 1, 1, 1, 1, 1, 1, 1, 1, 1, 1, 2, 2, 2, 2, 3, 3, 3, 3], "image_id": 87}, "character_clusters": [0, 1, 2, 3, 4, 5, 6, 7, 8, 9, 0], "text_char_matches": [[4, 7], [8, 10], [10, 10], [11, 0], [12, 0]], "text_tail_matches": [[4, 3], [8, 0], [10, 2], [11, 1], [12, 1]], "text_classification": [1, 0, 1, 1, 1, 0, 0, 0, 1, 0, 1, 1, 1], "character_names": ["Riko Aida", "none", "none", "none", "none", "none", "none", "Junpei Hy\u016bga", "none", "none", "Riko Aida"]}