{"bbox_annotations": {"bboxes_as_x1y1x2y2": [[302.5135498046875, 703.20556640625, 900.73095703125, 1473.6796875], [623.0336303710938, 1534.8482666015625, 1251.25, 2099.64404296875], [118.96806335449219, 1531.4534912109375, 409.04466247558594, 2103.2734375], [231.35025024414062, -0.5567237734794617, 581.5982666015625, 631.400429546833], [660.2257080078125, 409.2032165527344, 720.8858032226562, 551.0032958984375], [748.79248046875, 287, 905.4324340820312, 491.75], [854.7422485351562, 1145.77490234375, 1166.55615234375, 1468.4432373046875], [1072.75, 386.75, 1191.75, 488.3016052246094], [610.7216796875, 33.43069839477539, 721.4379272460938, 245.0], [83.5202865600586, 188.83860778808594, 213.46236419677734, 318.9309387207031], [227.5, 491.75, 486.5, 629.691650390625], [30.73836898803711, 435.44580078125, 150.4946403503418, 534.7283935546875], [1096.9129638671875, 864.28369140625, 1274.0, 987.0], [836.5, 694.75, 1067.5, 967.75], [976.5, 1099, 1172.5, 1344], [400.75, 1001, 766.5, 1317.75], [385, 1310.75, 722.75, 1464.75], [90.99284362792969, 867.5827026367188, 254.1437530517578, 1078.23876953125], [1176, 1837.12060546875, 1250.08984375, 1932.0], [607.0441284179688, 1628.4786376953125, 752.749267578125, 1746.0643310546875], [505.1732482910156, 1828.8636474609375, 613.7321166992188, 1902.25], [49, 1872.497314453125, 129.5, 1947.75], [919.5281982421875, -2.22137188911438, 1306.711181640625, 301.8753356933594], [925.6348266601562, 342.8909606933594, 1312.86669921875, 643.4884643554688], [592.9613647460938, -0.8548155426979065, 913.44482421875, 639.2574462890625], [-2.5252163410186768, -2.76446795463562, 581.0830078125, 639.2638549804688], [-3.1628310680389404, 686.12451171875, 1310.2520751953125, 1468.0224609375], [420.6342468261719, 1522.3895263671875, 1315.203857421875, 2097.619873046875], [-2.4318604469299316, 1523.943359375, 405.73565673828125, 2096.43359375], [142, 445, 201, 497], [124, 1901, 166, 1941], [605, 1910, 650, 1945]], "labels": [0, 0, 0, 0, 0, 0, 0, 1, 1, 1, 1, 1, 1, 1, 1, 1, 1, 1, 1, 1, 1, 1, 2, 2, 2, 2, 2, 2, 2, 3, 3, 3], "image_id": 76}, "character_clusters": [0, 1, 0, 1, 2, 1, 1], "text_char_matches": [[1, 5], [2, 3], [4, 3], [5, 0], [10, 0], [11, 1], [12, 1], [13, 1], [14, 2]], "text_tail_matches": [[4, 0], [2, 0], [12, 2], [13, 2], [14, 1]], "text_classification": [0, 1, 1, 0, 1, 1, 0, 0, 0, 0, 1, 1, 1, 1, 1], "character_names": ["Taiga Kagami", "Riko Aida", "Taiga Kagami", "Riko Aida", "none", "Riko Aida", "Riko Aida"]}