{"bbox_annotations": {"bboxes_as_x1y1x2y2": [[0, 1109.543701171875, 685.1675567626953, 1372.5118408203125], [360.5, 589.3905639648438, 729.75, 1044.75], [808.0121459960938, 780.7207641601562, 951.4783935546875, 1045.81396484375], [788.8483276367188, 1163.75, 1248.6097412109375, 2101.255126953125], [815.5, 309.75, 908.25, 453.25], [1135.75, 192.5, 1234.4822998046875, 263.56494140625], [332.5, 190.31488037109375, 437.5, 358.03302001953125], [138.73585510253906, 259.28955078125, 266.0, 394.61944580078125], [1156.7381591796875, 654.3812255859375, 1275.75, 784.0], [131.25, 766.1141967773438, 299.25, 900.8721923828125], [623, 1138.3638916015625, 677.25, 1270.5], [49.283851623535156, 1147.0693359375, 166.25, 1238.6390380859375], [531.0609130859375, 1530.103515625, 690.27880859375, 1659.0], [36.75, 1822.03759765625, 201.25, 2019.5], [-1.77878737449646, 2.251678705215454, 1310.1434326171875, 530.5850830078125], [-4.176914691925049, 580.248046875, 1302.6151123046875, 1056.6728515625], [708.4169311523438, 1101.0499267578125, 1306.4991455078125, 2097.781494140625], [-5.756744861602783, 1097.38671875, 704.630859375, 1380.5938720703125], [-3.450179100036621, 1430.6593017578125, 704.4822998046875, 2097.978515625]], "labels": [0, 0, 0, 0, 0, 1, 1, 1, 1, 1, 1, 1, 1, 1, 2, 2, 2, 2, 2], "image_id": 74}, "character_clusters": [0, 0, 1, 0, 0], "text_char_matches": [[0, 4], [1, 4], [2, 4], [3, 2], [4, 2], [5, 0], [6, 0], [7, 0], [8, 0]], "text_tail_matches": [], "text_classification": [1, 1, 1, 1, 1, 0, 1, 1, 1], "character_names": ["Taiga Kagami", "Taiga Kagami", "Tetsuya Kuroko", "Taiga Kagami", "Taiga Kagami"]}