{"bbox_annotations": {"bboxes_as_x1y1x2y2": [[208.25, 47.452728271484375, 628.6994018554688, 1221.2085876464844], [700.2459716796875, 2036.4600830078125, 763.2786254882812, 2103.202392578125], [-1.5082042217254639, 762.2147827148438, 40.04657864570618, 1193.538818359375], [866.25, 1428.263427734375, 1295.2873535156252, 1936.9920654296875], [273.6138916015625, 792.571533203125, 345.3425598144531, 990.8822021484375], [798.6717529296875, 191.1432647705078, 1202.947021484375, 1215.7779083251953], [0.20052194595336914, 677.7238159179688, 255.96228647232056, 1214.9857177734375], [545.5984497070312, 1870.538330078125, 599.0494995117188, 2001.8917236328125], [215.1432342529297, 837.8731689453125, 283.5343322753906, 1001.7315673828125], [548.0639038085938, 2008.1400146484375, 665.4119873046875, 2096.634765625], [1195.69482421875, 195.6314239501953, 1281.7166748046875, 266.95379638671875], [649.6724853515625, 363.0869445800781, 764.6497802734375, 465.3620910644531], [672, 981.75, 1268.75, 1186.5], [197.98861694335938, 217.10267639160156, 316.3836669921875, 330.60986328125], [246.0848846435547, 449.26739501953125, 486.5, 559.1436157226562], [46.466026306152344, 494.2282409667969, 149.87149047851562, 594.8656005859375], [207.26547241210938, 719.1549072265625, 352.6717834472656, 788.41162109375], [1138.0592041015625, 1378.56494140625, 1275.625, 1514.8187255859375], [826.520751953125, 1486.520751953125, 921.3720703125, 1570.72119140625], [0, 1310.75, 794.5, 1848.0], [594.3602294921875, 1344.2335205078125, 793.0756225585938, 1640.931884765625], [642.69091796875, -4.7084479331970215, 1294.21826171875, 1227.463623046875], [-1.3088375329971313, -1.9904494285583496, 636.5393676757812, 1218.9971923828125], [807.5108642578125, 1261.8680419921875, 1297.6121826171875, 1945.2025146484375], [-8.086883544921875, 1265.8359375, 801.8604125976562, 2105.64599609375], [1164, 266, 1203, 297], [895, 1594, 939, 1636], [309, 304, 354, 341], [115, 642, 159, 695], [762, 418, 808, 456]], "labels": [0, 0, 0, 0, 0, 0, 0, 0, 0, 0, 1, 1, 1, 1, 1, 1, 1, 1, 1, 1, 1, 2, 2, 2, 2, 3, 3, 3, 3, 3], "image_id": 82}, "character_clusters": [0, 1, 2, 0, 3, 4, 5, 4, 6, 0], "text_char_matches": [[0, 5], [1, 5], [3, 0], [5, 6], [7, 3], [8, 3], [10, 9]], "text_tail_matches": [[0, 0], [1, 4], [3, 2], [5, 3], [8, 1]], "text_classification": [1, 1, 0, 1, 0, 1, 0, 1, 1, 0, 1], "character_names": ["Taiga Kagami", "none", "none", "Taiga Kagami", "none", "Riko Aida", "Tetsuya Kuroko", "Riko Aida", "none", "Taiga Kagami"]}