{"bbox_annotations": {"bboxes_as_x1y1x2y2": [[830.1759643554688, 590.714111328125, 1259.6466064453125, 1194.3033447265625], [62.665130615234375, 634.2470092773438, 478.67376708984375, 1193.10986328125], [1053.4403076171875, 110.79039001464844, 1239.2672119140625, 241.6947021484375], [267.75, 183.17898559570312, 411.0987854003906, 333.2057189941406], [130.46958923339844, 225.1209259033203, 258.4533996582031, 487.25941467285156], [662.8247680664062, 669.8963012695312, 840.0, 873.8995971679688], [563.5, 715.0473022460938, 618.1834716796875, 740.25], [1099.0035400390625, 1322.768310546875, 1257.812255859375, 1485.75], [992.25, 1391.25, 1049.4561767578125, 1483.97705078125], [871.8915405273438, 1607.048095703125, 997.5, 1744.75], [793.9728393554688, 1823.7374267578125, 880.1099853515625, 1879.5], [224.78274536132812, 1377.25, 581.4598388671875, 1619.3050537109377], [57.12626647949219, -1.5465035438537598, 1259.8472900390625, 532.8836669921875], [655.432861328125, 579.5154418945312, 1262.8077392578125, 1196.1036376953125], [55.18440246582031, 578.4757690429688, 649.56494140625, 1196.8555908203125], [785.8416137695312, 1238.9176025390625, 1266.2901611328125, 1950.8448486328125], [-4.069143295288086, 1240.66015625, 772.0834350585938, 2093.324462890625], [512, 802, 554, 836], [787, 903, 833, 945]], "labels": [0, 0, 1, 1, 1, 1, 1, 1, 1, 1, 1, 1, 2, 2, 2, 2, 2, 3, 3], "image_id": 90}, "character_clusters": [0, 1], "text_char_matches": [[0, 0], [1, 0], [2, 0], [3, 0], [4, 1], [5, 1], [6, 0], [7, 1], [8, 1], [9, 1]], "text_tail_matches": [[3, 1], [4, 0]], "text_classification": [1, 1, 1, 1, 1, 1, 1, 1, 1, 1], "character_names": ["Taiga Kagami", "Tetsuya Kuroko"]}