{"bbox_annotations": {"bboxes_as_x1y1x2y2": [[274.3773498535156, 1021.7996215820312, 697.1619262695312, 2098.2112426757812], [665, 286.6913757324219, 707.5054931640625, 383.224853515625], [-8.715851783752441, 950.734130859375, 352.3697500228882, 2085.74462890625], [1146.172119140625, 1181.8477783203125, 1305.9796142578125, 2102.191650390625], [663.8173217773438, 1028.7523193359375, 1293.1842041015625, 2100.761474609375], [624.5322265625, 1213.289794921875, 845.9434814453125, 2097.4638671875], [224, 1228.5, 374.5, 1405.25], [840, 1272.25, 952, 1379.0], [960.9860229492188, 295.2033386230469, 1186.9681396484375, 708.486328125], [43.5535888671875, 231.74453735351562, 386.75, 786.0401916503906], [140, 1653.75, 256.4126281738281, 1811.25], [-1.4537632465362549, -2.3505001068115234, 1304.818359375, 2097.22314453125]], "labels": [0, 0, 0, 0, 0, 0, 0, 0, 1, 1, 1, 2], "image_id": 86}, "character_clusters": [0, 1, 2, 3, 4, 5, 6, 7], "text_char_matches": [[0, 1], [1, 1]], "text_tail_matches": [], "text_classification": [1, 1, 1], "character_names": ["none", "Taiga Kagami", "none", "none", "none", "none", "none", "none"]}