{"bbox_annotations": {"bboxes_as_x1y1x2y2": [[1144.6683349609375, 1756.0596923828125, 1382.5, 2098.421142578125], [959, 195.10910034179688, 1389.1580810546875, 996.5486755371094], [98.49275207519531, 657.9697265625, 285.5189208984375, 989.5113525390625], [991.1095581054688, 1805.659912109375, 1244.5848388671875, 2096.821044921875], [422.71490478515625, 518, 685.7673950195312, 995.3201904296875], [732.4631958007812, 1058.4615478515625, 1274.0, 1424.71630859375], [509.25, 187.25, 565.25, 252.0], [344.09002685546875, 160.429931640625, 454.456298828125, 233.96487426757812], [702.1316528320312, 483.27728271484375, 862.1730346679688, 709.3798217773438], [521.6629028320312, 454.01690673828125, 679.6630859375, 672.70703125], [395.5, 672.4783935546875, 451.5, 830.1854858398438], [126, 576.0934448242188, 350, 687.75], [1263.157470703125, 1122.3927001953125, 1372.0, 1266.999267578125], [1050, 1270.5, 1391.25, 1436.75], [692.7825927734375, 1114.75, 828.6510009765625, 1218.5711669921875], [110.0937271118164, 1135.6390380859375, 273.0, 1245.479736328125], [1198.4359130859375, 1515.905029296875, 1325.1148681640625, 1645.0], [707.0095825195312, 1532.87646484375, 852.2880859375, 1727.25], [556.5, 1880.3560791015625, 628.25, 1961.75], [383.25, 1548.75, 524.2991943359375, 1732.7781982421875], [253.75, 1535.955322265625, 358.75, 1680.0], [133, 1765.8125, 211.75, 1900.5], [98.50814056396484, 4.039603233337402, 1398.02685546875, 367.6967468261719], [687.671142578125, 391.9670715332031, 1398.7384033203125, 1001.974365234375], [97.5863037109375, 395.4261169433594, 684.8014526367188, 1006.6466064453125], [94.83744812011719, 1051.4176025390625, 1395.5469970703125, 1433.3792724609375], [536.6376342773438, 1469.9534912109375, 1401.0052490234375, 2094.095703125], [100.9918212890625, 1465.322998046875, 527.7689208984375, 1945.913330078125], [868, 506, 929, 546], [258, 1230, 313, 1271], [478, 426, 546, 475], [1188, 1135, 1282, 1207]], "labels": [0, 0, 0, 0, 0, 0, 1, 1, 1, 1, 1, 1, 1, 1, 1, 1, 1, 1, 1, 1, 1, 1, 2, 2, 2, 2, 2, 2, 3, 3, 3, 3], "image_id": 89}, "character_clusters": [0, 0, 1, 1, 0, 0], "text_char_matches": [[2, 1], [3, 2], [4, 4], [6, 5], [8, 5], [9, 2], [10, 0], [11, 3], [12, 0], [13, 3], [14, 3], [15, 0]], "text_tail_matches": [[2, 0], [3, 2], [6, 3], [9, 1]], "text_classification": [0, 0, 1, 1, 1, 0, 1, 0, 1, 1, 1, 1, 1, 1, 1, 1], "character_names": ["Taiga Kagami", "Taiga Kagami", "Tetsuya Kuroko", "Tetsuya Kuroko", "Taiga Kagami", "Taiga Kagami"]}