{"bbox_annotations": {"bboxes_as_x1y1x2y2": [[1212.39404296875, 1578.6380615234375, 1398.07470703125, 2101.872802734375], [1207.6787109375, -7.084780216217041, 1402.8494873046875, 386.3631567955017], [1015.8408203125, 73.59388732910156, 1323.2220458984375, 411.6081085205078], [953.872314453125, 295.7451171875, 1055.2928466796875, 408.619873046875], [218.75, 446.93731689453125, 1398.25, 1381.558349609375], [812.63134765625, 252.12045288085938, 985.2542724609375, 409.8971252441406], [908.3602294921875, 1869.31201171875, 1025.427490234375, 2100.0283203125], [1029.6162109375, 1760.103271484375, 1230.1563720703125, 2102.67626953125], [1263.927001953125, 150.62278747558594, 1364.320068359375, 299.0533752441406], [489.03851318359375, 115.06826782226562, 634.8580322265625, 294.4759521484375], [340.9212341308594, 165.35263061523438, 476.3416442871094, 359.3268737792969], [1128.4554443359375, 659.1156616210938, 1339.759033203125, 927.4971313476562], [182.12477111816406, 800.7479858398438, 423.98876953125, 1184.5079345703125], [1267.7904052734375, 1445.3582763671875, 1370.25, 1607.553466796875], [1010.7972412109375, 1428.463623046875, 1162.8287353515625, 1582.0], [917.9512329101562, 1625.3260498046875, 1068.4532470703125, 1867.5177001953125], [767.0858154296875, 1422.2091064453125, 895.8834838867188, 1651.101318359375], [592.9246215820312, 1580.630126953125, 764.32763671875, 1790.944580078125], [276.4144592285156, 1500.19091796875, 398.6329650878906, 1623.68115234375], [119.26165771484375, 1608.1961669921875, 277.1929626464844, 1788.8529052734375], [108.04740905761719, 5.925567626953125, 1395.594970703125, 415.7440490722656], [112.66166687011719, 473.6119689941406, 1394.7979736328125, 1364.49365234375], [912.8380737304688, 1372.9715576171875, 1401.5643310546875, 2101.745849609375], [107.91139221191406, 1365.8275146484375, 894.9765625, 1949.6080322265625], [622, 226, 673, 272], [1027, 1837, 1070, 1877]], "labels": [0, 0, 0, 0, 0, 0, 0, 0, 1, 1, 1, 1, 1, 1, 1, 1, 1, 1, 1, 1, 2, 2, 2, 2, 3, 3], "image_id": 83}, "character_clusters": [0, 1, 0, 2, 2, 3, 3, 2], "text_char_matches": [[0, 2], [1, 3], [2, 3], [3, 4], [4, 4], [5, 0], [6, 7], [7, 7], [8, 7], [9, 7], [10, 7], [11, 7]], "text_tail_matches": [[1, 0], [2, 0], [6, 1], [7, 1]], "text_classification": [1, 1, 1, 1, 1, 1, 1, 1, 1, 1, 1, 1], "character_names": ["Taiga Kagami", "none", "Taiga Kagami", "Riko Aida", "Riko Aida", "Tetsuya Kuroko", "Tetsuya Kuroko", "Riko Aida"]}