{"bbox_annotations": {"bboxes_as_x1y1x2y2": [[698.8930053710938, 250.25, 841.75, 590.6857299804688], [140, 236.25, 652.9320831298828, 725.7557983398439], [156.24118041992188, 1175.6458740234375, 675.0727233886719, 1929.5518798828125], [752.0796508789062, 458.9956359863281, 879.2050170898438, 717.994873046875], [739.5617065429688, 774.6143798828125, 1137.5343017578125, 1113.7266845703125], [939.093994140625, -5.2336602210998535, 1400.2401123046875, 721.2366156578064], [394.1228332519531, 780.5, 586.944580078125, 1113.3546142578125], [737.1626586914062, 1088.8524169921875, 1406.4517822265625, 2102.751708984375], [810.7752075195312, 251.8590850830078, 915.1190795898438, 335.4083251953125], [217.746826171875, 162.83026123046875, 399.7425537109375, 430.3941345214844], [659.75, 937.39111328125, 784.703857421875, 1089.3173828125], [662.7349853515625, 1296.75, 795.646728515625, 1370.0635986328125], [661.1075439453125, 1667.75, 827.75, 1809.3377685546875], [167.20155334472656, 1704.5, 264.3932800292969, 1751.9832763671875], [942.073486328125, -0.04499852657318115, 1392.9998779296875, 730.4821166992188], [663.9307861328125, 128.2078399658203, 932.0562744140625, 733.9967041015625], [128.973876953125, 148.17489624023438, 661.7990112304688, 732.2535400390625], [129.72189331054688, 761.2432861328125, 1316.924560546875, 1127.6480712890625], [660.6061401367188, 1110.1390380859375, 1395.4537353515625, 2080.359619140625], [131.80296325683594, 1147.172607421875, 664.79736328125, 1939.186279296875], [852, 1707, 899, 1747], [260, 1653, 295, 1692], [815, 1378, 865, 1427]], "labels": [0, 0, 0, 0, 0, 0, 0, 0, 1, 1, 1, 1, 1, 1, 2, 2, 2, 2, 2, 2, 3, 3, 3], "image_id": 632}, "character_clusters": [0, 0, 0, 1, 0, 1, 1, 1], "text_char_matches": [[3, 7], [4, 7], [5, 2], [1, 3]], "text_tail_matches": [[3, 2], [4, 0], [5, 1]], "text_classification": [0, 1, 0, 1, 1, 1], "character_names": ["Mito Freecss", "Mito Freecss", "Mito Freecss", "Gon Freecss", "Mito Freecss", "Gon Freecss", "Gon Freecss", "Gon Freecss"]}