{"bbox_annotations": {"bboxes_as_x1y1x2y2": [[451.1023254394531, 562.5205078125, 508.1436767578125, 722.1531372070312], [930.1567993164062, 785.5279541015625, 1188.0001220703125, 1105.7921142578125], [314.62921142578125, 1520.75, 435.5274963378906, 1955.1275634765625], [242.8645782470703, 241.32803344726562, 355.9146423339844, 336.6472473144531], [894.0291137695312, 308.5620422363281, 1003.6908569335938, 727.7725219726562], [989.955810546875, 1209.0966796875, 1027.9405517578125, 1322.8583984375], [84, 1200.5, 668.5, 1828.75], [326.333984375, 112, 628.25, 266.379150390625], [220.5, 866.25, 484.75, 992.25], [1027.25, 1424.5, 1254.75, 1622.25], [908.25, 1615.25, 1118.25, 1827.0], [1088.5, 1669.5, 1268.75, 1909.25], [819.5852661132812, 142.76292419433594, 1261.323974609375, 780.4993286132812], [836.8491821289062, 780.7015380859375, 1232.8187255859375, 1108.2957763671875], [87.86474609375, 139.7063446044922, 810.45849609375, 439.4671936035156], [87.3841323852539, 469.57733154296875, 808.5934448242188, 803.1851196289062], [159.95382690429688, 799.6453247070312, 655.9290771484375, 1127.5479736328125], [783.8707275390625, 1139.2388916015625, 1273.6636962890625, 1944.64013671875], [-6.238585472106934, 1150.5322265625, 779.1575317382812, 2088.738525390625], [481, 929, 570, 973]], "labels": [0, 0, 0, 0, 0, 0, 0, 1, 1, 1, 1, 1, 2, 2, 2, 2, 2, 2, 2, 3], "image_id": 617}, "character_clusters": [0, 0, 0, 0, 0, 0, 1], "text_char_matches": [], "text_tail_matches": [[1, 0]], "text_classification": [0, 0, 0, 0, 0], "character_names": ["Gon Freecss", "Gon Freecss", "Gon Freecss", "Gon Freecss", "Gon Freecss", "Gon Freecss", "Kon"]}