{"bbox_annotations": {"bboxes_as_x1y1x2y2": [[77, 1722.71337890625, 678.6868362426758, 2098.25], [917.7328491210938, 1386.8411865234375, 1158.5, 1702.75], [194.25, 1426.7611083984375, 423.5, 1674.75], [974.7919311523438, 549.3413696289062, 1073.1864013671875, 649.9758911132812], [323.75, 355.25, 476.0, 549.5], [465.5, 479.5, 498.75, 540.75], [490, 441, 544.25, 539], [399, 798, 983.5, 1057], [736.75, 1534.75, 817.25, 1632.75], [729.75, 1401.75, 799.75, 1487.5], [689.5, 1464.75, 752.5, 1512.0], [836.5, 516.25, 931.0, 588.0], [628.25, 570.5, 763.0, 747.25], [130.10177612304688, 62.61852264404297, 235.84689331054688, 155.764404296875], [512.75, 392, 549.5, 421.75], [719.9193725585938, 1278.71484375, 794.2194213867188, 1373.3253173828125], [571.2603759765625, 1394.75, 645.75, 1495.5321044921875], [52.5, 1268.75, 225.75, 1363.25], [521.3554077148438, 1676.5, 629.4462890625, 1754.7391357421875], [794.4417724609375, 139.70362854003906, 1267.5228271484375, 439.3599548339844], [785.2772216796875, 468.3177795410156, 1265.7216796875, 763.8905029296875], [621.565673828125, 137.4232177734375, 777.6399536132812, 756.1693725585938], [82.7313003540039, 133.95541381835938, 612.4450073242188, 759.7950439453125], [83.41133117675781, 788.6553344726562, 1268.0423583984375, 1070.306884765625], [693.499755859375, 1089.9403076171875, 1274.6785888671875, 1940.072021484375], [-0.43075084686279297, 1097.325927734375, 686.3368530273438, 1687.66455078125], [-1.3195395469665527, 1703.576904296875, 676.1862182617188, 2091.7080078125], [908, 561, 944, 597]], "labels": [0, 0, 0, 0, 0, 0, 0, 0, 0, 0, 0, 1, 1, 1, 1, 1, 1, 1, 1, 2, 2, 2, 2, 2, 2, 2, 2, 3], "image_id": 611}, "character_clusters": [0, 0, 0, 1, 0, 2, 3, 0, 4, 5, 6], "text_char_matches": [[7, 0], [5, 2], [3, 6], [4, 1]], "text_tail_matches": [[0, 0]], "text_classification": [0, 0, 0, 1, 1, 1, 0, 1], "character_names": ["Gon Freecss", "Gon Freecss", "Gon Freecss", "none", "Gon Freecss", "none", "none", "Gon Freecss", "none", "none", "none"]}