{"bbox_annotations": {"bboxes_as_x1y1x2y2": [[948.7647094726562, 707.8524780273438, 1182.177978515625, 918.379638671875], [445.7415466308594, 645.109375, 690.6118774414062, 955.751708984375], [217.8179473876953, 1023.1200561523438, 1031.485366821289, 1843.809326171875], [134.55728149414062, 147, 1158.4549865722656, 596.9123077392578], [133.0736541748047, 653.6196899414062, 430.16453552246094, 953.3749389648438], [728, 1379.325927734375, 1075.0579833984375, 1886.8328857421875], [738.5, 645.75, 1062.25, 922.25], [1178.7322998046875, 755.7730712890625, 1285.0208740234375, 822.8036499023438], [1066.5281982421875, 707.9782104492188, 1159.21923828125, 777.700927734375], [585.48291015625, 686, 682.5, 783.1886596679688], [1127.288330078125, 1305.5, 1267.0, 1473.1956787109375], [61.217315673828125, -1.8313586711883545, 1247.456787109375, 598.401611328125], [713.4812622070312, 632.3335571289062, 1312.168212890625, 962.9778442382812], [439.5631408691406, 630.6585693359375, 701.8671875, 963.21240234375], [131.31744384765625, 639.402587890625, 437.4262390136719, 963.8404541015625], [129.80953979492188, 986.4262084960938, 1327.8826904296875, 1940.244873046875], [1000, 1430, 1064, 1474], [571, 792, 605, 829], [1147, 752, 1195, 810]], "labels": [0, 0, 0, 0, 0, 0, 0, 1, 1, 1, 1, 2, 2, 2, 2, 2, 3, 3, 3], "image_id": 628}, "character_clusters": [0, 0, 1, 0, 1, 0, 1], "text_char_matches": [[0, 0], [2, 1], [3, 5]], "text_tail_matches": [[0, 2], [2, 1], [3, 0]], "text_classification": [1, 0, 1, 1], "character_names": ["Gon Freecss", "Gon Freecss", "Kon", "Gon Freecss", "Kon", "Gon Freecss", "Kon"]}