{"bbox_annotations": {"bboxes_as_x1y1x2y2": [[462.43548583984375, 1576.0367431640625, 560.796142578125, 1708.421630859375], [514.5, 1372, 736.75, 1930.25], [236.81826782226562, 1030.858154296875, 590.7609252929688, 1323.784423828125], [743.75, 1046.5, 1170.75, 1645.0], [161.91748046875, 1459.5, 430.8673400878906, 1871.9302978515623], [1003.5961303710938, 1688.244384765625, 1108.919189453125, 1848.3612060546875], [183.75, 133, 1023.75, 997.5], [1045.366943359375, 271.25, 1143.79248046875, 396.9706726074219], [712.25, 269.5, 973.0, 575.75], [880.25, 498.75, 1256.5, 969.5], [556.5, 596.75, 824.25, 831.25], [56, 91, 446.25, 736.75], [1079.626708984375, 1037.8406982421875, 1124.1607666015625, 1227.368896484375], [807.6204833984375, 1048.25, 850.1344604492188, 1208.63037109375], [624.5975952148438, 1100.479736328125, 714.12939453125, 1166.8414306640625], [472.5557861328125, 1499.0118408203125, 549.1491088867188, 1562.75], [93.19175720214844, 27.715837478637695, 1302.7637939453125, 1003.51025390625], [747.9873046875, 1036.0723876953125, 1293.913330078125, 1948.06494140625], [111.09779357910156, 1025.0880126953125, 735.4293823242188, 1337.2049560546875], [444.19488525390625, 1369.1690673828125, 734.07763671875, 1941.70654296875], [113.57011413574219, 1363.0076904296875, 451.2722473144531, 1943.0692138671875], [849, 1189, 882, 1225], [1047, 1186, 1082, 1226], [508, 1549, 534, 1594], [565, 1150, 620, 1179]], "labels": [0, 0, 0, 0, 0, 0, 0, 1, 1, 1, 1, 1, 1, 1, 1, 1, 2, 2, 2, 2, 2, 3, 3, 3, 3], "image_id": 619}, "character_clusters": [0, 1, 2, 1, 0, 2, 1], "text_char_matches": [[7, 2], [8, 0], [5, 3], [6, 3]], "text_tail_matches": [[5, 1], [6, 0], [7, 3], [8, 2]], "text_classification": [1, 0, 0, 0, 0, 0, 0, 1, 0], "character_names": ["Kon", "none", "Gon Freecss", "none", "Kon", "Gon Freecss", "none"]}