{"bbox_annotations": {"bboxes_as_x1y1x2y2": [[649.1373291015625, 1464.75, 838.25, 1935.3570556640627], [925.75, 486.5, 1294.9764404296875, 879.9123535156249], [104.360107421875, 175.57078552246094, 433.3296813964844, 488.5557098388672], [965.4930419921875, 1535.442138671875, 1041.87109375, 1699.062744140625], [317.26025390625, 1594.9814453125, 462.9685363769531, 1939.631103515625], [1097.854248046875, 1709.577880859375, 1197.381591796875, 1921.2412109375], [119, 932.9207153320312, 1300.86181640625, 1201.2100830078125], [129.05055236816406, 609.9757690429688, 484.84230041503906, 889.9620971679688], [151.8950653076172, 1258.25, 346.5, 1511.2177734375], [518.2269287109375, 1670.73291015625, 645.6359252929688, 1940.211669921875], [169.75, 1765.75, 248.5, 1851.5], [1042.533447265625, 133, 1256.3431396484375, 393.75], [733.25, 605.5, 994.5369262695311, 862.75], [483, 215.25, 678.0189208984374, 393.75], [139.7744140625, 65.53807830810547, 237.8728790283203, 155.183837890625], [522.2513427734375, 565.25, 682.0693969726562, 799.75], [144.0215301513672, 563.5, 299.25408935546875, 768.25], [346.4925842285156, 1002.75, 490.04376220703125, 1134.4044189453125], [1057, 1319.5, 1271.8280029296875, 1491.388916015625], [866.25, 1344, 1012.1555786132812, 1449], [690.428955078125, 1305.5, 794.4409790039062, 1439.0782470703125], [483.6783752441406, 1295, 593.1629638671875, 1453.842041015625], [199.5, 1607.187744140625, 240.3200836181641, 1725.5], [136.5, 1631.830810546875, 174.5411376953125, 1734.25], [704.499755859375, -3.737224578857422, 1292.7598876953125, 891.50341796875], [99.47402954101562, 136.27418518066406, 704.5928955078125, 499.35589599609375], [118.68729400634766, 524.6193237304688, 710.10595703125, 896.908203125], [102.95137023925781, 919.47021484375, 1306.9073486328125, 1222.671875], [844.3873901367188, 1240.146728515625, 1297.869873046875, 1947.673095703125], [636.4736938476562, 1239.9732666015625, 837.3539428710938, 1940.972412109375], [107.1903305053711, 1553.420166015625, 647.8364868164062, 1949.2161865234375], [953, 1501, 985, 1544], [1057, 1485, 1100, 1518], [738, 1455, 767, 1497], [213, 1714, 246, 1763], [607, 1336, 637, 1374], [170, 1722, 199, 1764]], "labels": [0, 0, 0, 0, 0, 0, 0, 0, 0, 0, 0, 1, 1, 1, 1, 1, 1, 1, 1, 1, 1, 1, 1, 1, 2, 2, 2, 2, 2, 2, 2, 3, 3, 3, 3, 3, 3], "image_id": 623}, "character_clusters": [0, 0, 1, 1, 0, 0, 0, 0, 1, 1, 2], "text_char_matches": [[0, 1], [1, 1], [2, 1], [4, 7], [5, 7], [6, 6], [7, 3], [8, 3], [9, 0], [10, 0], [11, 10], [12, 10]], "text_tail_matches": [[7, 1], [8, 0], [9, 2], [10, 4], [11, 3], [12, 5]], "text_classification": [1, 1, 1, 0, 1, 1, 1, 1, 1, 1, 1, 0, 0], "character_names": ["Kite", "Kite", "Gon Freecss", "Gon Freecss", "Kite", "Kite", "Kite", "Kite", "Gon Freecss", "Gon Freecss", "Kon"]}