{"bbox_annotations": {"bboxes_as_x1y1x2y2": [[462.5444641113281, 472.80194091796875, 565.6799926757812, 763.8558349609375], [341.1063537597656, 813.0244750976562, 1226.8346252441406, 1214.9901123046875], [370.3374938964844, 455.8697509765625, 501.791259765625, 764.71923828125], [574.8086547851562, 2.2479236125946045, 1339.762939453125, 757.7498767375946], [1098.6502685546875, 185.5, 1322.876953125, 352.3302307128906], [638.75, 166.38327026367188, 806.015869140625, 330.75], [342.7185363769531, 166.25, 530.0040283203125, 414.32516479492193], [189.8399658203125, 523.25, 329.4338684082031, 721.5667114257812], [1127.02783203125, 929.25, 1321.898193359375, 1096.3829345703125], [190.65321350097656, 924, 377.61260986328125, 1087.2257080078125], [1121.2742919921875, 1328.25, 1231.038818359375, 1493.4329833984375], [200.34161376953125, 1330, 401.2571716308594, 1527.3143310546875], [569.45068359375, -0.8981242775917053, 1393.912841796875, 770.551513671875], [128.78488159179688, 135.5858154296875, 592.0328369140625, 770.4998168945312], [124.03121185302734, 803.2439575195312, 1322.7413330078125, 1217.905029296875], [122.5546646118164, 1249.1871337890625, 1306.994140625, 1933.5712890625], [331, 510, 369, 547], [1155, 388, 1200, 440], [799, 324, 845, 370], [411, 408, 453, 463]], "labels": [0, 0, 0, 0, 1, 1, 1, 1, 1, 1, 1, 1, 2, 2, 2, 2, 3, 3, 3, 3], "image_id": 616}, "character_clusters": [0, 1, 2, 0], "text_char_matches": [[0, 3], [1, 3], [2, 2], [3, 2], [5, 2], [4, 2]], "text_tail_matches": [[0, 1], [1, 2], [2, 3], [3, 0]], "text_classification": [1, 1, 1, 1, 1, 1, 1, 1], "character_names": ["Mito Freecss", "Ging Freecss", "Ging and Mito's Grandmother", "Mito Freecss"]}