{"bbox_annotations": {"bboxes_as_x1y1x2y2": [[854, 1459.5, 1398.25, 2006.817626953125], [334.25, 1025.5, 1411.1082763671875, 2102.648681640625], [106.75, 760.3585815429688, 1411.151123046875, 2098.25], [656.25, 113.75, 1155.0, 663.25], [997.8421630859375, 103.10504913330078, 1341.4742431640625, 554.3306350708008], [98, 0, 649.25, 833], [222.25, 1022.5584106445312, 291.8075866699219, 1110.2034912109375], [95.00083923339844, 6.234705448150635, 1398.788330078125, 2106.0888671875]], "labels": [0, 0, 0, 0, 1, 1, 1, 2], "image_id": 620}, "character_clusters": [0, 1, 2, 2], "text_char_matches": [], "text_tail_matches": [], "text_classification": [0, 0, 1], "character_names": ["Gon Freecss", "Kite", "none", "none"]}