{"bbox_annotations": {"bboxes_as_x1y1x2y2": [[362.1695861816406, 1022.674560546875, 565.1974487304688, 1174.906005859375], [955.9474487304688, 958.3507080078125, 1280.3497314453125, 1193.2449951171875], [78.75, 0, 1398.25, 901.0925455093384], [358.75, 628.25, 861.0, 896.0], [245, 1230.25, 1249.5, 2098.25], [24.863969802856445, -24.168746948242188, 482.1240406036377, 887.4502105712891], [1029, 1575, 1288.0948486328125, 1668.2205810546873], [135.7726287841797, 1506.75, 425.1504364013672, 1907.5], [47.07450866699219, -10.964776992797852, 1390.90380859375, 912.1574096679688], [81.78350067138672, 948.9447631835938, 1292.66357421875, 1192.04638671875], [14.107340812683105, 1214.1490478515625, 1388.079345703125, 2096.123779296875]], "labels": [0, 0, 0, 0, 0, 1, 1, 1, 2, 2, 2], "image_id": 622}, "character_clusters": [0, 1, 1, 0, 1], "text_char_matches": [[1, 4], [2, 4]], "text_tail_matches": [], "text_classification": [0, 1, 1], "character_names": ["Gon Freecss", "Kite", "Kite", "Gon Freecss", "Kite"]}