{"bbox_annotations": {"bboxes_as_x1y1x2y2": [[338.8624267578125, 1200.9110107421875, 621.4011840820312, 1480.927001953125], [570.5, 1524.6051025390625, 1100.0740966796875, 2102.771728515625], [1041.045166015625, 577.3878173828125, 1200.3851318359375, 1106.954345703125], [285.9754943847656, 1554.773193359375, 481.2244567871094, 1938.576171875], [189.1004638671875, 960.0840454101562, 584.337158203125, 1150.4227294921875], [253.1507110595703, 619.0784912109375, 372.9612731933594, 903.2141723632812], [801.5, 671.7518920898438, 913.0375976562499, 980.4976196289062], [691.1883544921875, 1221.5216064453125, 807.4742431640625, 1471.40576171875], [390.25, 563.5, 556.5, 799.75], [929.6577758789062, 1273.1922607421875, 1046.475341796875, 1469.046630859375], [131.5589141845703, 57.6229248046875, 234.2493133544922, 149.5517578125], [603.6436767578125, 489.5532531738281, 715.1140747070312, 600.25], [129.19273376464844, 497, 249.7175750732422, 597.567138671875], [656.462646484375, 995.75, 722.5139770507812, 1068.4703369140627], [1091.9942626953125, 1232.744384765625, 1271.426513671875, 1400.0], [186.57901000976562, 1292.4847412109375, 271.113037109375, 1329.3206787109375], [1123.5, 1622.25, 1237.4599609375, 1762.2176513671875], [512.2190551757812, 1595.372314453125, 671.9003295898438, 1778.0970458984375], [168.820556640625, 1810.4847412109375, 246.7717742919922, 1937.469482421875], [77.54190826416016, 140.33230590820312, 1272.4061279296875, 394.7472229003906], [995.40673828125, 427.93927001953125, 1272.676025390625, 1155.2684326171875], [755.8854370117188, 424.4476013183594, 991.7902221679688, 1155.919189453125], [82.38282775878906, 426.1796569824219, 747.5175170898438, 915.9237060546875], [82.4544906616211, 944.9581298828125, 742.4703369140625, 1158.794677734375], [697.285888671875, 1188.8673095703125, 1272.5557861328125, 1484.7691650390625], [83.01927947998047, 1190.84521484375, 679.7164916992188, 1488.060546875], [75.2321548461914, 1517.9090576171875, 1276.0594482421875, 2039.92626953125], [1052, 1292, 1094, 1326], [617, 1019, 654, 1050], [1073, 1723, 1106, 1756], [204, 641, 244, 676], [673, 1736, 722, 1776], [271, 1326, 307, 1356], [582, 600, 620, 636]], "labels": [0, 0, 0, 0, 0, 0, 0, 0, 0, 0, 1, 1, 1, 1, 1, 1, 1, 1, 1, 2, 2, 2, 2, 2, 2, 2, 2, 3, 3, 3, 3, 3, 3, 3], "image_id": 631}, "character_clusters": [0, 1, 0, 0, 1, 0, 1, 0, 1, 1], "text_char_matches": [[1, 8], [2, 5], [3, 4], [4, 9], [5, 0], [6, 1], [7, 1], [8, 1]], "text_tail_matches": [[1, 6], [2, 3], [3, 1], [4, 0], [5, 5], [6, 2], [7, 4]], "text_classification": [0, 1, 1, 1, 1, 1, 1, 1, 1], "character_names": ["Gon Freecss", "Mito Freecss", "Gon Freecss", "Gon Freecss", "Mito Freecss", "Gon Freecss", "Mito Freecss", "Gon Freecss", "Mito Freecss", "Mito Freecss"]}