{"bbox_annotations": {"bboxes_as_x1y1x2y2": [[596.75, 1098.59619140625, 642.5698852539062, 1223.6890869140625], [308, 989.173095703125, 483, 1242.7108154296875], [323.75, 1648.5, 586.25, 1914.864013671875], [497, 22.75, 1234.282958984375, 1525.5530014038086], [469, 1043, 584.5, 1232], [189, 1170.75, 255.5, 1232.0], [257.25, 1176, 301.0, 1232], [959, 1667.75, 1085, 1862.0], [1057, 1702.75, 1153.25, 1844.5], [1137.5, 1751.75, 1179.5, 1839.25], [1170.75, 1732.5, 1219.75, 1842.75], [885.5, 1739.5, 936.25, 1800.75], [1037.4649658203125, 358.01849365234375, 1320.8726806640625, 509.8697814941406], [119.06547546386719, -1.599419116973877, 1386.2955322265625, 1535.845947265625], [734.1651000976562, 1585.355224609375, 1316.4110107421875, 1930.8511962890625], [132.90599060058594, 1577.264404296875, 728.4573974609375, 1940.8642578125]], "labels": [0, 0, 0, 0, 0, 0, 0, 0, 0, 0, 0, 0, 1, 2, 2, 2], "image_id": 630}, "character_clusters": [0, 1, 2, 2, 3, 4, 5, 1, 3, 0, 6, 7], "text_char_matches": [[0, 3]], "text_tail_matches": [], "text_classification": [1], "character_names": ["none", "Kon", "Gon Freecss", "Gon Freecss", "none", "none", "none", "Kon", "none", "none", "none", "none"]}