{"bbox_annotations": {"bboxes_as_x1y1x2y2": [[958.27587890625, 1639.6468505859375, 1036.570068359375, 1826.9578857421875], [111.60982513427734, 156.9489288330078, 484.4142379760742, 549.7273712158203], [470.75, 938, 1065.5973205566406, 1274.9197998046875], [280.7361755371094, 1334.8380126953125, 673.2312622070312, 1927.8382568359375], [788.012939453125, 1408.75, 842.1965942382812, 1509.2376708984375], [852.1527099609375, 168, 1197.888916015625, 730.8757629394531], [491.9342041015625, 331.6335754394531, 638.19970703125, 552.601806640625], [114.89340209960938, 610.75, 518.0, 880.7622680664062], [939.59326171875, 1482.25, 1048.25, 1617.0], [747.25, 1333.5, 1050.0, 1519.0], [285.25, 1611.75, 575.75, 1914.5], [1127, 161, 1302, 561.75], [748.1619873046875, 183.85435485839844, 831.4933471679688, 377.3773498535156], [556.6895751953125, 189.18930053710938, 700.4447631835938, 313.89007568359375], [384.534912109375, 224.30577087402344, 484.44000244140625, 321.5726013183594], [582.8294067382812, 687.7329711914062, 652.440185546875, 770.2529907226562], [1065.134521484375, 1011.2520751953125, 1263.7410888671875, 1211.0], [213.61123657226562, 962.5, 479.5, 1245.04931640625], [1190, 1699.25, 1240.75, 1793.75], [888.5298461914062, 1624.79150390625, 938.7262573242188, 1680.2237548828125], [606.049560546875, 1580.767578125, 681.1255493164062, 1669.207763671875], [161.87461853027344, 1475.25, 265.6994323730469, 1765.2640380859375], [716.1242065429688, 140.2599639892578, 1297.4150390625, 884.0234375], [115.3835220336914, 146.116943359375, 718.1265869140625, 559.75], [123.25430297851562, 593.294921875, 714.4447021484375, 890.5240478515625], [112.40961456298828, 918.8672485351562, 1305.001708984375, 1283.6583251953125], [749.4116821289062, 1330.6229248046875, 1297.1064453125, 1941.5069580078125], [115.63375854492188, 1317.4580078125, 734.7777709960938, 1940.0845947265625], [1005, 1135, 1058, 1174], [362, 276, 401, 311], [541, 746, 583, 779], [503, 1133, 541, 1165], [813, 327, 864, 383], [584, 322, 629, 370], [932, 1648, 958, 1680]], "labels": [0, 0, 0, 0, 0, 0, 0, 0, 0, 0, 0, 0, 1, 1, 1, 1, 1, 1, 1, 1, 1, 1, 2, 2, 2, 2, 2, 2, 3, 3, 3, 3, 3, 3, 3], "image_id": 624}, "character_clusters": [0, 0, 0, 1, 2, 2, 1, 1, 1, 3, 2, 3], "text_char_matches": [[1, 6], [2, 1], [4, 2], [5, 2], [0, 5], [3, 7], [7, 0]], "text_tail_matches": [[0, 4], [1, 5], [2, 1], [3, 2], [4, 0], [5, 3], [7, 6]], "text_classification": [0, 1, 1, 1, 1, 1, 0, 1, 0, 0], "character_names": ["Kite", "Kite", "Kite", "Gon Freecss", "Kon", "Kon", "Gon Freecss", "Gon Freecss", "Gon Freecss", "none", "Kon", "none"]}