{"bbox_annotations": {"bboxes_as_x1y1x2y2": [[1014.82568359375, 1768.223388671875, 1124.30517578125, 1927.63232421875], [652.8828735351562, 1367.6612548828125, 926.3203735351562, 1933.46337890625], [1188.656494140625, 1618.512939453125, 1398.324951171875, 1927.6378173828125], [714.3047485351562, 348.25, 992.25, 819.7266235351561], [699.1693115234375, 948.1823120117188, 773.0859375, 1151.7677001953125], [355.08221435546875, 1531.25, 436.20623779296875, 1842.72021484375], [150.6939239501953, 1574.80322265625, 334.9295959472656, 1936.0819091796875], [984.979248046875, 1233.545166015625, 1278.8238525390625, 1572.5423583984375], [316.75, 169.75, 434.3373718261719, 449.2787628173828], [896, 255.0412139892578, 998.1085205078126, 346.6030578613281], [196, 576.9381103515625, 503.64384460449213, 815.8865356445312], [348.25, 1401.75, 624.75, 1925.0], [1189.395751953125, 187.30813598632812, 1282.989013671875, 276.9622497558594], [1158.4512939453125, 474.25, 1300.462890625, 670.25], [980.9359130859375, 1286.706298828125, 1047.3143310546875, 1412.04345703125], [944.4703979492188, 1656.1187744140625, 1084.578857421875, 1751.1568603515625], [682.5, 1242.5, 830.9564819335938, 1387.75], [418.2755432128906, 1244.25, 552.9176635742188, 1468.25], [186.3731689453125, 1316, 364.237548828125, 1566.25], [200.4393310546875, 1716.75, 345.8489685058594, 1910.5417480468748], [597.0191040039062, -0.5724325776100159, 1393.4468994140625, 821.7349243164062], [129.44891357421875, 140.29942321777344, 597.6749877929688, 533.4747314453125], [133.29136657714844, 569.8033447265625, 591.7722778320312, 829.4513549804688], [125.89436340332031, 862.0198364257812, 1319.20947265625, 1185.426513671875], [934.0634155273438, 1216.781982421875, 1401.3370361328125, 1580.375244140625], [937.7754516601562, 1608.0186767578125, 1400.4898681640625, 1943.5780029296875], [636.734619140625, 1212.6844482421875, 931.2802734375, 1937.923095703125], [130.84837341308594, 1207.5194091796875, 634.4560546875, 1936.6016845703125], [999, 1764, 1034, 1815], [940, 1338, 973, 1373], [770, 1390, 801, 1430], [1094, 259, 1154, 307], [1067, 363, 1163, 466]], "labels": [0, 0, 0, 0, 0, 0, 0, 0, 0, 0, 0, 0, 1, 1, 1, 1, 1, 1, 1, 1, 2, 2, 2, 2, 2, 2, 2, 2, 3, 3, 3, 3, 3], "image_id": 636}, "character_clusters": [0, 0, 1, 2, 1, 3, 4, 1, 2, 1, 1, 5], "text_char_matches": [[0, 9], [1, 9], [3, 0], [4, 1], [5, 1], [6, 1], [7, 1]], "text_tail_matches": [[0, 3], [1, 4], [2, 1], [3, 0], [4, 2]], "text_classification": [1, 1, 1, 1, 1, 1, 1, 1], "character_names": ["none", "none", "Gon Freecss", "Mito Freecss", "Gon Freecss", "none", "none", "Gon Freecss", "Mito Freecss", "Gon Freecss", "Gon Freecss", "none"]}