{"bbox_annotations": {"bboxes_as_x1y1x2y2": [[827.5810546875, 1074.0291748046875, 900.35791015625, 1268.0836181640625], [720.101318359375, 1666.617919921875, 916.3843994140625, 1933.6976318359375], [978.0408325195312, 1640.1253662109375, 1073.23974609375, 1777.1851806640625], [357, 1828.9984130859375, 455.03570556640625, 1933.7650146484375], [700, 941.4051513671875, 804.4323120117188, 1291.5], [1134.866943359375, 1132.25, 1172.5, 1268.0950927734377], [264.25, 1364.669921875, 592.6421966552734, 1741.6043701171875], [140.2209930419922, 0, 680.8805389404297, 520.6333541870117], [124.25, 529.9727172851562, 740.25, 1280.3250732421875], [985.2151489257812, 207.57730102539062, 1048.9801025390625, 440.1416320800781], [1010.3283081054688, 1181.81640625, 1039.89990234375, 1257.7979736328125], [766.4503784179688, 234.32728576660156, 842.6206665039062, 505.1917266845703], [1054.03564453125, 1658.534423828125, 1258.099853515625, 1917.189697265625], [178.3682098388672, 1800.75, 295.7646789550781, 1932.5003662109375], [1158.2254638671875, 224.8272247314453, 1231.9033203125, 346.7485046386719], [564.8501586914062, 251.64242553710938, 662.5938110351562, 287.4763488769531], [55.90673828125, 343.7243347167969, 172.9265594482422, 380.2097473144531], [755.93896484375, 681.7244873046875, 1033.6097412109375, 906.8616943359375], [997.9833984375, 905.7077026367188, 1184.0272216796875, 1066.7972412109375], [0, 860.1050415039062, 296.1357669830322, 1155.885498046875], [575.0149536132812, 1435, 673.625, 1540.0499267578125], [590.48486328125, 1804.5709228515625, 680.1415405273438, 1933.75], [435.75, 1800.75, 539.0, 1881.25], [690.869873046875, 136.91098022460938, 1264.9462890625, 533.9202880859375], [67.73832702636719, 2.7052626609802246, 682.9332275390625, 527.3458251953125], [6.499814987182617, 556.543701171875, 1270.311279296875, 1307.402099609375], [974.0223999023438, 1337.4632568359375, 1265.226318359375, 1935.885009765625], [707.4518432617188, 1342.9219970703125, 987.6989135742188, 1945.562255859375], [78.52505493164062, 1334.625244140625, 700.2780151367188, 1753.31787109375], [92.97611236572266, 1774.4447021484375, 693.0849609375, 1947.2796630859375], [168, 365, 206, 403], [1113, 245, 1151, 281], [564, 325, 604, 364]], "labels": [0, 0, 0, 0, 0, 0, 0, 0, 0, 0, 0, 0, 0, 0, 1, 1, 1, 1, 1, 1, 1, 1, 1, 2, 2, 2, 2, 2, 2, 2, 3, 3, 3], "image_id": 615}, "character_clusters": [0, 1, 1, 6, 2, 3, 4, 5, 5, 6, 7, 5, 6, 1], "text_char_matches": [[1, 7], [0, 9], [2, 7], [6, 6], [7, 3]], "text_tail_matches": [[0, 1], [1, 2], [2, 0]], "text_classification": [1, 1, 1, 0, 0, 0, 1, 1, 0], "character_names": ["none", "Ging and Mito's Grandmother", "Ging and Mito's Grandmother", "Mito Freecss", "none", "none", "Ging Freecss", "Gon Freecss", "Gon Freecss", "Mito Freecss", "none", "Gon Freecss", "Mito Freecss", "Ging and Mito's Grandmother"]}