{"bbox_annotations": {"bboxes_as_x1y1x2y2": [[77.49442291259766, 1710.5968017578125, 178.44789123535156, 1815.2293701171875], [434, 1120, 488.25, 1181.25], [481.25, 1137.5, 532.0, 1190.0], [824.25, 1268.75, 1228.5, 1779.75], [785.75, 1097.25, 1088.5, 1375.5], [878.5, 1281, 1051.75, 1475.25], [729.9867553710938, 216.52871704101562, 851.6677856445312, 288.0961608886719], [388.5, 1193.5, 455.0, 1253.0], [4.940074920654297, -6.850509166717529, 1268.9403076171875, 1044.9737548828125], [753.0569458007812, 1078.97900390625, 1274.386962890625, 1942.4169921875], [-3.7727415561676025, 1087.9952392578125, 740.6926879882812, 2089.674072265625]], "labels": [0, 0, 0, 0, 0, 0, 1, 1, 2, 2, 2], "image_id": 609}, "character_clusters": [0, 1, 2, 3, 4, 5], "text_char_matches": [], "text_tail_matches": [], "text_classification": [1, 0], "character_names": ["none", "none", "none", "none", "none", "none"]}