{"bbox_annotations": {"bboxes_as_x1y1x2y2": [[917.2554931640625, 304.37115478515625, 1071.0787353515625, 584.1521606445312], [567.5020751953125, 119.21089172363281, 796.1603393554688, 634.1850738525391], [84.94524383544922, 154.34178161621094, 306.58675384521484, 589.7943572998047], [564.173095703125, 1303.75, 845.3255615234375, 1938.0892333984375], [94.5, 1302, 544.5966720581055, 1939], [917, 694.75, 1237.25, 1205.75], [514.5, 699.473876953125, 619.5, 937.4796752929688], [869.52099609375, 1596, 1139.25, 1935.5], [549.5, 992.25, 843.5, 1253.0], [871.5, 1303.75, 1270.5, 1587.25], [1009.75, 1564.5, 1261.75, 1937.25], [1089.9178466796875, 201.34945678710938, 1188.25, 264.42462158203125], [1079.75, 400.75, 1158.5, 483.2125549316406], [805.8113403320312, 195.01499938964844, 929.224853515625, 316.7328796386719], [315.1147766113281, 229.84170532226562, 456.75, 498.75], [128.88165283203125, 62.449798583984375, 232.29978942871094, 157.03504943847656], [894.59814453125, 651, 998.6336059570312, 780.5250244140625], [764.7119750976562, 1006.25, 853.961181640625, 1148.508544921875], [112.19220733642578, 1062.25, 221.95188903808594, 1227.6890869140625], [778.75, 1368.5, 932.8320922851562, 1562.75], [497.12115478515625, 1709.75, 688.3096923828125, 1878.2808837890627], [111.36078643798828, 1328.25, 301.6081314086914, 1463.6142578125], [483.9388122558594, 139.49114990234375, 1273.1737060546875, 602.7797241210938], [83.86734771728516, 141.59986877441406, 485.177001953125, 594.4373779296875], [883.8927001953125, 632.5408325195312, 1267.539306640625, 1253.613525390625], [75.00484466552734, 628.0638427734375, 879.5775146484375, 953.3050537109375], [73.8609619140625, 976.4188232421875, 875.4263916015625, 1256.2706298828125], [854.7542724609375, 1283.8363037109375, 1268.4603271484375, 1938.800048828125], [542.7509155273438, 1285.8133544921875, 863.6586303710938, 1941.48779296875], [82.96539306640625, 1289.4022216796875, 555.7244873046875, 1947.0743408203125], [940, 316, 983, 359], [1092, 302, 1134, 341]], "labels": [0, 0, 0, 0, 0, 0, 0, 0, 0, 0, 0, 1, 1, 1, 1, 1, 1, 1, 1, 1, 1, 1, 2, 2, 2, 2, 2, 2, 2, 2, 3, 3], "image_id": 633}, "character_clusters": [0, 1, 1, 2, 3, 1, 1, 3, 1, 3, 3], "text_char_matches": [[2, 0], [0, 0], [5, 5], [6, 8], [7, 8], [10, 5], [8, 8], [9, 8]], "text_tail_matches": [[0, 1], [2, 0]], "text_classification": [1, 0, 1, 0, 0, 1, 1, 1, 1, 1, 1], "character_names": ["Mito Freecss", "Gon Freecss", "Gon Freecss", "Kite", "Ging Freecss", "Gon Freecss", "Gon Freecss", "Ging Freecss", "Gon Freecss", "Ging Freecss", "Ging Freecss"]}