{"bbox_annotations": {"bboxes_as_x1y1x2y2": [[192.5, 278.25, 766.5, 946.75], [980, 1494.5, 1159.0440673828125, 1936.71240234375], [707, 1644.34130859375, 861, 1859.9794921875], [1123.5, 1139.25, 1281.0, 1335.25], [300.39263916015625, 1975.228759765625, 526.6582641601562, 2102.71435546875], [696.5, 514.56298828125, 936.25, 969.5], [152.17300415039062, 977.1336059570312, 687.3255920410156, 1344.8526611328125], [848.0518798828125, 989.4843139648438, 1049.82666015625, 1342.101806640625], [598.614990234375, 1462.199462890625, 710.641357421875, 1929.90478515625], [294, 1510.25, 399, 1674.75], [245, 1569.75, 320.25, 1671.25], [843.5, 973, 966.0, 1342.25], [148.892578125, 60.19498825073242, 246.47756958007812, 148.33359909057617], [723.2504272460938, 1054.5458984375, 821.8990478515625, 1150.3072509765625], [458.9469909667969, 984.3534545898438, 688.5929565429688, 1255.127197265625], [89.3423080444336, 1122.1915283203125, 250.12883758544922, 1304.499267578125], [1122.8887939453125, 1407, 1253.875, 1536.427001953125], [880.25, 1409.604736328125, 1033.2789306640625, 1534.75], [763.4405517578125, 1576.001953125, 833.1168823242188, 1614.4779052734375], [96.33035278320312, 132.2627410888672, 1277.723388671875, 937.5938110351562], [833.2119750976562, 967.7466430664062, 1284.4261474609375, 1349.5469970703125], [692.3036499023438, 974.2991943359375, 849.4247436523438, 1339.12451171875], [87.45182800292969, 961.83203125, 696.615478515625, 1351.6507568359375], [874.28369140625, 1379.898193359375, 1286.2174072265625, 1945.2791748046875], [595.5202026367188, 1393.5003662109375, 865.9685668945312, 1942.6044921875], [96.8445053100586, 1376.691650390625, 599.2322387695312, 1789.69775390625], [258, 1246, 303, 1280], [436, 1164, 477, 1197], [775, 1623, 807, 1662]], "labels": [0, 0, 0, 0, 0, 0, 0, 0, 0, 0, 0, 0, 1, 1, 1, 1, 1, 1, 1, 2, 2, 2, 2, 2, 2, 2, 3, 3, 3], "image_id": 627}, "character_clusters": [0, 0, 1, 1, 2, 2, 0, 2, 2, 2, 1, 0], "text_char_matches": [[2, 6], [3, 6], [4, 1], [5, 1], [6, 2]], "text_tail_matches": [[2, 1], [3, 0], [6, 2]], "text_classification": [0, 1, 1, 1, 1, 1, 0], "character_names": ["Kite", "Kite", "Kon", "Kon", "Gon Freecss", "Gon Freecss", "Kite", "Gon Freecss", "Gon Freecss", "Gon Freecss", "Kon", "Kite"]}