{"bbox_annotations": {"bboxes_as_x1y1x2y2": [[471.8231201171875, 1005.4873046875, 756.94580078125, 1238.40283203125], [1037.9542236328125, 876.7498168945312, 1271.9774169921875, 1244.1644287109375], [706.0460205078125, 1357.431884765625, 983.293212890625, 1688.38916015625], [166.0704803466797, 252.11448669433594, 492.2999725341797, 688.2723236083984], [104.00875091552734, 1043.6671142578125, 440.1898422241211, 1927.6510009765625], [903.6470947265625, 191.5650634765625, 1259.8441162109375, 672.728271484375], [527.9911499023438, 190.84339904785156, 877.5125122070312, 621.2451324462891], [756.4573364257812, 823.74462890625, 1094.1864013671875, 1229.786865234375], [1163.1392822265625, 1406.2694091796875, 1266.2724609375, 1726.935546875], [454.3702087402344, 1487.5799560546875, 796.8865356445312, 2008.674072265625], [1198.2296142578125, 96.71733856201172, 1290.3424072265625, 145.7445831298828], [1245.9330143540674, 182.53588516746413, 1316.2679425837325, 219.37799043062202], [1046.706298828125, 69.97085571289062, 1114.0262451171875, 104.28166198730469], [1271.9547119140625, 336.2779235839844, 1352.1290283203125, 381.81818181818187], [909.4171752929688, 99.54703521728516, 991.1970825195312, 145.27220153808594], [518.4631958007812, 190.1821746826172, 617.8460083007812, 228.3657989501953], [212.4125518798828, 212.73007202148438, 293.9444274902344, 255.5215606689453], [1161.2901611328125, 810.5263157894738, 1303.78271484375, 965.580810546875], [471.54296875, 825.5980861244019, 611.0379028320312, 953.5017700195312], [973.5938720703125, 1361.4832535885168, 1093.1947021484375, 1465.16943359375], [475.7173767089844, 1356.6036376953125, 589.4356689453125, 1470.4285888671875], [157.8386993408203, 793.7799043062201, 400.3163146972656, 1058.0516357421875], [126.64373016357422, 1651.1961722488038, 416.18758392333984, 1978.56884765625], [901.34912109375, 51.243778228759766, 1285.6346435546875, 723.9749145507812], [514.8029174804688, 131.78724670410156, 886.0380249023438, 736.6148071289062], [109.69987487792969, 102.82227325439453, 499.2196960449219, 735.3446655273438], [457.974609375, 770.4381103515625, 1282.76513671875, 1247.6578369140625], [448.1562805175781, 1283.5172119140625, 1277.9884033203125, 2013.55517578125], [115.13897705078125, 763.8538208007812, 443.9219970703125, 2001.1805419921875], [978, 1567, 1020, 1612], [574, 251, 621, 301], [641, 866, 716, 919], [492.3445, 1493.7799, 545.933, 1547.3684]], "labels": [0, 0, 0, 0, 0, 0, 0, 0, 0, 0, 1, 1, 1, 1, 1, 1, 1, 1, 1, 1, 1, 1, 1, 2, 2, 2, 2, 2, 2, 3, 3, 3, 3], "image_id": 695}, "character_clusters": [0, 1, 2, 2, 2, 0, 0, 2, 3, 0], "text_char_matches": [[7, 7], [8, 7], [11, 4], [9, 2], [10, 9], [5, 6], [12, 4]], "text_tail_matches": [[5, 1], [8, 2], [9, 0], [10, 3]], "text_classification": [0, 0, 0, 0, 0, 1, 0, 1, 1, 1, 1, 1, 1], "character_names": ["Jonathan Joestar", "Dio Brando", "George Joestar", "George Joestar", "George Joestar", "Jonathan Joestar", "Jonathan Joestar", "George Joestar", "none", "Jonathan Joestar"]}