{"bbox_annotations": {"bboxes_as_x1y1x2y2": [[869.9298706054688, 1360.6119384765625, 1286.3360595703125, 1852.7491455078125], [9.735452651977539, 1036.6028708133972, 770.4703159332275, 2006.7020263671877], [365.52239990234375, 527.5119617224881, 1089.923828125, 980.9019775390626], [388.0050964355469, 3.586040496826172, 1050.0607604980469, 474.75788497924805], [1004.0220336914062, 313.7549743652344, 1135.4844970703125, 472.5356750488281], [498.29754638671875, 227.75119617224883, 596.53515625, 333.37945556640625], [311.7073669433594, 244.4976076555024, 466.2431945800781, 474.1920471191406], [1130.9580078125, 336.4361877441406, 1296.15380859375, 478.2864685058594], [209.78269958496094, 342.0577697753906, 335.0879211425781, 475.3226318359375], [1181.048095703125, 1267.5118408203125, 1229.2156982421875, 1387.116455078125], [1215.7894736842106, 1299.5215311004786, 1269.377990430622, 1388.2775119617227], [1261.0047846889952, 1274.4019138755982, 1294.4976076555024, 1388.2775119617227], [957.8001098632812, 75.12976837158203, 1285.273193359375, 305.2768020629883], [150.98873901367188, 77.94135284423828, 344.530029296875, 274.34842681884766], [1045.428466796875, 604.5454545454546, 1272.489013671875, 877.0916748046876], [140.66065979003906, 556.3153076171875, 411.3632354736328, 932.492919921875], [920.2562866210938, 1167.2248803827752, 1018.3890380859375, 1252.1749267578125], [644.7510986328125, 1125.3588516746413, 834.7890625, 1282.49609375], [44.71934509277344, 1751.7591552734375, 244.40492248535156, 1867.2950439453125], [127.6241683959961, 3.8849406242370605, 1292.878662109375, 485.2154541015625], [134.63241577148438, 527.0582275390625, 1292.0494384765625, 998.1090698242188], [858.0564575195312, 1031.460205078125, 1286.784423828125, 2010.271484375], [-4.25034761428833, 1025.67529296875, 845.6334228515625, 2007.935791015625], [978, 1331, 1013, 1380], [730, 1378, 773, 1425], [152, 1608, 222, 1670]], "labels": [0, 0, 0, 0, 0, 0, 0, 0, 0, 0, 0, 0, 1, 1, 1, 1, 1, 1, 1, 2, 2, 2, 2, 3, 3, 3], "image_id": 710}, "character_clusters": [0, 0, 1, 1, 2, 3, 4, 5, 6, 7, 8, 9], "text_char_matches": [[0, 3], [1, 3], [2, 2], [3, 2], [5, 1], [4, 0], [6, 1]], "text_tail_matches": [[4, 0], [5, 1], [6, 2]], "text_classification": [1, 1, 1, 1, 1, 1, 1], "character_names": ["Jonathan Joestar", "Jonathan Joestar", "Dio Brando", "Dio Brando", "none", "none", "none", "none", "none", "none", "none", "none"]}