{"bbox_annotations": {"bboxes_as_x1y1x2y2": [[1029.5089111328125, 379.92144775390625, 1255.8536376953125, 933.4302978515625], [953.8663940429688, 1012.5717163085938, 1150.907958984375, 1147.182861328125], [624.8078002929688, 362.81951904296875, 718.1976928710938, 578.6207885742188], [802.9776611328125, 1191.352783203125, 1400.4681396484375, 1878.9224853515625], [108.7226333618164, 1180.622009569378, 618.8709182739258, 1749.6291503906248], [787.2907104492188, 644.4797973632812, 970.7323608398438, 930.2153930664062], [102.28073120117188, 143.94790649414062, 366.4544677734375, 928.3802795410156], [1048.5902099609375, 190.38470458984375, 1259.2908935546875, 289.903564453125], [872.5040283203125, 527.5119617224881, 944.6845703125, 597.8636474609375], [730.1435406698565, 688.2775119617226, 795.4545454545455, 743.5406698564594], [659.8086124401914, 668.1818181818182, 720.0956937799043, 721.7703349282298], [577.7511961722488, 683.2535885167464, 634.688995215311, 735.1674641148326], [500.7177033492823, 768.6602870813398, 567.7033492822967, 825.598086124402], [630.6173095703125, 977.9904306220096, 789.7044067382812, 1312.2615966796875], [520.8133971291867, 1147.127685546875, 595.0150756835938, 1197.3684210526317], [244.4976076555024, 1204.066985645933, 321.53110047846894, 1261.0047846889952], [705.0239234449762, 1857.177033492823, 778.708133971292, 1927.5119617224882], [604.5454545454546, 1863.8755980861245, 678.2296650717705, 1924.1626794258373], [502.39234449760767, 1918.5658373672995, 574.6288452148438, 1976.0765550239237], [308.13397129186603, 1873.9234449760766, 383.4928229665072, 1932.5358851674641], [993.5891723632812, 127.7753677368164, 1273.895263671875, 941.3218994140625], [381.6336975097656, 10.12692642211914, 983.5914306640625, 944.5017700195312], [107.12125396728516, 138.2855987548828, 366.5041198730469, 941.9576416015625], [796.7023315429688, 972.7595825195312, 1393.7398681640625, 1889.692626953125], [108.37351989746094, 968.6033325195312, 800.63330078125, 2001.7742919921875], [1112, 345, 1155, 387], [874, 616, 918, 655]], "labels": [0, 0, 0, 0, 0, 0, 0, 1, 1, 1, 1, 1, 1, 1, 1, 1, 1, 1, 1, 1, 2, 2, 2, 2, 2, 3, 3], "image_id": 693}, "character_clusters": [0, 1, 0, 2, 1, 2, 1], "text_char_matches": [[0, 0], [1, 5]], "text_tail_matches": [[0, 0], [1, 1]], "text_classification": [1, 1, 0, 0, 0, 0, 1, 0, 0, 0, 0, 0, 0], "character_names": ["George Joestar", "Jonathan Joestar", "George Joestar", "Dio Brando", "Jonathan Joestar", "Dio Brando", "Jonathan Joestar"]}