{"bbox_annotations": {"bboxes_as_x1y1x2y2": [[1038.077392578125, 688.1553344726562, 1284.8792724609375, 1090.8289794921875], [644.7608032226562, 264.8889465332031, 851.4276733398438, 505.060302734375], [724.3818969726562, 1153.510498046875, 1280.6170654296875, 1476.822265625], [848.2227783203125, 180.54452514648438, 1007.0208129882812, 504.3135070800781], [800.492431640625, 661.0123291015625, 953.821533203125, 932.1160278320312], [127.25641632080078, 1739.158447265625, 879.1866028708134, 2005.4541015625], [204.14126586914062, 508.8997802734375, 377.0881042480469, 655.2869262695312], [982.3232421875, 178.16635131835938, 1285.64794921875, 522.7769165039062], [1031.916259765625, 656.4593301435407, 1144.195068359375, 731.1246948242188], [805.11962890625, 978.4271850585938, 876.4258422851562, 1026.75732421875], [481.6100769042969, 189.62753295898438, 560.0452880859375, 255.8969268798828], [596.1722488038278, 1333.0143540669858, 688.2775119617224, 1381.5789473684213], [617.9425837320574, 1368.1818181818182, 713.3971291866029, 1411.7224880382776], [133.9712918660287, 1219.6575927734375, 179.35182189941406, 1242.5837320574165], [1157.7982177734375, 1639.509765625, 1266.775146484375, 1738.9478759765625], [991.2959594726562, 1634.7740478515625, 1141.458984375, 1849.74365234375], [509.0909090909091, 1683.0143540669858, 586.1244019138757, 1726.555023923445], [462.5359191894531, 1701.4354066985647, 534.2105263157895, 1732.0729980468748], [251.70191955566406, 1607.6555023923445, 418.5599670410156, 1797.890380859375], [128.56268310546875, 1644.4976076555024, 266.67950439453125, 1866.42822265625], [600.203369140625, 157.07350158691406, 1286.541259765625, 526.4956665039062], [1027.9268798828125, 563.705078125, 1285.361328125, 1101.919677734375], [767.865234375, 566.7060546875, 1016.6763305664062, 1101.566162109375], [3.9805233478546143, 11.377461433410645, 580.6013793945312, 1093.2720947265625], [573.4915771484375, 1132.452880859375, 1288.4256591796875, 1487.7437744140625], [119.17681121826172, 1136.1490478515625, 565.496337890625, 1489.374267578125], [123.5848159790039, 1527.0440673828125, 1289.80517578125, 2011.870361328125], [1015, 1913, 1079, 1964], [477, 328, 539, 379], [256, 1924, 330, 1970], [1057, 816, 1106, 872], [139, 1363, 207, 1450]], "labels": [0, 0, 0, 0, 0, 0, 0, 0, 1, 1, 1, 1, 1, 1, 1, 1, 1, 1, 1, 1, 2, 2, 2, 2, 2, 2, 2, 3, 3, 3, 3, 3], "image_id": 696}, "character_clusters": [0, 1, 1, 2, 1, 1, 1, 0], "text_char_matches": [[0, 0], [6, 5], [7, 5], [10, 5], [11, 5]], "text_tail_matches": [[2, 1], [0, 3], [5, 4], [6, 0], [7, 0], [10, 2], [11, 2]], "text_classification": [1, 0, 0, 0, 0, 1, 1, 1, 0, 0, 1, 1], "character_names": ["Dio Brando", "Jonathan Joestar", "Jonathan Joestar", "none", "Jonathan Joestar", "Jonathan Joestar", "Jonathan Joestar", "Dio Brando"]}