{"bbox_annotations": {"bboxes_as_x1y1x2y2": [[895.2459716796875, 1368.35595703125, 1396.485107421875, 1878.513916015625], [350.333984375, 1039.2227783203125, 707.5165405273438, 1613.766357421875], [107.49482727050781, 1383.2535885167465, 854.1771392822266, 2003.0289306640627], [879.64453125, 835.041259765625, 1384.190673828125, 1309.900146484375], [105.32056427001953, 46.055809020996094, 642.852668762207, 544.9829025268555], [697.00244140625, 55.697330474853516, 1257.0439453125, 547.8691444396973], [1216.41748046875, 125.96910858154297, 1348.869384765625, 298.68236541748047], [1059.774169921875, 140.1688995361328, 1226.5302734375, 373.0733337402344], [1120.3349282296651, 487.32057416267946, 1188.150634765625, 531.3077392578125], [698.2594604492188, 59.187225341796875, 828.0042724609375, 235.88253784179688], [798.8038277511962, 299.1626892089844, 856.5188598632812, 346.252685546875], [586.1244019138757, 316.4626770019531, 624.7728881835939, 414.6013488769531], [659.8086124401914, 678.5949096679688, 862.4401913875598, 725.1196172248805], [1289.812255859375, 998.1682739257812, 1363.9102783203125, 1048.3253588516745], [1275.72265625, 1418.35888671875, 1351.4354066985647, 1465.138671875], [755.6425170898438, 892.5837320574163, 850.3952026367188, 1033.985107421875], [341.6267942583732, 1035.252197265625, 458.8396911621093, 1143.970703125], [142.31956481933594, 925.33837890625, 254.07586669921875, 1125.4346923828125], [689.8649291992188, 2.758073568344116, 1278.55224609375, 553.3881225585938], [105.37995910644531, 1.8140580654144287, 676.7908935546875, 558.3632202148438], [80.38993835449219, 560.9420776367188, 1327.9061279296875, 781.8010864257812], [875.5529174804688, 780.8221435546875, 1394.6553955078125, 1320.836181640625], [875.525390625, 1352.4039306640625, 1400.3858642578125, 1884.6165771484375], [113.6039047241211, 774.0095825195312, 872.3018188476562, 1998.060546875], [739, 283, 777, 337], [1107, 383, 1157, 430]], "labels": [0, 0, 0, 0, 0, 0, 1, 1, 1, 1, 1, 1, 1, 1, 1, 1, 1, 1, 2, 2, 2, 2, 2, 2, 3, 3], "image_id": 703}, "character_clusters": [0, 0, 1, 1, 0, 1], "text_char_matches": [[1, 5], [0, 5], [3, 5], [5, 4]], "text_tail_matches": [[1, 1], [0, 1], [3, 0]], "text_classification": [1, 1, 0, 1, 0, 1, 0, 0, 0, 1, 0, 1], "character_names": ["Jonathan Joestar", "Jonathan Joestar", "Dio Brando", "Dio Brando", "Jonathan Joestar", "Dio Brando"]}