{"bbox_annotations": {"bboxes_as_x1y1x2y2": [[506.87738037109375, 476.5751647949219, 782.8193969726562, 970.9880981445312], [39.09381103515625, 1049.938720703125, 887.78564453125, 2005.290771484375], [2.0918056964874268, 515.6641235351562, 289.4740078449249, 1071.380859375], [582.775119617225, 5.025010108947754, 1284.3704833984375, 830.6220095693781], [88.15269470214844, 80.28813934326172, 501.2312469482422, 459.9331588745117], [864.9132080078125, 1225.8373205741627, 1275.5699462890625, 2003.281982421875], [1134.4927978515625, 629.8980712890625, 1253.0753173828125, 686.7689208984375], [56.937799043062206, 326.76202392578125, 118.07234573364259, 373.9637145996094], [1072.079345703125, 973.5281982421875, 1199.13623046875, 1079.7255859375], [1185.6459330143541, 1614.354066985646, 1277.751196172249, 1704.7846889952154], [95.12342071533203, 535.8851674641148, 480.8930130004883, 740.6423950195312], [389.45489501953125, 862.2328491210938, 493.07049560546875, 899.9240112304688], [75.38896179199219, 1171.5126953125, 307.0635070800781, 1341.268798828125], [164.11483253588517, 1790.1913875598086, 251.62850952148438, 1860.5206298828125], [512.5033569335938, -6.619334697723389, 1292.232177734375, 940.4774780273438], [10.363805770874023, 1.408913254737854, 505.072265625, 464.0775146484375], [863.7998046875, 928.57958984375, 1285.756103515625, 2003.88330078125], [-3.3629775047302246, 507.2692565917969, 508.73443603515625, 1071.7987060546875], [-2.187591791152954, 972.141357421875, 927.2835693359375, 2006.2381591796875]], "labels": [0, 0, 0, 0, 0, 0, 1, 1, 1, 1, 1, 1, 1, 1, 2, 2, 2, 2, 2], "image_id": 706}, "character_clusters": [0, 1, 0, 1, 1, 0], "text_char_matches": [[2, 5], [4, 2]], "text_tail_matches": [], "text_classification": [0, 0, 1, 0, 1, 0, 1, 0], "character_names": ["Dio Brando", "Jonathan Joestar", "Dio Brando", "Jonathan Joestar", "Jonathan Joestar", "Dio Brando"]}