{"bbox_annotations": {"bboxes_as_x1y1x2y2": [[1004.3551635742188, 1483.6712646484375, 1404.2630615234375, 2007.5401611328125], [108.65393829345703, 1087.903076171875, 998.5856399536133, 1995.9949951171875], [110.52631578947368, 405.0621643066406, 939.2023315429689, 1043.8356018066406], [1009.8290405273438, 1230.861244019139, 1320.92529296875, 1426.5364990234377], [974.6318969726562, 443.7799043062201, 1398.3253588516748, 1041.40771484375], [1102.4345703125, 1733.4989013671875, 1405.3209228515625, 2004.6700439453125], [108.85167464114834, 78.70813397129187, 629.665071770335, 862.4401913875598], [487.32057416267946, 1103.5885167464116, 994.7368421052632, 1984.4497607655503], [1179.2451171875, 178.0906982421875, 1352.007080078125, 351.58856201171875], [998.5577392578125, 351.67464114832535, 1179.1324462890625, 528.3759765625], [770.1104736328125, 223.69412231445312, 935.3427734375, 309.6316833496094], [1049.092041015625, 1138.795654296875, 1146.87548828125, 1221.1534423828125], [1279.4258373205741, 1579.322021484375, 1373.2057416267942, 1662.9186602870814], [821.5504150390625, 1214.1148325358852, 971.2664794921875, 1266.8974609375], [300.7537536621094, 1057.40576171875, 418.7666320800781, 1154.976806640625], [649.5609130859375, 1820.1129150390625, 759.2029418945312, 1930.1361083984375], [975.9373779296875, 0.42988717555999756, 1400.5296630859375, 1050.635498046875], [107.05406188964844, 0.8730062246322632, 961.746337890625, 1051.0576171875], [1000.9700927734375, 1084.0118408203125, 1399.26025390625, 1437.82958984375], [996.1047973632812, 1473.8453369140625, 1400.307861328125, 2008.801025390625], [108.8286361694336, 1077.099365234375, 988.335693359375, 2002.64013671875]], "labels": [0, 0, 0, 0, 0, 0, 0, 0, 1, 1, 1, 1, 1, 1, 1, 1, 2, 2, 2, 2, 2], "image_id": 707}, "character_clusters": [0, 0, 0, 1, 1, 1, 1, 1], "text_char_matches": [[2, 6], [1, 4], [0, 4], [3, 3], [4, 5], [7, 7], [5, 7]], "text_tail_matches": [], "text_classification": [1, 1, 1, 1, 1, 1, 0, 1], "character_names": ["Jonathan Joestar", "Jonathan Joestar", "Jonathan Joestar", "Dio Brando", "Dio Brando", "Dio Brando", "Dio Brando", "Dio Brando"]}