{"bbox_annotations": {"bboxes_as_x1y1x2y2": [[275.532958984375, 722.75, 623.354248046875, 1211.61474609375], [1016.9052124023438, 124.25, 1163.75, 679.0], [104.77818298339844, 177.34689331054688, 691.25, 678.7885131835938], [107.41819763183594, 1260, 630.8138885498047, 2098.25], [703.0364379882812, 521.847412109375, 777.0, 681.5689086914062], [1252.01611328125, 453.942626953125, 1398.71630859375, 681.0740356445312], [885.7991333007812, 644.60009765625, 1004.7578125, 684.7031860351562], [650.3833618164062, 767.9102783203125, 1398.25, 1669.9066162109375], [1206.5518798828125, 906.099853515625, 1348.416748046875, 984.477783203125], [801.5, 943.25, 1125.25, 1025.3798828125], [677.7330932617188, 1429.75, 805.4078979492188, 1602.465576171875], [892.5, 1856.75, 1309.0, 1953.1290283203125], [653.13671875, 1844.27001953125, 712.6558227539062, 1930.25], [485.0855712890625, 813.75, 610.0143432617188, 1015.6985473632812], [127.9977035522461, 784.9462890625, 221.10736083984375, 823.1298217773438], [101.56471252441406, 1138.6522216796875, 241.5, 1211.28271484375], [414.3667907714844, 1775.975830078125, 514.9215698242188, 1913.783203125], [143.18080139160156, 1746.4705810546875, 300.2469482421875, 1951.25], [706.7755126953125, -0.1410350203514099, 1395.6090087890625, 687.8638916015625], [98.75753784179688, 162.18710327148438, 703.2827758789062, 684.0275268554688], [634.8851928710938, 717.607666015625, 1396.947021484375, 1674.414794921875], [634.6129760742188, 1714.0338134765625, 1312.59912109375, 1976.063720703125], [100.23560333251953, 714.094970703125, 625.0808715820312, 1220.1611328125], [99.58958435058594, 1252.9217529296875, 621.143798828125, 2096.0068359375], [215, 851, 262, 892], [443, 951, 482, 991], [835, 1539, 938, 1619], [1340, 1070, 1398, 1199]], "labels": [0, 0, 0, 0, 0, 0, 0, 0, 1, 1, 1, 1, 1, 1, 1, 1, 1, 1, 2, 2, 2, 2, 2, 2, 3, 3, 3, 3], "image_id": 516}, "character_clusters": [0, 0, 0, 0, 1, 2, 3, 0], "text_char_matches": [[0, 7], [2, 7], [5, 0], [6, 0], [8, 3], [9, 3]], "text_tail_matches": [[0, 3], [5, 1], [6, 0], [2, 2]], "text_classification": [1, 0, 1, 0, 0, 1, 0, 0, 1, 1], "character_names": ["Light Yagami", "Light Yagami", "Light Yagami", "Light Yagami", "none", "none", "none", "Light Yagami"]}