{"bbox_annotations": {"bboxes_as_x1y1x2y2": [[416.5, 179.15255737304688, 768.6475830078125, 820.4994812011719], [428.73126220703125, 883.5762329101562, 877.945556640625, 2098.25], [943.63525390625, 866.6259765625, 1399.9835205078125, 1557.6431884765625], [161, 85.61536407470703, 1179.578857421875, 822.027961730957], [119.75012969970703, 859.7891235351562, 413.4695816040039, 1378.20654296875], [125.21251678466797, 1430.0657958984375, 416.5, 1947.595947265625], [1101.9697265625, 1644.9781494140625, 1392.835205078125, 1967.331298828125], [1214.5, 145.25, 1353.5916748046875, 425.25], [1099, 493.5, 1293.0201416015625, 747.25], [203.02871704101562, 213.5, 400.199951171875, 481.25], [1162.75, 1228.5, 1349.6248779296875, 1491.4234619140625], [948.5, 1704.5, 1093.466064453125, 1873.8282470703125], [605.5, 1674.75, 798.3543090820312, 1880.0141601562498], [300.0915222167969, 1779.75, 375.28704833984375, 1862.966796875], [121.29729461669922, -3.645381450653076, 1389.335693359375, 824.5968627929688], [942.1871948242188, 851.2898559570312, 1398.466796875, 1564.2847900390625], [934.6455688476562, 1592.8824462890625, 1397.4464111328125, 1963.368896484375], [427.8793640136719, 858.0296020507812, 924.82568359375, 2098.103271484375], [123.30886840820312, 851.8938598632812, 422.7117004394531, 1387.826171875], [117.23589324951172, 1412.6756591796875, 421.9140319824219, 1968.2125244140625], [1085, 1828, 1122, 1866], [443, 141, 591, 208], [722, 1483, 756, 1545], [1070, 177, 1211, 209], [348, 1669, 385, 1721], [1160, 1086, 1244, 1173]], "labels": [0, 0, 0, 0, 0, 0, 0, 1, 1, 1, 1, 1, 1, 1, 2, 2, 2, 2, 2, 2, 3, 3, 3, 3, 3, 3], "image_id": 552}, "character_clusters": [0, 1, 0, 1, 0, 1, 1], "text_char_matches": [[0, 3], [1, 3], [2, 3], [3, 2], [4, 6], [5, 1], [6, 5]], "text_tail_matches": [[0, 3], [1, 3], [2, 1], [3, 5], [4, 0], [5, 2], [6, 4]], "text_classification": [1, 1, 1, 1, 1, 1, 1], "character_names": ["Ryuk", "Light Yagami", "Ryuk", "Light Yagami", "Ryuk", "Light Yagami", "Light Yagami"]}