{"bbox_annotations": {"bboxes_as_x1y1x2y2": [[239.27325439453125, 728, 1138.0223388671875, 1665.6470947265625], [988.7454223632812, 221.50779724121094, 1207.3848876953125, 414.75], [932.75, 395.5, 1027.25, 519.75], [1169.554931640625, 558.3893432617188, 1271.083984375, 669.232177734375], [837.7378540039062, 454.4871520996094, 892.9397583007812, 490.3387756347656], [667.0582275390625, 503.90252685546875, 722.2770385742188, 539.0310668945312], [93.40766143798828, 86.86217498779297, 195.5291748046875, 167.02072143554688], [1016.1077270507812, 848.6190185546875, 1206.921875, 1035.0], [42.607887268066406, 1613.5, 244.5779800415039, 1868.8887939453125], [904.148681640625, 165.26707458496094, 1280.7384033203125, 678.1806030273438], [73.8469009399414, 168.5523223876953, 895.633056640625, 684.968994140625], [-6.354326248168945, 718.6138916015625, 1287.228759765625, 2095.669921875], [265, 1531, 301, 1583], [949, 801, 996, 842]], "labels": [0, 1, 1, 1, 1, 1, 1, 1, 1, 2, 2, 2, 3, 3], "image_id": 555}, "character_clusters": [0], "text_char_matches": [[6, 0], [7, 0]], "text_tail_matches": [[6, 1], [7, 0]], "text_classification": [1, 0, 0, 1, 1, 0, 1, 1], "character_names": ["L"]}