{"bbox_annotations": {"bboxes_as_x1y1x2y2": [[925.75, 1481.5264892578125, 1316.7852783203125, 2097.091552734375], [351.75, 802.072265625, 1318.6620178222656, 1446.7803955078125], [117.23686981201172, 67.7301025390625, 577.744499206543, 752.7263793945312], [617.8451538085938, 369.7733154296875, 1007.9613037109375, 752.2210083007812], [782.189453125, -6.274728298187256, 1316.0, 751.824453830719], [471.8538513183594, 1485.75, 746.55615234375, 2099.3330078125], [1100.0931396484375, 189, 1293.1029052734375, 535.5], [621.25, 211.75, 820.75, 404.25], [372.75, 208.78160095214844, 582.75, 463.75], [1060.5, 976.5, 1256.5, 1198.0010986328127], [127.81529998779297, 938, 357.0, 1168.556640625], [1154.5213623046875, 1769.3636474609375, 1305.3753662109375, 1988.7296142578125], [787.9002685546875, 1547.7642822265625, 935.8280639648438, 1764.5452880859375], [258.7942199707031, 1533, 436.8888244628906, 1880.7747802734375], [27.79416275024414, 1622.2791748046875, 232.88359451293945, 1937.7164306640625], [609.6491088867188, -5.79670524597168, 1316.3887939453125, 762.69921875], [109.79711151123047, -0.5321592092514038, 602.5701293945312, 761.4392700195312], [110.48600769042969, 791.927490234375, 1311.8529052734375, 1448.3292236328125], [761.2595825195312, 1467.86767578125, 1319.716796875, 2097.989990234375], [465.32073974609375, 1471.6202392578125, 746.87255859375, 2101.17431640625], [-2.1681694984436035, 1478.4793701171875, 455.88275146484375, 2099.436279296875], [356, 128, 415, 173], [933, 1772, 993, 1821], [1154, 592, 1215, 648], [392, 897, 462, 937], [1105, 1861, 1144, 1904], [743, 468, 788, 520], [1043, 914, 1087, 954]], "labels": [0, 0, 0, 0, 0, 0, 1, 1, 1, 1, 1, 1, 1, 1, 1, 2, 2, 2, 2, 2, 2, 3, 3, 3, 3, 3, 3, 3], "image_id": 551}, "character_clusters": [0, 0, 0, 0, 1, 1], "text_char_matches": [[0, 3], [1, 3], [2, 2], [3, 1], [4, 1], [5, 0], [6, 0], [7, 0], [8, 0]], "text_tail_matches": [[0, 2], [1, 5], [2, 0], [3, 6], [4, 3], [5, 4], [6, 1]], "text_classification": [1, 1, 1, 1, 1, 1, 1, 1, 1], "character_names": ["Light Yagami", "Light Yagami", "Light Yagami", "Light Yagami", "Ryuk", "Ryuk"]}