{"bbox_annotations": {"bboxes_as_x1y1x2y2": [[1066.8426513671875, 852.0587768554688, 1126.3052978515625, 970.1448364257812], [862.4995727539062, 180.9752960205078, 1228.5, 599.7323150634766], [119.62696838378906, 1391.565673828125, 790.1494293212891, 1970.1513671875], [780.848388671875, 169.75, 942.7439575195312, 605.5], [950.25, 1130.5, 1308.17919921875, 2054.5], [313.83087158203125, 1064.8426513671875, 681.68994140625, 1286.25], [119.97339630126953, 164.89913940429688, 325.5, 602.5352783203125], [132.24606323242188, 645.3519287109375, 707.1534118652344, 1020.9887084960938], [310.20501708984375, 72.20093536376953, 474.232177734375, 494.31665802001953], [714.3466796875, 648.94873046875, 1060.614501953125, 1027.3292236328125], [1218.2271728515625, 194.25, 1357.289794921875, 571.4492034912109], [763.741455078125, 404.56890869140625, 836.80419921875, 466.9092102050781], [536.7388916015625, 186.6890869140625, 687.6798095703125, 392.0], [231.5120849609375, 453.6784362792969, 325.17022705078125, 516.1785888671875], [1170.6846923828125, 674.5880737304688, 1327.6646728515625, 990.825927734375], [726.8389282226562, 906.5, 817.25, 970.5574951171875], [134.32460021972656, 670.25, 343.0, 889.8596801757812], [859.25, 1274.320068359375, 950.1815795898438, 1309.635009765625], [269.43994140625, 1167.25, 388.5, 1316.0], [737.6896362304688, 156.1610565185547, 1393.879150390625, 606.5523071289062], [119.84296417236328, -0.5318775773048401, 730.3167114257812, 607.7299194335938], [710.8837890625, 634.65087890625, 1343.478515625, 1029.0352783203125], [119.85784149169922, 630.2032470703125, 698.9160766601562, 1035.5985107421875], [790.7604370117188, 1074.2027587890625, 1404.2393798828125, 2105.9892578125], [115.4959716796875, 1052.2127685546875, 772.4091186523438, 1349.8974609375], [120.5622787475586, 1379.3741455078125, 774.89990234375, 1974.6795654296875], [495, 182, 540, 225], [1170, 223, 1219, 263], [799, 294, 830, 334], [177, 459, 223, 502], [1102, 784, 1154, 833], [833, 932, 866, 974]], "labels": [0, 0, 0, 0, 0, 0, 0, 0, 0, 0, 1, 1, 1, 1, 1, 1, 1, 1, 1, 2, 2, 2, 2, 2, 2, 2, 3, 3, 3, 3, 3, 3], "image_id": 520}, "character_clusters": [0, 0, 1, 1, 1, 1, 0, 1, 1, 1], "text_char_matches": [[0, 1], [1, 3], [2, 8], [3, 6], [4, 0], [5, 9], [6, 7], [7, 4]], "text_tail_matches": [[0, 1], [1, 2], [2, 0], [3, 3], [4, 4], [5, 5]], "text_classification": [1, 1, 1, 1, 1, 1, 1, 1, 0], "character_names": ["Sachiko Yagami", "Sachiko Yagami", "Light Yagami", "Light Yagami", "Light Yagami", "Light Yagami", "Sachiko Yagami", "Light Yagami", "Light Yagami", "Light Yagami"]}