{"bbox_annotations": {"bboxes_as_x1y1x2y2": [[120.75, 1349.6578369140625, 1391.338790893555, 2096.689697265625], [113.75, 1.75, 1407.5780029296875, 1162.0], [1123.2030029296875, 196, 1288.4857177734375, 530.25], [247.72616577148438, 1414, 443.427734375, 1615.343994140625], [108.01815795898438, -4.930624485015869, 1393.61181640625, 1313.2845458984375], [116.98477935791016, 1330.8985595703125, 1396.336181640625, 2095.808837890625]], "labels": [0, 0, 1, 1, 2, 2], "image_id": 514}, "character_clusters": [0, 0], "text_char_matches": [], "text_tail_matches": [], "text_classification": [1, 1], "character_names": ["Ryuk", "Ryuk"]}