{"bbox_annotations": {"bboxes_as_x1y1x2y2": [[944.8336791992188, 790.6842041015625, 1223.0054931640625, 1028.8697509765625], [619.4595336914062, 1311.84814453125, 1023.1553344726562, 1964.11376953125], [127.75, 1071.7926025390625, 574.0, 1489.5440673828125], [-2.6136903762817383, 1534.046142578125, 293.13630962371826, 2101.888916015625], [395.5, 208.814697265625, 527.0576782226562, 590.5752563476562], [346.5, 220.74923706054688, 432.25, 589.75], [864.8458862304688, 1106, 1181.9384765625, 1967.42822265625], [137.32752990722656, 652.75, 452.8570098876953, 1025.6348876953125], [811.0126342773438, 667.2307739257812, 969.5, 1023.1299438476562], [298.3021240234375, 1660.75, 602.1486206054688, 2097.534912109375], [668.3997802734375, 731.5, 856.7027587890625, 1028.5426025390625], [520.5039672851562, 198.13760375976562, 661.5, 584.5], [1130.5, 208.79798889160156, 1216.25, 337.75], [92.76895904541016, 78.15607452392578, 195.74676513671875, 160.55703735351562], [1122.846923828125, 695.9235229492188, 1203.23583984375, 767.3339233398438], [520.531494140625, 715.75, 640.5, 790.3593139648438], [42, 757.75, 172.78427124023438, 864.1619873046875], [851.5485229492188, 1115.0511474609375, 906.8051147460938, 1162.0], [848.75, 1172.5, 901.25, 1223.25], [474.25, 1142.75, 581.853271484375, 1212.75], [324.2756042480469, 1610.158935546875, 429.0641174316406, 1651.4842529296875], [791.0722045898438, 164.99131774902344, 1275.706298828125, 613.0104370117188], [67.89808654785156, 156.5883331298828, 782.444580078125, 611.3527221679688], [668.3128051757812, 637.715087890625, 1273.4849853515625, 1039.9345703125], [52.24481201171875, 633.8279418945312, 649.8135375976562, 1032.69482421875], [623.8074340820312, 1057.8580322265625, 1278.7613525390625, 1969.434326171875], [63.68395233154297, 1058.6251220703125, 610.117919921875, 1506.8985595703125], [-6.349527835845947, 1527.0489501953125, 606.49609375, 2095.98291015625], [398, 1680, 442, 1720], [1016, 687, 1062, 716], [0, 909, 48, 970], [492, 784, 530, 817]], "labels": [0, 0, 0, 0, 0, 0, 0, 0, 0, 0, 0, 0, 1, 1, 1, 1, 1, 1, 1, 1, 1, 2, 2, 2, 2, 2, 2, 2, 3, 3, 3, 3], "image_id": 519}, "character_clusters": [0, 1, 1, 2, 1, 3, 2, 1, 1, 1, 3, 0], "text_char_matches": [[2, 8], [3, 7], [4, 6], [7, 2], [8, 9]], "text_tail_matches": [[2, 1], [3, 3], [4, 2], [8, 0]], "text_classification": [1, 0, 1, 1, 1, 0, 0, 1, 1], "character_names": ["none", "Light Yagami", "Light Yagami", "Sachiko Yagami", "Light Yagami", "Yamamoto", "Sachiko Yagami", "Light Yagami", "Light Yagami", "Light Yagami", "Yamamoto", "none"]}