{"bbox_annotations": {"bboxes_as_x1y1x2y2": [[71.46463012695312, 1015, 987.0, 2101.4394531250005], [64.33575439453125, 0.9460017085075378, 1037.75, 957.7693049311638], [995.75, 1013.223388671875, 1274.0, 1961.7623291015625], [980, 283.5, 1232.1019287109375, 652.75], [1002.75, 1083.25, 1057.0, 1188.25], [1011.804443359375, 1631, 1126.2216796875, 1737.7239990234375], [850.3223876953125, 1513.75, 936.302490234375, 2000.616455078125], [95.2578353881836, 1617, 261.24568939208984, 1857.0645751953125], [-4.623937606811523, -5.308136463165283, 1285.14111328125, 962.1984252929688], [996.1329345703125, 1009.5723876953125, 1277.0809326171875, 1972.597412109375], [62.27224349975586, 996.860595703125, 991.6932373046875, 2089.776123046875], [885, 648, 963, 704], [1092, 1401, 1172, 1578], [704, 1597, 820, 1809], [283, 1667, 395, 1812]], "labels": [0, 0, 0, 1, 1, 1, 1, 1, 2, 2, 2, 3, 3, 3, 3], "image_id": 553}, "character_clusters": [0, 1, 0], "text_char_matches": [[0, 1], [2, 2], [3, 0], [4, 0]], "text_tail_matches": [[0, 0], [2, 1], [3, 2], [4, 3]], "text_classification": [1, 0, 1, 1, 1], "character_names": ["Ryuk", "Light Yagami", "Ryuk"]}