{"bbox_annotations": {"bboxes_as_x1y1x2y2": [[53.33975601196289, 177.8700714111328, 544.0930213928223, 610.9489288330078], [637.9575805664062, 187.5187225341797, 1008.4539184570312, 611.6367034912109], [436.85028076171875, 659.75, 868.85009765625, 1405.091796875], [591.5, 1452.5, 1001.0, 1967.3291015625], [188.0245361328125, 660.5048828125, 425.7795715332031, 1277.5], [1116.8153076171875, 256.1565856933594, 1163.5289306640625, 290.46881103515625], [583.653076171875, 245, 668.5, 348.25], [76.66002655029297, 80.9901351928711, 180.35968017578125, 162.3540496826172], [90.43734741210938, 212.468017578125, 153.7247772216797, 284.7484130859375], [1007.9617919921875, 875, 1198.75, 981.75], [1039.5, 1547, 1230.25, 1723.2573242187498], [336.8482971191406, 1524.25, 568.75, 1827.0], [558.0404663085938, 171.12318420410156, 1255.7127685546875, 619.5794677734375], [57.60295486450195, 168.6447296142578, 550.2940063476562, 618.7896118164062], [432.8150939941406, 649.1492309570312, 1262.111328125, 1411.9466552734375], [54.620513916015625, 650.449951171875, 430.86065673828125, 1415.847900390625], [311.77044677734375, 1445.2437744140625, 1257.3929443359375, 1969.0684814453125], [104.04666900634766, 1444.8753662109375, 288.5436706542969, 1972.23681640625], [951, 1605, 994, 1640], [876, 886, 952, 934], [1065, 294, 1103, 327], [678, 354, 730, 398], [602, 1605, 652, 1644], [181, 213, 252, 271]], "labels": [0, 0, 0, 0, 0, 1, 1, 1, 1, 1, 1, 1, 2, 2, 2, 2, 2, 2, 3, 3, 3, 3, 3, 3], "image_id": 533}, "character_clusters": [0, 1, 1, 1, 0], "text_char_matches": [[0, 1], [1, 1], [3, 0], [4, 2], [5, 3], [6, 3]], "text_tail_matches": [[0, 2], [1, 3], [3, 5], [4, 1], [5, 0], [6, 4]], "text_classification": [1, 1, 0, 1, 1, 1, 1], "character_names": ["Ryuk", "Light Yagami", "Light Yagami", "Light Yagami", "Ryuk"]}