{"bbox_annotations": {"bboxes_as_x1y1x2y2": [[749.5418701171875, 1513.7884521484375, 1276.94873046875, 1961.1351318359375], [857.5, 173.25, 1268.75, 411.25], [-11.712800979614258, 1515.2490234375, 571.0371990203857, 2097.947998046875], [320.25, 6.46539306640625, 660.129150390625, 759.9208984375], [391.3811340332031, 72.3228988647461, 447.52276611328125, 148.9040069580078], [916.8876342773438, 453.382568359375, 1120.6300048828125, 712.02685546875], [248.5, 988.75, 962.5, 1464.75], [-2.52451753616333, 805.205078125, 228.3157229423523, 1465.2374267578125], [846.3073120117188, 469, 903.0, 603.75], [748.180908203125, 183.75, 848.75, 260.75], [348.0002746582031, 42, 408.6343688964844, 84], [981.5917358398438, 799.75, 1144.5, 920.5], [325.5, 869.75, 728.0, 1064.0], [83.61680603027344, 1314.04541015625, 145.13409423828125, 1349.3291015625], [1154.5230712890625, 1564.72509765625, 1241.2509765625, 1608.4884033203125], [729.4352416992188, 1576.75, 834.0262451171875, 1645.5778808593752], [526.4581298828125, 1610.063232421875, 633.707275390625, 1782.1016845703125], [674.306640625, 440.0240783691406, 1276.9656982421875, 770.99169921875], [4.65260124206543, -4.553425312042236, 660.9973754882812, 769.5200805664062], [969.8397216796875, 789.798095703125, 1281.1834716796875, 1467.641357421875], [232.73704528808594, 792.3900756835938, 963.114013671875, 1469.3714599609375], [-2.9216601848602295, 800.89404296875, 230.29052734375, 1482.2108154296875], [707.0834350585938, 1501.881103515625, 1277.7034912109375, 1962.6199951171875], [-2.859419584274292, 1501.6678466796875, 693.1668701171875, 2088.816162109375], [817, 1684, 861, 1723], [595, 1877, 687, 1938], [1147, 1662, 1183, 1708]], "labels": [0, 0, 0, 0, 0, 0, 0, 0, 1, 1, 1, 1, 1, 1, 1, 1, 1, 2, 2, 2, 2, 2, 2, 2, 3, 3, 3], "image_id": 521}, "character_clusters": [0, 0, 0, 0, 1, 0, 0, 0], "text_char_matches": [[7, 0], [6, 0], [5, 7]], "text_tail_matches": [[6, 2], [7, 0], [8, 1]], "text_classification": [0, 0, 0, 0, 0, 1, 1, 1, 1], "character_names": ["Light Yagami", "Light Yagami", "Light Yagami", "Light Yagami", "none", "Light Yagami", "Light Yagami", "Light Yagami"]}