{"bbox_annotations": {"bboxes_as_x1y1x2y2": [[728.7239379882812, 234.5, 895.2469482421875, 671.2543334960938], [647.9265747070312, 773.2649536132812, 904.436279296875, 1227.258056640625], [920.5, 711, 1398.25, 1231.5601806640625], [119.49238586425781, 1271.039306640625, 1064.737319946289, 1960.4906005859375], [280, 169.7029571533203, 636.704833984375, 671.3439483642578], [124.1118392944336, 714, 639.1562728881836, 1226.75], [887.25, 64.75, 1347.5, 654.5], [1159.912841796875, 388.6741027832031, 1347.5, 619.5], [628.8949584960938, 260.14605712890625, 688.2232055664062, 295.978515625], [153.16319274902344, 252.79759216308594, 317.6007385253906, 388.3255310058594], [1170.75, 846.8724975585938, 1344.9263916015625, 1216.4658203125], [541.5127563476562, 803.56103515625, 615.85888671875, 871.3667602539062], [140, 784, 313.25, 1081.5], [1046.2919921875, 1370.25, 1277.5789794921875, 1881.5491943359375], [903.7191162109375, 46.544090270996094, 1397.4527587890625, 672.7886962890625], [732.5712280273438, 8.94957447052002, 901.528564453125, 672.8352661132812], [119.20203399658203, 159.3333282470703, 720.617431640625, 681.1450805664062], [921.2166137695312, 700.3265380859375, 1392.217529296875, 1236.885986328125], [647.8966064453125, 711.921630859375, 910.690673828125, 1234.8463134765625], [115.91384887695312, 701.7373046875, 639.2529296875, 1238.330810546875], [115.68901824951172, 1262.9783935546875, 1332.94384765625, 1961.9593505859375], [317, 192, 368, 247], [1124, 1034, 1180, 1087], [922, 1338, 1021, 1403], [489, 781, 542, 827], [990, 530, 1173, 597], [325, 785, 373, 843], [568, 193, 616, 236]], "labels": [0, 0, 0, 0, 0, 0, 0, 1, 1, 1, 1, 1, 1, 1, 2, 2, 2, 2, 2, 2, 2, 3, 3, 3, 3, 3, 3, 3], "image_id": 528}, "character_clusters": [0, 0, 1, 1, 1, 1, 1], "text_char_matches": [[0, 0], [1, 4], [2, 4], [3, 2], [4, 5], [5, 5], [6, 3]], "text_tail_matches": [[0, 4], [1, 6], [2, 0], [3, 1], [4, 3], [5, 5], [6, 2]], "text_classification": [1, 1, 1, 1, 1, 1, 1], "character_names": ["Light Yagami", "Light Yagami", "Ryuk", "Ryuk", "Ryuk", "Ryuk", "Ryuk"]}