{"bbox_annotations": {"bboxes_as_x1y1x2y2": [[924, 694.95361328125, 1151.593994140625, 1054.1038818359375], [808.7223510742188, 1751.75, 902.2418823242188, 2006.6926269531248], [686.8016967773438, 1631.485595703125, 801.2443237304688, 1836.3138427734375], [864.2864990234375, 1612.971435546875, 957.3253173828125, 1748.574951171875], [545.8235473632812, 1819.0535888671875, 668.1189575195312, 2098.25], [781.7208862304688, 186.7322235107422, 1142.6011962890625, 604.9706878662109], [252, 1112.278076171875, 815.5, 1586.47021484375], [238.58673095703125, 661.7630004882812, 577.8898315429688, 1064.172607421875], [190.75, 190.75, 477.75, 430.5], [3.5, 379.75, 248.5, 610.75], [1079.75, 254.8050079345703, 1246.0, 444.5], [722.9808959960938, 444.0023498535156, 771.6482543945312, 477.9334716796875], [481.25, 211.03269958496094, 621.25, 406.0], [31.5, 232.75, 180.25, 490.0], [860.5244750976562, 703.4078369140625, 906.7125854492188, 740.485595703125], [609.476806640625, 729.75, 703.5, 797.4733276367188], [80.5, 782.25, 216.55995178222656, 1002.0427856445314], [1018.5, 1204, 1200.5, 1418.9359130859375], [74.23030853271484, 1242.5, 274.4514389038086, 1506.75], [1175.4429931640625, 1790.25, 1235.5, 1837.5], [950.25, 1858.3221435546875, 1142.75, 2014.3018798828125], [384.5557861328125, 1710.4183349609375, 438.5429992675781, 1744.60009765625], [35.331321716308594, 1855.8238525390625, 202.20360565185547, 1954.75], [664.5440673828125, 167.0077362060547, 1279.6773681640625, 611.0137329101562], [3.145036220550537, -5.643309593200684, 657.7972412109375, 621.4468994140625], [735.0530395507812, 643.2411499023438, 1283.684814453125, 1071.5518798828125], [59.10901641845703, 648.49560546875, 724.580322265625, 1075.092529296875], [59.33976745605469, 1100.327880859375, 1277.0968017578125, 1593.6339111328125], [496.0740966796875, 1608.5458984375, 1331.51806640625, 2093.48583984375], [0.5411505699157715, 1616.9337158203125, 479.2698059082031, 2108.479736328125], [234, 905, 274, 946], [570, 721, 610, 755]], "labels": [0, 0, 0, 0, 0, 0, 0, 0, 0, 0, 1, 1, 1, 1, 1, 1, 1, 1, 1, 1, 1, 1, 1, 2, 2, 2, 2, 2, 2, 2, 3, 3], "image_id": 547}, "character_clusters": [0, 0, 1, 2, 3, 4, 0, 0, 5, 6], "text_char_matches": [[0, 0], [1, 0], [2, 0], [3, 0], [4, 0], [5, 7], [6, 7], [7, 6], [8, 6], [9, 1], [10, 1], [11, 1], [12, 1]], "text_tail_matches": [[5, 1], [6, 0]], "text_classification": [1, 1, 1, 1, 1, 1, 1, 1, 1, 1, 1, 1, 1], "character_names": ["Light Yagami", "Light Yagami", "none", "none", "none", "Kurou Otoharada", "Light Yagami", "Light Yagami", "none", "none"]}