{"bbox_annotations": {"bboxes_as_x1y1x2y2": [[756, 1620.7376708984375, 1312.5, 1904.0], [939.75, 1627.33642578125, 1230.25, 1825.25], [711.7849731445312, 1516.6875, 794.4066772460938, 1582.2967529296875], [221.34451293945312, 1299.237548828125, 465.6158752441406, 1574.1170654296875], [771.75, 1163.75, 892.5, 1275.75], [3.67125141620636, 1328.25, 222.25, 1573.028564453125], [234.5, 1641.5, 577.8950805664062, 2101.8623046875], [-1.3185173273086548, 0, 689.1805061101913, 1084.5077533721924], [465.0736389160156, 1160.7080078125, 546.9293212890625, 1426.25], [701.2431030273438, 218.708984375, 1313.6600341796875, 1079.2686767578125], [128.68727111816406, 1177.3359375, 271.2657775878906, 1437.9398193359375], [1076.19384765625, 1215.8408203125, 1207.5, 1353.914794921875], [992.25, 1452.5, 1227.9827880859375, 1578.97265625], [388.5, 1338.75, 563.5, 1575.0], [1145.81005859375, 206.71131896972656, 1260.9107666015625, 297.5], [715.75, 206.09133911132812, 925.2444458007814, 296.74334716796875], [1046.9466552734375, 838.25, 1249.5, 945.4033813476562], [504.8981018066406, 323.75, 677.906494140625, 498.59667968750006], [99.75, 656.25, 371.0, 1050.0], [30.994043350219727, 440.5674133300781, 234.6665744781494, 570.4070434570312], [1211.1033935546875, 1183.617431640625, 1300.325927734375, 1247.75], [978.25, 1281, 1067.5, 1352.75], [888.8104248046875, 1310.75, 979.146728515625, 1427.1331787109375], [778.0057983398438, 1302.7547607421875, 883.75, 1393.3431396484375], [601.1895141601562, 1165.5, 698.8036499023438, 1414.0888671875], [406, 1347.5, 483.45785522460943, 1431.5], [549.5524291992188, 1485.75, 633.5, 1557.618896484375], [42.26836395263672, 1177.62939453125, 95.422607421875, 1212.3597412109375], [14, 1396.5, 112, 1485.75], [1151.5, 1844.5, 1256.5, 1957.13818359375], [87.68750762939453, 1771, 174.84906005859375, 1830.4010009765625], [691.470947265625, 7.179048538208008, 1315.4080810546875, 1084.1595458984375], [-0.05739033222198486, 9.620672225952148, 689.9685668945312, 1087.5833740234375], [633.9505615234375, 1111.9847412109375, 1322.7978515625, 1610.832275390625], [-1.9710272550582886, 1114.5660400390625, 585.9074096679688, 1579.25927734375], [725.70458984375, 1615.36865234375, 1317.825439453125, 2022.864990234375], [3.4854352474212646, 1616.11767578125, 706.379638671875, 2100.7744140625], [173, 1773, 214, 1814], [871, 1247, 922, 1311], [1169, 1198, 1224, 1249]], "labels": [0, 0, 0, 0, 0, 0, 0, 0, 0, 0, 0, 0, 0, 0, 1, 1, 1, 1, 1, 1, 1, 1, 1, 1, 1, 1, 1, 1, 1, 1, 1, 2, 2, 2, 2, 2, 2, 3, 3, 3], "image_id": 545}, "character_clusters": [0, 1, 2, 3, 4, 5, 0, 0, 6, 0, 0, 7, 8, 9], "text_char_matches": [[0, 9], [1, 9], [3, 7], [5, 7], [6, 11], [8, 4], [10, 11], [12, 2], [15, 1], [16, 6]], "text_tail_matches": [[6, 2], [8, 1], [16, 0]], "text_classification": [1, 1, 0, 1, 0, 1, 1, 0, 1, 0, 1, 1, 1, 1, 1, 1, 1], "character_names": ["Light Yagami", "none", "none", "none", "none", "none", "Light Yagami", "Light Yagami", "none", "Light Yagami", "Light Yagami", "none", "Takuo Shibuimaru", "none"]}