{"bbox_annotations": {"bboxes_as_x1y1x2y2": [[432.25, 1334.92626953125, 1135.9862060546875, 2098.25], [855.75, 196.91839599609375, 1151.892578125, 827.9873046875], [197.7061309814453, 395.42901611328125, 250.26002502441406, 583.7382202148438], [413.34033203125, 3.437349319458008, 791.29833984375, 829.5], [1101.6678466796875, 211.40174865722656, 1249.5, 495.25], [846.6290283203125, 142.35606384277344, 899.0712890625, 234.02444458007812], [608.25439453125, 181.01011657714844, 799.9308471679688, 434.0], [342.4585266113281, 521.5, 563.1268920898438, 775.25], [19.321311950683594, 273.28338623046875, 119.0083999633789, 335.8506164550781], [1011.5, 903, 1263.5, 974.75], [978.0217895507812, 930.7392578125, 1232.0784912109375, 1509.30615234375], [847, 882, 988.75, 1051.75], [667.9637451171875, 976.2190551757812, 886.9699096679688, 1338.9232177734375], [689.5, 876.75, 850.5, 959.0], [875, 1193.5, 987, 1300.25], [500.5, 915.25, 687.75, 1025.5], [577.5, 1030.75, 696.5, 1123.5], [495.25, 1177.75, 661.5, 1242.5], [514.5, 1244.25, 696.5, 1345.75], [291.58203125, 975.572509765625, 509.290283203125, 1371.5416259765625], [54.25, 876.75, 449.75, 995.75], [260.75, 1158.5, 371.0, 1235.5], [185.5, 1267, 360.5, 1415.75], [14.305578231811523, 975.177001953125, 252.87787437438965, 1343.8856201171875], [808.1293334960938, -7.714149475097656, 1263.5093994140625, 834.876220703125], [-3.622913360595703, 1.8832415342330933, 796.6307373046875, 842.5365600585938], [0.3695845603942871, 868.4098510742188, 1265.5283203125, 2087.097412109375], [1076, 210, 1121, 246], [882, 229, 921, 272], [553, 495, 617, 579], [678, 84, 726, 151]], "labels": [0, 0, 0, 0, 1, 1, 1, 1, 1, 1, 1, 1, 1, 1, 1, 1, 1, 1, 1, 1, 1, 1, 1, 1, 2, 2, 2, 3, 3, 3, 3], "image_id": 517}, "character_clusters": [0, 0, 0, 0], "text_char_matches": [[0, 1], [1, 1], [2, 3], [3, 3], [4, 2]], "text_tail_matches": [[0, 0], [1, 1], [2, 3], [3, 2]], "text_classification": [1, 0, 1, 1, 1, 0, 1, 0, 1, 0, 0, 0, 0, 0, 0, 1, 0, 0, 0, 1], "character_names": ["Light Yagami", "Light Yagami", "Light Yagami", "Light Yagami"]}