{"bbox_annotations": {"bboxes_as_x1y1x2y2": [[71.0024185180664, 171.04537963867188, 1274.0, 829.4056091308594], [771.9918823242188, 872.540283203125, 1077.4117431640625, 1340.514404296875], [371.9903564453125, 1242.4393310546875, 468.5284423828125, 1454.4959716796875], [241.42274475097656, 907.4170532226562, 288.53692626953125, 990.7206420898438], [852.25, 938, 1201.972412109375, 1341.4653320312498], [233.47540283203125, 1308.4686279296875, 292.48321533203125, 1426.3594970703125], [780.3507080078125, 1397.197021484375, 1197.519287109375, 1613.4024658203125], [530.25, 1218, 689.5, 1407], [75.25, 1338.75, 351.75, 1482.25], [95.08799743652344, 81.99374389648438, 197.2217559814453, 161.38890075683594], [87.5, 374.5, 299.25, 589.75], [1067.5, 1634.5, 1253.0, 1937.1065673828125], [799.75, 1722, 969.5, 1923.25], [136.5, 1538.619384765625, 689.5, 1920.637451171875], [64.41519165039062, 158.42648315429688, 1269.033203125, 832.80810546875], [772.9951782226562, 864.0664672851562, 1279.7791748046875, 1352.4110107421875], [769.57470703125, 1370.972412109375, 1281.3760986328125, 1965.9102783203125], [66.68936157226562, 860.3186645507812, 759.1793212890625, 1961.915283203125], [863, 1608, 912, 1667], [302, 467, 422, 564], [1051, 1543, 1147, 1616]], "labels": [0, 0, 0, 0, 0, 0, 0, 0, 0, 1, 1, 1, 1, 1, 2, 2, 2, 2, 3, 3, 3], "image_id": 531}, "character_clusters": [0, 0, 1, 2, 3, 4, 0, 5, 6], "text_char_matches": [[1, 0], [2, 6], [3, 6], [4, 6]], "text_tail_matches": [[1, 1], [2, 2], [3, 0]], "text_classification": [0, 1, 1, 1, 1], "character_names": ["Ryuk", "Ryuk", "none", "none", "Light Yagami", "none", "Ryuk", "none", "none"]}