{"bbox_annotations": {"bboxes_as_x1y1x2y2": [[762.3236083984375, 1913.347900390625, 866.5230712890625, 2099.069580078125], [-1.3584882020950317, 0, 559.43618953228, 1155], [897.9901733398438, 1401.75, 1137.1651611328125, 2098.25], [1115.28271484375, 1460.978515625, 1283.9617919921875, 2108.792236328125], [587.6447143554688, 0, 1281.0, 546], [-2.854788303375244, 1200.389404296875, 495.26188039779663, 2100.42529296875], [841.7174682617188, 1915.0521240234375, 921.0902709960938, 2098.449951171875], [571.4564208984375, 1657.25, 751.2215576171875, 2103.759521484375], [847, 101.5, 964.25, 183.75], [1093.75, 602, 1261.75, 980], [654.168701171875, 848.75, 834.75, 1009.3779907226564], [1106.5970458984375, 1253.3668212890625, 1214.5, 1373.75], [847, 1309, 948.5, 1401.75], [349.800048828125, 796.25, 475.7271728515625, 901.389892578125], [26.468875885009766, 824.5289306640625, 217.0, 1090.4434814453125], [435.4266357421875, 1276.3648681640625, 482.4338073730469, 1310.55419921875], [294.3572692871094, 1447.25, 416.5, 1523.89892578125], [570.0667724609375, 4.663700103759766, 1276.431640625, 2103.037109375], [2.9222755432128906, -4.402094841003418, 554.1986694335938, 1153.670654296875], [0.2734750509262085, 1188.3140869140625, 548.9782104492188, 2099.600341796875], [260, 1504, 296, 1537], [437, 598, 476, 672], [1149, 463, 1203, 529], [157, 582, 286, 759], [806, 562, 899, 700]], "labels": [0, 0, 0, 0, 0, 0, 0, 0, 1, 1, 1, 1, 1, 1, 1, 1, 1, 2, 2, 2, 3, 3, 3, 3, 3], "image_id": 527}, "character_clusters": [0, 1, 2, 3, 1, 4, 5, 6], "text_char_matches": [[1, 4], [2, 4], [3, 3], [4, 2], [5, 1], [6, 1], [7, 5], [8, 5]], "text_tail_matches": [[1, 2], [2, 4], [5, 1], [6, 3], [8, 0]], "text_classification": [0, 1, 1, 1, 1, 1, 1, 1, 1], "character_names": ["none", "Ryuk", "none", "none", "Ryuk", "Light Yagami", "none", "none"]}