{"bbox_annotations": {"bboxes_as_x1y1x2y2": [[585.034912109375, 183.75, 1218.0, 1041.8934173583984], [5.42978048324585, 672.4765014648438, 275.9199233055115, 1036.69287109375], [-1.7386078834533691, 1077.292236328125, 517.0780425071716, 1957.8251953125], [680.8780517578125, 1550.5416259765625, 1106.0, 1959.322265625], [284.0102233886719, 670.25, 561.949462890625, 1038.733154296875], [775.25, 1085, 1019.7652587890625, 1509.2833251953125], [1067.8736572265625, 152.6343994140625, 1242.7950439453125, 277.57769775390625], [588.7188110351562, 212.0068359375, 791.3606567382812, 379.75], [364.88861083984375, 296.05438232421875, 554.017333984375, 575.75], [22.351970672607422, 295.75, 157.6147575378418, 575.75], [431.8120422363281, 756, 560.8477172851562, 912.9945068359375], [1053.6903076171875, 1092, 1241.6759033203125, 1494.5772705078125], [549.270751953125, 1165.5, 699.2236328125, 1445.944580078125], [1106.506591796875, 1819.5089111328125, 1201.83056640625, 1858.1478271484375], [714.343017578125, 1839.2720947265625, 841.9208374023438, 1907.71728515625], [541.5348510742188, 1663.880615234375, 694.4320068359375, 1850.10498046875], [326.8497619628906, 1583.75, 498.8631286621094, 1755.7502441406248], [572.0402221679688, -5.278033256530762, 1270.7252197265625, 1046.1468505859375], [3.8823485374450684, 2.977006196975708, 562.6463623046875, 638.1509399414062], [283.87847900390625, 654.9375, 564.342041015625, 1049.3597412109375], [-1.4994919300079346, 662.5664672851562, 278.5195617675781, 1048.080078125], [536.7424926757812, 1071.297607421875, 1270.515869140625, 1517.4727783203125], [527.4497680664062, 1542.1060791015625, 1272.21240234375, 1960.499755859375], [0.8015453815460205, 1062.1214599609375, 516.16162109375, 1961.0167236328125], [978, 1233, 1033, 1280], [720, 1295, 772, 1346], [254, 1678, 330, 1770], [820, 1727, 885, 1807], [1073, 1808, 1112, 1846]], "labels": [0, 0, 0, 0, 0, 0, 1, 1, 1, 1, 1, 1, 1, 1, 1, 1, 1, 2, 2, 2, 2, 2, 2, 2, 3, 3, 3, 3, 3], "image_id": 525}, "character_clusters": [0, 1, 0, 0, 0, 1], "text_char_matches": [[0, 0], [1, 0], [2, 0], [3, 0], [4, 4], [5, 5], [6, 5], [7, 3], [8, 3], [9, 3], [10, 2]], "text_tail_matches": [[5, 0], [6, 1], [7, 4], [8, 3], [9, 3], [10, 2]], "text_classification": [1, 1, 1, 1, 1, 1, 1, 1, 1, 1, 1], "character_names": ["Ryuk", "Light Yagami", "Ryuk", "Ryuk", "Ryuk", "Light Yagami"]}