{"bbox_annotations": {"bboxes_as_x1y1x2y2": [[421.67913818359375, 1587.25, 500.279296875, 1892.7650146484375], [291.87591552734375, 942.0286865234375, 599.9194946289062, 1393.1319580078125], [1240.75, 970.8952026367188, 1331.0545654296875, 1395.8990478515625], [609.0321044921875, 943.25, 988.0081176757812, 1396.717529296875], [1034.9693603515625, 1030.75, 1153.6484375, 1397.882080078125], [364.0373840332031, 1674.75, 470.83453369140625, 1915.25537109375], [331.08343505859375, 1610, 401.86834716796875, 1814.9112548828123], [914.3348388671875, 1755.1727294921875, 979.204833984375, 1958.71044921875], [302.4783020019531, 945.7848510742188, 573.2061157226562, 1394.673583984375], [477.5770568847656, 1587.521240234375, 590.6396484375, 1944.25], [255.40838623046875, 1592.9117431640625, 371.4075622558594, 1986.25], [987.1826171875, 1750.48486328125, 1058.75, 1960.0], [495.4089050292969, 939.0419311523438, 611.551513671875, 1364.1458740234375], [119.93252563476562, 159.3238983154297, 1086.75, 566.5314788818359], [130.8955078125, 943.25, 302.75, 1392.6439208984375], [1144.5, 1034.25, 1302.0, 1394.75], [899.5, 1223.25, 1029.0, 1394.75], [1018.5, 1792, 1071.0, 1946], [925.75, 1814.75, 987.0, 1958.25], [530.25, 1674.75, 630.0, 2012.5], [1133.83935546875, 318.5, 1262.50146484375, 542.5], [1105.52197265625, 845.25, 1223.406494140625, 1005.8556518554688], [871.5, 926.28564453125, 1048.25, 1209.25], [633.4639282226562, 1067.5, 732.5669555664062, 1166.8308105468748], [400.7646484375, 1221.5, 518.0, 1295.0380859375], [226.8295440673828, 1085.106689453125, 278.96270751953125, 1117.798583984375], [754.7350463867188, 1513.75, 920.7805786132812, 1861.6552734375], [591.7827758789062, 1604.75, 701.2398681640625, 1770.64892578125], [141.26904296875, 1715, 293.214599609375, 1913.6878662109375], [104.40943145751953, 7.087674617767334, 1348.2279052734375, 1422.7337646484375], [125.41178894042969, 929.2822875976562, 1337.7183837890625, 1413.4151611328125], [743.7634887695312, 1422.5135498046875, 1347.6474609375, 2087.609130859375], [121.35860443115234, 1428.245849609375, 745.649169921875, 2097.112548828125]], "labels": [0, 0, 0, 0, 0, 0, 0, 0, 0, 0, 0, 0, 0, 0, 0, 0, 0, 0, 0, 0, 1, 1, 1, 1, 1, 1, 1, 1, 1, 2, 2, 2, 2], "image_id": 548}, "character_clusters": [0, 1, 2, 3, 4, 5, 6, 7, 8, 9, 10, 11, 12, 13, 14, 15, 16, 17, 18, 19], "text_char_matches": [[0, 13], [1, 13], [2, 13], [3, 13], [4, 13], [5, 13], [6, 13], [8, 13]], "text_tail_matches": [], "text_classification": [1, 1, 1, 1, 1, 1, 1, 1, 1], "character_names": ["none", "none", "none", "none", "none", "none", "none", "none", "none", "none", "none", "none", "none", "Light Yagami", "none", "none", "none", "none", "none", "none"]}