{"bbox_annotations": {"bboxes_as_x1y1x2y2": [[435.512939453125, 1156.44970703125, 474.4787902832031, 1242.8050537109375], [290.5, 1578.2138671875, 363.4821472167969, 1679.2713623046875], [943.25, 215.25, 1314.25, 650.4110870361328], [444.0619812011719, 1589, 510.0115051269531, 1720.25], [492.7606201171875, 1111.25, 586.25, 1256.695068359375], [366.2315673828125, 174.83900451660156, 540.3563842773438, 663.25], [114.27872467041016, 817.7422485351562, 459.2531204223633, 1333.1640625], [510.5041809082031, 1594.25, 576.8995361328125, 1762.2574462890625], [710.6129150390625, 1408.75, 953.181884765625, 1961.7454833984377], [593.25, 1629.25, 642.25, 1823.5], [442.75, 1643.25, 502.25, 1739.5], [388.5, 1638, 451.5, 1750], [371, 1580.25, 427, 1734.25], [346.5, 1632.75, 397.25, 1758.75], [609.6173706054688, 286.8241271972656, 859.7240600585938, 473.9156494140625], [309.75, 178.5, 360.5, 257.25], [210.9774627685547, 266.9347839355469, 288.75, 306.25], [1158.5782470703125, 770, 1320.041748046875, 931.216796875], [1011.5, 1032.5, 1295.0, 1163.75], [815.5, 761.25, 973.3861694335938, 866.25], [626.5, 955.5, 938.0, 1230.25], [624.75, 1282.75, 708.8079223632814, 1312.6994628906248], [170.1682586669922, 782.25, 338.5984191894531, 852.393310546875], [1111.25, 1440.25, 1299.6640625, 1661.26416015625], [554.75, 1419.25, 679.0, 1569.75], [134.75, 1729, 330.5312194824219, 1968.6164550781248], [933.0406494140625, 156.1272735595703, 1334.9263916015625, 670.0602416992188], [550.233154296875, 165.60264587402344, 918.2316284179688, 680.4578857421875], [132.55101013183594, 156.75222778320312, 543.3944091796875, 675.3941040039062], [989.9605712890625, 712.3841552734375, 1330.9930419921875, 1346.024169921875], [128.09910583496094, 708.9417114257812, 980.2607421875, 1336.9974365234375], [695.7777099609375, 1368.2784423828125, 1330.054931640625, 1967.9892578125], [123.50687408447266, 1355.4552001953125, 687.8809204101562, 2096.32421875], [225, 947, 279, 1025]], "labels": [0, 0, 0, 0, 0, 0, 0, 0, 0, 0, 0, 0, 0, 0, 1, 1, 1, 1, 1, 1, 1, 1, 1, 1, 1, 1, 2, 2, 2, 2, 2, 2, 2, 3], "image_id": 536}, "character_clusters": [0, 1, 2, 3, 4, 2, 2, 5, 2, 6, 7, 8, 9, 10], "text_char_matches": [[3, 5], [5, 5], [8, 6]], "text_tail_matches": [[8, 0]], "text_classification": [0, 0, 0, 1, 0, 1, 0, 0, 1, 1, 1, 1], "character_names": ["none", "none", "Light Yagami", "none", "none", "Light Yagami", "Light Yagami", "none", "Light Yagami", "none", "none", "none", "none", "none"]}