{"bbox_annotations": {"bboxes_as_x1y1x2y2": [[212.21263122558594, 787.5, 573.3090667724609, 1569.75], [124.24917602539062, 170.3988494873047, 766.5, 739.2803802490234], [990.5, 194.25, 1339.8138427734375, 736.75], [747.0174560546875, 803.15576171875, 1251.379150390625, 1574.7451171875], [712.25, 1611.492919921875, 1327.8525390625, 2099.582275390625], [717.5, 271.25, 916.1317749023438, 485.4883117675781], [1234.4552001953125, 915.25, 1340.0147705078125, 1015.490234375], [1203.9742431640625, 1352.75, 1334.485107421875, 1454.4757080078125], [670.0499267578125, 1381.455810546875, 752.5, 1418.2586669921875], [250.0876922607422, 1295, 348.25, 1396.6552734375], [727.271728515625, 1713.25, 878.5, 1848.723876953125], [598.5, 1852.732177734375, 646.688720703125, 1886.579833984375], [153.62632751464844, 1685.25, 236.05699157714844, 1734.2484130859375], [949.2551879882812, 157.8579864501953, 1338.810791015625, 742.343505859375], [122.75860595703125, 156.60244750976562, 937.9235229492188, 746.7544555664062], [585.0426025390625, 777.89404296875, 1408.923095703125, 1581.9749755859375], [37.38764190673828, 777.2529296875, 576.788330078125, 1577.79931640625], [702.3584594726562, 1590.10498046875, 1337.8695068359375, 2101.8046875], [94.14580535888672, 1599.91650390625, 696.3016967773438, 2092.3583984375], [1207, 969, 1242, 1002], [883, 1655, 938, 1721], [390, 1236, 419, 1270], [757, 1306, 791, 1339]], "labels": [0, 0, 0, 0, 0, 1, 1, 1, 1, 1, 1, 1, 1, 2, 2, 2, 2, 2, 2, 3, 3, 3, 3], "image_id": 546}, "character_clusters": [0, 0, 0, 0, 0], "text_char_matches": [[0, 1], [1, 3], [2, 3], [3, 3], [4, 0], [5, 4], [6, 4], [7, 4]], "text_tail_matches": [[1, 0], [3, 3], [4, 2], [5, 1]], "text_classification": [1, 1, 1, 1, 1, 1, 1, 1], "character_names": ["Light Yagami", "Light Yagami", "Light Yagami", "Light Yagami", "Light Yagami"]}