{"bbox_annotations": {"bboxes_as_x1y1x2y2": [[825.1937866210938, 175.87835693359375, 1256.5, 601.7264404296875], [519.0054321289062, 1163.75, 876.1615600585938, 1596.28955078125], [133, 1107.75, 502.25, 1594.500244140625], [161, 203.33816528320312, 479.5, 458.5], [131.08335876464844, 801.5, 696.5, 1068.8759765625], [710.5, 817.25, 1347.5, 1066.637939453125], [1196.0728759765625, 249.72189331054688, 1365.6751708984375, 586.25], [543.0858764648438, 164.5, 714.2713623046875, 399.0], [1186.5, 1328.25, 1372.0, 1452.5], [714.2785034179688, 1142.75, 869.75, 1304.277099609375], [521.8123168945312, 1191.5140380859375, 627.385009765625, 1257.6019287109375], [341.943359375, 1113, 456.52777099609375, 1198.6024169921875], [752.3775634765625, 162.14630126953125, 1383.780029296875, 610.9025268554688], [133.3936767578125, 1.7789125442504883, 746.0853881835938, 609.353515625], [709.0634765625, 633.108154296875, 1352.4456787109375, 1073.8236083984375], [124.1666259765625, 622.1377563476562, 694.1094970703125, 1076.3798828125], [889.8185424804688, 1100.02685546875, 1398.8265380859375, 2102.3525390625], [512.0136108398438, 1103.3922119140625, 880.5028686523438, 1604.0523681640625], [126.39143371582031, 1094.7587890625, 502.0068054199219, 1605.1885986328125], [127.99796295166016, 1627.032470703125, 874.8906860351562, 1968.1435546875], [477, 232, 525, 274], [677, 1205, 722, 1249], [623, 1205, 652, 1250]], "labels": [0, 0, 0, 0, 0, 0, 1, 1, 1, 1, 1, 1, 2, 2, 2, 2, 2, 2, 2, 2, 3, 3, 3], "image_id": 518}, "character_clusters": [0, 0, 0, 0, 0, 0], "text_char_matches": [[0, 0], [1, 3], [3, 1], [4, 1]], "text_tail_matches": [[1, 0], [4, 2], [3, 1]], "text_classification": [1, 1, 0, 1, 1, 0], "character_names": ["Light Yagami", "Light Yagami", "Light Yagami", "Light Yagami", "Light Yagami", "Light Yagami"]}