{"bbox_annotations": {"bboxes_as_x1y1x2y2": [[886.7293090820312, 1482.25, 1280.4859619140625, 1962.145751953125], [464.646484375, 1312.5, 673.75, 1961.9566650390625], [126, 1314.802978515625, 451.5, 1960.0], [122.79736328125, 168.42276000976562, 432.7903137207031, 780.5], [819.89111328125, 173.25, 1302.0853271484375, 781.6631774902344], [1011.5, 190.75, 1312.5, 777.0], [440.2660827636719, 171.27462768554688, 800.2977905273438, 776.9688415527344], [542.5, 1627.5, 827.75, 1958.25], [1221.5, 456.75, 1341.5977783203125, 656.8417358398438], [636.3616333007812, 316.75, 785.75, 453.25], [343, 228.57577514648438, 424.23272705078125, 298.2186584472656], [1197, 880.25, 1328.25, 1070.9908447265625], [915.25, 915.25, 1156.75, 1256.8873291015625], [624.36962890625, 946.75, 831.25, 1258.25], [200.29493713378906, 841.75, 392.6116943359375, 1216.25], [1156.8642578125, 1348.4058837890625, 1298.9862060546875, 1515.835205078125], [630, 1356.25, 829.5, 1691.038818359375], [315.83612060546875, 1727.25, 422.1064147949219, 1869.1552734375002], [818.840087890625, 159.44564819335938, 1339.439453125, 782.7489013671875], [437.332275390625, 159.9617462158203, 803.6807861328125, 789.6288452148438], [120.54006958007812, 154.73397827148438, 437.3012390136719, 792.0568237304688], [123.1092529296875, 817.951416015625, 1335.6761474609375, 1276.5833740234375], [834.8695068359375, 1303.40673828125, 1335.543701171875, 1968.9156494140625], [462.9437561035156, 1304.7354736328125, 830.2886962890625, 1970.1636962890625], [122.54727935791016, 1303.3892822265625, 457.5823059082031, 1963.8084716796875], [318, 1579, 355, 1640], [754, 1723, 783, 1766], [341, 315, 382, 361], [1273, 329, 1313, 380], [726, 584, 758, 628], [1225, 1560, 1275, 1611]], "labels": [0, 0, 0, 0, 0, 0, 0, 0, 1, 1, 1, 1, 1, 1, 1, 1, 1, 1, 2, 2, 2, 2, 2, 2, 2, 3, 3, 3, 3, 3, 3], "image_id": 530}, "character_clusters": [0, 1, 1, 1, 1, 0, 0, 0], "text_char_matches": [[0, 5], [1, 6], [2, 3], [3, 3], [4, 3], [5, 3], [6, 3], [7, 0], [8, 7], [9, 2]], "text_tail_matches": [[0, 3], [1, 4], [2, 2], [7, 5], [8, 1], [9, 0]], "text_classification": [1, 1, 1, 1, 1, 1, 1, 1, 1, 1], "character_names": ["Light Yagami", "Ryuk", "Ryuk", "Ryuk", "Ryuk", "Light Yagami", "Light Yagami", "Light Yagami"]}