{"bbox_annotations": {"bboxes_as_x1y1x2y2": [[741.82177734375, 1445.104736328125, 1399.3675537109375, 2099.01953125], [343.1022644042969, 1118.3671875, 569.6669311523438, 1409.1470947265625], [124.25, 94.5, 465.5, 600.25], [122.5, 1650.25, 559.5271148681641, 1958.25], [790.6494140625, 858.0780639648438, 1138.687744140625, 1416.5072021484375], [427, 89.25, 747.25, 588.0], [119.78507995605469, 1231.885498046875, 321.3731689453125, 1411.12158203125], [365.75, 358.75, 878.5, 817.25], [392, 1823.5, 693, 1963.5], [976.5, 145.25, 1149.9486083984375, 355.25], [708.75, 243.73992919921875, 857.5, 392.0], [405.0209655761719, 186.98104858398438, 512.4036865234375, 319.1352844238281], [171.43955993652344, 205.49290466308594, 232.74440002441406, 243.9868927001953], [212.0985565185547, 635.25, 315.0206298828125, 781.4031982421875], [1184.2576904296875, 1008, 1293.6834716796875, 1130.5], [1137.380615234375, 1211, 1269.19140625, 1378.9368896484375], [496.84173583984375, 1018.5, 612.6290893554688, 1168.9440917968752], [204.08908081054688, 892.5, 360.5, 1126.41455078125], [725.8794555664062, 1601.25, 870.118408203125, 1753.310791015625], [533.1929931640625, 1496.25, 688.7546997070312, 1735.3441162109375], [125.76570892333984, 1478.75, 292.3090133666992, 1813.287109375], [876.7201538085938, 4.447218894958496, 1402.50537109375, 827.0608520507812], [117.69110870361328, -0.31718015670776367, 875.27197265625, 818.5690307617188], [115.49012756347656, 850.8563232421875, 1398.0728759765625, 1418.287841796875], [705.0692138671875, 1441.4462890625, 1393.3751220703125, 2095.626708984375], [117.99170684814453, 1433.916259765625, 696.0963134765625, 1967.483642578125], [297, 1601, 363, 1670], [885, 1680, 960, 1736], [660, 248, 716, 295], [1121, 900, 1198, 964], [504, 1215, 541, 1260], [253, 1152, 296, 1229], [215, 238, 248, 272], [363, 678, 453, 745], [562, 1748, 604, 1822]], "labels": [0, 0, 0, 0, 0, 0, 0, 0, 0, 1, 1, 1, 1, 1, 1, 1, 1, 1, 1, 1, 1, 2, 2, 2, 2, 2, 3, 3, 3, 3, 3, 3, 3, 3, 3], "image_id": 512}, "character_clusters": [0, 1, 2, 2, 0, 1, 2, 0, 1], "text_char_matches": [[1, 5], [4, 7], [5, 4], [7, 1], [8, 6], [9, 0], [10, 8], [11, 3]], "text_tail_matches": [[1, 2], [4, 7], [5, 3], [7, 4], [8, 5], [9, 1], [10, 8], [11, 0]], "text_classification": [0, 1, 1, 0, 1, 1, 0, 1, 1, 1, 1, 1], "character_names": ["Ryuk", "none", "none", "none", "Ryuk", "none", "none", "Ryuk", "none"]}