{"bbox_annotations": {"bboxes_as_x1y1x2y2": [[891.7023315429688, 1441.7957763671875, 1329.89990234375, 1963.3294677734375], [229.10145568847656, 686.1553955078125, 540.0701446533203, 1010.1626586914062], [120.97865295410156, 1059.4405517578125, 556.5, 1400.6016845703125], [353.8406982421875, 1444.90625, 831.25, 1964.2945556640625], [740.1810913085938, 181.04408264160156, 1133.56591796875, 620.5409088134766], [320.25, 180.93008422851562, 723.5377807617188, 620.380615234375], [580.7422485351562, 673.4434204101562, 1247.75, 1412.0062255859375], [132.36761474609375, 1478.6187744140625, 460.42437744140625, 1966.70947265625], [1093.75, 257.25, 1310.75, 560.4976196289062], [136.5, 280, 345.1894836425781, 546], [1104.25, 817.25, 1296.75, 1085.0], [705.25, 1484, 876.75, 1765.75], [735.18115234375, 168.2710418701172, 1324.7579345703125, 631.5179443359375], [121.41732788085938, 168.3265380859375, 731.4443359375, 629.7059936523438], [576.4672241210938, 655.3764038085938, 1327.353515625, 1407.2237548828125], [119.25777435302734, 661.70751953125, 565.34423828125, 1023.6702880859375], [118.50137329101562, 1043.7008056640625, 560.1792602539062, 1408.3265380859375], [888.1748657226562, 1429.87353515625, 1329.5162353515625, 1967.8050537109375], [125.19508361816406, 1434.9139404296875, 880.5426635742188, 1970.3072509765625], [986, 408, 1092, 469], [1028, 1092, 1091, 1144], [364, 396, 457, 454], [628, 1570, 710, 1633]], "labels": [0, 0, 0, 0, 0, 0, 0, 0, 1, 1, 1, 1, 2, 2, 2, 2, 2, 2, 2, 3, 3, 3, 3], "image_id": 532}, "character_clusters": [0, 1, 0, 0, 0, 0, 0, 1], "text_char_matches": [[0, 4], [1, 5], [2, 6], [3, 3]], "text_tail_matches": [[0, 0], [1, 2], [2, 1], [3, 3]], "text_classification": [1, 1, 1, 1], "character_names": ["Ryuk", "Light Yagami", "Ryuk", "Ryuk", "Ryuk", "Ryuk", "Ryuk", "Light Yagami"]}