{"bbox_annotations": {"bboxes_as_x1y1x2y2": [[1152.1346435546875, 477.0659484863281, 1335.8118896484375, 1073.9508361816406], [128.5780792236328, 1311.5699462890625, 739.1624908447266, 1960.0], [845.25, 575.75, 1179.5, 1071.259765625], [127.75, 188.1513671875, 672.4547119140625, 619.0839233398438], [762.276123046875, 1115.2593994140625, 1324.5579833984375, 1968.8427734375], [1196.285400390625, 326.3649597167969, 1310.845947265625, 366.06597900390625], [834.75, 205.28924560546875, 1046.5, 546.0], [643.8941040039062, 236.25, 787.459716796875, 421.8116760253907], [132.926025390625, 207.83859252929688, 302.39569091796875, 458.5], [668.5, 754.25, 805.2533569335938, 912.68115234375], [385.9600524902344, 873.25, 531.695068359375, 1035.18115234375], [138.99859619140625, 810.25, 300.0270690917969, 968.50537109375], [1064, 1708, 1337, 1964.114013671875], [977.8465576171875, 1520.2076416015625, 1125.25, 1576.75], [794.5, 1769.25, 908.25, 1905.6741943359373], [553, 1174.25, 738.6146240234375, 1455.5374755859373], [158.41085815429688, 1232, 369.25, 1392.673095703125], [474.140869140625, 1919.75, 549.5, 2000.25], [820.8609008789062, 174.7783203125, 1324.0833740234375, 1090.300537109375], [119.2154312133789, 169.45193481445312, 815.44287109375, 622.5465087890625], [120.84382629394531, 646.2720336914062, 815.8138427734375, 1081.7471923828125], [758.2967529296875, 1097.869873046875, 1334.2855224609375, 1996.3533935546875], [122.21841430664062, 1100.1304931640625, 749.4205322265625, 1971.8314208984375], [305, 1509, 354, 1561], [632, 1504, 676, 1551], [1239, 490, 1280, 541], [566, 1885, 613, 1933], [869, 552, 911, 611], [1059, 1623, 1112, 1684], [915, 1695, 961, 1754]], "labels": [0, 0, 0, 0, 0, 1, 1, 1, 1, 1, 1, 1, 1, 1, 1, 1, 1, 1, 2, 2, 2, 2, 2, 3, 3, 3, 3, 3, 3, 3], "image_id": 550}, "character_clusters": [0, 1, 1, 1, 0], "text_char_matches": [[0, 0], [1, 2], [2, 3], [3, 3], [4, 3], [5, 3], [6, 3], [7, 4], [9, 4], [10, 1], [11, 1], [12, 4]], "text_tail_matches": [[0, 2], [1, 4], [7, 5], [9, 6], [10, 1], [11, 0], [12, 3]], "text_classification": [1, 1, 1, 1, 1, 1, 1, 1, 0, 1, 1, 1, 1], "character_names": ["Ryuk", "Light Yagami", "Light Yagami", "Light Yagami", "Ryuk"]}