{"bbox_annotations": {"bboxes_as_x1y1x2y2": [[297.3288879394531, 1093.75, 571.8463745117188, 1422.75], [119.26725006103516, 1607.5809326171875, 682.2799453735352, 2096.385009765625], [911.75, 681.2169799804688, 1289.727783203125, 1565.7987060546875], [597.0902099609375, 1041.25, 898.7137451171875, 1566.962158203125], [790.1427612304688, 1778, 964.5996704101562, 1965.7301025390625], [722.75, 175.443115234375, 1218.1138916015625, 638.6116333007812], [125.72415161132812, 1093.75, 295.11669921875, 1407.0], [682.9932861328125, 1836.1434326171875, 793.4117431640625, 1967.0], [990.4088745117188, 1625.41357421875, 1281.551025390625, 1960.7796630859375], [80.5, 180.25, 645.75, 645.75], [743.75, 798, 894.25, 1274], [1176.6177978515625, 258.29412841796875, 1232.5428466796875, 291.4746398925781], [109.83443450927734, 304.19134521484375, 209.2473907470703, 343.1329040527344], [910, 822.5, 1056.2783203125, 995.9402465820314], [672, 731.5, 768.25, 831.3925170898438], [361.88037109375, 784, 563.5, 943.4329223632812], [180.25, 999.25, 220.5, 1060.5], [304.5, 1431.5, 390.25, 1554.0], [204.75, 1400, 290.5, 1527.75], [98, 1394.75, 183.75, 1548.75], [3.5, 1368.5, 99.75, 1564.5], [716.1903686523438, 1659, 853.3056640625, 1782.2379150390627], [668.0216064453125, 166.47076416015625, 1270.90771484375, 643.966552734375], [69.67918395996094, 168.4398651123047, 646.0109252929688, 652.820068359375], [906.0089111328125, 671.3167114257812, 1288.707763671875, 1569.33251953125], [11.201858520507812, 673.0197143554688, 1313.5728759765625, 1577.4483642578125], [692.0248413085938, 1591.03125, 1279.5548095703125, 1972.3455810546875], [15.630949020385742, 1601.291015625, 676.6240844726562, 2092.678955078125], [459, 983, 510, 1086]], "labels": [0, 0, 0, 0, 0, 0, 0, 0, 0, 0, 0, 1, 1, 1, 1, 1, 1, 1, 1, 1, 1, 1, 2, 2, 2, 2, 2, 2, 3], "image_id": 543}, "character_clusters": [0, 1, 1, 2, 2, 1, 3, 4, 5, 1, 4], "text_char_matches": [[0, 5], [1, 9], [2, 2], [5, 6], [4, 0]], "text_tail_matches": [[4, 0]], "text_classification": [1, 1, 1, 1, 1, 1, 0, 0, 0, 0, 1], "character_names": ["Takuo Shibuimaru", "Light Yagami", "Light Yagami", "none", "none", "Light Yagami", "Unnamed woman", "none", "none", "Light Yagami", "none"]}