{"bbox_annotations": {"bboxes_as_x1y1x2y2": [[857.3682250976562, 1719.6307373046875, 1273.1419677734375, 1957.2156982421875], [736.9627685546875, 1727.25, 785.75, 1858.5], [788.5612182617188, 1879.6307373046875, 833.7362670898438, 2098.25], [731.5035400390625, 1798.493408203125, 777.557373046875, 1942.5], [1062.25, 914.194091796875, 1398.25, 1665.2701416015625], [110.83084869384766, 167.85183715820312, 640.5, 563.6416015625], [134.75, 919.2650756835938, 824.25, 1482.25], [311.5, 606.6145629882812, 724.5, 865.27685546875], [746.7213745117188, 245.0634765625, 1339.4195556640625, 864.6085815429688], [642.8800048828125, 1716.75, 685.7964477539062, 1827.0], [1155.0970458984375, 194.25, 1342.25, 593.25], [792.8301391601562, 269.84912109375, 839.7177124023438, 303.7169189453125], [506.6888732910156, 226.03892517089844, 642.5169067382812, 330.75], [641.02392578125, 766.7229614257812, 689.0995483398438, 798.381103515625], [171.1814727783203, 721, 276.8882141113281, 760.73486328125], [918.2470703125, 939.75, 1053.5, 1139.7357177734373], [1024.267822265625, 1172.5, 1106.0, 1337.0], [850.5, 1274, 1018.5099487304689, 1540.5897216796875], [1211, 1865.5, 1329.011474609375, 1937.25], [626.5, 1092, 761.25, 1424.22705078125], [433.2899475097656, 1831.919677734375, 509.06396484375, 1912.188232421875], [732.394287109375, 154.85369873046875, 1355.364013671875, 873.3321533203125], [111.19002532958984, 157.3231964111328, 730.0382080078125, 569.3916015625], [114.43156433105469, 592.0206298828125, 730.87451171875, 875.8942260742188], [842.5010986328125, 901.6071166992188, 1403.330810546875, 1669.5645751953125], [844.0078735351562, 1703.7353515625, 1352.1849365234375, 1964.3785400390625], [125.22691345214844, 902.9952392578125, 829.3231201171875, 2094.293701171875], [1027, 1109, 1084, 1148], [846, 311, 885, 351], [585, 766, 624, 799], [322, 743, 374, 779], [372, 257, 423, 301]], "labels": [0, 0, 0, 0, 0, 0, 0, 0, 0, 0, 1, 1, 1, 1, 1, 1, 1, 1, 1, 1, 1, 2, 2, 2, 2, 2, 2, 3, 3, 3, 3, 3], "image_id": 526}, "character_clusters": [0, 1, 2, 3, 0, 0, 0, 4, 4, 5], "text_char_matches": [[0, 5], [1, 8], [2, 5], [3, 7], [4, 7], [5, 4], [7, 4], [8, 0]], "text_tail_matches": [[1, 1], [2, 4], [3, 2], [4, 3], [5, 0], [7, 0]], "text_classification": [1, 1, 1, 1, 1, 1, 0, 1, 1, 0, 1], "character_names": ["Ryuk", "none", "none", "none", "Ryuk", "Ryuk", "Ryuk", "Light Yagami", "Light Yagami", "none"]}