{"bbox_annotations": {"bboxes_as_x1y1x2y2": [[0.606885552406311, 2.6239023208618164, 597.4759651422501, 564.6363534927368], [687.661376953125, 56, 1234.9278564453125, 2116.3008346557617], [56, 626.5, 683.0268096923828, 1293.25], [48.985809326171875, 1370.25, 327.0980529785156, 2098.25], [1083.164306640625, 195.4473114013672, 1224.8658447265625, 318.13555908203125], [700, 15.75, 838.25, 428.75], [1139.25, 624.75, 1284.5, 1023.75], [1030.6138916015625, 1345.6156005859375, 1267.681884765625, 1751.66357421875], [463.75, 351.75, 673.75, 434.70697021484375], [421.75, 662.837646484375, 654.5, 842.6245727539062], [23.607929229736328, 696.1795654296875, 180.25, 826.5576782226562], [41.78671646118164, 968.5768432617188, 90.33505249023438, 1021.3451538085938], [498.75, 1382.5, 679.0, 1606.6353759765625], [491.4940490722656, 1711.5, 673.760986328125, 1910.7957763671875], [42.49935531616211, 1366.75, 225.94976425170898, 1424.5], [196.81802368164062, 1692.818359375, 332.5673828125, 1944.1102294921875], [31.667030334472656, 1755.25, 182.58155059814453, 1981.0], [687.6511840820312, -3.2751293182373047, 1280.127197265625, 2096.435546875], [3.687188148498535, -0.8134156465530396, 688.2827758789062, 569.3195190429688], [3.148519992828369, 614.14111328125, 681.8739013671875, 1305.33984375], [344.15716552734375, 1340.81982421875, 684.093994140625, 2096.61572265625], [3.2024054527282715, 1341.28076171875, 340.0274353027344, 2107.902587890625], [168, 754, 209, 799]], "labels": [0, 0, 0, 0, 1, 1, 1, 1, 1, 1, 1, 1, 1, 1, 1, 1, 1, 2, 2, 2, 2, 2, 3], "image_id": 558}, "character_clusters": [0, 1, 1, 1], "text_char_matches": [[0, 1], [3, 1], [4, 0], [5, 0], [6, 2], [7, 0], [8, 2], [9, 2], [11, 3], [12, 3]], "text_tail_matches": [[6, 0]], "text_classification": [1, 0, 0, 1, 1, 1, 1, 1, 1, 1, 0, 1, 1], "character_names": ["Izuku Midoriya", "Toshinori Yagi", "Toshinori Yagi", "Toshinori Yagi"]}