{"bbox_annotations": {"bboxes_as_x1y1x2y2": [[398.4931335449219, 307.1528625488281, 1092.0, 1363.3349914550781], [284.7655029296875, 1557.5, 662.23046875, 2110.07080078125], [889, 738.5, 1402.2874755859375, 1363.1065673828125], [990.147216796875, 1424.5, 1278.463134765625, 2052.75], [678.4901733398438, 1419.272705078125, 971.4114379882812, 2065.07177734375], [527.1576538085938, 1720.60693359375, 652.3182373046875, 1895.821044921875], [1123.5, 439.25, 1367.04833984375, 761.25], [171.50352478027344, 306.25, 394.30908203125, 438.0337219238281], [142.86720275878906, 796.25, 408.48988342285156, 981.46826171875], [700.4613647460938, 1951.8519287109375, 798.8658447265625, 1995.482421875], [339.5, 1417.5, 656.25, 1639.75], [139.1100311279297, 1485.75, 318.4651794433594, 1600.8128662109373], [130.6194305419922, 1737.75, 341.2904052734375, 1939.4013671875002], [119.24455261230469, -8.79811954498291, 1402.787841796875, 1365.26025390625], [980.7861328125, 1400.8804931640625, 1285.401611328125, 2091.91796875], [671.8296508789062, 1398.427734375, 977.5647583007812, 2078.976318359375], [116.35400390625, 1399.495849609375, 665.1507568359375, 2097.232421875], [737, 1883, 768, 1921]], "labels": [0, 0, 0, 0, 0, 0, 1, 1, 1, 1, 1, 1, 1, 2, 2, 2, 2, 3], "image_id": 557}, "character_clusters": [0, 0, 1, 1, 1, 1], "text_char_matches": [[1, 0], [2, 0], [0, 2], [3, 4], [4, 1], [5, 1], [6, 1]], "text_tail_matches": [[3, 0]], "text_classification": [1, 1, 1, 1, 0, 1, 1], "character_names": ["Toshinori Yagi", "Toshinori Yagi", "Izuku Midoriya", "Izuku Midoriya", "Izuku Midoriya", "Izuku Midoriya"]}