{"bbox_annotations": {"bboxes_as_x1y1x2y2": [[546.4408569335938, 740.259033203125, 839.3903198242188, 1206.001708984375], [-11.161554336547852, 31.5, 1313.5884456634521, 505.75], [456.75, 1909.25, 672.0, 2068.5], [-3.011709451675415, -3.5305380821228027, 1325.4814453125, 2096.300537109375]], "labels": [0, 1, 1, 2], "image_id": 574}, "character_clusters": [0], "text_char_matches": [[0, 0]], "text_tail_matches": [], "text_classification": [1, 0], "character_names": ["Izuku Midoriya"]}