{"bbox_annotations": {"bboxes_as_x1y1x2y2": [[94.5, 91.53421783447266, 692.568359375, 484.75], [1100.49609375, 625.8541259765625, 1396.2928466796875, 1090.3553466796875], [711.4547119140625, 875.7030639648438, 938.1107788085938, 1024.5263671875], [148.75, 798, 449.75, 1144.738525390625], [94.19512176513672, 1108.130859375, 1287.2170944213867, 2096.8544921875], [1109.5, 163.8742218017578, 1302.0, 418.25], [634.1514282226562, 195.57745361328125, 717.5, 243.5208282470703], [330.75, 164.5, 432.25, 435.75], [96.79064178466797, 101.89639282226562, 185.5, 375.9501647949219], [1220.869873046875, 614.25, 1292.5791015625, 661.6843261718749], [1073.33837890625, 667.6752319335938, 1181.1370849609375, 758.5004272460938], [881.8634033203125, 607.916748046875, 1006.802001953125, 788.0709838867188], [589.1786499023438, 633.5, 729.4591064453125, 855.3391723632812], [458.49713134765625, 668.5, 575.7786865234375, 890.8846435546875], [150.70616149902344, 628.25, 377.63665771484375, 764.3515014648439], [94.89132690429688, 803.25, 155.1565399169922, 1122.6072998046875], [1069.8323974609375, 1538.25, 1209.25, 1631.0], [157.42721557617188, 1237.25, 442.7862854003906, 1423.430908203125], [80.02786254882812, 1.904974102973938, 1389.60009765625, 489.13836669921875], [1048.670654296875, 545.4085693359375, 1403.0594482421875, 1097.147216796875], [453.6192321777344, 542.6024780273438, 1036.72900390625, 1107.9349365234375], [80.22315216064453, 542.9207763671875, 445.525146484375, 1151.3428955078125], [70.6920394897461, 1092.84228515625, 1402.0458984375, 2099.77197265625], [429, 1447, 476, 1489], [1065, 877, 1123, 930], [602, 255, 636, 286]], "labels": [0, 0, 0, 0, 0, 1, 1, 1, 1, 1, 1, 1, 1, 1, 1, 1, 1, 1, 2, 2, 2, 2, 2, 3, 3, 3], "image_id": 571}, "character_clusters": [0, 1, 0, 0, 0], "text_char_matches": [[0, 1], [1, 0], [5, 0], [6, 2], [7, 2], [8, 2], [12, 4], [9, 3]], "text_tail_matches": [[1, 2], [5, 1], [12, 0]], "text_classification": [1, 1, 0, 0, 1, 1, 1, 1, 1, 1, 0, 0, 1], "character_names": ["Izuku Midoriya", "Toshinori Yagi", "Izuku Midoriya", "Izuku Midoriya", "Izuku Midoriya"]}