{"bbox_annotations": {"bboxes_as_x1y1x2y2": [[366.53216552734375, 1631.27490234375, 427.4579772949219, 1708.4783935546875], [345.6694641113281, 1800.75, 440.71612548828125, 2004.2185058593748], [0, 161, 1309, 1473.5], [638.75, 1114.75, 1214.5, 2104.93359375], [537.25, 1235.5, 679.0, 1477.0], [974.75, 288.75, 1169.0, 411.25], [932.75, 764.75, 1169.0, 992.25], [138.9835205078125, 322, 300.894287109375, 436.273193359375], [110.25, 1100.75, 314.56038665771484, 1218.0953369140625], [1102.5, 1527.75, 1246.0, 1756.2529296875], [619.5, 1618.75, 801.5, 1944.25], [94.2922134399414, 1564.5, 240.63114166259766, 1721.3289794921875], [98.95780944824219, 1774.5, 280.6894836425781, 1926.75], [-6.466352939605713, 159.3269500732422, 1301.81494140625, 1493.9327392578125], [600.8121948242188, 1522.0238037109375, 1297.759521484375, 2097.302001953125], [-4.459610462188721, 1526.7540283203125, 592.206787109375, 2094.54541015625]], "labels": [0, 0, 0, 0, 0, 1, 1, 1, 1, 1, 1, 1, 1, 2, 2, 2], "image_id": 556}, "character_clusters": [0, 1, 0, 1, 1], "text_char_matches": [[4, 2], [6, 0], [0, 2], [1, 2], [2, 2], [3, 2], [7, 0]], "text_tail_matches": [], "text_classification": [1, 1, 1, 1, 1, 1, 1, 1], "character_names": ["Izuku Midoriya", "Toshinori Yagi", "Izuku Midoriya", "Toshinori Yagi", "Toshinori Yagi"]}