{"bbox_annotations": {"bboxes_as_x1y1x2y2": [[411.8597412109375, 596.0934448242188, 839.4917602539062, 1463.0], [399.267578125, -1.5910327434539795, 836.5, 526.908967256546], [1.3967901468276978, 589.75, 399.5467840433121, 1464.88525390625], [852.9017944335938, 0, 1328.48876953125, 2101.330458164215], [992.5540161132812, 196.24371337890625, 1213.2105712890625, 407.75], [912.488525390625, 1448.24169921875, 1267.125244140625, 1902.7093505859375], [706.968017578125, 105.74665069580078, 827.8084106445312, 208.25], [95.59361267089844, 124.48719024658203, 319.23602294921875, 407.40991973876953], [644.244873046875, 735.5697021484375, 816.3966674804688, 868.6636962890625], [706.75390625, 1333.9454345703125, 796.71923828125, 1412.68701171875], [273.55712890625, 1230.25, 385.52679443359375, 1331.0675048828125], [631.75, 1568, 830.2103271484375, 1825.6829833984373], [414.75, 1613.5, 544.519287109375, 1758.9254150390625], [161.21859741210938, 1608.9847412109375, 373.59490966796875, 1854.284912109375], [845.1265869140625, 0.629541277885437, 1312.0001220703125, 2100.111328125], [47.39694595336914, -0.40029287338256836, 838.0114135742188, 529.4608764648438], [412.1751403808594, 580.7939453125, 840.691650390625, 1471.9427490234375], [-1.8562883138656616, 572.0550537109375, 404.8373718261719, 1478.412109375], [-1.0505914688110352, 1518.50732421875, 827.635009765625, 2097.50390625], [308, 1107, 349, 1151]], "labels": [0, 0, 0, 0, 1, 1, 1, 1, 1, 1, 1, 1, 1, 1, 2, 2, 2, 2, 2, 3], "image_id": 578}, "character_clusters": [0, 1, 1, 1], "text_char_matches": [[0, 0], [1, 0], [3, 1], [4, 0], [6, 2], [7, 0], [8, 2]], "text_tail_matches": [[6, 0]], "text_classification": [1, 1, 0, 1, 1, 1, 1, 1, 1, 1], "character_names": ["Toshinori Yagi", "Izuku Midoriya", "Izuku Midoriya", "Izuku Midoriya"]}