{"bbox_annotations": {"bboxes_as_x1y1x2y2": [[448, 1452.5, 1083.25, 2102.873046875], [530.25, 1700.8349609375, 869.3464965820312, 2100.462890625], [360.5, 1039.501708984375, 630.9915771484375, 1394.53125], [787.5, 960.75, 1273.1328125, 1389.5], [117.09797668457031, -8.21967887878418, 1202.25, 893.5206165313721], [359.8485107421875, 1207.4942626953125, 455.7778015136719, 1387.5830078125], [1142.75, 367.59527587890625, 1334.997314453125, 635.25], [948.5, 621.6328125, 1118.6661376953125, 787.7490844726562], [623.50048828125, 740.4583129882812, 976.5, 896.9051513671875], [1130.5, 973, 1195.052978515625, 1033.0494384765625], [1152.25927734375, 1055.4822998046875, 1257.036865234375, 1146.6041259765625], [1064, 955.5, 1123.5, 1001.0], [938, 957.25, 1002.75, 1001.0], [848.75, 985.25, 915.25, 1037.75], [788.7546997070312, 1042.198974609375, 913.782958984375, 1198.97412109375], [610.6354370117188, 999.6090698242188, 757.0675048828125, 1158.6553955078125], [344.75, 960.75, 539.0, 1109.5], [127.55279541015625, 1008.97216796875, 325.2614440917969, 1201.9605712890625], [211.30311584472656, 1299.2633056640625, 286.6693115234375, 1357.2481689453125], [1130.126953125, 1471.27294921875, 1240.502685546875, 1620.8673095703125], [1085.91259765625, 1698.2913818359375, 1264.1878662109375, 1954.8873291015625], [605.883056640625, 1639.293701171875, 652.6680297851562, 1690.7392578125], [459.1947937011719, 1561, 570.5, 1632.9627685546875], [169.9136505126953, 1607.226318359375, 401.1547546386719, 1831.6646728515625], [115.06700897216797, 0.2738088369369507, 1397.31591796875, 897.8001708984375], [778.3390502929688, 943.1685180664062, 1282.6474609375, 1402.99755859375], [119.1448974609375, 947.9379272460938, 774.3303833007812, 1398.078369140625], [119.51036834716797, 1438.84814453125, 1259.4942626953125, 2094.130126953125], [322, 1125, 362, 1160], [1052, 1672, 1090, 1708], [416, 1576, 453, 1609], [582, 1117, 618, 1154], [899, 729, 941, 768], [292, 1302, 336, 1343], [614, 1689, 643, 1723]], "labels": [0, 0, 0, 0, 0, 0, 1, 1, 1, 1, 1, 1, 1, 1, 1, 1, 1, 1, 1, 1, 1, 1, 1, 1, 2, 2, 2, 2, 3, 3, 3, 3, 3, 3, 3], "image_id": 577}, "character_clusters": [0, 1, 0, 0, 1, 1], "text_char_matches": [[0, 4], [1, 4], [4, 3], [8, 3], [7, 3], [6, 3], [5, 3], [3, 3], [9, 2], [11, 2], [12, 5], [13, 0], [14, 0], [15, 1], [17, 0]], "text_tail_matches": [[0, 4], [1, 4], [9, 3], [11, 0], [12, 5], [13, 1], [14, 1], [15, 6], [17, 2]], "text_classification": [1, 1, 0, 0, 1, 0, 0, 0, 1, 1, 0, 1, 1, 1, 1, 1, 0, 1], "character_names": ["Toshinori Yagi", "Izuku Midoriya", "Toshinori Yagi", "Toshinori Yagi", "Izuku Midoriya", "Izuku Midoriya"]}