{"bbox_annotations": {"bboxes_as_x1y1x2y2": [[867.6685791015625, 1554, 1228.5, 1975.9644775390625], [123.97454833984375, 559.7177124023438, 860.5120849609375, 2098.25], [900.5313110351562, 237.4422149658203, 1079.75, 602.0], [939.9895629882812, 1126.4525146484375, 1148.5269775390625, 1496.25], [911.75, 518, 1319.5, 675.5], [875.0918579101562, 726.8204345703125, 1329.575927734375, 831.25], [988.75, 1433.6480712890625, 1293.607666015625, 1612.1756591796875], [224.51231384277344, 223.18373107910156, 682.5, 404.25], [880.25, 1858.8189697265625, 1366.75, 1985.2911376953125], [863.1976318359375, 0.6017223000526428, 1397.33349609375, 677.1847534179688], [859.0278930664062, 696.0136108398438, 1397.4295654296875, 1502.119384765625], [111.79181671142578, -1.0126233100891113, 855.7440795898438, 2095.996337890625]], "labels": [0, 0, 0, 0, 1, 1, 1, 1, 1, 2, 2, 2], "image_id": 573}, "character_clusters": [0, 1, 0, 0], "text_char_matches": [], "text_tail_matches": [], "text_classification": [1, 0, 1, 1, 0], "character_names": ["Toshinori Yagi", "Izuku Midoriya", "Toshinori Yagi", "Toshinori Yagi"]}