{"bbox_annotations": {"bboxes_as_x1y1x2y2": [[352.2755432128906, 1750, 477.2900085449219, 2019.2075195312498], [841.75, 496.4465026855469, 1398.25, 1086.5600280761719], [1141.350830078125, 1506.8475341796875, 1397.7227783203125, 1916.25], [287.32427978515625, 1858.9000244140625, 378.5456848144531, 2023.45068359375], [107.61659240722656, 1089.7586669921875, 536.5741119384766, 1693.2225341796875], [245.98983764648438, 488.7062072753906, 654.7970581054688, 1088.4681701660156], [747.25, 1452.5, 1121.75, 2098.25], [747.25, 1463, 1134.0, 1961.75], [934.5, 45.35453414916992, 1254.75, 271.25], [180.25, 61.655616760253906, 459.7593994140625, 240.98340606689453], [1219.75, 551.25, 1344.153076171875, 681.2965087890625], [1179.80224609375, 789.25, 1361.5, 903.0], [857.5748901367188, 614.25, 910.0, 705.5107421875], [873.8500366210938, 901.25, 925.75, 991.857177734375], [625.7736206054688, 675.3353271484375, 815.5723266601562, 867.1246948242188], [107.66177368164062, 516.25, 289.44500732421875, 1069.25], [1196.004150390625, 1377.25, 1340.5, 1469.8077392578125], [984.704345703125, 1260, 1096.986328125, 1346.82421875], [782.987060546875, 1162, 899.5, 1534.75], [583.6580200195312, 1221.6536865234375, 689.0218505859375, 1335.2064208984375], [605.0194091796875, 1466.2303466796875, 685.3472900390625, 1593.451171875], [507.5171813964844, 1472.096923828125, 571.5765991210938, 1595.0389404296875], [513.6893310546875, 1774.5, 720.5953369140625, 1970.3566894531248], [134.93148803710938, 1730.75, 287.5260314941406, 1872.1109619140623], [175.4393310546875, 1985.681640625, 225.63182067871094, 2043.9300537109375], [126.73775482177734, 3.7463464736938477, 1285.1522216796875, 433.6424865722656], [832.3084106445312, 485.1181640625, 1401.0357666015625, 1099.072998046875], [107.79794311523438, 484.71466064453125, 825.9967041015625, 1097.0308837890625], [1120.135498046875, 1149.0523681640625, 1400.4267578125, 2097.44921875], [744.43408203125, 1140.547119140625, 1126.7125244140625, 2099.285400390625], [114.31000518798828, 1085.5267333984375, 738.448974609375, 1695.4283447265625], [115.91780853271484, 1680.2855224609375, 732.9611206054688, 2098.455810546875], [928, 1320, 976, 1363], [453, 1458, 494, 1504]], "labels": [0, 0, 0, 0, 0, 0, 0, 0, 1, 1, 1, 1, 1, 1, 1, 1, 1, 1, 1, 1, 1, 1, 1, 1, 1, 2, 2, 2, 2, 2, 2, 2, 3, 3], "image_id": 575}, "character_clusters": [0, 0, 1, 1, 1, 0, 0, 1], "text_char_matches": [[0, 1], [1, 1], [2, 1], [3, 1], [4, 1], [5, 1], [6, 5], [9, 6], [11, 4], [12, 4], [13, 4], [14, 0], [15, 0], [16, 3]], "text_tail_matches": [[9, 0], [11, 1], [12, 1], [13, 1]], "text_classification": [1, 1, 1, 1, 1, 1, 1, 0, 0, 1, 0, 1, 1, 1, 1, 1, 1], "character_names": ["Toshinori Yagi", "Toshinori Yagi", "Izuku Midoriya", "Izuku Midoriya", "Izuku Midoriya", "Toshinori Yagi", "Toshinori Yagi", "Izuku Midoriya"]}