{"bbox_annotations": {"bboxes_as_x1y1x2y2": [[342.5123596191406, 326.634033203125, 476.0, 568.8645629882812], [429.8636779785156, 0, 1158.5, 915.25], [665, 1552.8553466796875, 1097.971435546875, 2065.372314453125], [429.88250732421875, 1825.8294677734375, 582.75, 1996.75], [974.75, 1226.75, 1011.5, 1261.75], [948.5, 1337, 973.0, 1365], [1051.75, 273.95684814453125, 1254.3785400390625, 407.2663269042969], [658, 521.5, 815.5, 630.0], [475.2315368652344, 208.25, 596.638427734375, 525.0], [147.25656127929688, 201.4669189453125, 305.0462341308594, 399.0], [1160.25, 1018.039306640625, 1355.7303466796875, 1209.0545654296875], [766.5, 1002.75, 914.5752563476564, 1145.37353515625], [848.1084594726562, 1324.05126953125, 945.7318725585938, 1367.572265625], [524.924560546875, 1029, 656.4851684570312, 1203.3514404296875], [596.75, 1349.25, 682.5, 1370.25], [189.9761505126953, 1032.5, 358.94329833984375, 1229.63818359375], [1156.8880615234375, 1542.3065185546875, 1284.1734619140625, 1577.46826171875], [1067.5, 1527.75, 1132.25, 1590.75], [964.25, 1515.5, 1029.0, 1571.5], [1067.5, 1776.0838623046875, 1250.561279296875, 1890.442626953125], [845.25, 1513.75, 908.25, 1568.0], [759.5, 1517.25, 833.0, 1576.75], [715.75, 1548.75, 794.5, 1610.0], [719.0428466796875, 1618.14990234375, 784.2903442382812, 1663.999267578125], [625.3154907226562, 1595.6123046875, 691.7459716796875, 1642.54052734375], [526.75, 1811.25, 703.5, 1923.25], [403.4089050292969, 1601.643798828125, 507.494384765625, 1679.6290283203125], [346.5, 1893.5, 449.75, 2033.5], [170.25198364257812, 1670.4664306640625, 366.67645263671875, 1818.311279296875], [75.35356903076172, 0.8649542927742004, 1408.3804931640625, 915.19970703125], [463.6759033203125, 965.3472290039062, 1397.97314453125, 1455.59033203125], [74.36556243896484, 958.4436645507812, 463.2473449707031, 1468.854736328125], [96.37545013427734, 1498.760986328125, 1285.1573486328125, 2093.95458984375], [311, 359, 352, 417], [1135, 1207, 1183, 1243], [821, 1173, 860, 1211], [1117, 1548, 1157, 1584], [499, 1084, 533, 1130]], "labels": [0, 0, 0, 0, 0, 0, 1, 1, 1, 1, 1, 1, 1, 1, 1, 1, 1, 1, 1, 1, 1, 1, 1, 1, 1, 1, 1, 1, 1, 2, 2, 2, 2, 3, 3, 3, 3, 3], "image_id": 563}, "character_clusters": [0, 1, 0, 1, 0, 1], "text_char_matches": [[0, 1], [3, 0], [4, 4], [5, 5], [7, 4], [9, 5], [10, 2], [13, 2], [20, 3], [22, 3]], "text_tail_matches": [[3, 0], [4, 1], [5, 2], [7, 4], [10, 3], [13, 3]], "text_classification": [1, 0, 0, 1, 1, 1, 0, 1, 0, 1, 1, 0, 0, 1, 0, 0, 0, 0, 0, 0, 1, 0, 1], "character_names": ["Toshinori Yagi", "Izuku Midoriya", "Toshinori Yagi", "Izuku Midoriya", "Toshinori Yagi", "Izuku Midoriya"]}