{"bbox_annotations": {"bboxes_as_x1y1x2y2": [[166.25, 54.25, 784.361083984375, 1315.981101989746], [1081.5, 1095.5, 1300.25, 1318.50341796875], [819, 1645, 962.5, 1984.6385498046875], [889, 1846.029541015625, 1148, 2040.5], [928.5639038085938, 845.25, 1300.25, 1319.8642578125], [522.3214721679688, 1608.0745849609375, 801.9220581054688, 2098.25], [1115.2861328125, 218.6497344970703, 1337.94970703125, 534.9967803955078], [794.5, 154, 985.25, 222.25], [804.4464111328125, 91.08964538574219, 970.3782958984375, 149.38558959960938], [802.4368286132812, 260.2877197265625, 1006.25, 374.5], [894.25, 201.25, 976.5, 252.0], [939.75, 346.5, 1043.0, 414.75], [990.3946533203125, 401.642822265625, 1076.09326171875, 473.8807373046875], [992.4600219726562, 509.25, 1079.75, 567.6909790039062], [806.75, 393.75, 927.5, 458.5], [799.3114624023438, 493.5, 969.3864135742188, 750.75], [999.25, 633.5, 1228.5, 780.2393188476562], [1218, 887.25, 1332.16552734375, 1106.2576904296875], [794.5, 854, 973.3734130859375, 1036.7125244140625], [808.5, 1137.844970703125, 939.75, 1249.4669189453125], [633.6087646484375, 199.6438446044922, 734.3489990234375, 312.4823913574219], [112.09318542480469, 397.25, 323.2118225097656, 985.25], [1181.25, 1498.6845703125, 1347.3599853515625, 1680.2303466796875], [1015.388916015625, 1445.5, 1156.75, 1562.1158447265625], [826, 1461.25, 954.105224609375, 1579.0479736328125], [596.75, 1419.25, 788.5974731445311, 1587.64501953125], [502.88616943359375, 1415.75, 575.2526245117188, 1564.7757568359373], [352.7307434082031, 1503.25, 477.70166015625, 1689.349853515625], [267.4876403808594, 1779.75, 344.75, 1845.3248291015627], [178.36642456054688, 1862, 267.69964599609375, 1968.7370605468748], [782.3169555664062, -4.948022842407227, 1404.314697265625, 789.1481323242188], [783.8945922851562, 829.0844116210938, 1383.483642578125, 1324.69677734375], [99.80116271972656, -5.087274551391602, 779.1520385742188, 1322.7801513671875], [808.5723266601562, 1368.0948486328125, 1400.9566650390625, 2090.92529296875], [495.3621520996094, 1372.6890869140625, 799.9276733398438, 2095.767333984375], [97.55609893798828, 1362.7176513671875, 486.87286376953125, 2100.585693359375], [329, 734, 374, 774], [677, 332, 712, 379], [1266, 1129, 1301, 1172], [655, 1612, 715, 1660]], "labels": [0, 0, 0, 0, 0, 0, 1, 1, 1, 1, 1, 1, 1, 1, 1, 1, 1, 1, 1, 1, 1, 1, 1, 1, 1, 1, 1, 1, 1, 1, 2, 2, 2, 2, 2, 2, 3, 3, 3, 3], "image_id": 567}, "character_clusters": [0, 0, 1, 0, 1, 0], "text_char_matches": [[0, 4], [9, 4], [11, 1], [13, 4], [15, 0], [17, 2], [18, 2], [19, 5], [20, 5], [21, 2], [22, 2], [23, 2]], "text_tail_matches": [[11, 2], [14, 1], [15, 0], [19, 3]], "text_classification": [1, 0, 0, 0, 0, 0, 0, 0, 0, 1, 0, 1, 1, 1, 1, 1, 1, 1, 1, 1, 1, 1, 1, 1], "character_names": ["Izuku Midoriya", "Izuku Midoriya", "Toshinori Yagi", "Izuku Midoriya", "Toshinori Yagi", "Izuku Midoriya"]}