{"bbox_annotations": {"bboxes_as_x1y1x2y2": [[84, 292.25, 210, 547.75], [255.5, 411.25, 337.75, 546.0], [365.75, 117.25, 621.25, 556.5], [623, 57.75, 829.5, 556.5], [1102.5, 183.75, 1172.5, 273.0], [1191.75, 281.75, 1291.5, 495.25], [103.25, 610.75, 705.25, 1097.25], [782.25, 616, 1053.5, 1109.5], [1078, 805, 1230.25, 1099], [269.5, 1800.75, 353.5, 2098.25], [189, 1681.75, 246.75, 1746.5], [467.25, 1356.25, 703.5, 1904.0], [715.75, 1155, 908.25, 1961.75], [920.5, 1456, 1291.5, 1995], [371, 274.75, 563.5, 558.25], [596.4475708007812, 680.75, 771.75, 1002.75], [473.0094909667969, 761.25, 592.402099609375, 990.7864990234375], [47.552650451660156, 623, 154.96107482910156, 700.7239990234375], [1123.5526123046875, 1313.09521484375, 1174.4530029296875, 1344.8665771484375], [1199.6817626953125, 1412.25, 1267.1983642578125, 1651.2109375], [1067.5, 1358, 1102.5, 1440.25], [944.4017944335938, 1244.3765869140625, 1018.5, 1550.5], [948.5, 1858.5, 985.25, 1956.5], [792.4111328125, 1760.7498779296875, 851.6943969726562, 1825.7232666015625], [569.549560546875, 1170.75, 687.75, 1290.520263671875], [481.92596435546875, 1181.23974609375, 555.83154296875, 1419.25], [623, 1468.25, 693, 1687.0], [476, 1865.5, 526.75, 1902.25], [589.75, 1905.75, 633.5, 1940.75], [314.91015625, 1188.25, 451.3514404296875, 1333.555908203125], [273.4899597167969, 1407, 448.93499755859375, 1686.4345703125002], [31.536252975463867, 1302, 203.59359550476074, 1450.579833984375], [200.2105712890625, 1639.75, 260.75, 1688.75], [87.13076782226562, 1695.75, 129.60867309570312, 1725.5], [129.5, 1742.978759765625, 189.0, 1787.7254638671875], [838.843994140625, -2.3324131965637207, 1295.3724365234375, 559.80810546875], [366.8014221191406, -0.18412470817565918, 622.6297607421875, 563.9354248046875], [1.3008266687393188, 0.8830100297927856, 356.42596435546875, 559.9500732421875], [783.0059814453125, 606.2797241210938, 1294.283203125, 1127.634521484375], [-0.636446475982666, 606.2593994140625, 783.0677490234375, 1090.6180419921875], [918.6533813476562, 1154.0184326171875, 1292.59130859375, 2096.982177734375], [708.0407104492188, 1150.97900390625, 908.2854614257812, 1973.650634765625], [464.8799743652344, 1127.15283203125, 702.9114379882812, 1960.0313720703125], [-0.35585761070251465, 1116.1810302734375, 462.88446044921875, 2090.943359375], [368, 1728, 405, 1774], [1134, 1383, 1165, 1425], [804, 1618, 841, 1675], [123, 1701, 145, 1740]], "labels": [0, 0, 0, 0, 0, 0, 0, 0, 0, 0, 0, 0, 0, 0, 0, 1, 1, 1, 1, 1, 1, 1, 1, 1, 1, 1, 1, 1, 1, 1, 1, 1, 1, 1, 1, 2, 2, 2, 2, 2, 2, 2, 2, 2, 3, 3, 3, 3], "image_id": 570}, "character_clusters": [0, 1, 0, 1, 0, 1, 0, 0, 1, 0, 1, 1, 0, 1, 1], "text_char_matches": [[0, 6], [1, 6], [3, 13], [9, 12], [8, 12], [14, 9], [15, 9], [16, 9], [18, 10]], "text_tail_matches": [[3, 1], [8, 2], [15, 0], [14, 0], [18, 3]], "text_classification": [1, 1, 0, 1, 0, 0, 0, 0, 1, 1, 0, 0, 0, 0, 1, 1, 1, 0, 1, 0], "character_names": ["Toshinori Yagi", "Izuku Midoriya", "Toshinori Yagi", "Izuku Midoriya", "Toshinori Yagi", "Izuku Midoriya", "Toshinori Yagi", "Toshinori Yagi", "Izuku Midoriya", "Toshinori Yagi", "Izuku Midoriya", "Izuku Midoriya", "Toshinori Yagi", "Izuku Midoriya", "Izuku Midoriya"]}