{"bbox_annotations": {"bboxes_as_x1y1x2y2": [[1025.5, 972.4424438476562, 1118.19482421875, 1152.8719482421875], [290.73858642578125, 1244.25, 849.5413208007812, 2098.25], [146.165771484375, -5.35892391204834, 762.1319580078125, 633.2605829238892], [1112.6300048828125, 344.75, 1271.42822265625, 632.8231201171875], [899.5, 85.75, 1113.0, 629.4038772583008], [973, 1678.25, 1207.5, 2098.54248046875], [106.85496520996094, 722.5657348632812, 365.38706970214844, 1180.4385986328125], [700.0195922851562, 729.75, 938.0, 1190.574951171875], [1169, 206.4348907470703, 1242.6981201171875, 267.75], [1088.3076171875, 279.7579040527344, 1162.545166015625, 341.85723876953125], [792.75, 388.8128356933594, 994.25634765625, 534.7470703125], [586.2655029296875, 155.14968872070312, 758.7556762695312, 372.75], [602.406005859375, 458.4222106933594, 725.595947265625, 546.1959838867188], [126.50919342041016, 279.3017272949219, 277.5938186645508, 423.5], [1127.4119873046875, 735.7644653320312, 1229.3070068359375, 849.5323486328125], [913.5, 724.5, 1087.4224853515625, 920.5], [722.75, 699.052734375, 840.0287475585939, 751.080322265625], [521.2486572265625, 843.5, 677.110107421875, 974.1534423828126], [335.02801513671875, 782.25, 481.79180908203125, 1008.6648559570312], [256.9637145996094, 694.75, 338.16827392578125, 746.0313720703125], [913.5, 1300.25, 1268.8608398437498, 1558.69921875], [890.75, 1625.75, 1288.0, 1744.75], [710.5, 1303.75, 840.1358032226562, 1455.2808837890625], [604.5816650390625, 1453.9970703125, 652.9096069335938, 1496.916015625], [64.09761810302734, 1464.75, 313.6997299194336, 1828.286376953125], [427, 1926.75, 696.5, 2035.25], [777.4058227539062, 2.381730079650879, 1271.303955078125, 634.0284423828125], [106.92434692382812, -1.1169836521148682, 779.7564697265625, 636.6410522460938], [495.4977722167969, 683.1340942382812, 1273.7454833984375, 1185.6962890625], [107.79963684082031, 680.7880859375, 490.26373291015625, 1187.12353515625], [863.9534912109375, 1231.9193115234375, 1294.793701171875, 2095.166259765625], [-0.9469926357269287, 1229.851806640625, 855.3673706054688, 2102.077880859375], [992, 549, 1043, 589], [1045, 1626, 1084, 1678], [858, 851, 895, 885], [692, 897, 729, 933], [656, 411, 700, 456], [1118, 383, 1147, 417]], "labels": [0, 0, 0, 0, 0, 0, 0, 0, 1, 1, 1, 1, 1, 1, 1, 1, 1, 1, 1, 1, 1, 1, 1, 1, 1, 1, 2, 2, 2, 2, 2, 2, 3, 3, 3, 3, 3, 3], "image_id": 566}, "character_clusters": [0, 1, 0, 0, 1, 0, 0, 1], "text_char_matches": [[0, 3], [1, 3], [2, 4], [3, 2], [5, 4], [6, 7], [7, 7], [9, 7], [10, 7], [12, 5], [14, 5], [16, 1]], "text_tail_matches": [[0, 5], [1, 5], [2, 0], [3, 4], [6, 2], [7, 2], [9, 3], [12, 1]], "text_classification": [1, 1, 1, 1, 0, 1, 1, 1, 0, 1, 1, 0, 1, 0, 1, 1, 1, 0], "character_names": ["Izuku Midoriya", "Toshinori Yagi", "Izuku Midoriya", "Izuku Midoriya", "Toshinori Yagi", "Izuku Midoriya", "Izuku Midoriya", "Toshinori Yagi"]}