{"bbox_annotations": {"bboxes_as_x1y1x2y2": [[190.0042266845703, 803.1182861328125, 849.9919586181641, 1357.789306640625], [371.54571533203125, 1471.1356201171875, 572.25, 1743.8427734375], [5.874383449554443, 658, 317.2164855003357, 1299.9462890625], [-1.5167862176895142, 5.648253917694092, 276.20986783504486, 604.6183466911316], [604.6304321289062, 448.9344177246094, 884.7555541992188, 608.0400390625], [235.42022705078125, 7.737900257110596, 484.1836853027344, 360.5], [607.8123168945312, 297.03558349609375, 765.2549438476562, 542.1275634765625], [866.009033203125, 1482.610595703125, 1280.25146484375, 2100.9833984375], [1067.786865234375, 311.3343811035156, 1242.9351806640625, 428.75], [915.25, 210.2366485595703, 979.4035034179688, 262.5], [330.8997497558594, 430.9970703125, 506.9055480957031, 473.7319641113281], [158.97842407226562, 425.6531982421875, 271.1896667480469, 521.8091430664062], [997.3862915039062, 1057.8909912109375, 1201.4447021484375, 1173.796630859375], [1111.7447509765625, 1505.7393798828125, 1264.27490234375, 1545.25], [1071.504638671875, 1576.75, 1212.112060546875, 1770.333984375], [667.18359375, 1477, 824.0654907226562, 1569.360595703125], [586.1246337890625, 1577.9696044921875, 770.89208984375, 1734.5281982421875], [166.12338256835938, 1515.5, 368.7331848144531, 1630.4427490234375], [59.13729476928711, 1681.75, 299.4821434020996, 1852.927490234375], [54.77809143066406, 1913.0172119140625, 243.16143798828125, 1954.7500000000002], [1014.8806762695312, -1.8905951976776123, 1290.25244140625, 617.48681640625], [487.97412109375, -5.307760715484619, 998.0175170898438, 615.4389038085938], [-4.5312910079956055, -2.7507617473602295, 485.1855163574219, 617.7070922851562], [859.5245971679688, 656.7677001953125, 1288.8843994140625, 1403.64501953125], [-5.912351608276367, 647.8777465820312, 868.8331298828125, 1406.30029296875], [858.8943481445312, 1440.9154052734375, 1283.6322021484375, 2109.277587890625], [50.87453842163086, 1438.7012939453125, 840.8221435546875, 1999.0867919921875], [517, 494, 575, 545], [1129, 1789, 1165, 1838], [933, 327, 964, 373]], "labels": [0, 0, 0, 0, 0, 0, 0, 0, 1, 1, 1, 1, 1, 1, 1, 1, 1, 1, 1, 1, 2, 2, 2, 2, 2, 2, 2, 3, 3, 3], "image_id": 525}, "character_clusters": [0, 1, 2, 1, 0, 2, 2, 0], "text_char_matches": [[2, 4], [3, 4], [4, 3], [6, 7], [5, 7], [7, 7], [8, 7], [9, 7], [10, 7], [11, 7], [0, 6], [1, 4]], "text_tail_matches": [[1, 2], [2, 0], [3, 0], [5, 1], [6, 1]], "text_classification": [1, 1, 1, 1, 1, 1, 1, 1, 1, 1, 1, 1], "character_names": ["Karin Kurosaki", "Ichigo Kurosaki", "Rukia Kuchiki", "Ichigo Kurosaki", "Karin Kurosaki", "Rukia Kuchiki", "Rukia Kuchiki", "Karin Kurosaki"]}