{"bbox_annotations": {"bboxes_as_x1y1x2y2": [[468.59375, 1220.9329833984375, 731.5, 2083.427978515625], [133, 1366.29150390625, 463.7340850830078, 1597.75], [927.746337890625, 133.13597106933594, 1276.01171875, 946.5176239013672], [953.4489135742188, 1459.095458984375, 1274.9322509765625, 1871.459716796875], [699.8773193359375, 655.1282958984375, 908.39111328125, 1026.4212646484375], [323.127685546875, 669.5997314453125, 515.0834350585938, 1028.8607177734375], [924.27197265625, 1079.0196533203125, 1280.6287841796875, 1418.5941162109375], [180.25, 1366.75, 308.0, 1818.25], [71.75, 84, 876.75, 609], [1176, 847, 1279.25, 1053.5], [1092, 871.5, 1176, 1055.25], [985.25, 861, 1085.0, 1051.75], [918.75, 836.5, 997.5, 1043.0], [745.1648559570312, 208.75955200195312, 897.630126953125, 400.890380859375], [82.0221939086914, 427.6080017089844, 314.1258010864258, 503.02215576171875], [637.12841796875, 717.3779907226562, 815.057861328125, 983.5189208984375], [479.5, 656.25, 652.75, 978.25], [193.46913146972656, 691.25, 301.07464599609375, 792.75], [203.9720001220703, 910, 361.154296875, 973.193603515625], [1132.0322265625, 1111.47509765625, 1263.7835693359375, 1229.8839111328125], [770.70947265625, 1190.365966796875, 897.3524169921875, 1294.6356201171875], [774.810302734375, 1306.9256591796875, 906.5437622070312, 1387.094970703125], [663.25, 1085, 733.25, 1256.5], [581, 1085, 665, 1314.25], [488.692138671875, 1098.8428955078125, 577.5, 1317.75], [372.75, 1072.75, 453.25, 1433.25], [288.75, 1065.75, 371.0, 1400.0], [168, 1072.75, 295.75, 1370.25], [73.5, 1074.5, 166.25, 1372.0], [-43.02542734146118, 1087.9573974609375, 28.72457265853882, 1366.75], [922.40478515625, 2.8109371662139893, 1277.503662109375, 1058.7669677734375], [2.2400379180908203, 0.06449371576309204, 907.254150390625, 625.5208129882812], [631.890625, 645.8414916992188, 908.5039672851562, 1037.3125], [182.56761169433594, 642.2373046875, 642.1622314453125, 1036.48388671875], [739.3421630859375, 1067.054931640625, 1280.0185546875, 1423.1505126953125], [748.9589233398438, 1443.3544921875, 1279.022705078125, 1878.5316162109375], [480.4569091796875, 1066.3753662109375, 744.340576171875, 2084.38232421875], [4.333919525146484, 1080.797119140625, 475.3746032714844, 2090.912841796875]], "labels": [0, 0, 0, 0, 0, 0, 0, 0, 0, 1, 1, 1, 1, 1, 1, 1, 1, 1, 1, 1, 1, 1, 1, 1, 1, 1, 1, 1, 1, 1, 2, 2, 2, 2, 2, 2, 2, 2], "image_id": 531}, "character_clusters": [0, 0, 1, 1, 1, 1, 1, 2, 0], "text_char_matches": [[4, 2], [5, 2], [10, 6], [11, 6], [12, 6], [8, 5], [9, 5]], "text_tail_matches": [], "text_classification": [0, 0, 0, 0, 1, 1, 0, 0, 1, 1, 1, 1, 1, 0, 0, 0, 0, 0, 0, 0, 0], "character_names": ["Fishbone D", "Fishbone D", "Ichigo Kurosaki", "Ichigo Kurosaki", "Ichigo Kurosaki", "Ichigo Kurosaki", "Ichigo Kurosaki", "Yuzu Kurosaki", "Fishbone D"]}