{"bbox_annotations": {"bboxes_as_x1y1x2y2": [[736.7106323242188, 1454.25, 949.6419067382812, 1628.3341064453125], [162.06553649902344, 29.75, 892.8588104248047, 435.55906677246094], [149.43772888183594, 749.92041015625, 688.0458831787109, 1004.070556640625], [257.25, 1027.25, 1018.5, 1725.5], [157.49806213378906, 1769.5372314453125, 1058.75, 2090.904541015625], [1123.904296875, 76.72518157958984, 1266.61181640625, 371.1699752807617], [836.194091796875, 82.74249267578125, 1014.7659912109375, 364.0], [181.88583374023438, 87.54174041748047, 454.1319580078125, 365.8528366088867], [1120, 512.75, 1299.7861328125, 812.1944580078125], [908.7050170898438, 1005.8068237304688, 1367.366943359375, 1459.5], [159.25, 943.25, 794.5, 1723.75], [1163.75, 1778, 1340.5, 2040.5], [146.41268920898438, 7.416902542114258, 1312.3489990234375, 436.81396484375], [142.2964324951172, 477.6436462402344, 1399.983642578125, 1014.3048706054688], [145.08091735839844, 982.2421264648438, 1389.734375, 1729.10595703125], [160.28712463378906, 1763.994873046875, 1400.1876220703125, 2100.6767578125]], "labels": [0, 0, 0, 0, 0, 1, 1, 1, 1, 1, 1, 1, 2, 2, 2, 2], "image_id": 552}, "character_clusters": [0, 1, 0, 1, 1], "text_char_matches": [], "text_tail_matches": [], "text_classification": [1, 1, 1, 1, 0, 0, 1], "character_names": ["Ichigo Kurosaki", "Fishbone D", "Ichigo Kurosaki", "Fishbone D", "Fishbone D"]}