{"bbox_annotations": {"bboxes_as_x1y1x2y2": [[912.5653686523438, 769.2113037109375, 1249.890869140625, 1069.48291015625], [394.32281494140625, 941.5, 513.8377075195312, 1074.6171875], [277.57061767578125, 447.07574462890625, 570.3369140625, 640.0656127929688], [343.61810302734375, 1261.75, 1127.0616455078125, 1795.8044433593752], [765.9429321289062, 616, 1002.8068237304688, 724.2014770507812], [960.5794677734375, 381.5946350097656, 1125.079345703125, 720.978515625], [622.803955078125, 121.46156311035156, 873.6975708007812, 170.6441650390625], [1184.75, 350, 1265.25, 504], [651, 423.5, 735, 494.060791015625], [570.1839599609375, 551.25, 666.3377075195312, 616.0], [734.9921264648438, 900.0121459960938, 849.3727416992188, 976.5000000000001], [560.2159423828125, 864.5, 718.0508422851562, 1044.960205078125], [1263.2034912109375, 1231.374755859375, 1375.537353515625, 1319.5], [1103.0235595703125, 1463.935302734375, 1267.7572021484375, 1573.5025634765625], [1086.557373046875, 1679.386474609375, 1280.335693359375, 1733.3543701171875], [161.9890899658203, 1621.4283447265625, 362.9317932128906, 1750.0], [140.71646118164062, 4.17287015914917, 1301.0760498046875, 259.6289978027344], [758.5311279296875, 290.5251159667969, 1304.12109375, 732.0601806640625], [137.45001220703125, 287.182373046875, 750.2062377929688, 735.2380981445312], [134.10821533203125, 762.8206787109375, 1306.8897705078125, 1077.260986328125], [138.36898803710938, 1105.8662109375, 1394.46484375, 2098.382568359375], [1028, 1781, 1079, 1824], [365, 1766, 420, 1815], [539, 614, 576, 647], [850, 953, 898, 991]], "labels": [0, 0, 0, 0, 0, 0, 1, 1, 1, 1, 1, 1, 1, 1, 1, 1, 2, 2, 2, 2, 2, 3, 3, 3, 3], "image_id": 544}, "character_clusters": [0, 1, 2, 2, 2, 0], "text_char_matches": [[2, 2], [3, 2], [1, 5], [4, 0], [5, 0], [6, 3], [7, 3], [8, 3], [9, 3], [0, 4]], "text_tail_matches": [[2, 2], [3, 2], [4, 3], [5, 3], [6, 0], [7, 0], [8, 0], [9, 1]], "text_classification": [1, 1, 1, 1, 1, 1, 1, 1, 1, 1], "character_names": ["Ichigo Kurosaki", "Rukia Kuchiki", "Yuzu Kurosaki", "Yuzu Kurosaki", "Yuzu Kurosaki", "Ichigo Kurosaki"]}