{"bbox_annotations": {"bboxes_as_x1y1x2y2": [[819.810791015625, 1711.5, 1233.6854248046875, 2098.2001953125], [554.2135620117188, 1427.2724609375, 874.1807861328125, 1965.25], [89.76500701904297, 189.45748901367188, 523.1066207885742, 620.604248046875], [814.3330688476562, 665.0108032226562, 1102.4327392578125, 986.271240234375], [551.162109375, 675.7289428710938, 797.7389526367188, 982.121826171875], [822.6834106445312, 419.1956787109375, 885.1875, 548.4353637695312], [822.5, 204.75, 1242.5, 609.0], [372.75, 1041.25, 469.0, 1286.25], [829.5, 1118.25, 924.0, 1359.75], [1114.75, 103.91112518310547, 1195.25, 192.7596893310547], [596.75, 145.25, 656.25, 206.2619934082031], [517.7188110351562, 229.25, 616.0278930664062, 357.1528625488281], [101.80465698242188, 194.25, 221.94044494628906, 442.3275146484375], [1107.7596435546875, 846.1712646484375, 1228.5330810546875, 966.6654052734375], [554.441162109375, 738.5, 687.4945068359375, 841.75], [199.35707092285156, 754.25, 392.2037353515625, 906.982421875], [1036.320068359375, 1092, 1165.7529296875, 1275.154052734375], [572.6119995117188, 1107.75, 727.2164306640625, 1287.1864013671875], [108.1294174194336, 1121.76123046875, 282.6315231323242, 1299.705322265625], [1043.5682373046875, 1448.7088623046875, 1209.7850341796875, 1592.4913330078125], [152.25, 1444.6998291015625, 512.75, 1951.731689453125], [675.0243530273438, 190.0951690673828, 1244.158447265625, 624.8004760742188], [83.2068862915039, -2.0659894943237305, 666.5376586914062, 628.7219848632812], [813.097412109375, 661.3277587890625, 1248.4791259765625, 1002.8440551757812], [550.7138671875, 656.6602172851562, 798.56787109375, 1000.9302368164062], [82.45632934570312, 658.7557983398438, 537.9181518554688, 997.8297729492188], [75.58262634277344, 1027.785888671875, 1247.607177734375, 1383.8145751953125], [544.2012939453125, 1409.131591796875, 1247.5869140625, 2096.664306640625], [0.3094613552093506, 1417.927734375, 535.9507446289062, 2090.7548828125], [228, 412, 267, 450], [504, 406, 545, 446]], "labels": [0, 0, 0, 0, 0, 0, 0, 0, 0, 1, 1, 1, 1, 1, 1, 1, 1, 1, 1, 1, 1, 2, 2, 2, 2, 2, 2, 2, 2, 3, 3], "image_id": 551}, "character_clusters": [0, 1, 2, 2, 0, 2, 1, 2, 2], "text_char_matches": [[3, 2], [2, 2], [1, 2], [4, 3], [5, 3], [6, 3], [7, 3], [8, 3], [9, 3], [10, 3], [11, 3]], "text_tail_matches": [[1, 1], [2, 1], [3, 0]], "text_classification": [0, 1, 1, 1, 1, 1, 1, 1, 1, 1, 1, 1], "character_names": ["Ichigo Kurosaki", "Fishbone D", "Rukia Kuchiki", "Rukia Kuchiki", "Ichigo Kurosaki", "Rukia Kuchiki", "Fishbone D", "Rukia Kuchiki", "Rukia Kuchiki"]}