{"bbox_annotations": {"bboxes_as_x1y1x2y2": [[1063.1968994140625, 1903.8336181640625, 1398.25, 2099.474365234375], [307.15838623046875, 4.141554355621338, 954.7620239257812, 631.2398209571838], [1181.25, 811.513427734375, 1336.19482421875, 1053.5], [138.12855529785156, 1356.4390869140625, 504.6029815673828, 2087.27685546875], [825.2932739257812, 681.333740234375, 1086.8648681640625, 1157.1324462890625], [503.4452209472656, 1366.75, 738.3180541992188, 2102.0400390625], [888.846435546875, 9.588691711425781, 1403.9248046875, 629.699348449707], [312.1643981933594, 679.7833862304688, 708.2451782226562, 1165.61572265625], [1118.25, 3.5, 1398.25, 243.25], [1258.25, 712.236572265625, 1339.1141357421875, 773.7943115234375], [1020.25, 732.011474609375, 1081.4576416015625, 763.0], [730.2522583007812, 721, 834.2518310546875, 816.171630859375], [741.2825927734375, 925.75, 853.283447265625, 1089.7720947265625], [622.160400390625, 760.4068603515625, 707.727783203125, 854.5336303710938], [148.6181640625, 712.25, 306.17333984375, 872.1788330078125], [140.75979614257812, 986.8565063476562, 355.8133850097656, 1097.9591064453125], [1113, 1209.25, 1303.75, 1995.0], [1194.858642578125, 1365.69873046875, 1351.585693359375, 1440.9771728515625], [834.4609985351562, 1302.9552001953125, 1129.534912109375, 1514.962646484375], [742, 1636.25, 1074.5, 2091.25], [143.5, 1216.25, 537.25, 2098.25], [507.5, 1958.25, 642.25, 2098.25], [127.11125946044922, 4.5396881103515625, 1396.6259765625, 635.391357421875], [1098.7900390625, 673.5800170898438, 1349.564208984375, 1175.719970703125], [720.9723510742188, 666.084228515625, 1091.343505859375, 1168.140869140625], [130.4115753173828, 663.418212890625, 718.4663696289062, 1169.09375], [1075.1259765625, 1204.848388671875, 1388.1136474609375, 2096.719482421875], [129.1158905029297, 1202.779296875, 1127.34228515625, 2097.81884765625], [357, 1012, 398, 1079], [860, 1026, 898, 1070], [1289, 817, 1332, 870], [1044, 828, 1078, 865], [624, 906, 672, 947]], "labels": [0, 0, 0, 0, 0, 0, 0, 0, 0, 1, 1, 1, 1, 1, 1, 1, 1, 1, 1, 1, 1, 1, 2, 2, 2, 2, 2, 2, 3, 3, 3, 3, 3], "image_id": 518}, "character_clusters": [0, 1, 1, 1, 0, 0, 0, 2, 2], "text_char_matches": [[0, 2], [1, 4], [2, 4], [3, 4], [4, 7], [5, 7], [6, 7], [8, 7], [9, 7]], "text_tail_matches": [[0, 2], [1, 3], [2, 1], [3, 1], [4, 4], [5, 0], [6, 0]], "text_classification": [1, 1, 1, 1, 1, 1, 1, 0, 1, 1, 0, 0, 0], "character_names": ["Glasses-Wearing Ghost", "Ichigo Kurosaki", "Ichigo Kurosaki", "Ichigo Kurosaki", "Glasses-Wearing Ghost", "Glasses-Wearing Ghost", "Glasses-Wearing Ghost", "Rukia Kuchiki", "Rukia Kuchiki"]}