{"bbox_annotations": {"bboxes_as_x1y1x2y2": [[245, 1258.261474609375, 598.05224609375, 1563.2049560546875], [818.642333984375, 1449, 1281.0, 2096.155029296875], [642.25, 1655.5, 802.13134765625, 1802.5], [573.5894775390625, 1365.9827880859375, 642.420654296875, 1560.5516357421875], [129.5, 1664.25, 374.5, 1917.064453125], [322.99749755859375, 1400, 390.215576171875, 1557.02587890625], [534.1163330078125, 646.28125, 1074.1248779296875, 1152.8599853515625], [467.67950439453125, -6.427811145782471, 1049.52783203125, 594.40824842453], [334.25, 1666, 602.0, 1907.5], [609, 1715, 724.5, 1846.25], [1073.3504638671875, 253.34298706054688, 1312.4007568359375, 399.9827880859375], [155.211669921875, 194.0055389404297, 411.40887451171875, 430.44439697265625], [1251.227294921875, 754.25, 1371.8121337890625, 806.592041015625], [1059.6639404296875, 872.2247314453125, 1292.8212890625, 1071.501220703125], [248.51512145996094, 710.5, 405.9132080078125, 946.2769775390625], [140.40489196777344, 952.7716674804688, 265.25726318359375, 1094.98974609375], [802.5676879882812, 1200.5, 1284.5, 1382.5], [656.8541870117188, 1250.96826171875, 793.156982421875, 1353.9830322265625], [130.72842407226562, 1263.0228271484375, 236.44879150390625, 1384.5430908203125], [460.3230285644531, 1661.693115234375, 619.4759521484375, 1802.9879150390625], [126, 1613.5, 318.31814575195307, 1792.4765624999998], [119.2123794555664, -1.0873184204101562, 1383.635009765625, 598.9454345703125], [126.07322692871094, 634.0795288085938, 1387.3499755859375, 1158.44189453125], [808.7650146484375, 1190.380615234375, 1280.7916259765625, 2100.649658203125], [122.245849609375, 1186.373291015625, 800.4969482421875, 1574.3209228515625], [607.9592895507812, 1609.7115478515625, 799.94580078125, 1929.2474365234375], [117.02176666259766, 1606.7513427734375, 604.5663452148438, 1928.39404296875], [1005, 352, 1061, 395], [453, 379, 506, 426], [483, 923, 546, 962], [1019, 851, 1073, 894]], "labels": [0, 0, 0, 0, 0, 0, 0, 0, 0, 0, 1, 1, 1, 1, 1, 1, 1, 1, 1, 1, 1, 2, 2, 2, 2, 2, 2, 3, 3, 3, 3], "image_id": 546}, "character_clusters": [0, 0, 1, 1, 2, 2, 1, 2, 1, 2], "text_char_matches": [[1, 7], [0, 7], [2, 6], [3, 6], [4, 6], [5, 6], [8, 5], [7, 5]], "text_tail_matches": [[0, 0], [1, 1], [2, 3], [3, 3], [4, 2], [5, 2]], "text_classification": [1, 1, 1, 1, 1, 1, 1, 1, 1, 0, 0], "character_names": ["Fishbone D", "Fishbone D", "Ichigo Kurosaki", "Ichigo Kurosaki", "Rukia Kuchiki", "Rukia Kuchiki", "Ichigo Kurosaki", "Rukia Kuchiki", "Ichigo Kurosaki", "Rukia Kuchiki"]}