{"bbox_annotations": {"bboxes_as_x1y1x2y2": [[1062.25, 732.6478881835938, 1315.4595947265625, 1151.0748291015625], [1084.299072265625, 1298.7413330078125, 1398.52783203125, 1976.1903076171875], [372.0330810546875, 917.9336547851562, 476.46905517578125, 1247.842529296875], [438.7762756347656, 1783.1650390625, 769.7275390625, 2100.96240234375], [546, 957.25, 815.5, 1148.3406982421875], [213.5816650390625, 857.319580078125, 383.81201171875, 1251.25], [243.25, 162.75, 1398.25, 675.5], [824.25, 1008, 1053.5, 1251.25], [126, 0, 1416.9511413574219, 647.5], [1197.724609375, 764.75, 1311.5556640625, 798.0], [1209.25, 1142.398681640625, 1323.47802734375, 1198.75], [1093.960205078125, 1204.4063720703125, 1227.694580078125, 1233.75], [826.3732299804688, 783.1322021484375, 1036.6463623046875, 956.6430053710938], [705.25, 825.3853149414062, 789.25, 855.75], [498.6888122558594, 791, 614.1719970703125, 877.4625244140625], [385.8321838378906, 774.8197631835938, 474.25, 815.7576293945312], [152.3289031982422, 756.8754272460938, 312.2346496582031, 852.0242919921875], [133.19088745117188, 948.5, 228.00421142578125, 1046.6572265625], [133.49777221679688, 1104.25, 224.14193725585938, 1174.655029296875], [1288.2987060546875, 1358.0848388671875, 1388.66650390625, 1445.4443359375], [1112.6444091796875, 1811.25, 1251.25, 1842.75], [116.54814147949219, 1306.980224609375, 1102.5, 2098.25], [117.37577056884766, -1.7247766256332397, 1397.3958740234375, 678.4826049804688], [1065.6982421875, 707.5889282226562, 1337.932373046875, 1252.2998046875], [493.41949462890625, 709.8106689453125, 1054.592529296875, 1259.1627197265625], [123.37423706054688, 717.8438110351562, 487.9544372558594, 1263.110107421875], [1075.63916015625, 1294.7994384765625, 1397.2720947265625, 1983.6512451171875], [119.2115478515625, 1286.9305419921875, 1099.3638916015625, 2085.30517578125], [1227, 1708, 1262, 1762], [963, 998, 998, 1042], [443, 850, 472, 891], [226, 938, 272, 984], [1309, 1520, 1345, 1563]], "labels": [0, 0, 0, 0, 0, 0, 0, 0, 1, 1, 1, 1, 1, 1, 1, 1, 1, 1, 1, 1, 1, 1, 2, 2, 2, 2, 2, 2, 3, 3, 3, 3, 3], "image_id": 522}, "character_clusters": [0, 1, 1, 1, 0, 0, 0, 1], "text_char_matches": [[2, 0], [3, 0], [4, 7], [5, 4], [6, 4], [7, 2], [8, 5], [9, 5], [10, 5], [11, 1], [12, 1], [1, 0]], "text_tail_matches": [[4, 1], [7, 2], [8, 3], [9, 3], [10, 3], [11, 4], [12, 0]], "text_classification": [0, 1, 1, 1, 1, 1, 1, 1, 1, 1, 1, 1, 1, 0], "character_names": ["Ichigo Kurosaki", "Rukia Kuchiki", "Rukia Kuchiki", "Rukia Kuchiki", "Ichigo Kurosaki", "Ichigo Kurosaki", "Ichigo Kurosaki", "Rukia Kuchiki"]}