{"bbox_annotations": {"bboxes_as_x1y1x2y2": [[547.3942260742188, 1268.75, 1338.75, 2022.3006591796875], [121.62874603271484, 1161.2279052734375, 539.034538269043, 2095.975341796875], [332.09814453125, 262.17034912109375, 729.0454711914062, 617.271240234375], [836.307861328125, 210.87905883789062, 1174.8017578125, 617.0999755859375], [1037.75, 672.548828125, 1158.956466674805, 836.5], [1160.25, 109.70296478271484, 1240.75, 198.89398193359375], [1191.75, 211.75, 1258.25, 311.5], [1138.67822265625, 410.3355407714844, 1263.7666015625, 499.2707824707031], [1116.940673828125, 512.75, 1273.008544921875, 592.9393310546875], [746.1270751953125, 435.4880676269531, 842.0009155273438, 544.3104248046875], [580.7255859375, 231.47698974609375, 695.5147705078125, 325.3012390136719], [575.3283081054688, 413, 709.4037475585938, 503.8045654296875], [309.75, 211.75, 474.25, 312.01702880859375], [136.18043518066406, 294.9764099121094, 299.44610595703125, 439.2373046875], [1107.75, 681.6455688476562, 1381.6827392578125, 1090.5963134765625], [124.25, 666.75, 824.25, 904.75], [659.75, 955.5, 1088.5, 1114.75], [547.75, 1151.5, 1379.0, 1716.75], [546, 1568, 763, 1898.75], [387.6180114746094, 1295, 491.5189208984375, 1394.3326416015625], [126.52183532714844, 1650.25, 287.51239013671875, 1816.359375], [720.5843505859375, 195.96475219726562, 1284.572998046875, 621.983154296875], [126.63136291503906, 190.62843322753906, 735.4048461914062, 621.7549438476562], [1087.987548828125, 657.1541748046875, 1396.4185791015625, 1114.0447998046875], [122.07184600830078, 652.28173828125, 1154.934326171875, 1125.1636962890625], [487.0340881347656, 1148.199462890625, 1397.1949462890625, 2095.076904296875], [121.33493041992188, 1148.1954345703125, 541.5361938476562, 2096.924560546875], [276, 476, 322, 512], [575, 540, 621, 577], [272, 1749, 314, 1793], [1104, 330, 1150, 381]], "labels": [0, 0, 0, 0, 0, 1, 1, 1, 1, 1, 1, 1, 1, 1, 1, 1, 1, 1, 1, 1, 1, 2, 2, 2, 2, 2, 2, 3, 3, 3, 3], "image_id": 542}, "character_clusters": [0, 0, 0, 1, 0], "text_char_matches": [[2, 3], [4, 3], [3, 3], [5, 2], [6, 2], [8, 2], [14, 1], [15, 1]], "text_tail_matches": [[2, 3], [3, 3], [5, 1], [6, 1], [8, 0], [15, 2]], "text_classification": [0, 1, 1, 1, 1, 1, 1, 1, 1, 0, 0, 0, 0, 0, 1, 1], "character_names": ["Rukia Kuchiki", "Rukia Kuchiki", "Rukia Kuchiki", "Ichigo Kurosaki", "Rukia Kuchiki"]}