{"bbox_annotations": {"bboxes_as_x1y1x2y2": [[77.26374053955078, 1097.0267333984375, 466.5761489868164, 2093.8798828125], [380.69970703125, 1071.25537109375, 831.0543212890625, 2094.308349609375], [855.8548583984375, 1067.864990234375, 1232.3780517578125, 2105.826416015625], [751.5748901367188, 488.25, 1221.38720703125, 1004.2926635742189], [0, 68.25, 883.75, 1020.25], [816.6932373046875, -5.445697784423828, 1309.54638671875, 510.8043022155762], [0, 309.75, 311.5, 955.5], [862.4693603515625, 1674.776123046875, 1013.57861328125, 1882.8709716796875], [659.58837890625, 1802.2030029296875, 844.2686767578125, 1966.025634765625], [145.25, 1790.25, 323.8341369628906, 1980.4002685546875], [-12.41258430480957, -6.383188247680664, 1237.868896484375, 1019.8124389648438], [765.7620239257812, 1054.7281494140625, 1238.3341064453125, 2099.6767578125], [78.69486999511719, 1062.19970703125, 512.9886474609375, 2096.843505859375], [1005, 1563, 1051, 1621]], "labels": [0, 0, 0, 0, 0, 1, 1, 1, 1, 1, 2, 2, 2, 3], "image_id": 553}, "character_clusters": [0, 1, 2, 2, 1], "text_char_matches": [[2, 2], [3, 2], [4, 0]], "text_tail_matches": [[2, 0], [3, 0]], "text_classification": [0, 0, 1, 1, 1], "character_names": ["Rukia Kuchiki", "Fishbone D", "Ichigo Kurosaki", "Ichigo Kurosaki", "Fishbone D"]}