{"bbox_annotations": {"bboxes_as_x1y1x2y2": [[770.6157836914062, 13.095134735107422, 1322.3756103515625, 396.23298263549805], [153.54603576660156, 451.04425048828125, 953.75, 682.7933349609375], [1098.06982421875, 982.8023681640625, 1272.25, 1239.5172119140625], [941.966552734375, 1285.3590087890625, 1398.04248046875, 1677.18017578125], [252.78993225097656, -2.410831928253174, 731.0946197509766, 355.1765093803406], [644.5618896484375, 869.75, 791.7376708984375, 1104.889404296875], [460.21112060546875, 931.0552978515625, 752.5033569335938, 1242.7335205078125], [143.5, 735, 369.25, 1051.75], [938, 733.25, 1076.25, 1062.25], [1216.25, 1183, 1398.25, 1237.25], [1264.8150634765625, 126.6593017578125, 1349.25, 207.67385864257812], [1163.8468017578125, 220.5, 1266.986572265625, 352.6412048339844], [769.1549682617188, 155.75, 928.2587280273438, 314.36456298828125], [621.25, 297.5, 752.1069946289062, 332.17364501953125], [229.820556640625, 185.5, 381.5, 224.0], [159.83631896972656, 289.02923583984375, 256.0299072265625, 428.0152893066406], [158.6950225830078, 486.5895080566406, 244.59048461914062, 575.75], [1231.228515625, 777.5578002929688, 1369.5240478515625, 872.4268798828125], [1102.68603515625, 784.1173706054688, 1188.321044921875, 923.3677978515625], [1036, 1017.235107421875, 1175.2346191406252, 1120.0], [981.75, 1106, 1162.0, 1228.5], [810.25, 761.25, 907.4287109375001, 791.0], [800.8435668945312, 827.75, 913.8663940429688, 927.5751342773438], [512.75, 738.5, 698.25, 952.0], [724.3416748046875, 1055.25, 925.75, 1274.951904296875], [382.7335510253906, 807.6390991210938, 505.7619934082031, 840.0], [386.30035400390625, 1086.75, 498.5989074707031, 1232.490966796875], [350, 1547.0286865234375, 1348.4315338134766, 2099.486572265625], [465.5, 1324.75, 617.75, 1543.5], [152.25, 943.25, 428.75, 2005.5], [724.588623046875, -0.2407170832157135, 1399.67333984375, 409.5317077636719], [150.5679931640625, 2.1215803623199463, 745.6674194335938, 403.90057373046875], [141.70542907714844, 439.3822937011719, 1402.0765380859375, 695.0494384765625], [1042.229736328125, 724.2314453125, 1403.534912109375, 1247.1234130859375], [931.2886962890625, 717.1143188476562, 1084.4482421875, 1252.263916015625], [393.1163024902344, 723.2745361328125, 916.2947387695312, 1256.4759521484375], [143.78086853027344, 1282.9083251953125, 1392.98779296875, 2090.443115234375], [254, 342, 315, 396], [1120, 963, 1155, 1000], [769, 884, 812, 920], [1231, 916, 1267, 964]], "labels": [0, 0, 0, 0, 0, 0, 0, 0, 0, 0, 1, 1, 1, 1, 1, 1, 1, 1, 1, 1, 1, 1, 1, 1, 1, 1, 1, 1, 1, 1, 2, 2, 2, 2, 2, 2, 2, 3, 3, 3, 3], "image_id": 526}, "character_clusters": [0, 0, 1, 1, 2, 1, 0, 0, 1, 2], "text_char_matches": [[2, 4], [3, 4], [4, 4], [5, 4], [0, 4], [1, 4], [6, 4], [7, 2], [8, 2], [12, 5], [11, 5], [16, 5], [18, 3], [15, 5], [19, 7]], "text_tail_matches": [[4, 0], [5, 0], [6, 0], [7, 3], [8, 1], [11, 2], [12, 2]], "text_classification": [1, 1, 1, 1, 1, 1, 1, 1, 1, 0, 0, 1, 1, 0, 0, 1, 1, 0, 1, 1], "character_names": ["Ichigo Kurosaki", "Ichigo Kurosaki", "Rukia Kuchiki", "Rukia Kuchiki", "Karin Kurosaki", "Rukia Kuchiki", "Ichigo Kurosaki", "Ichigo Kurosaki", "Rukia Kuchiki", "Karin Kurosaki"]}