{"bbox_annotations": {"bboxes_as_x1y1x2y2": [[224.80133056640625, 1578.005126953125, 1409.0903930664062, 2099.618896484375], [654.3585815429688, 697.8206787109375, 1398.25, 943.0640258789062], [1025.2880859375, 38.5, 1402.9549560546875, 685.0570678710938], [200.56590270996094, 17.5, 574.8582000732422, 665.0], [175, 752.5, 355.25, 960.75], [151.75355529785156, 1.1013998985290527, 1397.296875, 674.8447265625], [155.35414123535156, 686.591552734375, 1402.59033203125, 979.7850341796875], [154.17572021484375, 919.3189086914062, 1394.3917236328125, 1587.1158447265625], [149.95957946777344, 1556.3223876953125, 1400.110595703125, 2099.501220703125]], "labels": [0, 0, 1, 1, 1, 2, 2, 2, 2], "image_id": 548}, "character_clusters": [0, 0], "text_char_matches": [[2, 1]], "text_tail_matches": [], "text_classification": [0, 0, 1], "character_names": ["Fishbone D", "Fishbone D"]}