{"bbox_annotations": {"bboxes_as_x1y1x2y2": [[79.71504974365234, 1333.2437744140625, 506.6926498413086, 1909.33154296875], [456.80596923828125, 426.1086730957031, 1035.34228515625, 924.25244140625], [136.5, 110.17410278320312, 217.0, 201.51722717285156], [675.3681030273438, 1369.67578125, 1226.3563232421875, 1418.866455078125], [677.25, 1456, 869.75, 1499.75], [675.5, 1552.25, 859.25, 1590.75], [222.25, 1786.75, 1121.75, 1851.5], [677.25, 1643.25, 862.75, 1685.25], [85.24835968017578, 193.3567352294922, 1249.2490234375, 1294.741455078125], [86.5821304321289, 1332.2156982421875, 1245.2901611328125, 1942.64404296875]], "labels": [0, 0, 1, 1, 1, 1, 1, 1, 2, 2], "image_id": 555}, "character_clusters": [0, 0], "text_char_matches": [], "text_tail_matches": [], "text_classification": [0, 1, 1, 1, 1, 1], "character_names": ["Ichigo Kurosaki", "Ichigo Kurosaki"]}