{"bbox_annotations": {"bboxes_as_x1y1x2y2": [[918.3015747070312, 1636.080078125, 1145.8072509765625, 1936.5157470703125], [539.3574829101562, 1315.9486083984375, 733.4815673828125, 1603.77587890625], [742, 1356.25, 1288.5631103515625, 1935.6295166015625], [131.3268585205078, 1319.835205078125, 522.1889801025391, 1901.4923095703125], [104.34281921386719, 803.3121948242188, 459.3551483154297, 1260.5296630859375], [138.625732421875, 354.1763916015625, 395.6583251953125, 756.2486572265625], [720.1610107421875, 1139.451171875, 760.502197265625, 1202.521728515625], [532.1914672851562, 1655.35400390625, 746.6986694335938, 1937.642333984375], [652.75, 955.5, 850.5, 1230.25], [516.25, 157.5, 1202.25, 778.75], [924, 0, 1324.537353515625, 818.2932777404785], [15.75, 208.25, 565.25, 1008.0], [411.25, 679, 873.25, 1169], [31.195817947387695, 1099, 153.49995613098145, 1158.00146484375], [710.0708618164062, 1566.25, 876.75, 1927.3084716796875], [383.7328186035156, 1818.25, 513.4391479492188, 1905.95166015625], [186.0739288330078, 1827, 292.5653991699219, 1909.5947265625], [9.607571601867676, -1.0150015354156494, 1316.6328125, 826.0794067382812], [461.7926940917969, 845.5074462890625, 1285.9481201171875, 1272.2431640625], [6.947526454925537, 854.705810546875, 464.5725402832031, 1277.5928955078125], [739.8984985351562, 1307.80322265625, 1291.55615234375, 1942.2939453125], [532.7644653320312, 1299.9251708984375, 738.553955078125, 1615.4005126953125], [531.0061645507812, 1619.2962646484375, 754.87841796875, 1936.81298828125], [129.71678161621094, 1306.2186279296875, 522.1026000976562, 2050.272216796875], [270, 1689, 325, 1742], [885, 1577, 951, 1620]], "labels": [0, 0, 0, 0, 0, 0, 0, 0, 0, 0, 1, 1, 1, 1, 1, 1, 1, 2, 2, 2, 2, 2, 2, 2, 3, 3], "image_id": 537}, "character_clusters": [0, 0, 1, 0, 0, 0, 0, 1, 1, 2], "text_char_matches": [[3, 4], [5, 3], [6, 3], [4, 7]], "text_tail_matches": [[4, 1], [5, 0], [6, 0]], "text_classification": [0, 0, 0, 1, 1, 1, 1], "character_names": ["Ichigo Kurosaki", "Ichigo Kurosaki", "Fishbone D", "Ichigo Kurosaki", "Ichigo Kurosaki", "Ichigo Kurosaki", "Ichigo Kurosaki", "Fishbone D", "Fishbone D", "Rukia Kuchiki"]}