{"bbox_annotations": {"bboxes_as_x1y1x2y2": [[373.6241149902344, 293.93218994140625, 904.7666931152344, 1430.8596801757812], [147, 1522.39111328125, 1107.75, 2102.511962890625], [94.5, 845.25, 1375.5, 1242.5], [824.25, 175, 1354.5, 946.75], [49, 103.25, 579.25, 1046.5], [35.17520523071289, -1.0574966669082642, 1392.543212890625, 1472.175048828125], [36.82836151123047, 1515.57568359375, 1391.4610595703125, 2096.52099609375]], "labels": [0, 0, 0, 1, 1, 2, 2], "image_id": 550}, "character_clusters": [0, 0, 1], "text_char_matches": [], "text_tail_matches": [], "text_classification": [0, 0], "character_names": ["Ichigo Kurosaki", "Ichigo Kurosaki", "Fishbone D"]}