{"bbox_annotations": {"bboxes_as_x1y1x2y2": [[565.4649658203125, 984.2750244140625, 978.8873291015625, 2104.304443359375], [66.37420654296875, 1407, 209.0939178466797, 1574.3646240234375], [225.84786987304688, 1165.5, 326.8614807128906, 1597.322998046875], [451.4814147949219, 11.228102684020996, 1260.7821960449219, 389.4316244125366], [581.293701171875, 478.016357421875, 915.1791381835938, 907.8682861328125], [1073.0482177734375, 450.3935546875, 1255.290771484375, 917.7230834960938], [1050.9700927734375, 1350.53662109375, 1246.8414306640625, 1879.5], [105.88541412353516, 457.2781677246094, 563.6331253051758, 914.8486938476562], [1.1730804443359375, 1691.5906982421875, 294.1505584716797, 2097.9111328125], [1102.7705078125, 804.8740844726562, 1249.8760986328125, 925.0670776367188], [843.5, 560.2872924804688, 998.1339721679688, 763.0], [107.2172622680664, 465.5, 336.4630813598633, 717.2838745117188], [1034.088623046875, 1037.302978515625, 1220.0615234375, 1304.100341796875], [996.7023315429688, 1517.1461181640625, 1104.1263427734375, 1919.75], [476.6847229003906, 1572.197509765625, 618.6331787109375, 1938.29443359375], [323.3043518066406, 1037.75, 445.2691955566406, 1171.5125732421875], [36.31041717529297, 1049.9493408203125, 170.5465316772461, 1211.7464599609375], [-1.1279046535491943, 3.769487142562866, 1262.43994140625, 397.78485107421875], [1013.7726440429688, 431.1932067871094, 1264.672607421875, 956.0678100585938], [576.2970581054688, 428.1083068847656, 998.22412109375, 947.5825805664062], [102.93278503417969, 427.1534118652344, 565.5357055664062, 955.3175659179688], [984.5823364257812, 1324.3519287109375, 1250.8349609375, 1926.1063232421875], [459.1507873535156, 964.0029296875, 973.77490234375, 2090.791015625], [-0.4621267318725586, 968.7202758789062, 449.34063720703125, 1632.4361572265625], [-0.6997406482696533, 1672.9229736328125, 453.5753479003906, 2093.415771484375], [138, 1245, 190, 1283], [338, 1233, 373, 1274]], "labels": [0, 0, 0, 0, 0, 0, 0, 0, 0, 1, 1, 1, 1, 1, 1, 1, 1, 2, 2, 2, 2, 2, 2, 2, 2, 3, 3], "image_id": 545}, "character_clusters": [0, 1, 0, 0, 2, 0, 0, 3, 1], "text_char_matches": [[0, 5], [1, 5], [2, 5], [3, 6], [5, 0], [7, 2], [6, 2]], "text_tail_matches": [[6, 1], [7, 0]], "text_classification": [1, 1, 1, 1, 0, 1, 1, 1], "character_names": ["Ichigo Kurosaki", "Rukia Kuchiki", "Ichigo Kurosaki", "Ichigo Kurosaki", "Karin Kurosaki", "Ichigo Kurosaki", "Ichigo Kurosaki", "Yuzu Kurosaki", "Rukia Kuchiki"]}