{"bbox_annotations": {"bboxes_as_x1y1x2y2": [[822.7010498046875, 1288, 1083.7911376953125, 1930.0179443359375], [438.5337219238281, 883.6103515625, 1342.9164123535156, 1217.196044921875], [208.48574829101562, 1418.8466796875, 413.9881896972656, 1931.1788330078125], [397.77044677734375, 1280.202392578125, 644.1007690429688, 1930.6563720703125], [12.784880638122559, 0, 1251.25, 833.0935487747192], [1085.79248046875, 1273.771728515625, 1258.6116943359375, 1921.6053466796875], [824.25, 1408.75, 1086.75, 1870.75], [1272.25, 1361.5, 1317.75, 1806.9276123046875], [656.7489624023438, 1516.729736328125, 813.75, 1712.31298828125], [28, 1534.75, 190.75, 1709.75], [-0.152665376663208, -6.047858238220215, 1354.446044921875, 839.6752319335938], [2.6842236518859863, 875.333984375, 1357.7318115234375, 1226.14306640625], [1090.047607421875, 1260.0311279296875, 1349.30322265625, 1934.4735107421875], [401.61663818359375, 1259.31494140625, 1105.45751953125, 1932.3079833984375], [-3.3013315200805664, 1256.4400634765625, 412.43927001953125, 1936.069580078125]], "labels": [0, 0, 0, 0, 0, 0, 0, 1, 1, 1, 2, 2, 2, 2, 2], "image_id": 527}, "character_clusters": [0, 0, 1, 0, 1, 1, 1], "text_char_matches": [[0, 0], [1, 0], [2, 3]], "text_tail_matches": [], "text_classification": [1, 1, 1], "character_names": ["Rukia Kuchiki", "Rukia Kuchiki", "Ichigo Kurosaki", "Rukia Kuchiki", "Ichigo Kurosaki", "Ichigo Kurosaki", "Ichigo Kurosaki"]}