{"bbox_annotations": {"bboxes_as_x1y1x2y2": [[894.5387573242188, 272.1243591308594, 1104.7242431640625, 713.411865234375], [391.6690979003906, 766.2195434570312, 957.1596984863281, 1290.62451171875], [266.6936950683594, 222.7876739501953, 318.5073547363281, 317.1050720214844], [966.9180908203125, 1345.616943359375, 1161.413818359375, 1600.3931884765625], [95.12162780761719, 1520.2000732421875, 493.82090759277344, 2098.667236328125], [535.4423828125, 156.239990234375, 852.25, 665.9879760742188], [985.25, 175.54269409179688, 1301.6475830078125, 476.500732421875], [525.7255859375, 1617, 712.407470703125, 1952.2807617187502], [1148.9547119140625, 582.0814208984375, 1289.2310791015625, 626.2796020507812], [1052.171630859375, 887.9635620117188, 1253.38818359375, 993.1231689453125], [1179.3619384765625, 1418.6812744140625, 1290.0045166015625, 1494.5], [1109.5, 1704.2220458984375, 1371.4453125, 2030.0], [1013.25, 1807.75, 1103.6966552734373, 1884.75], [880.3609619140625, 136.7032012939453, 1305.866455078125, 719.0610961914062], [389.66094970703125, 137.7416229248047, 914.1652221679688, 720.2777709960938], [94.49519348144531, 137.77685546875, 446.18798828125, 728.7349243164062], [91.56597137451172, 751.8909301757812, 1377.1292724609375, 1293.301513671875], [959.6541137695312, 1324.755859375, 1308.268798828125, 1640.045166015625], [981.107177734375, 1653.9442138671875, 1326.1824951171875, 2012.41162109375], [96.41087341308594, 1335.8009033203125, 997.5353393554688, 2096.35302734375], [1075, 501, 1140, 585]], "labels": [0, 0, 0, 0, 0, 0, 0, 0, 1, 1, 1, 1, 1, 2, 2, 2, 2, 2, 2, 2, 3], "image_id": 528}, "character_clusters": [0, 0, 0, 1, 2, 1, 1, 1], "text_char_matches": [[0, 0], [1, 1], [2, 3], [4, 3]], "text_tail_matches": [[0, 0]], "text_classification": [1, 1, 1, 0, 1], "character_names": ["Rukia Kuchiki", "Rukia Kuchiki", "Rukia Kuchiki", "Ichigo Kurosaki", "Isshin Kurosaki", "Ichigo Kurosaki", "Ichigo Kurosaki", "Ichigo Kurosaki"]}