{"bbox_annotations": {"bboxes_as_x1y1x2y2": [[913.8712158203125, 740.25, 1230.25, 1199.8846435546875], [114.60069274902344, 781.9052734375, 712.0806732177734, 1568.46923828125], [297.5, 1603.8050537109375, 875.0, 2085.048828125], [910.8491821289062, 1233.2984619140625, 1255.108642578125, 1564.236083984375], [2.4700374603271484, 329.8345642089844, 257.25, 745.3768920898438], [-2.1046876907348633, -0.6103590130805969, 379.831072807312, 736.2321092486382], [201.24017333984375, 1293.731201171875, 496.7615051269531, 1563.596923828125], [-1.8721848726272583, 8.134453773498535, 320.12781512737274, 427.0], [513.0076293945312, 271.25, 827.75, 469.40795898437494], [995.75, 0, 1251.25, 292.25], [731.5, 731.5, 889.0, 1247.75], [684.25, 40.141597747802734, 1153.25, 570.5], [221.216552734375, 141.75, 563.5, 714.5899810791016], [1191.75, 714.6107788085938, 1246.604248046875, 769.6402587890625], [1137.5, 812, 1185.9029541015625, 852.25], [904.75, 730.3795776367188, 988.5781860351562, 806.75], [1166.6292724609375, 1336.0347900390625, 1236.457763671875, 1429.903564453125], [741.791259765625, 1131.6925048828125, 920.142333984375, 1561.0], [505.75, 733.25, 740.25, 1067.7735595703125], [26.25, 841.75, 277.4059810638428, 1387.75], [836.3333740234375, 1564.5, 1300.25, 1993.1116943359375], [52.90995407104492, 1609.015869140625, 344.6774101257324, 2028.4630126953125], [4.113286972045898, -1.9707351922988892, 1212.4443359375, 734.996826171875], [864.6741333007812, 687.081787109375, 1255.47705078125, 1224.1405029296875], [901.26953125, 1214.8846435546875, 1263.60791015625, 1579.5234375], [733.298095703125, 706.956787109375, 908.4260864257812, 1581.1468505859375], [4.857129096984863, 722.7649536132812, 734.0465087890625, 1572.3345947265625], [-9.363031387329102, 1595.5255126953125, 1272.91064453125, 2096.735595703125], [1116, 1436, 1159, 1479]], "labels": [0, 0, 0, 0, 0, 0, 0, 0, 0, 0, 0, 1, 1, 1, 1, 1, 1, 1, 1, 1, 1, 1, 2, 2, 2, 2, 2, 2, 3], "image_id": 533}, "character_clusters": [0, 1, 0, 0, 0, 2, 0, 1, 0, 0, 0], "text_char_matches": [[5, 3]], "text_tail_matches": [[5, 0]], "text_classification": [0, 0, 0, 0, 0, 1, 0, 0, 0, 0, 0], "character_names": ["Ichigo Kurosaki", "Fishbone D", "Ichigo Kurosaki", "Ichigo Kurosaki", "Ichigo Kurosaki", "none", "Ichigo Kurosaki", "Fishbone D", "Ichigo Kurosaki", "Ichigo Kurosaki", "Ichigo Kurosaki"]}