{"bbox_annotations": {"bboxes_as_x1y1x2y2": [[1035.85302734375, 169.75, 1169.0, 451.5], [1160.8160400390625, 1408.75, 1338.57080078125, 1984.1932373046875], [147, 1263.3212890625, 1048.25, 2107.082763671875], [471.3586120605469, 0, 1013.25, 603.2211623191833], [222.52920532226562, 397.25, 315.0, 605.1546020507812], [141.75, 1750, 752.5, 2098.25], [1212.75, 71.6528091430664, 1293.25, 154.4105682373047], [1210.2816162109375, 218.3460235595703, 1324.0341796875, 309.75], [1127.79150390625, 420.6764831542969, 1323.97607421875, 533.58837890625], [927.0264892578125, 247.00320434570312, 1012.8723754882812, 282.9984436035156], [816.284423828125, 446.9709777832031, 979.0966186523438, 538.5785522460938], [462.8082275390625, 356.8168640136719, 634.3327026367188, 563.7816162109375], [293.2922668457031, 156.70474243164062, 433.27227783203125, 212.24349975585938], [152.48599243164062, 191.34902954101562, 292.6773681640625, 319.28094482421875], [540.75, 645.6541748046875, 1247.9066162109375, 705.25], [1264.2391357421875, 812.6765747070312, 1372.3486328125, 975.825439453125], [1059.7962646484375, 834.2155151367188, 1262.1954345703125, 987.6458740234375], [623, 775.25, 1053.5, 1072.75], [1041.525146484375, 1002.5263061523438, 1286.6614990234375, 1126.9449462890625], [175.43450927734375, 855.75, 560.6915893554688, 1068.672607421875], [245.7569122314453, 647.768798828125, 451.5, 707.0743408203125], [1104.25, 1251.25, 1226.75, 1457.75], [1232.9114990234375, 1363.97509765625, 1328.1424560546875, 1420.0859375], [141.75, 1197, 805.0, 1996.75], [955.5, 1492.75, 1092.8162841796875, 1597.365966796875], [651, 1702.75, 1051.75, 2098.25], [1021.7111206054688, 159.5132293701172, 1347.0999755859375, 601.4242553710938], [452.43182373046875, 0.5777522921562195, 1020.6318969726562, 603.58935546875], [123.97398376464844, -8.716540336608887, 444.8455505371094, 615.840576171875], [123.60212707519531, 629.9400024414062, 1396.58251953125, 1216.0509033203125], [1095.1842041015625, 1238.966064453125, 1338.15625, 1989.71923828125], [119.52739715576172, 1217.3460693359375, 1092.6854248046875, 2098.765380859375], [213, 371, 248, 416], [671, 379, 708, 425], [846, 290, 883, 340], [1283, 1519, 1320, 1569], [1145, 329, 1189, 378], [914, 1632, 969, 1703]], "labels": [0, 0, 0, 0, 0, 0, 1, 1, 1, 1, 1, 1, 1, 1, 1, 1, 1, 1, 1, 1, 1, 1, 1, 1, 1, 1, 2, 2, 2, 2, 2, 2, 3, 3, 3, 3, 3, 3], "image_id": 508}, "character_clusters": [0, 0, 1, 2, 0, 0], "text_char_matches": [[5, 3], [4, 3], [3, 3], [1, 0], [2, 0], [6, 4], [7, 4], [9, 1], [16, 1], [10, 1], [12, 1], [13, 1], [18, 2]], "text_tail_matches": [[1, 4], [2, 4], [4, 2], [3, 2], [5, 1], [6, 0], [7, 0], [16, 3], [18, 5]], "text_classification": [0, 1, 1, 1, 1, 1, 1, 1, 1, 1, 1, 0, 1, 1, 1, 0, 1, 0, 1, 0], "character_names": ["Ichigo Kurosaki", "Ichigo Kurosaki", "Isshin Kurosaki", "Dead Girl", "Ichigo Kurosaki", "Ichigo Kurosaki"]}