{"bbox_annotations": {"bboxes_as_x1y1x2y2": [[1090.25, 901.25, 1402.657958984375, 1228.5], [155.75, 325.5, 713.7463836669922, 859.5776290893554], [1046.8280029296875, 267.75, 1398.25, 722.75], [781.5226440429688, 35.384830474853516, 1030.525634765625, 863.3482704162598], [385.0655517578125, 904.0320434570312, 913.6353759765625, 1636.9132080078125], [152.25, 122.5, 705.25, 852.25], [1086.75, 211.75, 1307.25, 850.5], [152.25, 1648.5, 820.75, 2089.5], [734.12158203125, 600.439208984375, 839.6183471679688, 696.2757568359375], [163.86082458496094, 603.75, 280.3713684082031, 677.920654296875], [1128.3868408203125, 1247.9537353515625, 1386.888427734375, 1569.4320068359375], [870.3151245117188, 924.3674926757812, 1076.669677734375, 1588.908203125], [1049.22607421875, -6.120894908905029, 1394.09375, 864.138671875], [717.303466796875, 0.06264746189117432, 1025.796875, 864.8047485351562], [150.45327758789062, -0.9322956204414368, 707.7594604492188, 861.5038452148438], [1018.0584106445312, 894.4926147460938, 1397.2762451171875, 1596.238037109375], [144.5076904296875, 890.4815673828125, 1096.94970703125, 1645.0821533203125], [143.1997833251953, 1613.340087890625, 1385.6678466796875, 2096.92724609375], [277, 601, 318, 652], [839, 419, 887, 479]], "labels": [0, 0, 0, 0, 0, 0, 0, 0, 1, 1, 1, 1, 2, 2, 2, 2, 2, 2, 3, 3], "image_id": 532}, "character_clusters": [0, 1, 1, 0, 0, 2, 2, 1], "text_char_matches": [[0, 3], [1, 5]], "text_tail_matches": [[0, 1], [1, 0]], "text_classification": [1, 1, 0, 1], "character_names": ["Ichigo Kurosaki", "Fishbone D", "Fishbone D", "Ichigo Kurosaki", "Ichigo Kurosaki", "Yuzu Kurosaki", "Yuzu Kurosaki", "Fishbone D"]}