{"bbox_annotations": {"bboxes_as_x1y1x2y2": [[147, 2.305204391479492, 1324.75, 284.0756206512451], [628.25, 471.7431335449219, 1022.0, 1298.5225524902344], [141.75, 1694.12158203125, 1131.051170349121, 2101.85205078125], [136.88632202148438, 452.608154296875, 478.6302490234375, 1116.3359375], [402.9397277832031, 1354.9810791015625, 1139.2759094238281, 1642.2109375], [469.1538391113281, 323.75, 1036.9668273925781, 376.25], [1167.96142578125, 1444.3970947265625, 1368.8216552734375, 1570.7161865234375], [1099, 1765.75, 1398.25, 1960.0], [145.25, 1695.75, 393.75, 2017.75], [136.91976928710938, -0.24963542819023132, 1348.35205078125, 283.5583801269531], [137.819580078125, 350.1224365234375, 1394.8404541015625, 1309.4044189453125], [134.90975952148438, 1339.3682861328125, 1392.6832275390625, 1646.849365234375], [145.00318908691406, 1685.6297607421875, 1403.296142578125, 2098.0966796875], [1109, 1546, 1160, 1594]], "labels": [0, 0, 0, 0, 0, 1, 1, 1, 1, 2, 2, 2, 2, 3], "image_id": 512}, "character_clusters": [0, 1, 1, 0, 0], "text_char_matches": [[1, 4]], "text_tail_matches": [[1, 0]], "text_classification": [1, 1, 0, 0], "character_names": ["Ichigo Kurosaki", "Rukia Kuchiki", "Rukia Kuchiki", "Ichigo Kurosaki", "Ichigo Kurosaki"]}