{"bbox_annotations": {"bboxes_as_x1y1x2y2": [[497.7508239746094, 444.5, 653.3462524414062, 633.1862182617188], [1021.545166015625, 1558.2213134765625, 1237.2471923828125, 1931.2142333984375], [206.18003845214844, 1332.19970703125, 890.5115203857422, 1933.6787109375], [-0.28865188360214233, 64.75, 159.3992753624916, 678.7014511227608], [971.25, 92.75, 1219.7738037109375, 567.125244140625], [175.47918701171875, 114.16312408447266, 327.770263671875, 466.8308792114258], [696.54052734375, 813.4842529296875, 1140.6326904296875, 1284.98828125], [124.25, 957.4710083007812, 390.20667266845703, 1289.8565673828125], [109.68402099609375, 113.65625762939453, 155.8532257080078, 275.9714126586914], [31.993064880371094, 441.8049011230469, 169.00865936279297, 607.6995239257812], [1032.3763427734375, 770, 1219.163330078125, 899.8222656249999], [1125.324951171875, 990.5, 1227.5546875, 1201.1090087890623], [450.541259765625, 791, 659.5025634765625, 930.4661865234375], [433.3316650390625, 1022, 678.2049560546875, 1243.3980712890625], [236.280029296875, 773.5, 372.74310302734375, 929.9620971679686], [72.97063446044922, 813.75, 219.1720199584961, 950.4473876953125], [936.2037353515625, 1375.314208984375, 1209.20166015625, 1528.2420654296875], [918.7234497070312, 1792, 1020.3474731445312, 1888.41845703125], [754.2175903320312, 1470, 870.4127197265625, 1512.637451171875], [96.59213256835938, 1548.7581787109375, 377.2680358886719, 1829.3519287109375], [969.9270629882812, 2.991244316101074, 1231.8798828125, 690.2431640625], [163.46202087402344, 2.0636110305786133, 954.7904663085938, 686.4072265625], [395.244140625, 723.3934936523438, 1233.6180419921875, 1290.9432373046875], [54.14919662475586, 725.9348754882812, 394.79779052734375, 1298.2139892578125], [894.3702392578125, 1324.160400390625, 1232.5421142578125, 1936.7762451171875], [50.95669174194336, 1318.890625, 887.7742309570312, 1937.3734130859375], [676, 1024, 727, 1069], [1085, 1075, 1129, 1113], [403, 1784, 450, 1822], [745, 1579, 782, 1618], [996, 1726, 1027, 1769], [981, 1602, 1018, 1660], [22, 359, 61, 453]], "labels": [0, 0, 0, 0, 0, 0, 0, 0, 1, 1, 1, 1, 1, 1, 1, 1, 1, 1, 1, 1, 2, 2, 2, 2, 2, 2, 3, 3, 3, 3, 3, 3, 3], "image_id": 519}, "character_clusters": [0, 0, 0, 1, 2, 1, 0, 1], "text_char_matches": [[0, 3], [1, 3], [2, 6], [3, 6], [4, 6], [5, 6], [6, 6], [7, 6], [8, 1], [11, 2], [10, 2], [9, 1]], "text_tail_matches": [[2, 1], [3, 1], [4, 0], [5, 0], [8, 5], [9, 4], [10, 3], [11, 2]], "text_classification": [1, 1, 1, 1, 1, 1, 1, 1, 1, 1, 1, 1], "character_names": ["Rukia Kuchiki", "Rukia Kuchiki", "Rukia Kuchiki", "Ichigo Kurosaki", "Glasses-Wearing Ghost", "Ichigo Kurosaki", "Rukia Kuchiki", "Ichigo Kurosaki"]}