{"bbox_annotations": {"bboxes_as_x1y1x2y2": [[870.4385375976562, 1419.673828125, 1226.09423828125, 1710.9443359375], [210.1504364013672, 1167.0897216796875, 661.5, 2098.25], [382.2497253417969, 330.1650085449219, 563.1873168945312, 618.5825805664062], [214.06886291503906, 499.8829345703125, 505.75, 621.25], [350.78839111328125, 707.5125122070312, 1051.804443359375, 1103.2255859375], [670.5400390625, 1304.0855712890625, 843.847412109375, 1760.3553466796875], [1123.802978515625, 217.63243103027344, 1209.0860595703125, 469.6980285644531], [883.75, 418.25, 1100.75, 659.6077880859375], [731.3997802734375, 234.6690673828125, 857.2789916992188, 442.5794677734375], [544.25, 213.28977966308594, 672.6376953125, 350.0], [514.5, 364, 652.75, 500.5], [304.5, 330.75, 420.0, 504.0], [64.75, 207.33206176757812, 303.7871780395508, 292.25], [85.67134094238281, 308.37371826171875, 281.1178283691406, 432.03460693359375], [92.75, 98.89813995361328, 166.25, 179.94261169433594], [988.4166259765625, 762.3131713867188, 1208.2288818359375, 967.86279296875], [839.5704345703125, 866.0369873046875, 976.5388793945312, 1047.656982421875], [74.89241027832031, 741.0758666992188, 408.13746643066406, 1009.223876953125], [1021.2610473632812, 1199.9630126953125, 1195.5772705078125, 1408.7313232421875], [879.2924194335938, 1216.25, 1012.0227661132812, 1351.6826171875], [1100.75, 1746.2213134765625, 1205.75, 1830.8668212890625], [1092.073974609375, 1867.4013671875, 1197.6129150390625, 1929.700927734375], [749.1384887695312, 1278.1334228515625, 842.7125244140625, 1332.3114013671875], [700.4255981445312, 1799.9364013671875, 810.25, 1874.25], [112, 1233.75, 337.75, 1702.75], [386.75, 1610, 658.0, 2098.25], [2.639465093612671, 1152.34326171875, 159.25, 1944.25], [103.25, 1817.40283203125, 219.1870574951172, 1895.795166015625], [884.453125, 171.20413208007812, 1221.770751953125, 668.6782836914062], [39.12894058227539, 172.65391540527344, 869.0838012695312, 662.97119140625], [41.370941162109375, 693.0587768554688, 1227.690673828125, 1119.1597900390625], [872.923828125, 1156.3580322265625, 1226.6158447265625, 1955.999755859375], [665.556640625, 1135.99609375, 857.664306640625, 1937.6282958984375], [-0.41287243366241455, 1114.4935302734375, 666.0484619140625, 2097.918212890625], [424, 967, 468, 1002], [562, 360, 600, 406], [827, 798, 871, 831], [203, 438, 259, 484], [769, 501, 809, 546], [1101, 1684, 1137, 1744]], "labels": [0, 0, 0, 0, 0, 0, 1, 1, 1, 1, 1, 1, 1, 1, 1, 1, 1, 1, 1, 1, 1, 1, 1, 1, 1, 1, 1, 1, 2, 2, 2, 2, 2, 2, 3, 3, 3, 3, 3, 3], "image_id": 517}, "character_clusters": [0, 1, 1, 0, 1, 0], "text_char_matches": [[2, 3], [3, 2], [6, 2], [7, 2], [0, 3], [9, 4], [10, 4], [11, 4], [12, 4], [13, 4], [16, 4], [21, 5], [14, 0], [15, 0]], "text_tail_matches": [[2, 4], [3, 1], [7, 3], [6, 3], [9, 2], [10, 2], [11, 0], [14, 5], [15, 5]], "text_classification": [1, 0, 1, 1, 0, 0, 1, 1, 0, 1, 1, 1, 1, 1, 1, 1, 1, 1, 0, 0, 0, 1], "character_names": ["Ichigo Kurosaki", "Rukia Kuchiki", "Rukia Kuchiki", "Ichigo Kurosaki", "Rukia Kuchiki", "Ichigo Kurosaki"]}