{"bbox_annotations": {"bboxes_as_x1y1x2y2": [[863.6121215820312, 0.9331248998641968, 1299.18115234375, 214.167942404747], [1104.5537109375, 1145.9383544921875, 1394.6109619140625, 1987.18701171875], [168.0930633544922, 414.833251953125, 564.4033660888672, 1090.25], [164.81639099121094, 1715.542724609375, 537.3509979248047, 2090.167724609375], [299.03643798828125, 1218.94140625, 584.8547973632812, 1667.54150390625], [603.0144653320312, 321.22760009765625, 1403.3148193359375, 1089.3883056640625], [866.2733154296875, 1146.6187744140625, 1093.3028564453125, 1657.1651611328125], [617.75, 547.75, 992.25, 1092.0], [176.75, 59.5, 325.5, 218.2460594177246], [1281, 1706.25, 1355.1005859375, 1760.5], [1300.25, 1806, 1331.75, 1834], [990.6260375976562, 1305.5302734375, 1101.7647705078125, 1652.5894775390625], [732.037841796875, 1169.01611328125, 903.2368774414062, 1591.7900390625], [558.25, 1146.25, 754.25, 1491.0], [155.75, 1172.5, 458.5, 1498.0], [908.25, 1827, 1097.25, 2042.25], [789.25, 1799, 953.75, 1944.25], [570.5, 1715, 869.75, 1904], [474.2071228027344, 1831.15673828125, 539.6044921875, 1878.71728515625], [401.22100830078125, 1902.7650146484375, 469.801513671875, 1949.9222412109375], [260.2673034667969, 1769.75390625, 330.1747741699219, 1818.9716796875], [168.56259155273438, 1830.4007568359375, 282.72412109375, 1895.6357421875], [152.39892578125, 243.5668182373047, 1399.309814453125, 1102.3497314453125], [1108.775634765625, 1129.145751953125, 1399.37060546875, 2099.9921875], [855.0790405273438, 1132.1922607421875, 1098.1368408203125, 1671.9256591796875], [153.60791015625, 1137.8365478515625, 905.8683471679688, 1668.560302734375], [517.8911743164062, 1693.12646484375, 1101.580078125, 2091.592529296875], [150.8417510986328, 1698.1893310546875, 548.7919311523438, 2095.074951171875]], "labels": [0, 0, 0, 0, 0, 0, 0, 0, 1, 1, 1, 1, 1, 1, 1, 1, 1, 1, 1, 1, 1, 1, 2, 2, 2, 2, 2, 2], "image_id": 540}, "character_clusters": [0, 1, 1, 0, 0, 2, 2, 0], "text_char_matches": [[1, 1], [8, 1], [2, 1], [10, 3], [11, 3], [12, 3], [13, 3]], "text_tail_matches": [], "text_classification": [0, 1, 1, 1, 1, 0, 0, 0, 1, 0, 0, 0, 1, 1], "character_names": ["Rukia Kuchiki", "Ichigo Kurosaki", "Ichigo Kurosaki", "Rukia Kuchiki", "Rukia Kuchiki", "Fishbone D", "Fishbone D", "Rukia Kuchiki"]}