{"bbox_annotations": {"bboxes_as_x1y1x2y2": [[447.8085632324219, 1540, 889.5697631835938, 2096.31591796875], [1013.1129150390625, 1430.2413330078125, 1308.5491943359375, 1907.77294921875], [357.4989318847656, 74.7314453125, 1409.2799377441406, 1021.9999999999999], [712.25, 1080.001220703125, 998.7274780273438, 1384.9251708984375], [910, 203, 1398.25, 1027.25], [196, 70, 577.5, 920.5], [967.1103515625, 1083.25, 1398.25, 1389.0491943359375], [180.25, 1079.75, 746.9520416259766, 1376.0739746093748], [1210.93408203125, 1476.5020751953125, 1304.276123046875, 1527.75], [844.8525390625, 1459.8951416015625, 952.0, 1555.75], [222.25, 1531.25, 478.20463562011724, 1580.25], [174.95672607421875, -3.1775906085968018, 1404.72802734375, 1037.4564208984375], [171.4080047607422, 1063.9022216796875, 1393.0562744140625, 1386.7994384765625], [1009.5625610351562, 1414.8756103515625, 1312.0633544921875, 1916.6387939453125], [177.10777282714844, 1416.188720703125, 992.539306640625, 2100.84130859375]], "labels": [0, 0, 0, 0, 1, 1, 1, 1, 1, 1, 1, 2, 2, 2, 2], "image_id": 530}, "character_clusters": [0, 1, 0, 1], "text_char_matches": [[5, 1], [4, 1], [6, 1]], "text_tail_matches": [], "text_classification": [0, 0, 0, 0, 1, 1, 1], "character_names": ["Fishbone D", "Ichigo Kurosaki", "Fishbone D", "Ichigo Kurosaki"]}