{"bbox_annotations": {"bboxes_as_x1y1x2y2": [[391.4114074707031, 187.26502990722656, 831.6708984375, 479.1970977783203], [1192.4005126953125, 719.611328125, 1400.0025634765625, 1239.7493896484375], [133.7642364501953, 1287.720947265625, 738.6364288330078, 1679.6622314453125], [1008.4116821289062, 978.25, 1111.2705078125, 1227.087646484375], [431.8610534667969, 1719.8231201171875, 1023.8182067871094, 2097.826171875], [570.5, 575.23974609375, 913.5, 1242.1412353515625], [820.75, 113.75, 1207.5, 180.55551147460938], [315.923583984375, 115.5, 719.1642456054688, 175.0], [379.8170166015625, 253.330810546875, 519.37646484375, 384.856201171875], [158.34132385253906, 423.65399169921875, 360.27734375, 688.1596069335938], [440.4190979003906, 752.5, 552.5160522460938, 840.248291015625], [256.3335876464844, 950.9086303710938, 417.1796875, 1072.0350341796875], [147.419677734375, 1117.859375, 308.1530456542969, 1161.8577880859375], [750.75, 1330.866455078125, 1292.600341796875, 1661.7919921875], [1041.571044921875, 1788.09716796875, 1282.75, 1952.4515380859375], [149.13223266601562, 1774.5, 483.8183288574219, 1928.87841796875], [132.92340087890625, 174.9787139892578, 1290.6707763671875, 495.8532409667969], [134.1834716796875, 526.7850341796875, 1388.5606689453125, 1241.51318359375], [125.22799682617188, 1280.4608154296875, 1389.081298828125, 1685.1844482421875], [131.4849853515625, 1707.8924560546875, 1399.7327880859375, 2097.56298828125]], "labels": [0, 0, 0, 0, 0, 0, 1, 1, 1, 1, 1, 1, 1, 1, 1, 1, 2, 2, 2, 2], "image_id": 504}, "character_clusters": [0, 1, 2, 3, 4, 2], "text_char_matches": [[9, 4], [2, 4], [3, 4], [4, 4], [5, 4], [6, 4]], "text_tail_matches": [], "text_classification": [1, 1, 1, 1, 1, 1, 1, 1, 1, 1], "character_names": ["Yama", "none", "Ichigo Kurosaki", "none", "Toshi", "Ichigo Kurosaki"]}