{"bbox_annotations": {"bboxes_as_x1y1x2y2": [[280.3475036621094, 316.75, 472.5, 513.9580688476562], [38.74905014038086, 1506.344970703125, 583.0903587341309, 2088.779296875], [245.63775634765625, 437.5, 565.3505859375, 781.5302734375], [0, 297.5, 288.91047668457026, 1058.3157043457031], [606.6572265625, 1512.46337890625, 1253.17333984375, 2099.024658203125], [91.72692108154297, 665, 536.4164962768555, 1373.85302734375], [798.6954345703125, 256.2998962402344, 1036.1650390625, 585.4356689453125], [-6.245087385177612, 488.25, 315.7549126148224, 1310.75], [378, 705.25, 838.25, 1442.0], [1076.25, 234.5, 1398.25, 1407.0], [10.5, 1123.5, 292.25, 1459.5], [614.25, 519.75, 1135.75, 1022.0], [526.75, 460.25, 792.75, 670.25], [0, 1.75, 1396.5, 642.25], [470.75, 925.75, 1347.5, 1543.5], [0.9715259075164795, 6.958249092102051, 1397.87744140625, 1468.8994140625], [598.8140869140625, 1495.7637939453125, 1246.6817626953125, 2095.28125], [38.21271896362305, 1496.0205078125, 587.644287109375, 2099.713134765625]], "labels": [0, 0, 0, 0, 0, 0, 0, 0, 0, 0, 0, 0, 0, 1, 1, 2, 2, 2], "image_id": 17}, "character_clusters": [0, 1, 0, 0, 2, 0, 0, 3, 0, 0, 0, 0, 0], "text_char_matches": [], "text_tail_matches": [], "text_classification": [0, 0], "character_names": ["Naruto Uzumaki", "Hiruzen Sarutobi", "Naruto Uzumaki", "Naruto Uzumaki", "Konohamaru Sarutobi", "Naruto Uzumaki", "Naruto Uzumaki", "Ebisu", "Naruto Uzumaki", "Naruto Uzumaki", "Naruto Uzumaki", "Naruto Uzumaki", "Naruto Uzumaki"]}