{"bbox_annotations": {"bboxes_as_x1y1x2y2": [[468.43048095703125, 526.761474609375, 621.2677001953125, 658.0995483398438], [322.93328857421875, 711.05029296875, 973.1507568359375, 1268.80517578125], [757.1259155273438, 1523.3863525390625, 814.4356079101562, 1627.7391357421875], [1097.13037109375, 757.75, 1279.25, 1286.777099609375], [967.8274536132812, 1831.279296875, 1017.88720703125, 1955.8565673828125], [113.42872619628906, 1657.9466552734375, 210.6302032470703, 1950.4998779296875], [72.3600845336914, 34.51239776611328, 307.7521743774414, 670.7842483520508], [1100.7005615234375, 1685.9725341796875, 1166.535400390625, 1808.9730224609375], [925.3362426757812, 1597.463134765625, 977.0861206054688, 1730.067138671875], [807.2173461914062, 1428.1737060546875, 862.7705078125, 1553.7042236328125], [936.151611328125, 1371.3154296875, 1001.541259765625, 1498.280029296875], [1022.7957763671875, 1727.62646484375, 1083.703857421875, 1867.73046875], [907.46142578125, 1472.31787109375, 966.9774780273438, 1599.2437744140625], [984.6707153320312, 1495.70263671875, 1056.60498046875, 1642.64013671875], [1120.6832275390625, 1812.500732421875, 1169.7469482421875, 1951.610595703125], [985.25, 1627.5, 1057.0, 1753.5], [264.25, 1617, 705.25, 1951.25], [466.81671142578125, 177.0411376953125, 678.7297973632812, 378.73822021484375], [280.52252197265625, 176.1590118408203, 373.0788879394531, 232.39756774902344], [774.1910400390625, 735.2102661132812, 1198.9903564453125, 1207.8359375], [63.09626770019531, 750.5016479492188, 361.14430236816406, 936.8955688476562], [90.62380981445312, 1007.9153442382812, 326.3480529785156, 1231.682373046875], [1069.84814453125, 1344, 1275.16357421875, 1647.6551513671875], [749.29443359375, 1676.5, 935.1903686523438, 1915.7010498046875], [278.7893981933594, 1337, 694.5573120117188, 1713.08251953125], [49.84091567993164, 1377.25, 228.3577003479004, 1464.8393554687502], [45.92122268676758, 1460.9656982421875, 151.7992286682129, 1586.99365234375], [711.62109375, -1.8703176975250244, 1280.50390625, 670.1226806640625], [-2.010101079940796, -1.4359161853790283, 695.3707885742188, 665.6710205078125], [-15.902275085449219, 709.8141479492188, 1276.9481201171875, 1287.396484375], [725.115966796875, 1315.113037109375, 1282.6270751953125, 1957.3585205078125], [-3.09106707572937, 1322.010498046875, 711.0236206054688, 1955.9122314453125], [266, 155, 306, 194], [562, 428, 603, 475], [1188, 899, 1231, 946], [73, 1607, 110, 1652]], "labels": [0, 0, 0, 0, 0, 0, 0, 0, 0, 0, 0, 0, 0, 0, 0, 0, 0, 1, 1, 1, 1, 1, 1, 1, 1, 1, 1, 2, 2, 2, 2, 2, 3, 3, 3, 3], "image_id": 12}, "character_clusters": [0, 1, 2, 0, 3, 4, 4, 5, 6, 7, 8, 9, 10, 11, 12, 13, 0], "text_char_matches": [[0, 0], [1, 6], [2, 3], [3, 3], [4, 3], [5, 3], [6, 3], [7, 16], [9, 5]], "text_tail_matches": [[0, 1], [1, 0], [2, 2], [9, 3]], "text_classification": [1, 1, 1, 1, 1, 1, 1, 1, 0, 1], "character_names": ["Hiruzen Sarutobi", "Kurama", "none", "Hiruzen Sarutobi", "none", "Iruka Umino", "Iruka Umino", "none", "none", "none", "none", "none", "none", "none", "none", "none", "Hiruzen Sarutobi"]}