{"bbox_annotations": {"bboxes_as_x1y1x2y2": [[379.0835266113281, 1043, 487.6705322265625, 1231.3842773437498], [1139.25, 1003.215576171875, 1313.5030517578125, 1295.7392578125], [453.7491149902344, 1347.936767578125, 998.1725769042969, 2099.39697265625], [693.2742309570312, 203.61590576171875, 1072.75, 673.894287109375], [123.92936706542969, 1382.5, 351.75, 2098.0146484375], [982.8612670898438, 362.6202087402344, 1248.4638671875, 677.25], [774.5731201171875, 819, 1180.8787841796875, 1287.15625], [182, 741.9313354492188, 558.6594085693359, 1174.841796875], [1199.6138916015625, 98.92780303955078, 1294.26171875, 173.60047912597656], [378.0181579589844, 226.52618408203125, 652.2958984375, 394.7843017578125], [165.55227661132812, 403.6401062011719, 352.440185546875, 639.103515625], [1072.37939453125, 737.1542358398438, 1302.3311767578125, 974.9032592773438], [767.9827270507812, 775.25, 939.75, 912.1298828125], [833, 1002.75, 878.5, 1070.4619140625], [499.66656494140625, 798, 717.469970703125, 936.1025390625], [149.29283142089844, 1043.6903076171875, 303.1512451171875, 1247.0220947265625], [1123.0775146484375, 1378.2569580078125, 1287.0289306640625, 1640.4522705078125], [1141.47509765625, 1695.2318115234375, 1269.7613525390625, 1901.4639892578125], [386.86175537109375, 1593.644775390625, 598.9060668945312, 1967.4354248046875], [277.1678161621094, 1431.9315185546875, 350.0033874511719, 1465.37255859375], [681.461669921875, 169.2838592529297, 1317.7686767578125, 680.68701171875], [121.68306732177734, 168.11305236816406, 671.4866943359375, 676.5955810546875], [748.9092407226562, 719.7582397460938, 1320.88232421875, 1300.0650634765625], [120.82382202148438, 722.347900390625, 735.1055908203125, 1302.179443359375], [368.09906005859375, 1330.0860595703125, 1328.3045654296875, 2095.295166015625], [129.1934814453125, 1344.091552734375, 364.8492126464844, 2101.33984375], [1050, 1450, 1098, 1487], [614, 1667, 648, 1704], [1199, 968, 1244, 1013], [873, 1019, 913, 1055]], "labels": [0, 0, 0, 0, 0, 0, 0, 0, 1, 1, 1, 1, 1, 1, 1, 1, 1, 1, 1, 1, 2, 2, 2, 2, 2, 2, 3, 3, 3, 3], "image_id": 9}, "character_clusters": [0, 0, 0, 1, 1, 0, 1, 2], "text_char_matches": [[1, 5], [2, 5], [3, 1], [4, 1], [5, 6], [6, 0], [7, 0], [8, 2], [9, 2], [10, 2], [11, 4]], "text_tail_matches": [[3, 2], [5, 3], [8, 0], [9, 0], [10, 1]], "text_classification": [0, 1, 1, 1, 1, 1, 1, 1, 1, 1, 1, 1], "character_names": ["Konohamaru Sarutobi", "Konohamaru Sarutobi", "Konohamaru Sarutobi", "Naruto Uzumaki", "Naruto Uzumaki", "Konohamaru Sarutobi", "Naruto Uzumaki", "Hiruzen Sarutobi"]}