{"bbox_annotations": {"bboxes_as_x1y1x2y2": [[1071, 847.6406860351562, 1289.1020507812498, 1067.5], [349.06500244140625, 1020.7774047851562, 437.3028564453125, 1191.7142333984375], [950.25, 1669.5838623046875, 1312.6298828125, 2095.439453125], [782.25, 906.9276123046875, 1090.25, 1209.8018798828125], [292.9912109375, 1424.5, 769.2774658203125, 1943.263427734375], [187.25, 1088.7076416015625, 269.3070373535156, 1198.75], [122.54157257080078, 467.2130126953125, 302.75, 758.7925415039062], [1216.25, 833, 1303.75, 908.25], [1123.1878662109375, 992.25, 1285.7469482421875, 1201.9813232421877], [742.04150390625, 882.3768310546875, 838.3698120117188, 981.1856079101562], [500.19140625, 855.078369140625, 687.7306518554688, 1088.197998046875], [261.1815185546875, 1033.5631103515625, 334.53631591796875, 1071.5771484375], [851.0703735351562, 1279.3525390625, 1286.7596435546875, 1668.478271484375], [927.5, 1819.609130859375, 993.0505981445312, 1944.0604248046875], [530.25, 1347.69580078125, 628.25, 1429.4547119140625], [463.91632080078125, 164.6248321533203, 1313.388671875, 772.30126953125], [121.2453384399414, -0.5210503935813904, 442.4908142089844, 765.0186157226562], [729.862060546875, 806.06787109375, 1317.9461669921875, 1219.9952392578125], [119.43447875976562, 811.6603393554688, 729.4133911132812, 1220.0635986328125], [826.1592407226562, 1251.4981689453125, 1315.3321533203125, 2095.531494140625], [113.76190948486328, 1253.4381103515625, 800.8450927734375, 2095.410888671875], [454, 1041, 495, 1077], [244, 1069, 278, 1103], [1232, 1668, 1264, 1714], [828, 918, 870, 957], [1166, 957, 1202, 998], [547, 1412, 588, 1460]], "labels": [0, 0, 0, 0, 0, 0, 0, 1, 1, 1, 1, 1, 1, 1, 1, 2, 2, 2, 2, 2, 2, 3, 3, 3, 3, 3, 3], "image_id": 11}, "character_clusters": [0, 0, 0, 1, 1, 1, 1], "text_char_matches": [[1, 0], [2, 3], [3, 1], [4, 5], [5, 2], [6, 2]], "text_tail_matches": [[1, 4], [2, 3], [3, 0], [4, 1], [5, 2], [7, 5]], "text_classification": [0, 1, 1, 1, 1, 1, 1, 0], "character_names": ["Iruka Umino", "Iruka Umino", "Iruka Umino", "Hiruzen Sarutobi", "Hiruzen Sarutobi", "Hiruzen Sarutobi", "Hiruzen Sarutobi"]}