{"bbox_annotations": {"bboxes_as_x1y1x2y2": [[380.6334228515625, 447.19366455078125, 591.6168823242188, 713.0993041992188], [803.25, 980.8251342773438, 908.9528198242188, 1176.0], [880.3682861328125, 320.25, 1132.25, 614.4998779296875], [332.5, 1327.0775146484375, 1289.0606994628906, 2094.810302734375], [627.5552368164062, 326.4161071777344, 859.976806640625, 659.150634765625], [957.2940063476562, 968.3687744140625, 1072.04052734375, 1106.9736328125], [84.56300354003906, 844.1828002929688, 372.2554473876953, 1269.095703125], [105, 357.6830749511719, 397.25, 712.270751953125], [-2.026686191558838, 1328.25, 308.65104818344116, 2083.205810546875], [1085.4271240234375, 241.4875030517578, 1267.95556640625, 411.8237609863281], [619.63427734375, 248.5310821533203, 721.0120849609375, 304.8049011230469], [420.566162109375, 216.8900909423828, 574.78564453125, 448.88165283203125], [222.92242431640625, 229.4418487548828, 337.98114013671875, 348.294921875], [103.00133514404297, 92.69559478759766, 204.4147186279297, 167.31544494628906], [88.22413635253906, 285.1365051269531, 189.05035400390625, 351.0273132324219], [1117.641357421875, 803.0404663085938, 1272.697265625, 1066.362548828125], [906.5, 932.75, 941.5, 983.5], [657.5025024414062, 787.29736328125, 830.3472900390625, 1021.993896484375], [532.5029907226562, 1018.5, 691.1908569335938, 1238.4146728515625], [362.9067687988281, 916.0806884765625, 479.2527770996094, 1061.981689453125], [1015.5133056640625, 1424.4681396484375, 1267.0306396484375, 1749.4495849609375], [613.29150390625, 164.36231994628906, 1283.4830322265625, 718.0780029296875], [81.97898864746094, 170.4298858642578, 598.3480834960938, 721.2012329101562], [523.0690307617188, 762.982177734375, 1285.131591796875, 1281.5570068359375], [79.21366119384766, 759.85400390625, 505.8263244628906, 1283.3818359375], [330.2809753417969, 1320.4342041015625, 1284.40478515625, 2100.308837890625], [2.3317768573760986, 1322.599365234375, 317.3944396972656, 2095.479248046875], [1070, 450, 1107, 484], [1075, 1003, 1114, 1042], [838, 866, 883, 900], [685, 324, 724, 366], [534, 490, 567, 533], [1008, 1360, 1050, 1396], [317, 1002, 363, 1045], [147, 419, 212, 474], [884, 973, 918, 1002]], "labels": [0, 0, 0, 0, 0, 0, 0, 0, 0, 1, 1, 1, 1, 1, 1, 1, 1, 1, 1, 1, 1, 2, 2, 2, 2, 2, 2, 3, 3, 3, 3, 3, 3, 3, 3, 3], "image_id": 10}, "character_clusters": [0, 1, 0, 0, 1, 0, 1, 1, 1], "text_char_matches": [[0, 2], [1, 4], [2, 0], [5, 7], [6, 5], [7, 1], [8, 5], [9, 5], [10, 6], [11, 3]], "text_tail_matches": [[0, 0], [1, 3], [2, 4], [5, 7], [6, 1], [7, 8], [8, 2], [9, 2], [10, 6], [11, 5]], "text_classification": [1, 1, 1, 1, 0, 1, 1, 1, 1, 1, 1, 1], "character_names": ["Naruto Uzumaki", "Konohamaru Sarutobi", "Naruto Uzumaki", "Naruto Uzumaki", "Konohamaru Sarutobi", "Naruto Uzumaki", "Konohamaru Sarutobi", "Konohamaru Sarutobi", "Konohamaru Sarutobi"]}