{"bbox_annotations": {"bboxes_as_x1y1x2y2": [[918.2337036132812, 702.7058715820312, 1177.73486328125, 1020.0118408203125], [120.86729431152344, 1114.8719482421875, 645.75, 1459.1051025390625], [925.75, 178.4744110107422, 1151.9539794921875, 582.75], [821.7492065429688, 742.4878540039062, 994.852783203125, 986.5037841796875], [485.089111328125, 1688.0213623046875, 534.4961547851562, 1836.292236328125], [137.64198303222656, 791.2830810546875, 321.29925537109375, 980.2109375], [316.99053955078125, 690.351318359375, 559.0617065429688, 964.9749755859375], [548.09423828125, 1706.9837646484375, 691.25, 2045.0968017578125], [124.06859588623047, 1515.345703125, 486.80785369873047, 2097.83203125], [729.1531982421875, 647.8511962890625, 1020.25, 1014.6820678710938], [630.4029541015625, 1191.044921875, 1113.1197509765625, 1453.436279296875], [735, 182, 1013.25, 584.5], [1216.25, 88.69245910644531, 1281.0, 161.63711547851562], [1167.486083984375, 247.89825439453125, 1285.7919921875, 517.6179809570312], [738.5, 199.21148681640625, 906.5, 539.4353637695312], [1126.1566162109375, 655.1971435546875, 1305.162841796875, 1015.8262329101562], [925.08203125, 698.949462890625, 1012.6739501953125, 752.9747314453125], [831.25, 693, 922.25, 754.25], [544.7144165039062, 247.02774047851562, 694.75, 761.6435852050781], [123.79352569580078, 222.25, 332.5, 547.75], [141.75, 544.25, 444.5, 759.5], [1132.25, 1183, 1307.25, 1351], [126, 1111.25, 211.75, 1295.0], [565.25, 1674.051513671875, 640.5, 1715.0], [376.25, 1548.75, 453.25, 1688.75], [488.25, 1891.75, 594.4381103515625, 1982.75], [726.6895141601562, 167.3933868408203, 1324.5828857421875, 589.402587890625], [728.942138671875, 636.1790771484375, 1359.15966796875, 1031.4942626953125], [122.5875244140625, 166.37225341796875, 708.614501953125, 1025.900146484375], [115.26594543457031, 1067.66357421875, 1317.810546875, 1463.5992431640625], [764.4729614257812, 1496.5909423828125, 1317.1357421875, 2095.61279296875], [119.9853515625, 1505.9112548828125, 747.9323120117188, 2099.956298828125], [349, 1662, 395, 1704], [1106, 222, 1157, 280], [448, 576, 525, 694], [200, 545, 265, 685], [214, 1149, 298, 1241], [1058.75, 1277.5, 1135.75, 1365.0]], "labels": [0, 0, 0, 0, 0, 0, 0, 0, 0, 0, 0, 0, 1, 1, 1, 1, 1, 1, 1, 1, 1, 1, 1, 1, 1, 1, 2, 2, 2, 2, 2, 2, 3, 3, 3, 3, 3, 3], "image_id": 5}, "character_clusters": [0, 1, 2, 3, 2, 2, 4, 2, 4, 4, 3, 4], "text_char_matches": [[1, 2], [2, 2], [3, 0], [4, 3], [5, 3], [6, 6], [7, 5], [9, 10], [10, 1]], "text_tail_matches": [[1, 1], [6, 2], [7, 3], [9, 5], [10, 4], [12, 0]], "text_classification": [0, 1, 1, 1, 1, 1, 1, 1, 0, 1, 1, 0, 1, 0], "character_names": ["none", "Hiruzen Sarutobi", "Konohamaru Sarutobi", "Ebisu", "Konohamaru Sarutobi", "Konohamaru Sarutobi", "Naruto Uzumaki", "Konohamaru Sarutobi", "Naruto Uzumaki", "Naruto Uzumaki", "Ebisu", "Naruto Uzumaki"]}