{"bbox_annotations": {"bboxes_as_x1y1x2y2": [[385, 1753.5, 518.8479614257812, 2089.5283203125], [134.75, 1858.4755859375, 339.3366394042969, 2068.2392578125], [635.25, 1668.2769775390625, 1012.402587890625, 2064.992919921875], [331.7156982421875, 828.8760986328125, 643.4312744140625, 1325.4805908203125], [158.85707092285156, 17.889856338500977, 1219.0152740478516, 768.882776260376], [884.1555786132812, 1020.3347778320312, 1116.33984375, 1206.176025390625], [709.2872924804688, 1435, 1035.1158447265625, 1993.377685546875], [1085, 94.5, 1398.25, 770.0], [1176.3243408203125, 263.743896484375, 1286.197021484375, 468.4233093261719], [108.5, -15.75, 577.5, 385.0], [137.8981475830078, 256.1797790527344, 340.5740966796875, 589.83447265625], [1095.0589599609375, 842.7108764648438, 1303.8013916015625, 1146.638671875], [679, 824.25, 901.25, 1190.0], [135.1111602783203, 868.0178833007812, 339.79937744140625, 1270.7349853515625], [992.0753784179688, 1436.722412109375, 1290.6397705078125, 1731.2110595703125], [631.75, 1384.25, 777.0, 1623.698974609375], [675.1817016601562, 1692.711181640625, 757.1620483398438, 1760.2279052734375], [173.84800720214844, 1408.75, 554.1719818115234, 1709.3275146484375], [132.8238983154297, 1839.4564208984375, 242.018310546875, 1915.161376953125], [119.26895904541016, 3.0098319053649902, 1401.8267822265625, 769.6163330078125], [662.19580078125, 806.608154296875, 1302.1190185546875, 1337.9251708984375], [118.60379028320312, 812.365966796875, 646.865966796875, 1334.484375], [623.8399047851562, 1362.3651123046875, 1315.328125, 2107.176513671875], [119.65410614013672, 1371.4063720703125, 610.7708129882812, 2091.6826171875], [350, 437, 395, 482], [1030, 975, 1089, 1032], [475, 1743, 515, 1796], [1120, 404, 1155, 443], [342, 1057, 395, 1112], [739, 1703, 786, 1747], [756, 1432, 800, 1475], [966, 1655, 1007, 1722]], "labels": [0, 0, 0, 0, 0, 0, 0, 1, 1, 1, 1, 1, 1, 1, 1, 1, 1, 1, 1, 2, 2, 2, 2, 2, 3, 3, 3, 3, 3, 3, 3, 3], "image_id": 19}, "character_clusters": [0, 1, 1, 1, 0, 2, 0], "text_char_matches": [[1, 4], [3, 4], [4, 5], [5, 5], [6, 3], [7, 2], [8, 6], [9, 2], [10, 0]], "text_tail_matches": [[1, 3], [3, 0], [4, 1], [6, 4], [8, 6], [7, 7], [9, 5], [10, 2]], "text_classification": [0, 1, 0, 1, 1, 1, 1, 1, 1, 1, 1, 1], "character_names": ["Naruto Uzumaki", "Konohamaru Sarutobi", "Konohamaru Sarutobi", "Konohamaru Sarutobi", "Naruto Uzumaki", "Hiruzen Sarutobi", "Naruto Uzumaki"]}