{"bbox_annotations": {"bboxes_as_x1y1x2y2": [[1002.4159545898438, 1627.896484375, 1118.7537841796875, 1897.6080322265625], [120.53396606445312, 926.8553466796875, 623.078369140625, 2100.151611328125], [234.5, 414.59033203125, 420.0, 667.3131713867188], [314.798583984375, 516.3812255859375, 593.5393676757812, 798.0548095703125], [785.9224243164062, 1618.444580078125, 1021.4026489257812, 1928.2291259765625], [762.472900390625, 540.6133422851562, 878.9296875, 646.9616088867188], [782.7907104492188, 930.6951904296875, 1217.4193115234375, 1324.99169921875], [937.64990234375, 467.770751953125, 1093.7239990234375, 720.63232421875], [1218, 93.19950866699219, 1279.25, 166.94802856445312], [1135.7728271484375, 255.58984375, 1276.319580078125, 493.5992431640625], [1002.2175903320312, 407.75, 1081.5, 451.5], [941.0802612304688, 375.5667419433594, 1011.8375854492188, 440.6191711425781], [733.1220092773438, 208.14248657226562, 892.313720703125, 472.5], [520.60546875, 207.8620147705078, 676.1092529296875, 469.57923889160156], [363.4652099609375, 213.71136474609375, 499.86688232421875, 356.208251953125], [393.1480712890625, 425.25, 513.4967041015625, 518.1620483398438], [133, 199.06930541992188, 311.5, 532.1688842773438], [1153.25, 862.9140625, 1313.5344238281252, 1198.698486328125], [648.5435791015625, 869.5071411132812, 868.2303466796875, 1149.284912109375], [1148.644287109375, 1481.544677734375, 1290.4591064453125, 1861.927734375], [816.0672607421875, 1352.75, 1058.75, 1513.75], [659.216552734375, 1505.171875, 771.7471313476562, 1617.9569091796875], [651.1978759765625, 1827.5723876953125, 794.3523559570312, 1936.4678955078125], [77, 766.5, 362.25, 1200.5], [407.75, 1568, 652.75, 2098.25], [137.9150848388672, 1664.6318359375, 269.5, 1941.1187744140625], [714.00439453125, 163.30343627929688, 1310.0035400390625, 808.1683959960938], [119.73890686035156, 159.44094848632812, 699.4656372070312, 807.050537109375], [642.9016723632812, 843.6001586914062, 1309.8719482421875, 1331.4552001953125], [638.6749267578125, 1366.0816650390625, 1311.6412353515625, 2097.84716796875], [122.1331558227539, 843.056396484375, 630.6986083984375, 2087.265625], [806, 476, 844, 519], [764, 1631, 860, 1686], [314, 377, 365, 435], [1084, 1578, 1130, 1658], [800, 1745, 872, 1803]], "labels": [0, 0, 0, 0, 0, 0, 0, 0, 1, 1, 1, 1, 1, 1, 1, 1, 1, 1, 1, 1, 1, 1, 1, 1, 1, 1, 2, 2, 2, 2, 2, 3, 3, 3, 3, 3], "image_id": 7}, "character_clusters": [0, 1, 2, 3, 1, 3, 3, 2], "text_char_matches": [[1, 7], [4, 5], [5, 3], [8, 3], [6, 2], [9, 6], [10, 6], [11, 0], [13, 4], [14, 4], [17, 0]], "text_tail_matches": [[4, 0], [6, 2], [11, 3], [13, 1], [14, 4]], "text_classification": [0, 1, 0, 1, 1, 1, 1, 0, 1, 1, 1, 1, 0, 1, 1, 0, 0, 1], "character_names": ["Naruto Uzumaki", "Konohamaru Sarutobi", "Ebisu", "Hiruzen Sarutobi", "Konohamaru Sarutobi", "Hiruzen Sarutobi", "Hiruzen Sarutobi", "Ebisu"]}