{"bbox_annotations": {"bboxes_as_x1y1x2y2": [[614.0037231445312, 1125.1337890625, 665.5474853515625, 1183.67919921875], [294.112548828125, 1485.694091796875, 973.4090576171875, 1957.846923828125], [633.5, 1063.461669921875, 696.5, 1137.5], [857.5, 1060.5, 1265.25, 1387.255859375], [-2.412626266479492, 1086.19482421875, 241.578462600708, 1393.0684814453125], [98.0029296875, 852.8238525390625, 253.20787048339844, 1112.7025146484375], [956.4672241210938, 234.00717163085938, 1212.9842529296875, 403.35369873046875], [507.5, 667.67236328125, 1258.25, 750.75], [119.98789978027344, 462, 395.1442108154297, 705.25], [886.6517944335938, 823.1664428710938, 1131.923828125, 1036.7203369140625], [409.6872863769531, 1085.3294677734375, 510.9322509765625, 1282.52587890625], [266.6905517578125, 866.0064086914062, 355.96746826171875, 933.1596069335938], [28, 820.75, 110.25, 939.75], [1076.2135009765625, 1569.0164794921875, 1164.6710205078125, 1742.9073486328125], [402.5, 1680.9940185546875, 477.75, 1748.25], [269.9666748046875, 1514.7371826171875, 369.7659606933594, 1556.5054931640625], [152.26736450195312, 1566.7587890625, 280.2256164550781, 1690.02197265625], [75.25, 1954.75, 119.0, 1996.75], [75.38494110107422, -2.3054704666137695, 1276.81689453125, 761.7006225585938], [855.822509765625, 797.2443237304688, 1275.8836669921875, 1396.9361572265625], [395.6593322753906, 798.6044311523438, 841.9366455078125, 1396.1099853515625], [4.601698875427246, 802.1231079101562, 372.40496826171875, 1400.8720703125], [79.6329574584961, 1435.3255615234375, 1274.090087890625, 1961.9407958984375], [372, 1515, 422, 1550], [1032, 1655, 1067, 1688], [236, 884, 274, 925], [970, 1058, 1004, 1090], [545, 1156, 598, 1195], [405, 1740, 432, 1779], [112, 859.25, 131.25, 883.75]], "labels": [0, 0, 0, 0, 0, 0, 1, 1, 1, 1, 1, 1, 1, 1, 1, 1, 1, 1, 2, 2, 2, 2, 2, 3, 3, 3, 3, 3, 3, 3], "image_id": 0}, "character_clusters": [0, 1, 1, 1, 0, 1], "text_char_matches": [[3, 3], [4, 0], [5, 5], [7, 1], [9, 1], [10, 1]], "text_tail_matches": [[3, 3], [4, 4], [5, 2], [6, 6], [7, 1], [8, 5], [9, 0], [10, 0]], "text_classification": [1, 0, 1, 1, 1, 1, 0, 1, 0, 1, 1, 0], "character_names": ["Naruto Uzumaki", "Genz\u014d", "Genz\u014d", "Genz\u014d", "Naruto Uzumaki", "Genz\u014d"]}