{"bbox_annotations": {"bboxes_as_x1y1x2y2": [[400.88311767578125, 1587.3115234375, 508.1269226074219, 1743.3514404296875], [103.25, 176.828125, 551.716552734375, 735.6736450195312], [266, 1621.4798583984375, 352.5472106933594, 1732.5], [1049.3109130859375, 332.5, 1231.3828125, 595.0279541015625], [742, 427, 852.25, 550.5341796875], [438.85931396484375, 197.86862182617188, 681.147216796875, 729.8921813964844], [102.02265167236328, 189.22988891601562, 280.10742950439453, 492.6371765136719], [127.75, 99.07420349121094, 196.0, 175.52223205566406], [217, 533.4412841796875, 330.75, 620.6185913085938], [1018.5, 820.1503295898438, 1256.5, 1021.9933471679688], [746.964111328125, 975.3382568359375, 894.70166015625, 1084.7415771484375], [479.8512268066406, 1032.0711669921875, 619.386474609375, 1139.1448974609375], [109.91697692871094, 820.1383666992188, 388.4788055419922, 1000.4708251953125], [889.5858764648438, 1426.9066162109375, 976.678955078125, 1565.103271484375], [678.0345458984375, 1367.3482666015625, 807.8439331054688, 1601.1888427734375], [224, 1615.25, 254.44747924804688, 1680.0], [705.5980224609375, 165.4722900390625, 1286.472900390625, 744.0243530273438], [94.83570098876953, 170.30740356445312, 690.1006469726562, 746.5933227539062], [84.57257080078125, 785.9353637695312, 1278.4151611328125, 1285.103759765625], [878.4456787109375, 1318.9791259765625, 1279.4471435546875, 2099.03076171875], [-3.4407079219818115, 1324.6495361328125, 867.13232421875, 2095.85693359375], [600, 1514, 645, 1565], [579, 1153, 620, 1190], [253, 1631, 289, 1665]], "labels": [0, 0, 0, 1, 1, 1, 1, 1, 1, 1, 1, 1, 1, 1, 1, 1, 2, 2, 2, 2, 2, 3, 3, 3], "image_id": 8}, "character_clusters": [0, 1, 2], "text_char_matches": [[0, 0], [1, 2], [2, 1], [3, 1], [6, 1], [9, 1], [10, 0], [11, 0], [12, 2], [7, 1]], "text_tail_matches": [[8, 1], [11, 0]], "text_classification": [1, 1, 1, 1, 0, 0, 1, 1, 0, 1, 1, 1, 1], "character_names": ["Naruto Uzumaki", "Ebisu", "Konohamaru Sarutobi"]}