{"bbox_annotations": {"bboxes_as_x1y1x2y2": [[539.1779174804688, 1179.5, 608.4224853515625, 1312.5], [467.25, 1161.64013671875, 519.75, 1242.5], [371.2299499511719, 1121.881591796875, 448.48797607421875, 1307.762451171875], [819.2286987304688, 1777.3797607421875, 1051.75, 1961.136962890625], [448, 150.3870849609375, 990.5, 796.25], [832.166748046875, 936.625244140625, 1223.48193359375, 1385.551513671875], [117.85694122314453, 1441.258544921875, 463.26236724853516, 1961.4718017578125], [425.25, 1200.5, 563.5, 1380.75], [434, 1183, 476, 1302], [593.25, 1204, 645.75, 1305.5], [560, 1128.75, 610.75, 1190.0], [1021.8880615234375, 197.21653747558594, 1332.82568359375, 527.1096649169922], [122.32469940185547, 200.2211151123047, 384.0466537475586, 533.4889984130859], [1103.0185546875, 950.6321411132812, 1314.4024658203125, 1188.6358642578125], [623.6131591796875, 977.4852294921875, 801.7941284179688, 1227.1546630859375], [126.8598861694336, 980.424072265625, 346.2245101928711, 1353.4320068359375], [1178.362548828125, 1502.905517578125, 1309.0, 1685.16796875], [1126.764892578125, 1805.4232177734375, 1228.860107421875, 1912.6256103515625], [740.25, 1445.5, 1091.7962646484375, 1759.3256835937498], [454.1676025390625, 1710.724609375, 587.9267578125, 1877.7301025390625], [119.11157989501953, -1.7293453216552734, 1318.4237060546875, 881.8126220703125], [826.8595581054688, 919.708984375, 1314.507568359375, 1397.550537109375], [115.89849090576172, 922.5869140625, 813.2613525390625, 1390.6514892578125], [1114.3447265625, 1432.464599609375, 1316.3804931640625, 1960.464599609375], [733.5289916992188, 1432.165771484375, 1102.8970947265625, 1959.7611083984375], [119.99751281738281, 1427.7901611328125, 715.3310546875, 1960.4306640625], [973, 1751, 1024, 1790]], "labels": [0, 0, 0, 0, 0, 0, 0, 0, 0, 0, 0, 1, 1, 1, 1, 1, 1, 1, 1, 1, 2, 2, 2, 2, 2, 2, 3], "image_id": 13}, "character_clusters": [0, 1, 2, 3, 4, 5, 5, 4, 6, 7, 8], "text_char_matches": [[0, 3], [1, 3], [2, 3], [3, 3], [4, 3], [5, 3], [6, 5], [7, 3], [8, 6]], "text_tail_matches": [[7, 0]], "text_classification": [1, 1, 1, 1, 1, 1, 1, 1, 1], "character_names": ["none", "none", "none", "Hiruzen Sarutobi", "Naruto Uzumaki", "Iruka Umino", "Iruka Umino", "Naruto Uzumaki", "none", "none", "none"]}