{"bbox_annotations": {"bboxes_as_x1y1x2y2": [[378.647201946472, 0, 714.66357421875, 527.4355231143552], [166.88902282714844, 685.7615571776155, 613.2749391727493, 1079.3680419921875], [214.46128845214844, 591.4419555664062, 302.8249816894531, 761.5325927734375], [49.59610705596107, 0, 398.36873626708984, 518.8515815085158], [419.65936739659367, 481.654501216545, 491.1922141119221, 560.8175182481751], [64.85644768856447, 589.4306569343065, 152.60340632603405, 670.5012165450121], [627.581508515815, 590.3844282238442, 706.7445255474452, 739.1727493917274], [114.45255474452554, 502.63746958637466, 241.30413625304135, 558.9099756690997], [427.55694580078125, 72.48661800486617, 515.5910034179688, 179.74411010742188], [293.1356201171875, 140.2296142578125, 420.2342834472656, 309.0159606933594], [563.725341796875, 630.05810546875, 635.302490234375, 691.1065063476562], [138.29683698296836, 675.7919203115496, 232.0704345703125, 720.0973236009731], [594.9553833007812, 869.8394160583941, 674.6707763671875, 902.2676399026764], [155.46472019464719, 882.8890882802996, 253.92379760742185, 942.7459608388933], [52.215301513671875, 909.8978102189781, 152.27207946777344, 984.2919708029196], [38.41672134399414, -1.9524363279342651, 714.849609375, 564.5501708984375], [45.15476989746094, 585.0965576171875, 715.4453125, 779.2117309570312], [42.54389572143555, 802.1983642578125, 712.118896484375, 1078.408203125]], "labels": [0, 0, 0, 0, 0, 0, 0, 0, 1, 1, 1, 1, 1, 1, 1, 2, 2, 2], "image_id": 918}, "character_clusters": [0, 1, 0, 0, 0, 0, 0, 0], "text_char_matches": [], "text_tail_matches": [], "text_classification": [1, 1, 1, 1, 1, 1, 1], "character_names": ["Ryomen Sukuna", "Yuji Itadori", "Ryomen Sukuna", "Ryomen Sukuna", "Ryomen Sukuna", "Ryomen Sukuna", "Ryomen Sukuna", "Ryomen Sukuna"]}