{"bbox_annotations": {"bboxes_as_x1y1x2y2": [[430.2460632324219, 489.2846715328467, 546.3644409179688, 732.7757568359375], [81.07055961070559, 745.8491484184915, 601.8296836982968, 1144.0743408203127], [85.01485443115234, 396.76885644768856, 353.84914841849144, 606.24951171875], [113.907470703125, 549.3722627737226, 273.47015380859375, 777.1513671875], [1.5278737545013428, 805.4796752929688, 245.1192214111922, 1144.2200927734375], [-6.258017063140869, 0, 563.6701445579529, 361.92428565025324], [132.57420924574208, 0, 739.1727493917274, 360.5255474452554], [541.7420924574209, 665.7323600973235, 741.0802919708028, 778.2773722627736], [578.9391727493917, 300.43795620437953, 618.0437956204379, 321.4209245742092], [672.3464965820312, 639.4784545898438, 722.1622314453125, 660.8338623046875], [248.93430656934305, 403.44525547445255, 367.2019464720195, 452.553466796875], [267.0559610705596, 544.2867431640625, 297.5766423357664, 562.7250608272506], [288.33477783203125, 653.3333333333333, 368.3957214355469, 726.7737226277371], [17.40786361694336, 407.359375, 99.1997184753418, 454.0888671875], [16.672834396362305, 675.2700729927006, 95.75367546081543, 735.3576642335765], [640.934306569343, 861.2554744525547, 736.6592766606313, 907.0364963503649], [682.9002433090023, 1024.3503649635036, 722.0048661800486, 1048.1946472019465], [567.4939172749391, 1046.5604248046875, 601.8296836982968, 1065.362530413625], [259.45831298828125, 917.0880737304688, 297.4879150390625, 939.1093139648438], [0.5103154182434082, 1.2701166868209839, 742.2687377929688, 363.578125], [367.69525146484375, 384.25970458984375, 738.329345703125, 781.4598999023438], [-6.353159427642822, 379.3408508300781, 374.6752014160156, 785.1587524414062], [0.84440016746521, 618.0807495117188, 375.659912109375, 785.1123657226562], [-0.13521337509155273, 787.8726806640625, 737.300537109375, 1142.252197265625], [667, 955, 695, 987]], "labels": [0, 0, 0, 0, 0, 0, 0, 0, 1, 1, 1, 1, 1, 1, 1, 1, 1, 1, 1, 2, 2, 2, 2, 2, 3], "image_id": 911}, "character_clusters": [0, 1, 1, 0, 0, 0, 1, 1], "text_char_matches": [[2, 2], [5, 2], [7, 1], [4, 2], [6, 2]], "text_tail_matches": [[7, 0]], "text_classification": [0, 0, 1, 0, 1, 1, 1, 1, 0, 0, 0], "character_names": ["Satoru Gojo", "Ryomen Sukuna", "Ryomen Sukuna", "Satoru Gojo", "Satoru Gojo", "Satoru Gojo", "Ryomen Sukuna", "Ryomen Sukuna"]}