{"bbox_annotations": {"bboxes_as_x1y1x2y2": [[194.77288818359375, 72.48661800486617, 391.7369689941406, 461.20107269287104], [397.458251953125, 31.509855270385742, 734.9204711914062, 464.108549118042], [279.32965087890625, 800.91259765625, 490.20513916015625, 1075.45556640625], [504.58612060546875, 778.2773722627737, 632.9857177734375, 992.5039672851562], [69.46821594238281, 798.9857788085938, 248.10147094726562, 1074.9996337890625], [234.10806274414062, 400.62701416015625, 498.5872497558594, 722.0728759765625], [622.7081298828125, 841.2262773722628, 741.31494140625, 1073.563720703125], [627.3624877929688, 83.28386688232422, 718.418212890625, 112.99308013916016], [626.6277372262773, 133.5279805352798, 706.1583862304686, 172.9898681640625], [416.8836669921875, 142.21556091308594, 451.6152038574219, 163.41934204101562], [290.56719970703125, 94.427978515625, 384.76837158203125, 128.5763397216797], [82.83706665039062, 99.88662719726562, 187.8022918701172, 225.71295166015625], [551.0656127929688, 516.6484375, 713.505126953125, 645.1771240234375], [75.0437240600586, 538.8807785888077, 235.33077239990234, 647.610705596107], [672.4087591240875, 762.1170043945312, 724.4940795898436, 792.5839416058394], [633.3041362530413, 825.9659367396594, 665.9023437499999, 874.6082725060827], [500.5517883300781, 755.3868613138686, 575.3903198242188, 787.8150851581509], [415.8442822384428, 763.970802919708, 469.9751586914063, 795.4452554744526], [285.3297424316406, 743.6986083984375, 361.0610046386719, 807.4425659179688], [238.4428223844282, 767.8651733398438, 256.0600280761719, 777.323600973236], [78.69593811035156, 762.0632603406326, 141.16949462890625, 793.5377128953771], [393.9225769042969, -1.1480222940444946, 738.6747436523438, 468.5958251953125], [69.67378234863281, 62.82964324951172, 390.2120666503906, 468.45654296875], [67.38549041748047, 481.9208068847656, 739.6177978515625, 707.7012329101562], [493.2635192871094, 714.2857666015625, 740.4139404296875, 1081.1473388671875], [276.14398193359375, 720.4192504882812, 487.009033203125, 1078.156982421875], [69.41190338134766, 716.38427734375, 274.99774169921875, 1077.44287109375], [117, 822, 137, 850], [536, 817, 554, 842], [316, 820, 335, 850], [698, 827, 717, 854], [450, 830, 467, 854], [222, 805, 248, 825], [649, 171, 674, 203]], "labels": [0, 0, 0, 0, 0, 0, 0, 1, 1, 1, 1, 1, 1, 1, 1, 1, 1, 1, 1, 1, 1, 2, 2, 2, 2, 2, 2, 3, 3, 3, 3, 3, 3, 3], "image_id": 925}, "character_clusters": [0, 1, 0, 0, 1, 1, 1], "text_char_matches": [[0, 1], [1, 1], [3, 0], [4, 0], [5, 0], [6, 0], [7, 6], [9, 3], [8, 3], [10, 2], [11, 2], [12, 4], [13, 4]], "text_tail_matches": [[0, 6], [1, 6], [7, 3], [9, 1], [10, 4], [11, 2], [12, 5], [13, 0]], "text_classification": [1, 1, 1, 1, 1, 1, 1, 1, 1, 1, 1, 1, 1, 1], "character_names": ["Satoru Gojo", "Yuji Itadori", "Satoru Gojo", "Satoru Gojo", "Yuji Itadori", "Yuji Itadori", "Yuji Itadori"]}