{"bbox_annotations": {"bboxes_as_x1y1x2y2": [[492.8030090332031, 71.53284671532846, 686.7153284671532, 227.95133819951337], [517.4050903320312, 845.0413625304136, 580.0238647460938, 1026.2808837890625], [588.4768856447688, 864.1167883211679, 676.0475463867188, 1017.0211791992188], [198.1038360595703, 809.1693725585938, 402.7632751464844, 1145.1705322265625], [369.10784912109375, 283.8353271484375, 695.2992700729926, 528.290283203125], [632.1458129882812, 60.285491943359375, 714.3890380859375, 92.66329956054688], [386.624267578125, 70.67566680908203, 490.51458740234375, 129.42401123046875], [641.40673828125, 329.3405456542969, 728.3923950195312, 361.556396484375], [655.6365356445312, 597.3760375976562, 718.7080688476562, 644.6940307617188], [497.5937194824219, 639.1744384765625, 596.3782348632812, 700.3217163085938], [96.49437713623047, 625.5664672851562, 210.38063049316406, 685.7105102539062], [420.9473876953125, 815.1875142563869, 512.6158447265625, 860.1051167954494], [363.38686131386856, 832.6572265625, 382.71392822265625, 844.0875912408759], [86.84866112108068, 860.0390157212306, 194.19875114793615, 933.8148946274806], [364.95703125, 42.85097122192383, 735.6481323242188, 252.89874267578125], [366.94476318359375, 275.2983093261719, 740.8311767578125, 531.245361328125], [0.6866512298583984, -1.9554051160812378, 359.4890441894531, 528.51318359375], [70.00237274169922, 548.8688354492188, 739.6996459960938, 756.6226806640625], [411.7779235839844, 776.1637573242188, 742.8152465820312, 1093.82177734375], [70.72749328613281, 778.6515502929688, 406.9071960449219, 1141.0001220703125], [679, 407, 703, 434], [134, 985, 155, 1016], [452, 158, 476, 187], [489, 887, 510, 912], [665, 129, 688, 152], [354, 888, 375, 914]], "labels": [0, 0, 0, 0, 0, 1, 1, 1, 1, 1, 1, 1, 1, 1, 2, 2, 2, 2, 2, 2, 3, 3, 3, 3, 3, 3], "image_id": 921}, "character_clusters": [0, 1, 0, 0, 0], "text_char_matches": [[0, 0], [1, 0], [2, 4], [3, 1], [4, 2], [5, 1], [6, 1], [7, 3], [8, 3]], "text_tail_matches": [[0, 4], [1, 2], [2, 0], [6, 3], [7, 5], [8, 1]], "text_classification": [1, 1, 1, 1, 1, 1, 1, 1, 1], "character_names": ["Yuji Itadori", "Satoru Gojo", "Yuji Itadori", "Yuji Itadori", "Yuji Itadori"]}