{"bbox_annotations": {"bboxes_as_x1y1x2y2": [[329.59344482421875, 793.0003051757812, 621.767578125, 1147.74658203125], [44.8272506082725, 0, 421.5669099756691, 366.24817518248176], [158.734130859375, 914.6589965820312, 204.80935668945312, 998.4765625], [100.64802551269531, 931.9774780273438, 162.69708251953125, 1011.9513381995133], [537.92700729927, 201.24574209245742, 721.051094890511, 363.3578186035156], [501.98785400390625, 731.5425790754257, 783.9857788085938, 1142.9901123046875], [356.9132995605469, 396.6122741699219, 598.0145985401459, 671.375], [155.61239624023438, 702.73974609375, 278.37823486328125, 844.9744262695312], [42.246826171875, 409.1678832116788, 174.21945190429688, 670.9026489257812], [517.8978102189781, 394.86131386861314, 711.5133819951338, 670.5012165450121], [568.4476885644768, 158.47251892089844, 619.099609375, 182.17031630170317], [703.5418701171875, 397.0756530761719, 738.4174194335938, 521.885498046875], [621.5030517578125, 564.632603406326, 705.306640625, 667.4957885742188], [175.49391727493915, 422.5206812652068, 247.89189147949216, 468.46627807617193], [192.661800486618, 546.1588745117188, 231.30340576171875, 565.5863746958637], [469.18701171875, 705.676513671875, 520.7407836914062, 729.1526489257812], [87.75883483886719, 722.7108764648438, 119.82376861572266, 814.7507934570312], [246.0729927007299, 911.8053527980535, 281.994384765625, 939.4647201946472], [62.94890510948905, 906.6652221679688, 103.00729927007299, 949.956204379562], [40.3543815612793, 0.5435216426849365, 776.9503173828125, 369.1712341308594], [271.31500244140625, 390.3565368652344, 733.177978515625, 676.0421142578125], [42.94483947753906, 386.8709411621094, 264.3238525390625, 678.0700073242188], [326.5931091308594, 692.2427368164062, 782.0037841796875, 1141.040283203125], [43.10541534423828, 694.8440551757812, 322.1553955078125, 849.7969970703125], [41.62765884399414, 865.1922607421875, 323.2746887207031, 1080.4532470703125], [87, 958, 110, 979], [109, 800, 142, 824], [676, 521, 709, 546], [221, 897, 249, 910]], "labels": [0, 0, 0, 0, 0, 0, 0, 0, 0, 0, 1, 1, 1, 1, 1, 1, 1, 1, 1, 2, 2, 2, 2, 2, 2, 3, 3, 3, 3], "image_id": 924}, "character_clusters": [0, 1, 0, 1, 1, 2, 0, 0, 2, 1], "text_char_matches": [[2, 6], [3, 6], [7, 3], [8, 3]], "text_tail_matches": [[1, 2], [6, 1], [7, 3], [8, 0]], "text_classification": [0, 0, 1, 1, 0, 0, 0, 1, 1], "character_names": ["Satoru Gojo", "Yuji Itadori", "Satoru Gojo", "Yuji Itadori", "Yuji Itadori", "Ryomen Sukuna", "Satoru Gojo", "Satoru Gojo", "Ryomen Sukuna", "Yuji Itadori"]}