{"bbox_annotations": {"bboxes_as_x1y1x2y2": [[248.72396850585938, 734.403892944039, 435.791015625, 1145.8677978515625], [365.0669860839844, 132.54640197753906, 387.63299560546875, 185.6576690673828], [478.79318734793185, 897.879638671875, 692.4379562043796, 1146.4990234375], [261.4054870605469, 143.8686065673828, 290.8912048339844, 172.09815979003906], [614.228710462287, 398.1577453613281, 710.7002563476562, 524.8258056640625], [115.26119232177734, 619.2388916015625, 249.71404266357422, 737.6038818359375], [477.0830078125, 303.1961364746094, 572.7449951171875, 498.9226989746094], [43.948341369628906, 283.62237548828125, 412.0291970802919, 525.8194580078125], [432.05839416058393, 552.8179931640625, 656.1299438476562, 737.3281860351562], [567.7658081054688, 147.8389129638672, 631.9750366210938, 169.99366760253906], [114.49718475341797, 46.61589050292969, 195.24179077148438, 120.22101593017578], [622.2822265625, 305.1865539550781, 708.7786254882812, 349.9489440917969], [362.3622131347656, 304.6184997558594, 443.4005126953125, 368.44140625], [312.8369829683698, 319.12939453125, 330.8221130371094, 381.50851581508516], [118.11498260498047, 448.2144470214844, 193.71229553222656, 500.4627380371094], [603.2362060546875, 565.7890625, 704.2252197265625, 654.4183959960938], [425.38199513381994, 699.1143552311435, 443.5036496350365, 711.5133819951337], [343.3576642335766, 579.8929440389294, 403.4452554744525, 612.3211678832116], [259.26373291015625, 579.9113159179688, 308.9849548339844, 598.9683698296838], [210.78345498783455, 565.3592529296875, 241.13902282714844, 600.8759124087591], [53.1873664855957, 575.1240875912408, 130.9794807434082, 620.905109489051], [559.8637469586374, 821.1970802919708, 656.1946472019464, 852.6715328467153], [31.161577224731445, 1.7796427011489868, 714.41552734375, 263.415771484375], [451.1209716796875, 280.1263427734375, 717.6485595703125, 531.3956298828125], [38.46027374267578, 278.8943176269531, 443.63177490234375, 532.9000854492188], [325.0394592285156, 546.0558471679688, 715.1580810546875, 743.1556396484375], [39.5506477355957, 543.0232543945312, 322.6898498535156, 745.1534423828125], [40.35755920410156, 758.0032348632812, 716.9982299804688, 1144.222900390625], [511, 816, 544, 835], [195, 469, 218, 489], [613, 359, 639, 376], [192, 130, 219, 159], [388, 383, 411, 407], [446, 706, 463, 723], [217, 600, 237, 621], [302.3455, 359.5718, 314.7445, 379.601]], "labels": [0, 0, 0, 0, 0, 0, 0, 0, 0, 1, 1, 1, 1, 1, 1, 1, 1, 1, 1, 1, 1, 1, 2, 2, 2, 2, 2, 2, 3, 3, 3, 3, 3, 3, 3, 3], "image_id": 906}, "character_clusters": [0, 1, 2, 2, 2, 3, 1, 1, 2], "text_char_matches": [[6, 8], [12, 0], [2, 6], [3, 7], [5, 7], [11, 5], [9, 5], [8, 8], [1, 3], [10, 5]], "text_tail_matches": [[1, 3], [2, 2], [3, 4], [4, 7], [5, 1], [7, 5], [10, 6], [12, 0]], "text_classification": [0, 1, 1, 1, 0, 1, 1, 1, 1, 1, 1, 1, 1], "character_names": ["Satoru Gojo", "Ryomen Sukuna", "Megumi Fushiguro", "Megumi Fushiguro", "Megumi Fushiguro", "Yuji Itadori", "Ryomen Sukuna", "Ryomen Sukuna", "Megumi Fushiguro"]}