{"bbox_annotations": {"bboxes_as_x1y1x2y2": [[472.02520751953125, 109.41527557373047, 724.3074340820312, 406.8523483276367], [146.41342163085938, 132.922607421875, 327.09619140625, 401.7490539550781], [298.517578125, 144.97323600973235, 448.4696960449219, 404.3617858886719], [167.91566467285156, 454.94890510948903, 617.6492462158203, 1143.5717761557175], [641.4108276367188, 51.9189338684082, 710.3563232421875, 97.50875854492188], [625.6739659367396, 153.8231658935547, 673.8601684570312, 173.58637469586373], [463.3705139160156, 207.97805786132812, 513.1289537712895, 230.8126520681265], [350.6133728027344, 90.36351776123047, 448.83306884765625, 166.1510009765625], [107.0654067993164, 150.53359985351562, 173.6122283935547, 182.5917205810547], [594.406005859375, 502.63746958637466, 698.7830810546875, 589.4306569343065], [135.0240020751953, 574.1703163017031, 215.04954528808594, 643.7294921875], [451.1880798339844, 60.93400573730469, 738.6080932617188, 410.2640075683594], [68.90080261230469, 64.349609375, 451.41949462890625, 408.82861328125], [65.00199890136719, 429.01239013671875, 739.3184814453125, 1144.815673828125], [329, 155, 362, 186], [155, 220, 184, 243], [668, 129, 691, 153]], "labels": [0, 0, 0, 0, 1, 1, 1, 1, 1, 1, 1, 2, 2, 2, 3, 3, 3], "image_id": 905}, "character_clusters": [0, 1, 0, 0], "text_char_matches": [[0, 0], [3, 1], [4, 1], [5, 1], [6, 1]], "text_tail_matches": [[0, 2], [3, 0], [4, 1]], "text_classification": [1, 0, 0, 1, 1, 1, 1], "character_names": ["Yuji Itadori", "Satoru Gojo", "Yuji Itadori", "Yuji Itadori"]}