{"bbox_annotations": {"bboxes_as_x1y1x2y2": [[260.4383850097656, 575.1240875912408, 388.3000183105469, 732.0502319335938], [266.347412109375, 808.2970581054688, 419.65936739659367, 1074.5726318359375], [86.010009765625, 760.1557177615572, 260.01104736328125, 867.5079956054688], [162.9372100830078, 567.4939172749391, 285.0779113769531, 733.2840576171875], [136.20068359375, 961.9137573242188, 260.0256652832031, 1077.132568359375], [61.48941421508789, 860.9573364257812, 191.7281837463379, 971.6259155273438], [87.12718200683594, -0.15779632329940796, 544.6478729248047, 284.5706277489662], [614.2130126953125, 65.67851257324219, 716.5218505859375, 146.8807785888078], [81.91373443603516, 68.56159210205078, 186.09036254882812, 180.21885681152344], [605.1456909179688, 355.75669099756686, 734.2857055664062, 457.6985473632812], [93.26079559326172, 378.70830756788416, 222.21331024169922, 463.69887763624354], [611.229248046875, 610.6650892568621, 741.6134033203125, 738.8622328115496], [524.331787109375, 890.6151875962306, 624.6139526367188, 978.9358052720119], [389.8569390141471, 596.8017720688869, 455.95404594774084, 616.2277364243556], [59.75263595581055, 598.9683698296836, 141.50358200073242, 632.3503649635036], [40.42443084716797, 1.818867802619934, 778.8677978515625, 283.9552917480469], [40.07626724243164, 301.3538818359375, 787.4367065429688, 540.2985229492188], [468.598388671875, 558.3833618164062, 782.7442626953125, 1079.2803955078125], [41.99390411376953, 557.3096923828125, 462.9598388671875, 738.90966796875], [264.51092529296875, 759.7056884765625, 461.38812255859375, 1078.604248046875], [44.2365608215332, 751.5165405273438, 261.0843505859375, 1077.385009765625], [547, 126, 594, 151], [189, 151, 222, 175], [127, 653, 151, 682], [360, 580, 387, 598]], "labels": [0, 0, 0, 0, 0, 0, 0, 1, 1, 1, 1, 1, 1, 1, 1, 2, 2, 2, 2, 2, 2, 3, 3, 3, 3], "image_id": 922}, "character_clusters": [0, 0, 1, 2, 3, 4, 2], "text_char_matches": [[0, 6], [1, 6], [2, 6], [3, 6], [4, 6], [5, 6], [6, 3], [7, 3]], "text_tail_matches": [[0, 0], [1, 1], [6, 3], [7, 2]], "text_classification": [1, 1, 1, 1, 1, 1, 1, 1], "character_names": ["Yuji Itadori", "Yuji Itadori", "Megumi Fushiguro", "Satoru Gojo", "Setsuko Sasaki", "Takeshi Iguchi", "Satoru Gojo"]}