{"bbox_annotations": {"bboxes_as_x1y1x2y2": [[474.40399169921875, 929.03271484375, 506.1766662597656, 1024.096435546875], [504.1331787109375, 790.599609375, 724.6354370117188, 1139.9228515625], [702.6513671875, 890.6019287109375, 761.0260620117188, 985.0107421875], [341.2486877441406, 857.0122680664062, 476.49908447265625, 1106.2901611328125], [701.109619140625, 896.577880859375, 753.4230346679688, 991.697021484375], [562.7307739257812, 561.8927612304688, 645.1748046875, 672.3054809570312], [44.8272506082725, 718.9823608398438, 234.36153411865234, 929.92700729927], [208.07728576660156, 554.4053344726562, 391.5762023925781, 688.7222900390625], [621.9428100585938, 555.23388671875, 665.6177368164062, 605.67578125], [42.99895095825195, -4.114698886871338, 782.2856330871582, 538.0407576560974], [290.8213806152344, 887.671142578125, 362.7196960449219, 1114.573974609375], [551.794921875, 613.625244140625, 588.35400390625, 659.024169921875], [702.8638305664062, 940.6256103515625, 782.56201171875, 1144.898193359375], [749.7902221679688, 875.707763671875, 782.6962280273438, 971.2855224609375], [44.37565231323242, 950.7064208984375, 248.7652702331543, 1143.5717761557178], [655.4313354492188, 303.14007568359375, 755.8531494140625, 345.271484375], [129.67649841308594, 221.30325317382812, 224.95994567871094, 282.33648681640625], [76.70294189453125, 357.63458251953125, 207.36451721191406, 399.3627624511719], [413.1062316894531, 581.2455444335938, 454.0613708496094, 616.61962890625], [120.9733657836914, 595.5562133789062, 177.13722229003906, 632.984130859375], [69.43762969970703, 631.6875, 108.44570922851562, 667.1302490234375], [691.4586791992188, 765.7793579101562, 745.5021362304688, 812.2205200195312], [236.72567749023438, 782.8772583007812, 301.7335205078125, 868.1161499023438], [41.47795867919922, -1.4431066513061523, 782.6802368164062, 535.9591674804688], [42.695556640625, 549.8887329101562, 783.6807250976562, 694.2781982421875], [242.7053985595703, 685.7942504882812, 781.2675170898438, 1142.857421875], [41.24528884887695, 709.0133666992188, 253.40977478027344, 931.16015625], [41.512351989746094, 947.3157958984375, 245.75413513183594, 1149.7728271484375], [224, 256, 254, 280], [625, 351, 651, 372], [662, 818, 688, 841], [190, 624, 214, 644], [397, 587, 422, 608]], "labels": [0, 0, 0, 0, 0, 0, 0, 0, 0, 0, 0, 0, 0, 0, 0, 1, 1, 1, 1, 1, 1, 1, 1, 2, 2, 2, 2, 2, 3, 3, 3, 3, 3], "image_id": 723}, "character_clusters": [0, 1, 2, 3, 4, 5, 0, 1, 6, 0, 7, 8, 9, 10, 0], "text_char_matches": [[0, 9], [1, 9], [2, 9], [3, 7], [4, 7], [5, 7], [6, 1], [7, 1]], "text_tail_matches": [[0, 1], [1, 0], [2, 0], [3, 4], [4, 3], [5, 3], [6, 2]], "text_classification": [1, 1, 1, 1, 1, 1, 1, 1], "character_names": ["Chihiro Rokuhira", "Korogumi Yakuza Boss", "none", "none", "none", "none", "Chihiro Rokuhira", "Korogumi Yakuza Boss", "none", "Chihiro Rokuhira", "none", "none", "Hostage", "none", "Chihiro Rokuhira"]}