{"bbox_annotations": {"bboxes_as_x1y1x2y2": [[308.8382568359375, 280.2243347167969, 345.8070983886719, 380.45159912109375], [469.14349365234375, 60.12257766723633, 716.4967041015625, 583.9201240539551], [177.4464874267578, 452.6682434082031, 293.29254150390625, 626.1434326171875], [538.8807785888077, 910.8515815085158, 597.0305786132812, 1034.1971435546875], [283.5407409667969, 405.4679260253906, 460.09320068359375, 616.28271484375], [448.2655944824219, 336.6812652068126, 491.0153503417969, 391.0802307128906], [599.5907592773438, 781.1356201171875, 781.418701171875, 1137.6016845703125], [44.35036849975586, 861.5928344726562, 175.49391727493918, 1145.5699462890625], [203.2186279296875, 687.3619995117188, 394.6695861816406, 1145.1959228515625], [564.846435546875, 438.93487548828125, 708.3875732421875, 610.8995361328125], [181.21654501216543, 1021.3381958007812, 593.3602905273438, 1144.086181640625], [272.77858880778587, 366.24817518248176, 375.7858880778589, 387.23114355231144], [214.09698486328125, 119.14813232421875, 323.7007141113281, 180.8616943359375], [151.97845458984375, 226.66441345214844, 253.4532012939453, 287.3296813964844], [699.2662963867188, 714.4895629882812, 756.0870971679688, 746.5869750976562], [638.1942138671875, 715.660888671875, 700.6497802734375, 770.2303466796875], [439.46978759765625, 743.9416058394161, 555.6885986328125, 798.1943359375001], [428.9909362792969, 887.007299270073, 516.63134765625, 927.5620727539062], [72.6211166381836, 679.4234619140625, 168.54029846191406, 761.9630126953125], [45.86089324951172, 773.567626953125, 160.13279724121094, 870.6859130859375], [41.65095520019531, -1.3187429904937744, 777.9740600585938, 647.7208251953125], [596.2786865234375, 667.126953125, 783.098388671875, 1144.2406005859375], [182.63482666015625, 663.7999267578125, 598.7620239257812, 1142.2333984375], [42.74176025390625, 664.1791381835938, 178.39614868164062, 1144.8226318359375], [397, 869, 421, 888], [296, 194, 318, 221], [657, 790, 680, 821]], "labels": [0, 0, 0, 0, 0, 0, 0, 0, 0, 0, 0, 0, 1, 1, 1, 1, 1, 1, 1, 1, 2, 2, 2, 2, 3, 3, 3], "image_id": 731}, "character_clusters": [0, 1, 2, 1, 3, 4, 5, 0, 0, 6, 5, 5], "text_char_matches": [[0, 0], [1, 0], [2, 6], [3, 6], [4, 8], [5, 8], [6, 7], [7, 7]], "text_tail_matches": [[0, 1], [1, 1], [2, 2], [3, 2], [4, 0], [5, 0]], "text_classification": [1, 1, 1, 1, 1, 1, 1, 1], "character_names": ["Chihiro Rokuhira", "Togo Shiba", "none", "Togo Shiba", "none", "none", "Korogumi Yakuza Boss", "Chihiro Rokuhira", "Chihiro Rokuhira", "none", "Korogumi Yakuza Boss", "Korogumi Yakuza Boss"]}