{"bbox_annotations": {"bboxes_as_x1y1x2y2": [[232.44468688964844, 407.9228820800781, 728.4175872802734, 800.3172607421875], [497.5849304199219, 136.71568298339844, 621.8081665039062, 368.64532470703125], [165.96633911132812, 29.544998168945312, 303.8780822753906, 382.8667755126953], [207.81268310546875, 913.52783203125, 299.5335693359375, 1045.605712890625], [47.117130279541016, 205.99159240722656, 174.0162696838379, 381.3239440917969], [435.3598327636719, 154.10719299316406, 495.7635498046875, 376.318115234375], [39.781612396240234, 525.9212646484375, 315.18264389038086, 799.8639526367188], [387.23114355231144, 974.7542579075425, 418.70559610705595, 1013.8588807785887], [474.978102189781, 958.5401459854014, 526.4817518248175, 999.552311435523], [421.5669099756691, 1005.2749391727493, 458.7639902676399, 1031.9805352798053], [621.0192260742188, 78.20924574209245, 691.40380859375, 148.3619384765625], [627.5468139648438, 201.24574209245742, 709.5363159179688, 284.8592834472656], [484.7675476074219, 78.61229705810547, 567.8587036132812, 141.1581508515815], [347.5028076171875, 68.10393524169922, 431.1816101074219, 164.50241088867188], [320.7233581542969, 217.32667541503906, 418.21148681640625, 265.09014892578125], [57.827613830566406, 70.76480102539062, 183.6355743408203, 152.39842224121094], [182.8803253173828, 191.66879272460938, 232.67381286621094, 212.63160705566406], [523.6961059570312, 385.7684631347656, 607.9111938476562, 403.11810302734375], [232.5144805908203, 502.410201023965, 301.707275390625, 584.6847066391994], [144.3654022216797, 566.9209486318621, 231.24090576171875, 617.5419813467058], [65.29768371582031, 621.8588807785887, 167.09559631347656, 729.3256225585938], [585.1029052734375, 902.2676399026764, 684.7683715820312, 991.2183227539064], [78.0105209350586, 909.8978102189781, 163.93429565429688, 969.5903930664062], [306.7860107421875, -0.7664856314659119, 720.8624877929688, 386.36871337890625], [43.83065414428711, 0.9160667061805725, 301.5646057128906, 385.60150146484375], [37.930145263671875, 402.2373352050781, 725.1359252929688, 802.9833984375], [563.1510620117188, 855.8722534179688, 706.8054809570312, 1032.861083984375], [179.78082275390625, 826.9354858398438, 566.8289794921875, 1071.3902587890625], [72.80447387695312, 887.1602783203125, 168.9167938232422, 993.7008666992188], [587, 135, 615, 159], [96, 181, 117, 210], [426, 113, 468, 143], [230, 201, 248, 219], [419, 192, 442, 215]], "labels": [0, 0, 0, 0, 0, 0, 0, 0, 0, 0, 1, 1, 1, 1, 1, 1, 1, 1, 1, 1, 1, 1, 1, 2, 2, 2, 2, 2, 2, 3, 3, 3, 3, 3], "image_id": 689}, "character_clusters": [0, 0, 0, 0, 1, 1, 1, 2, 3, 4], "text_char_matches": [[0, 1], [1, 1], [2, 1], [3, 1], [4, 5], [5, 4], [6, 2], [8, 6], [9, 6], [10, 6], [11, 6], [12, 6]], "text_tail_matches": [[0, 0], [1, 0], [3, 2], [4, 4], [6, 3], [5, 1]], "text_classification": [1, 1, 1, 1, 1, 1, 1, 0, 1, 1, 1, 1, 1], "character_names": ["Kunishige Rokuhira", "Kunishige Rokuhira", "Kunishige Rokuhira", "Kunishige Rokuhira", "Chihiro Rokuhira", "Chihiro Rokuhira", "Chihiro Rokuhira", "none", "none", "none"]}