{"bbox_annotations": {"bboxes_as_x1y1x2y2": [[362.22125244140625, 906.265625, 421.3901672363281, 982.6489868164062], [103.87918632860021, 404.39902676399026, 430.4687554203971, 831.1416876948374], [224.50167846679688, 44.8272506082725, 614.228710462287, 344.3114355231143], [215.80323791503906, 910.785400390625, 265.6792907714844, 1052.1456298828125], [222.35476684570312, 856.4887084960938, 286.5907287597656, 926.5552368164062], [310.6310729980469, 928.0194647201946, 499.7115783691406, 1143.8748779296875], [47.4375114440918, 857.0821533203125, 261.98656845092773, 1144.6485595703125], [443.5036496350365, 596.1070559610705, 783.3206176757812, 826.9881591796875], [428.2433090024331, 344.3114355231143, 783.0462287104622, 827.8734793187348], [43.87347931873479, 221.27493917274938, 233.67396593673965, 829.7810218978102], [251.7956204379562, 591.3381995133819, 371.0170316301703, 815.4744525547444], [454.94890510948903, 897.4987834549878, 495.9610705596107, 940.4184914841849], [470.20924574209243, 849.8102189781022, 745.8491484184915, 1143.5717761557178], [702.9294403892943, 195.52311435523114, 783.0462287104622, 303.2992700729927], [397.7226277372262, 576.0778588807786, 485.4695863746958, 675.2700729927008], [297.5766423357664, 922.2968369829683, 354.80291970802915, 1043.4257907542578], [418.70559610705595, 853.9401245117188, 467.055419921875, 869.8394160583941], [39.773155212402344, 4.448974609375, 779.2648315429688, 827.67626953125], [42.90972137451172, 852.608642578125, 781.0957641601562, 1144.501708984375]], "labels": [0, 0, 0, 0, 0, 0, 0, 0, 0, 0, 0, 0, 0, 0, 0, 0, 1, 2, 2], "image_id": 729}, "character_clusters": [0, 1, 2, 3, 4, 2, 5, 6, 7, 8, 9, 10, 11, 12, 13, 14], "text_char_matches": [], "text_tail_matches": [], "text_classification": [0], "character_names": ["none", "none", "Chihiro Rokuhira", "none", "none", "Chihiro Rokuhira", "none", "none", "none", "none", "none", "none", "none", "none", "none", "none"]}