{"bbox_annotations": {"bboxes_as_x1y1x2y2": [[517.6460571289062, 1012.1710205078125, 583.5935668945312, 1119.3046875], [179.4920654296875, 72.62671661376953, 468.76922607421875, 205.28739166259766], [500.9129943847656, 72.73190307617188, 720.1160888671875, 203.0548095703125], [688.3042602539062, 771.8602294921875, 784.7049560546875, 1075.0740966796875], [367.2019464720195, 968.0778588807785, 409.5242004394531, 1103.4957275390625], [620.9251098632812, 298.5085144042969, 786.4960327148438, 678.8612670898438], [601.6671142578125, 870.4729614257812, 712.17724609375, 1065.7301025390625], [44.42011260986328, 1022.4428223844282, 108.01539611816406, 1111.298583984375], [247.83999633789062, 1030.1904296875, 274.4578857421875, 1096.1497802734375], [443.25140380859375, 1024.7467041015625, 526.7115478515625, 1140.5048828125], [4.768856447688564, 292.80778588807783, 489.2846715328467, 522.6666666666666], [325.23600973236006, 297.5766423357664, 727.7274939172748, 678.1313868613138], [43.87347931873479, 1061.5474452554745, 169.77128953771287, 1104.4671532846717], [566.7222290039062, 779.2311435523114, 648.775146484375, 835.3937988281251], [520.0728759765625, 835.6685791015625, 564.6651000976562, 859.2335205078125], [107.60926055908203, 811.6593673965937, 193.8282470703125, 873.0949096679688], [42.81371307373047, 65.03697967529297, 722.3102416992188, 207.9038848876953], [-1.001845359802246, 293.6836242675781, 782.0868530273438, 679.00537109375], [592.6170654296875, 770.6346435546875, 781.5232543945312, 1077.750244140625], [36.888671875, 764.3049926757812, 600.1743774414062, 1143.6246337890625], [647, 787, 675, 812]], "labels": [0, 0, 0, 0, 0, 0, 0, 0, 0, 0, 0, 0, 0, 1, 1, 1, 2, 2, 2, 2, 3], "image_id": 721}, "character_clusters": [0, 1, 2, 2, 3, 4, 1, 5, 6, 7, 8, 3, 9], "text_char_matches": [[0, 3], [1, 3], [2, 3]], "text_tail_matches": [[0, 0], [1, 0]], "text_classification": [1, 1, 1], "character_names": ["none", "Hostage", "Korogumi Yakuza Boss", "Korogumi Yakuza Boss", "Chihiro Rokuhira", "none", "Hostage", "Togo Shiba", "none", "none", "none", "Chihiro Rokuhira", "none"]}