{"bbox_annotations": {"bboxes_as_x1y1x2y2": [[527.9993896484375, 408.43359375, 579.2280883789062, 488.1846008300781], [540.8485717773438, 152.60340632603405, 723.2872924804688, 684.6403198242188], [4.067663192749023, 1032.934306569343, 229.8588807785888, 1147.5889892578127], [170.7250608272506, 910.8515815085158, 352.8934326171875, 1110.1897810218977], [266.1021897810219, 669.4048461914062, 639.9805352798053, 1047.2408759124087], [0, 0, 430.77509927749634, 661.6105759143829], [245.00799560546875, 964.3123779296875, 444.9345397949219, 1145.016357421875], [42.34572982788086, 856.2410278320312, 178.67557907104492, 1052.6263427734375], [409.98565673828125, 153.69325256347656, 615.1353149414062, 678.0209503173828], [598.915283203125, 710.0914916992188, 743.2490844726562, 1080.9158935546875], [270.49981689453125, 125.93717956542969, 397.36932373046875, 292.1650390625], [356.0963439941406, 86.52561950683594, 392.119384765625, 111.82405090332031], [580.1018676757812, 700.96044921875, 613.04443359375, 844.4293823242188], [88.04016876220703, 750.6737670898438, 130.97052001953125, 773.7818603515625], [-5.885672092437744, -3.0666251182556152, 730.4852294921875, 686.1444702148438], [-0.0661463737487793, 657.1206665039062, 741.1617431640625, 1129.93017578125], [100, 790, 122, 815], [354, 114, 368, 128]], "labels": [0, 0, 0, 0, 0, 0, 0, 0, 0, 0, 0, 1, 1, 1, 2, 2, 3, 3], "image_id": 720}, "character_clusters": [0, 1, 2, 3, 4, 3, 4, 1, 2, 4, 4], "text_char_matches": [[2, 7]], "text_tail_matches": [[0, 1], [2, 0]], "text_classification": [1, 1, 1], "character_names": ["Hostage", "none", "none", "Chihiro Rokuhira", "none", "Chihiro Rokuhira", "none", "none", "none", "none", "none"]}