{"bbox_annotations": {"bboxes_as_x1y1x2y2": [[183.5752716064453, 651.2102661132812, 589.0789947509766, 763.49853515625], [192.66915893554688, 47.493839263916016, 705.3715515136719, 478.0281105041504], [0.623553991317749, 0, 173.28105521202087, 478.1063566207886], [335.227294921875, 539.6038208007812, 407.5091857910156, 631.32958984375], [1.9075425790754257, 728.6812652068126, 783.0462287104623, 1142.61800486618], [209.81031799316406, 31.0087833404541, 264.6220703125, 52.824790954589844], [139.594482421875, 146.4270477294922, 230.51480102539062, 180.72842407226562], [114.34098052978516, 272.90289306640625, 218.173828125, 320.9028625488281], [519.8053527980535, 519.8053527980535, 610.6091918945312, 574.6163330078125], [101.2305679321289, 534.1119221411192, 213.85064697265625, 620.8544921875], [329.4748840332031, 800.958740234375, 415.2447814941406, 828.63720703125], [180.55523681640625, -2.934361696243286, 766.1696166992188, 481.984375], [-1.1812536716461182, 3.1851534843444824, 233.9227294921875, 481.20916748046875], [53.415008544921875, 492.8791198730469, 670.6580810546875, 637.6746215820312], [4.254326343536377, 581.361572265625, 783.989990234375, 1147.6195068359375], [90, 299, 115, 321], [362, 750, 386, 775]], "labels": [0, 0, 0, 0, 0, 1, 1, 1, 1, 1, 1, 2, 2, 2, 2, 3, 3], "image_id": 724}, "character_clusters": [0, 0, 1, 0, 0], "text_char_matches": [[2, 2], [1, 2], [3, 2], [4, 2], [5, 0]], "text_tail_matches": [[1, 0], [2, 0], [5, 1]], "text_classification": [0, 1, 1, 1, 1, 1], "character_names": ["Chihiro Rokuhira", "Chihiro Rokuhira", "Togo Shiba", "Chihiro Rokuhira", "Chihiro Rokuhira"]}