{"bbox_annotations": {"bboxes_as_x1y1x2y2": [[151.82614135742188, 706.6655883789062, 409.01287841796875, 1012.29150390625], [127.39302062988281, 492.3985900878906, 325.050048828125, 682.1605224609375], [0.8369584083557129, 761.7346801757812, 164.62734842300415, 1009.7022705078125], [401.1062927246094, 243.34732055664062, 476.92791748046875, 364.5930480957031], [300.7297668457031, 425.3799743652344, 728.217529296875, 683.8544921875], [636.5470581054688, 752.0704345703125, 742.4920654296875, 1009.8787841796875], [312.71051025390625, 234.94407653808594, 360.69903564453125, 358.13372802734375], [500.4571533203125, 759.8616333007812, 692.9240112304688, 1008.4373168945312], [331.82745361328125, 91.56183624267578, 392.21514892578125, 158.72344970703125], [369.1094890510949, 391.0462287104623, 645.8013305664062, 420.5130920410157], [74.77914428710938, 395.77606201171875, 264.2788391113281, 413.6381530761719], [632.461181640625, 476.0943908691406, 705.2713623046875, 527.2784423828125], [571.937744140625, 491.5629577636719, 633.957275390625, 573.7865600585938], [69.91925811767578, 470.20924574209243, 129.5613555908203, 529.179931640625], [431.0407409667969, 740.1265206812652, 522.5166625976562, 812.0979614257814], [437.8358154296875, 828.8272506082725, 494.2085876464844, 905.4969482421876], [145.86907958984375, 752.5255474452555, 239.77577209472656, 811.4832153320312], [226.62448120117188, 858.3941605839416, 288.96002197265625, 887.4277954101562], [166.90997566909974, 1052.0097323600974, 237.4890510948905, 1082.646728515625], [1.4566922187805176, -0.20448602735996246, 729.1941528320312, 401.8174133300781], [-2.6855521202087402, 416.5583801269531, 738.265869140625, 687.5386962890625], [413.46826171875, 701.8419189453125, 742.4140014648438, 1011.7632446289062], [-3.251826763153076, 704.572021484375, 405.6066589355469, 1015.3136596679688], [18.611757278442383, 1031.1492919921875, 645.5294189453125, 1145.48583984375], [529, 792, 552, 812], [544, 534, 569, 554], [131, 507, 155, 527], [347, 164, 368, 190], [291, 850, 310, 870]], "labels": [0, 0, 0, 0, 0, 0, 0, 0, 1, 1, 1, 1, 1, 1, 1, 1, 1, 1, 1, 2, 2, 2, 2, 2, 3, 3, 3, 3, 3], "image_id": 682}, "character_clusters": [0, 1, 1, 1, 0, 1, 0, 0], "text_char_matches": [[0, 6], [3, 4], [4, 4], [5, 1], [6, 7], [9, 0], [8, 2], [7, 7]], "text_tail_matches": [[0, 3], [3, 1], [4, 1], [5, 2], [6, 0], [7, 0], [9, 4]], "text_classification": [1, 0, 0, 1, 1, 1, 1, 1, 1, 1, 0], "character_names": ["Kunishige Rokuhira", "Chihiro Rokuhira", "Chihiro Rokuhira", "Chihiro Rokuhira", "Kunishige Rokuhira", "Chihiro Rokuhira", "Kunishige Rokuhira", "Kunishige Rokuhira"]}