{"bbox_annotations": {"bboxes_as_x1y1x2y2": [[205.0059051513672, 237.25, 369.7983093261719, 414.6224670410156], [249.88807785888076, 819.5407104492188, 492.9111328125, 1072.6649169921875], [0.34499621391296387, 64.95928192138672, 263.52709460258484, 414.62926483154297], [440.64233576642334, 228.90510948905109, 738.3786010742188, 416.3065185546875], [78.41630554199219, 805.7570190429688, 153.7172393798828, 944.2335766423357], [0.4160667657852173, 441.363037109375, 134.37116014957428, 660.3143310546875], [359.0775146484375, 812.930908203125, 393.7754211425781, 852.8121948242188], [-2.265519142150879, 936.603406326034, 245.08203029632568, 1103.5133819951338], [594.78515625, 449.557861328125, 675.9181518554688, 528.6376953125], [498.45233154296875, 718.5917358398438, 738.6943969726562, 1078.5499267578125], [387.7429504394531, 443.2959899902344, 740.0377197265625, 661.7195434570312], [408.6234130859375, 30.44129753112793, 559.090576171875, 198.93881034851074], [155.04173278808594, 457.641845703125, 399.4884948730469, 659.6500244140625], [538.8807785888077, -0.9537712895377128, 740.1265206812652, 202.19951338199513], [609.6353149414062, 55.78616714477539, 700.2158203125, 121.21692276000977], [580.570556640625, 119.0914535522461, 626.0825805664062, 175.66444396972656], [454.94890510948903, 133.5279805352798, 507.4063260340632, 188.84671532846716], [466.79302978515625, 268.3039245605469, 558.7944946289062, 327.4418640136719], [394.0614929199219, 292.62994384765625, 470.6250305175781, 394.6484680175781], [267.3163757324219, 152.98240661621094, 317.9185485839844, 188.4928436279297], [5.899556636810303, 94.5135726928711, 65.4294753074646, 121.19956970214844], [67.87852478027344, 709.751220703125, 151.24093627929688, 778.7813110351562], [378.4992370605469, 0.36557528376579285, 744.8735961914062, 204.7987060546875], [380.44293212890625, 223.61402893066406, 740.6385498046875, 420.2724609375], [0.39639925956726074, 0.30267685651779175, 371.0661926269531, 419.1152038574219], [-1.4927911758422852, 438.9969177246094, 737.5008544921875, 665.2791137695312], [496.7190246582031, 681.4296875, 740.7291259765625, 1114.2855224609375], [248.10107421875, 679.9667358398438, 496.14154052734375, 1111.5692138671875], [-2.4642269611358643, 683.129150390625, 244.3049774169922, 1145.1341552734375], [580, 60, 608, 80], [554, 317, 580, 336], [259, 196, 284, 215], [101, 781, 120, 804], [504, 147, 524, 163]], "labels": [0, 0, 0, 0, 0, 0, 0, 0, 0, 0, 0, 0, 0, 0, 1, 1, 1, 1, 1, 1, 1, 1, 2, 2, 2, 2, 2, 2, 2, 3, 3, 3, 3, 3], "image_id": 716}, "character_clusters": [0, 0, 1, 0, 2, 3, 2, 0, 4, 0, 0, 1, 1, 0], "text_char_matches": [[4, 3], [3, 3], [5, 2], [7, 4], [0, 11], [1, 11], [2, 13]], "text_tail_matches": [[0, 0], [1, 0], [2, 4], [3, 1], [4, 1], [5, 2], [7, 3]], "text_classification": [1, 1, 1, 1, 1, 1, 0, 1], "character_names": ["none", "none", "none", "none", "Togo Shiba", "none", "Togo Shiba", "none", "none", "none", "none", "none", "none", "none"]}