{"bbox_annotations": {"bboxes_as_x1y1x2y2": [[500.23089599609375, 1031.15478515625, 639.7646484375, 1144.86083984375], [52.45742092457421, 328.14874267578125, 716.8412170410157, 774.8759155273438], [41.42768859863281, 60.08759124087591, 248.38218688964844, 300.04434967041016], [594.2727661132812, 812.8004150390625, 771.8330688476562, 1003.2997436523438], [452.2313232421875, 71.05703735351562, 607.6248168945312, 299.7824401855469], [270.6278076171875, 892.7299270072992, 489.2751159667969, 1144.9713134765625], [256.7925720214844, 32.366172790527344, 434.165771484375, 300.9710006713867], [46.92797088623047, 896.3248291015625, 228.34398651123047, 1141.967041015625], [689.4232788085938, 86.00934600830078, 760.3724975585938, 129.44729614257812], [547.0514526367188, 61.64650344848633, 640.7845458984375, 135.27759170532227], [544.8785400390625, 173.58637469586373, 617.291015625, 221.05685424804688], [214.9704132080078, 82.66239929199219, 309.93841552734375, 133.19496154785156], [156.45899963378906, 57.198341369628906, 205.47337341308594, 104.64263153076172], [42.78392791748047, 128.32586669921875, 79.92662048339844, 211.48631286621094], [679.7826538085938, 482.31695556640625, 739.6873779296875, 533.4985961914062], [634.2972412109375, 600.12744140625, 747.8262939453125, 666.8438720703125], [691.2528076171875, 818.3357664233577, 782.5789184570312, 901.6409912109376], [518.9154052734375, 921.3430656934306, 574.0714111328125, 988.5824584960938], [703.2219848632812, 1050.102189781022, 755.4915771484375, 1132.302490234375], [248.84805297851562, 887.0009155273438, 275.9601135253906, 904.1918334960938], [654.3076171875, 0.06654113531112671, 782.72021484375, 309.1825866699219], [442.0419921875, 1.1595048904418945, 647.918212890625, 306.6025085449219], [248.6955108642578, 1.1815316677093506, 445.4747314453125, 306.48663330078125], [39.97657012939453, 1.4011174440383911, 250.0020751953125, 307.7040710449219], [39.075706481933594, 328.95623779296875, 775.6759033203125, 773.77490234375], [497.2364807128906, 791.4235229492188, 783.7388916015625, 1008.2512817382812], [500.0622863769531, 1025.3485107421875, 781.2411499023438, 1146.0577392578125], [43.00264358520508, 795.7442626953125, 489.35296630859375, 1140.8250732421875], [602, 674, 633, 694], [576, 946, 598, 964], [674, 1108, 699, 1126], [518, 201, 544, 221], [698, 905, 722, 927]], "labels": [0, 0, 0, 0, 0, 0, 0, 0, 1, 1, 1, 1, 1, 1, 1, 1, 1, 1, 1, 1, 2, 2, 2, 2, 2, 2, 2, 2, 3, 3, 3, 3, 3], "image_id": 711}, "character_clusters": [0, 0, 1, 1, 0, 1, 0, 0], "text_char_matches": [[2, 4], [1, 4], [0, 4], [3, 6], [6, 1], [7, 1], [8, 3], [9, 3], [10, 0]], "text_tail_matches": [[1, 3], [2, 3], [6, 0], [7, 0], [8, 4], [9, 1], [10, 2]], "text_classification": [1, 1, 1, 1, 0, 0, 1, 1, 1, 1, 1, 1], "character_names": ["Chihiro Rokuhira", "Chihiro Rokuhira", "Togo Shiba", "Togo Shiba", "Chihiro Rokuhira", "Togo Shiba", "Chihiro Rokuhira", "Chihiro Rokuhira"]}