{"bbox_annotations": {"bboxes_as_x1y1x2y2": [[645.5653076171875, 942.4688110351562, 783.1788330078125, 1145.2100830078125], [47.7501335144043, 469.0401306152344, 249.72605514526367, 881.6243896484375], [464.6391296386719, 922.96240234375, 668.5936739659367, 1144.5091552734375], [43.44054412841797, 928.5940551757812, 222.09053802490234, 1145.4691162109375], [197.1840057373047, 1.684587001800537, 698.2799530029297, 125.29893636703491], [320.5378723144531, 144.55950927734375, 690.1743774414062, 422.2377624511719], [265.82562255859375, 482.5990295410156, 480.7910461425781, 881.4921875], [555.5249633789062, 562.8455810546875, 782.6287841796875, 884.6614379882812], [694.03076171875, 14.039815902709961, 762.2269287109375, 40.99019241333008], [662.552978515625, 72.6352767944336, 727.5772705078125, 96.89488220214844], [211.07315063476562, 151.60951232910156, 298.99365234375, 175.83529663085938], [180.7570037841797, 340.81005859375, 209.70521545410156, 373.93359375], [555.0061645507812, 543.7169189453125, 597.9823608398438, 575.2520141601562], [475.4078369140625, 578.9150390625, 520.306640625, 608.4384155273438], [50.41996383666992, 591.0264282226562, 111.72550964355469, 652.4525756835938], [646.754150390625, 926.564208984375, 723.2619018554688, 963.4871215820312], [430.76336669921875, 1065.369873046875, 525.0784301757812, 1126.8892822265625], [326.4837646484375, 954.8443603515625, 372.1402282714844, 978.751220703125], [273.13519287109375, 1039.5498046875, 356.5744323730469, 1107.6097412109375], [178.91038513183594, 1007.6299438476562, 251.52236938476562, 1136.3214111328125], [108.76774597167969, -0.357479453086853, 776.4240112304688, 131.23573303222656], [73.30020904541016, 138.87472534179688, 756.6934814453125, 425.2173767089844], [250.45355224609375, 443.5938415527344, 779.3267822265625, 884.1517333984375], [39.66569900512695, 442.2904052734375, 247.87294006347656, 882.0481567382812], [410.1903076171875, 906.4049072265625, 781.8436889648438, 1145.2901611328125], [44.29642105102539, 901.3759155273438, 410.05535888671875, 1144.440185546875], [576, 593, 598, 613], [516, 1055, 537, 1077], [214, 346, 242, 365], [377, 982, 400, 1006], [184, 184, 214, 204], [110, 622, 131, 641], [458, 572, 480, 596]], "labels": [0, 0, 0, 0, 0, 0, 0, 0, 1, 1, 1, 1, 1, 1, 1, 1, 1, 1, 1, 1, 2, 2, 2, 2, 2, 2, 3, 3, 3, 3, 3, 3, 3], "image_id": 709}, "character_clusters": [0, 0, 1, 1, 1, 1, 0, 1], "text_char_matches": [[4, 7], [5, 6], [2, 6], [6, 1], [8, 2], [11, 3], [7, 2], [9, 0], [10, 0], [3, 5]], "text_tail_matches": [[2, 4], [3, 2], [4, 0], [5, 6], [8, 1], [9, 3], [10, 3]], "text_classification": [0, 0, 1, 1, 1, 1, 1, 1, 1, 1, 1, 1], "character_names": ["Togo Shiba", "Togo Shiba", "Chihiro Rokuhira", "Chihiro Rokuhira", "Chihiro Rokuhira", "Chihiro Rokuhira", "Togo Shiba", "Chihiro Rokuhira"]}