{"bbox_annotations": {"bboxes_as_x1y1x2y2": [[356.25286865234375, 525.80517578125, 570.120361328125, 937.046875], [235.91647338867188, 400.8704833984375, 467.23583984375, 774.2166137695312], [679.7006225585938, 519.0413208007812, 737.9365844726562, 646.3993530273438], [530.2008056640625, 465.5376892089844, 651.704345703125, 845.207763671875], [197.82020568847656, 585.2582397460938, 256.61065673828125, 657.3024291992188], [62.493099212646484, 743.2474365234375, 397.62026596069336, 1022.4484252929688], [75.09843444824219, 504.81634521484375, 198.37350463867188, 816.1222534179688], [44.39563751220703, 489.59295654296875, 79.26995086669922, 653.6879272460938], [610.6767578125, 608.466064453125, 743.9459228515625, 895.0237426757812], [69.36184692382812, 125.22595977783203, 686.9045715332031, 353.16358184814453], [42.41641616821289, 65.9783706665039, 740.4100341796875, 1083.8533935546875]], "labels": [0, 0, 0, 0, 0, 0, 0, 0, 0, 1, 2], "image_id": 703}, "character_clusters": [0, 1, 2, 3, 4, 5, 6, 7, 8], "text_char_matches": [], "text_tail_matches": [], "text_classification": [1], "character_names": ["none", "none", "none", "Korogumi Yakuza Boss", "none", "none", "none", "none", "Hostage"]}