{"bbox_annotations": {"bboxes_as_x1y1x2y2": [[85.97869873046875, 346.3134460449219, 782.18212890625, 1080.3074645996094], [121.75575256347656, 548.2488403320312, 262.91741943359375, 646.6569343065694], [660.0249633789062, 540.8941040039062, 755.9963989257812, 604.9290771484375], [-0.592139720916748, 2.024454355239868, 115.09243822097778, 236.27097535133362], [123.06155395507812, 1.4660377502441406, 654.8425598144531, 256.0456886291504], [47.65787887573242, 4.489044189453125, 241.84450912475586, 238.17344665527344], [215.8427276611328, 60.402095794677734, 283.22467041015625, 151.24546432495117], [13.35279805352798, 880.330900243309, 708.6520681265206, 1066.316301703163], [0.9537712895377128, 555.0948905109489, 58.180048661800484, 639.0267639902676], [47.688564476885645, 522.6666666666666, 123.03649635036496, 639.0267639902676], [291.8540145985401, 537.92700729927, 385.323600973236, 650.4720194647201], [254.65693430656933, 542.6958637469586, 311.8832116788321, 658.1021897810218], [116.36009732360097, 584.661800486618, 156.4184914841849, 643.7956204379561], [152.83657836914062, 265.73443603515625, 210.5061798095703, 288.70013427734375], [0.42267322540283203, 3.6253488063812256, 783.5751953125, 276.03546142578125], [1.026308536529541, 248.02699279785156, 784.0288696289062, 1138.2841796875]], "labels": [0, 0, 0, 0, 0, 0, 0, 0, 0, 0, 0, 0, 0, 1, 2, 2], "image_id": 727}, "character_clusters": [0, 1, 2, 3, 4, 5, 6, 7, 8, 9, 10, 11, 12], "text_char_matches": [], "text_tail_matches": [], "text_classification": [0], "character_names": ["Chihiro Rokuhira", "none", "none", "none", "none", "none", "none", "none", "none", "none", "none", "none", "none"]}