{"bbox_annotations": {"bboxes_as_x1y1x2y2": [[138.96380615234375, 0, 374.8321167883212, 193.72484302520755], [364.3406326034063, 0.1762828230857849, 734.4471435546875, 391.1180858016014], [0, 28.613138686131386, 127.21104431152344, 372.5574073791504], [421.43310546875, 426.33576642335765, 737.265206812652, 718.1897810218977], [608.5060827250608, 912.7591240875912, 745.8491484184914, 1020.5352798053527], [682.7515258789062, 65.55126953125, 734.67578125, 92.75162506103516], [387.3310241699219, 79.69439697265625, 417.2472229003906, 102.97799682617188], [292.1286926269531, 94.14080047607422, 338.94842529296875, 116.4742431640625], [122.6010971069336, 14.738774299621582, 196.2914276123047, 66.9585428237915], [85.96088409423828, 291.8031005859375, 137.1929168701172, 313.044677734375], [106.72821044921875, 424.0853576660156, 162.03515625, 446.9781799316406], [722.9686889648438, 870.5932006835938, 769.7764892578125, 895.8013305664062], [491.074462890625, 956.77978515625, 540.3594970703125, 980.7672119140625], [436.8164367675781, 885.377685546875, 483.4664001464844, 908.625732421875], [254.4457244873047, 893.9158935546875, 299.4847412109375, 915.2908935546875], [105.65113067626953, 890.8369140625, 154.443115234375, 915.4255981445312], [350.3269958496094, -2.1457979679107666, 742.0151977539062, 420.93743896484375], [119.55619812011719, 0.47904497385025024, 372.31207275390625, 397.8975524902344], [0.3015139102935791, 11.837480545043945, 129.14080810546875, 384.6130065917969], [1.6830058097839355, 405.73187255859375, 742.2171020507812, 866.161865234375], [490.0971374511719, 844.367431640625, 741.1820678710938, 1143.47802734375], [243.4797821044922, 858.8341064453125, 484.7925109863281, 1142.5791015625], [1.8910012245178223, 876.43798828125, 238.7648162841797, 1142.6275634765625], [333, 89, 356, 109]], "labels": [0, 0, 0, 0, 0, 1, 1, 1, 1, 1, 1, 1, 1, 1, 1, 1, 2, 2, 2, 2, 2, 2, 2, 3], "image_id": 690}, "character_clusters": [0, 0, 1, 0, 0], "text_char_matches": [[4, 2], [2, 0]], "text_tail_matches": [[2, 0]], "text_classification": [0, 0, 1, 0, 1, 0, 0, 0, 0, 0, 0], "character_names": ["Kunishige Rokuhira", "Kunishige Rokuhira", "Chihiro Rokuhira", "Kunishige Rokuhira", "Kunishige Rokuhira"]}