{"bbox_annotations": {"bboxes_as_x1y1x2y2": [[274.8587341308594, 1003.773681640625, 462.0236511230469, 1144.2164306640625], [539.4461059570312, 286.5350036621094, 655.71826171875, 538.3460693359375], [42.398014068603516, 875.1586303710938, 261.67819595336914, 1142.807373046875], [220.990966796875, 576.5972290039062, 351.43133544921875, 840.8551025390625], [473.46673583984375, 873.5173950195312, 670.2426147460938, 1143.4097900390625], [458.7211608886719, 562.134765625, 718.4288940429688, 840.4593505859375], [677.653076171875, 1042.990478515625, 782.7623901367188, 1144.774658203125], [644.3897705078125, 26.463043212890625, 693.0380859375, 49.64569091796875], [499.07525634765625, 105.63407135009766, 546.3037109375, 129.34075927734375], [339.3721618652344, 31.265432357788086, 388.2445983886719, 54.31170654296875], [360.37591552734375, 385.0925598144531, 429.1636657714844, 435.3392333984375], [136.63047790527344, 59.08724594116211, 194.2548065185547, 85.35285186767578], [46.7305908203125, 203.9736328125, 95.2549057006836, 226.79522705078125], [368.5913391113281, 619.9513381995133, 456.0451965332031, 691.797607421875], [152.31195068359375, 612.2655029296875, 195.84645080566406, 632.60595703125], [700.3097785151498, 924.3723754882812, 772.1527350581185, 960.4476885644768], [619.6311645507812, 921.4095709956185, 697.2186889648438, 984.6606085932748], [508.71535712843104, 1015.9254543926304, 558.846216503431, 1048.7757351543491], [303.71710205078125, 907.9902676399026, 385.5023498535156, 982.1690673828125], [338.37603418206356, 1026.6800896489128, 387.1709865746417, 1047.240875912409], [232.45929938917322, 922.1635274399806, 268.2991889155404, 1006.228710462287], [123.00426041354808, 1039.2888685537368, 161.96766220798168, 1063.2386976552993], [39.95869445800781, -2.1565639972686768, 780.9659423828125, 538.9561767578125], [39.83098220825195, 558.6409912109375, 720.6761474609375, 842.9896240234375], [467.23162841796875, 868.2070922851562, 776.0892333984375, 1144.3153076171875], [39.96257400512695, 866.7833251953125, 458.4278869628906, 1151.2481689453125], [674, 1005, 699, 1035], [448, 703, 471, 723], [124, 1002, 141, 1033], [440, 385, 472, 406], [527, 980, 543, 1004], [365, 1002, 387, 1026], [189, 616, 211, 632]], "labels": [0, 0, 0, 0, 0, 0, 0, 1, 1, 1, 1, 1, 1, 1, 1, 1, 1, 1, 1, 1, 1, 1, 2, 2, 2, 2, 3, 3, 3, 3, 3, 3, 3], "image_id": 691}, "character_clusters": [0, 1, 2, 2, 1, 0, 0], "text_char_matches": [[3, 1], [6, 5], [7, 3], [8, 6], [9, 6], [10, 4], [11, 0], [13, 0], [14, 2]], "text_tail_matches": [[3, 3], [6, 1], [7, 6], [8, 0], [9, 0], [10, 4], [11, 5], [13, 5], [14, 2]], "text_classification": [0, 0, 0, 1, 0, 0, 1, 1, 1, 1, 1, 1, 0, 0, 1], "character_names": ["Kunishige Rokuhira", "Togo Shiba", "Chihiro Rokuhira", "Chihiro Rokuhira", "Togo Shiba", "Kunishige Rokuhira", "Kunishige Rokuhira"]}