{"bbox_annotations": {"bboxes_as_x1y1x2y2": [[156.83441162109375, 527.4355231143552, 332.07476806640625, 818.900390625], [294.5560302734375, 833.32421875, 596.0921020507812, 1146.591552734375], [146.12205505371094, 168.35800170898438, 219.6396942138672, 382.35211181640625], [218.4581756591797, 204.03018188476562, 272.741943359375, 341.0341491699219], [394.02593994140625, 571.1021118164062, 443.53173828125, 634.9948120117188], [-1.5316121578216553, 487.64019775390625, 106.99083352088928, 816.1784057617188], [57.50691223144531, 120.03680419921875, 163.33535766601562, 399.3453369140625], [368.79864501953125, 41.87068557739258, 655.636962890625, 793.0216865539551], [602.0328979492188, 0, 742.120849609375, 824.3663997650146], [86.25584411621094, 673.9398803710938, 167.9689178466797, 813.7693481445312], [624.7330322265625, 312.3150634765625, 712.5091552734375, 359.25604248046875], [608.4794921875, 384.70794677734375, 656.0087890625, 433.53863525390625], [422.8633728027344, 495.5031433105469, 447.35205078125, 524.5322875976562], [360.6614990234375, 525.9400634765625, 416.5316467285156, 563.56689453125], [252.89125061035156, 134.1618194580078, 317.5921630859375, 191.30789184570312], [206.01459854014598, 80.7536392211914, 249.1081085205078, 115.40632603406326], [145.25723266601562, 79.38793182373047, 212.69099756690997, 124.4025650024414], [27.035367965698242, 312.4861145019531, 94.93704032897949, 344.01739501953125], [226.48719787597656, 450.18004866180047, 288.0386047363281, 506.3354187011719], [107.06668853759766, 462.57907542579073, 200.22962951660156, 534.8336181640625], [37.069435119628906, 693.5192260742188, 85.63741302490234, 729.777099609375], [611.3316650390625, 959.8540181626369, 663.4180908203125, 1012.6164082993556], [135.50872802734375, 973.8004866180048, 247.59701538085938, 1064.5849968754753], [333.5502624511719, 5.988190174102783, 740.036865234375, 817.467041015625], [2.279444694519043, 0.35017699003219604, 331.10906982421875, 409.3472595214844], [-4.393722057342529, 417.0371398925781, 333.8465881347656, 821.5650634765625], [279.6499328613281, 838.0088500976562, 673.3963623046875, 1142.9945068359375], [131.3343505859375, 943.7437744140625, 250.67648315429688, 1090.9739990234375], [124, 549, 149, 571], [619, 252, 653, 284], [97, 312, 124, 336], [131, 121, 154, 143], [82, 668, 107, 688], [254, 519, 272, 541], [266, 201, 285, 223]], "labels": [0, 0, 0, 0, 0, 0, 0, 0, 0, 0, 1, 1, 1, 1, 1, 1, 1, 1, 1, 1, 1, 1, 1, 2, 2, 2, 2, 2, 3, 3, 3, 3, 3, 3, 3], "image_id": 692}, "character_clusters": [0, 1, 2, 0, 0, 1, 1, 1, 2, 2], "text_char_matches": [[0, 7], [1, 7], [3, 4], [4, 3], [6, 6], [5, 6], [7, 2], [8, 0], [9, 5], [11, 9], [12, 9], [2, 4], [10, 0]], "text_tail_matches": [[0, 1], [1, 1], [4, 6], [5, 3], [6, 3], [7, 2], [9, 0], [10, 4]], "text_classification": [1, 1, 1, 1, 1, 1, 1, 1, 1, 1, 1, 1, 1], "character_names": ["Kunishige Rokuhira", "Togo Shiba", "Chihiro Rokuhira", "Kunishige Rokuhira", "Kunishige Rokuhira", "Togo Shiba", "Togo Shiba", "Togo Shiba", "Chihiro Rokuhira", "Chihiro Rokuhira"]}