{"bbox_annotations": {"bboxes_as_x1y1x2y2": [[142.7459716796875, 285.25, 585.70263671875, 665.3926391601562], [377.9907531738281, 1702.75, 500.5, 2098.25], [382.8363952636719, 1531.25, 566.6009521484375, 1706.98291015625], [118.76980590820312, 738.5, 653.7937316894531, 1391.25], [607.8502807617188, 290.5, 918.3992919921875, 666.0305786132812], [673.471923828125, 719.25, 1386.615478515625, 1392.133544921875], [1014.5078125, 3.523012161254883, 1397.86279296875, 298.9274616241455], [1009.1250610351562, 1540, 1306.23388671875, 1954.75], [400.1478576660156, 175.1095428466797, 594.332275390625, 309.5395812988281], [1114.75, 403.0649719238281, 1244.644775390625, 532.0], [678.1331787109375, 161.6873016357422, 797.798828125, 200.46739196777344], [139.13446044921875, 259.7465515136719, 286.11138916015625, 366.91571044921875], [1153.28759765625, 721, 1323.46142578125, 1153.2198486328125], [684.25, 735, 898.3983154296875, 1155], [427.84051513671875, 759.5, 637.2619018554688, 978.5682983398438], [126.08699798583984, 780.5, 343.7341537475586, 936.0687866210938], [1208.794677734375, 1513.5701904296875, 1271.0289306640625, 1549.582275390625], [941.5460205078125, 1473.5, 1083.076904296875, 1632.9569091796875], [794.5150756835938, 1466.5, 910.8311767578125, 1619.2553710937498], [605.5, 1487.5, 793.0635375976562, 1792.0], [232.75, 1454.25, 428.8094787597656, 1592.5], [142.40130615234375, 1771, 307.22479248046875, 1920.568115234375], [600.0983276367188, -4.636099815368652, 1397.1715087890625, 670.0198364257812], [109.71723175048828, 162.22642517089844, 600.626708984375, 676.4307250976562], [658.1675415039062, 696.8731689453125, 1394.093017578125, 1396.347412109375], [107.52571868896484, 700.7313842773438, 661.0121459960938, 1404.7725830078125], [929.4724731445312, 1433.10986328125, 1304.74560546875, 1964.0030517578125], [108.20950317382812, 1430.6251220703125, 923.318115234375, 2091.67724609375], [155, 469, 193, 527], [1245, 301, 1286, 357], [828, 1172, 873, 1218], [342, 1884, 385, 1942], [747, 277, 788, 371], [564, 1520, 610, 1549], [155, 1043, 201, 1106], [578, 1026, 612, 1078], [1311, 1185, 1357, 1239], [422, 1518, 473, 1561]], "labels": [0, 0, 0, 0, 0, 0, 0, 0, 0, 1, 1, 1, 1, 1, 1, 1, 1, 1, 1, 1, 1, 1, 2, 2, 2, 2, 2, 2, 3, 3, 3, 3, 3, 3, 3, 3, 3, 3], "image_id": 593}, "character_clusters": [0, 1, 0, 1, 0, 1, 1, 0, 1], "text_char_matches": [[0, 6], [1, 4], [2, 0], [3, 5], [4, 5], [5, 3], [6, 3], [8, 7], [10, 2], [11, 2], [9, 2], [12, 1], [7, 7]], "text_tail_matches": [[0, 1], [1, 4], [2, 0], [3, 8], [4, 2], [5, 7], [6, 6], [9, 5], [10, 5], [11, 9], [12, 3]], "text_classification": [1, 1, 1, 1, 1, 1, 1, 1, 1, 1, 1, 1, 1], "character_names": ["Moritaka Mashiro", "Akito Takagi", "Moritaka Mashiro", "Akito Takagi", "Moritaka Mashiro", "Akito Takagi", "Akito Takagi", "Moritaka Mashiro", "Akito Takagi"]}