{"bbox_annotations": {"bboxes_as_x1y1x2y2": [[723.6688232421875, 1519, 927.271484375, 1956.5601806640625], [621.512939453125, 853.288330078125, 679.5997314453125, 961.2200927734375], [97.55913543701172, 1380.2139892578125, 163.76663208007812, 1465.7940673828125], [921.5237426757812, 1516.1475830078125, 1068.617431640625, 1765.9383544921875], [250.5542755126953, 1412.885009765625, 325.19970703125, 1640.32275390625], [267.16650390625, 1561.96044921875, 487.11444091796875, 1866.650390625], [208.552978515625, 1.1733100414276123, 609.1442260742188, 599.4928901195526], [1002.4854125976562, 189, 1196.9217529296875, 595.7532348632812], [696.4259643554688, 131.90525817871094, 988.4995727539062, 599.7283782958984], [679.4988403320312, 828.8088989257812, 759.5, 969.52099609375], [478.86126708984375, 162.9817352294922, 663.443115234375, 507.5], [60.224693298339844, 171.23776245117188, 206.2153549194336, 519.75], [972.5197143554688, 701.75, 1198.3037109375, 1018.180419921875], [338.29925537109375, 673.75, 553.3651733398438, 811.50830078125], [88.06906127929688, 967.75, 237.3385467529297, 1253.4801025390625], [1110.341796875, 1443.43603515625, 1225.711669921875, 1599.7603759765625], [698.2503051757812, 1407, 861.2862548828125, 1458.8306884765625], [447.6563720703125, 1390.4000244140625, 609.7738647460938, 1637.4317626953125], [138.17445373535156, 1734.755859375, 198.49314880371094, 1771.8792724609375], [688.0394287109375, -1.5396819114685059, 1266.4390869140625, 605.908203125], [-2.2724151611328125, 2.9469027519226074, 681.6140747070312, 603.9158935546875], [-1.6820311546325684, 637.2796020507812, 1272.159912109375, 1342.9287109375], [674.244140625, 1366.390380859375, 1270.4208984375, 1966.019775390625], [78.39579772949219, 1360.2440185546875, 667.1005249023438, 1963.102294921875], [352, 1478, 405, 1514], [1070, 1667, 1139, 1746], [187, 466, 241, 508], [547, 769, 594, 819], [429, 168, 478, 215], [865, 1453, 959, 1540]], "labels": [0, 0, 0, 0, 0, 0, 0, 0, 0, 0, 1, 1, 1, 1, 1, 1, 1, 1, 1, 2, 2, 2, 2, 2, 3, 3, 3, 3, 3, 3], "image_id": 582}, "character_clusters": [0, 0, 1, 2, 0, 2, 0, 2, 0, 2], "text_char_matches": [[0, 6], [1, 6], [3, 1], [2, 9], [4, 9], [5, 0], [6, 3], [7, 4], [8, 5]], "text_tail_matches": [[0, 4], [1, 2], [3, 3], [5, 1], [6, 5], [7, 0]], "text_classification": [1, 1, 1, 1, 1, 1, 1, 1, 1], "character_names": ["Moritaka Mashiro", "Moritaka Mashiro", "none", "Akito Takagi", "Moritaka Mashiro", "Akito Takagi", "Moritaka Mashiro", "Akito Takagi", "Moritaka Mashiro", "Akito Takagi"]}