{"bbox_annotations": {"bboxes_as_x1y1x2y2": [[894.25, 57.75, 1398.25, 1400.0], [453.8670349121094, 175, 893.1366577148438, 1989.2575683593748], [57.75, 14, 470.1334571838379, 1392.8420715332031], [1126.756103515625, 141.72393798828125, 1328.1568603515625, 609.0], [865.2913208007812, 248.9807891845703, 1086.75, 458.5], [906.9713745117188, 561.6536865234375, 1031.5125732421875, 652.5160522460938], [154, 247.00076293945312, 418.91285705566406, 572.25], [1137.5, 1411.2664794921875, 1330.0943603515625, 1606.5], [858.29541015625, 1489.25, 1113.84521484375, 1905.75], [1188.25, 1778.020263671875, 1337.0, 1919.75], [134.4822540283203, 1573.25, 519.5379180908203, 1863.153076171875], [42.03346252441406, 1.2268513441085815, 1390.8829345703125, 2099.5537109375], [355, 580, 402, 655], [1211, 628, 1260, 691]], "labels": [0, 0, 0, 1, 1, 1, 1, 1, 1, 1, 1, 2, 3, 3], "image_id": 595}, "character_clusters": [0, 1, 2], "text_char_matches": [[0, 0], [1, 0], [2, 0], [3, 2], [4, 0], [5, 0], [7, 2]], "text_tail_matches": [[0, 1], [1, 1], [2, 1], [3, 0]], "text_classification": [1, 1, 1, 1, 1, 1, 0, 1], "character_names": ["Akito Takagi", "Miho Azuki", "Moritaka Mashiro"]}