{"bbox_annotations": {"bboxes_as_x1y1x2y2": [[510.4923095703125, 180.02366638183594, 639.3806762695312, 362.4114990234375], [427.6758117675781, 738.5, 718.9188842773438, 1105.4791259765625], [158.2335662841797, 164.12808227539062, 444.0399627685547, 634.5572509765625], [838.9970092773438, 98, 1323.8480224609375, 635.1939849853516], [128.79525756835938, 1155.9459228515625, 691.5253601074219, 2086.36669921875], [266.9803466796875, 945.6743774414062, 447.45416259765625, 1105.85546875], [1030.2000732421875, 747.25, 1315.5733642578125, 1104.70068359375], [205.73240661621094, 699.078369140625, 416.4564514160156, 1101.4854736328125], [763.0556640625, 754.25, 1045.3802490234375, 1103.8314208984375], [764.75, 1162, 1342.25, 1386], [1169.4354248046875, 302.5136413574219, 1324.0262451171875, 364.7120666503906], [824.25, 292.25, 876.75, 372.75], [716.0560913085938, 387.5586242675781, 801.322265625, 453.0570373535156], [456.0104064941406, 450.2603454589844, 621.289306640625, 541.5094604492188], [1155, 773.5, 1305.4898681640625, 911.75], [782.1809692382812, 752.5814819335938, 851.3297119140625, 787.4315795898438], [585.6287841796875, 721, 711.9738159179688, 850.3681030273439], [472.152587890625, 1040.143310546875, 519.6114501953125, 1072.944091796875], [1108.176025390625, 1550.8597412109375, 1349.0684814453125, 1820.678955078125], [214.11294555664062, 1173.0574951171875, 376.6678466796875, 1339.6610107421875], [645.0982666015625, -3.3009142875671387, 1353.4666748046875, 636.8118896484375], [126.91902160644531, -6.129156112670898, 646.3231811523438, 638.225830078125], [753.2151489257812, 685.3712768554688, 1326.26318359375, 1114.8419189453125], [124.57357025146484, 680.538818359375, 746.1043701171875, 1118.84619140625], [117.52568054199219, 1151.5509033203125, 1393.94677734375, 2097.560302734375], [1121, 181, 1178, 229], [1237, 1979, 1315, 2068], [1103, 782, 1150, 821], [486, 719, 571, 765], [865, 780, 904, 822], [659, 481, 723, 566], [428, 1041, 469, 1078]], "labels": [0, 0, 0, 0, 0, 0, 0, 0, 0, 0, 1, 1, 1, 1, 1, 1, 1, 1, 1, 1, 2, 2, 2, 2, 2, 3, 3, 3, 3, 3, 3, 3], "image_id": 605}, "character_clusters": [0, 1, 2, 1, 0, 2, 2, 0, 1, 1], "text_char_matches": [[0, 3], [3, 2], [2, 0], [6, 7], [4, 6], [5, 8], [8, 9], [7, 5], [9, 4]], "text_tail_matches": [[0, 0], [2, 5], [4, 2], [5, 4], [6, 3], [7, 6], [8, 1]], "text_classification": [1, 0, 1, 1, 1, 1, 1, 1, 1, 1], "character_names": ["Moritaka Mashiro", "Moritaka\u2019s grandpa", "Moritaka\u2019s mom", "Moritaka\u2019s grandpa", "Moritaka Mashiro", "Moritaka\u2019s mom", "Moritaka\u2019s mom", "Moritaka Mashiro", "Moritaka\u2019s grandpa", "Moritaka\u2019s grandpa"]}