{"bbox_annotations": {"bboxes_as_x1y1x2y2": [[343, 1251.4554443359375, 1276.1846618652344, 1961.85888671875], [135.5066375732422, 1246.280029296875, 332.5, 1412.25], [119, 63.25074768066406, 1086.75, 695.3413848876953], [752.1239624023438, 742, 1099.2283935546875, 1199.1234130859375], [138.3231658935547, 759.5, 395.25559997558594, 1194.8245849609375], [360.2803039550781, 747.25, 703.5, 1200.89208984375], [-3.265021800994873, 1684.3995361328125, 336.75112199783325, 1963.07470703125], [1002.75, 204.75, 1213.4117431640625, 469.0], [164.00390625, 194.36233520507812, 328.57574462890625, 273.9229736328125], [1096.5987548828125, 834.75, 1252.5653076171875, 903.5939331054688], [510.6346130371094, 831.25, 682.2977294921875, 991.0247192382812], [47.675865173339844, 771.75, 172.08892822265625, 1053.5], [995.1031494140625, 1276.0146484375, 1216.862060546875, 1526.0], [782.25, 1701, 1042.2506103515625, 1911], [424.8731384277344, 1326.8868408203125, 521.03662109375, 1481.101318359375], [78.58716583251953, -1.2823328971862793, 1275.454345703125, 703.3399658203125], [717.4005737304688, 729.8549194335938, 1278.765625, 1210.2158203125], [9.825241088867188, 728.9564819335938, 712.8950805664062, 1209.868896484375], [343.2294921875, 1226.692626953125, 1276.493896484375, 1962.529296875], [-1.5111849308013916, 1239.4122314453125, 336.907958984375, 2077.10009765625], [921, 200, 982, 240], [1037, 838, 1092, 874], [605, 1395, 657, 1438], [404, 214, 461, 258], [161, 779, 218, 823], [364, 766, 511, 812]], "labels": [0, 0, 0, 0, 0, 0, 0, 1, 1, 1, 1, 1, 1, 1, 1, 2, 2, 2, 2, 2, 3, 3, 3, 3, 3, 3], "image_id": 606}, "character_clusters": [0, 0, 0, 1, 1, 0, 1], "text_char_matches": [[0, 2], [1, 2], [2, 3], [3, 4], [4, 4], [5, 0], [7, 0], [6, 0]], "text_tail_matches": [[0, 0], [1, 3], [2, 1], [3, 5], [4, 4], [7, 2]], "text_classification": [1, 1, 1, 1, 1, 1, 1, 1], "character_names": ["Moritaka\u2019s grandpa", "Moritaka\u2019s grandpa", "Moritaka\u2019s grandpa", "Moritaka Mashiro", "Moritaka Mashiro", "Moritaka\u2019s grandpa", "Moritaka Mashiro"]}