{"bbox_annotations": {"bboxes_as_x1y1x2y2": [[1000.892578125, 589.4955444335938, 1196.667724609375, 856.4235229492188], [133.04409790039062, 591.4009399414062, 560.3616943359375, 1270.1358642578125], [702.263916015625, 896, 1035.869140625, 1266.731689453125], [551.975341796875, 373.00567626953125, 723.059326171875, 514.6130981445312], [644.2464599609375, 1316, 1373.75, 1694], [789.6331176757812, 213.77427673339844, 927.177001953125, 505.7764129638672], [132.06063842773438, 1328.25, 959.6119079589844, 2104.383544921875], [1152.6343994140625, 194.4551239013672, 1298.8701171875, 364.0], [248.04000854492188, 136.3197021484375, 403.5533752441406, 416.5], [1209.483154296875, 783.6197509765625, 1362.9051513671875, 939.0302734375], [728.8952026367188, 641.3298950195312, 929.972900390625, 824.3678588867188], [602.3780517578125, 668.8353271484375, 649.605224609375, 700.5173950195312], [158.0844268798828, 704.2020263671875, 278.2829895019531, 736.9221801757812], [1123.5, 1800.75, 1328.3143310546875, 1926.2440185546875], [124.26753234863281, -1.6532421112060547, 1323.45849609375, 539.4187622070312], [696.672119140625, 572.9208374023438, 1397.4832763671875, 1273.595947265625], [122.88426208496094, 572.2615966796875, 687.2982177734375, 1279.53173828125], [121.6723861694336, 1302.336669921875, 1389.9229736328125, 2090.59521484375], [977, 191, 1120, 238], [402, 353, 510, 426], [274, 690, 321, 734], [1236, 1598, 1289, 1718], [752, 886, 801, 949], [1202, 665, 1255, 730], [542, 689, 583, 728]], "labels": [0, 0, 0, 0, 0, 0, 0, 1, 1, 1, 1, 1, 1, 1, 2, 2, 2, 2, 3, 3, 3, 3, 3, 3, 3], "image_id": 589}, "character_clusters": [0, 0, 1, 1, 0, 0, 1], "text_char_matches": [[0, 5], [1, 3], [2, 0], [3, 2], [5, 1], [6, 4], [4, 1]], "text_tail_matches": [[0, 0], [1, 1], [2, 5], [3, 4], [4, 6], [5, 2], [6, 3]], "text_classification": [1, 1, 1, 1, 1, 1, 1], "character_names": ["Akito Takagi", "Akito Takagi", "Moritaka Mashiro", "Moritaka Mashiro", "Akito Takagi", "Akito Takagi", "Moritaka Mashiro"]}