{"bbox_annotations": {"bboxes_as_x1y1x2y2": [[902.44873046875, 632.6502075195312, 1167.5921630859375, 1009.4467163085938], [526.619873046875, 3.4575798511505127, 761.6016845703125, 486.74410939216614], [847.0303344726562, 141.18719482421875, 1271.3681640625, 483.00439453125], [442.89508056640625, 1327.0413818359375, 734.9014282226562, 1967.15673828125], [109.66020202636719, 317.1924133300781, 468.8331756591797, 477.41058349609375], [85.28858184814453, 533.52001953125, 474.8728713989258, 1012.5388793945312], [1107.12109375, 142.8687744140625, 1268.298583984375, 259.0], [777.3740844726562, 140.1763916015625, 908.2806396484375, 357.0], [1052.2320556640625, 582.75, 1221.0980224609375, 796.25], [661.6324462890625, 584.5, 823.4385986328125, 728.0], [694.843017578125, 885.5, 778.8485107421875, 925.1820678710939], [443.3846740722656, 633.5, 616.7744750976562, 885.5], [49.81070327758789, 628.6687622070312, 148.6027717590332, 666.9813842773438], [1002.3544921875, 1102.5, 1218.73974609375, 1331.5963134765625], [1029, 1452.5, 1179.51953125, 1721.568359375], [852.7112426757812, 1597.2650146484375, 907.5654907226562, 1945.199951171875], [418.25, 1174.25, 497.7725219726563, 1282.1246337890625], [960.2601928710938, 1825.8594970703125, 1048.2249755859375, 1863.392578125], [193.5810546875, 1279.25, 344.3595886230469, 1541.9024658203125], [40.891475677490234, 1132.3084716796875, 156.15241622924805, 1431.5], [69.96717071533203, 1632.75, 243.25, 2006.6595458984375], [769.0025634765625, 3.847045421600342, 1270.3609619140625, 491.2396545410156], [485.1849060058594, -0.6026767492294312, 756.94091796875, 496.9405822753906], [79.53353118896484, -3.7652783393859863, 480.07916259765625, 488.3948669433594], [650.9782104492188, 522.615234375, 1270.996337890625, 1014.4103393554688], [40.39897537231445, 524.2833251953125, 641.7484130859375, 1017.6665649414062], [-12.472123146057129, 1035.84521484375, 1267.1055908203125, 2095.447265625], [367, 779, 420, 823], [356, 1524, 400, 1562], [157, 676, 206, 723], [1002, 599, 1049, 644], [917, 1270, 981, 1336], [823, 670, 876, 708], [792, 892, 827, 929]], "labels": [0, 0, 0, 0, 0, 0, 1, 1, 1, 1, 1, 1, 1, 1, 1, 1, 1, 1, 1, 1, 1, 2, 2, 2, 2, 2, 2, 3, 3, 3, 3, 3, 3, 3], "image_id": 608}, "character_clusters": [0, 0, 0, 0, 0, 0], "text_char_matches": [[0, 2], [1, 2], [3, 0], [5, 5], [7, 3], [11, 3], [12, 3], [14, 3]], "text_tail_matches": [[2, 3], [3, 5], [4, 6], [5, 0], [6, 2], [7, 4], [12, 1]], "text_classification": [1, 1, 1, 1, 1, 1, 1, 1, 1, 1, 1, 1, 1, 1, 1], "character_names": ["Moritaka Mashiro", "Moritaka Mashiro", "Moritaka Mashiro", "Moritaka Mashiro", "Moritaka Mashiro", "Moritaka Mashiro"]}