{"bbox_annotations": {"bboxes_as_x1y1x2y2": [[1123.5009765625, 1739.5, 1376.8397216796875, 2101.811767578125], [814.004638671875, 874.38427734375, 939.3908081054688, 1298.262451171875], [93.45599365234375, 217.0092010498047, 432.8135070800781, 631.5693817138672], [1330.1075439453125, 1841.6024169921875, 1398.263671875, 2101.12744140625], [1006.0056762695312, 133.4127197265625, 1147.18017578125, 428.0906677246094], [920.5, 713.1578979492188, 1226.75, 1290.541748046875], [281.00341796875, 1597.0146484375, 387.7230224609375, 1961.2080078125], [106.42588806152344, 1629.25, 289.6348876953125, 1944.25], [99.75, 773.5, 421.39239501953125, 1300.25], [736.1450805664062, 1730.75, 925.4615478515625, 2105.376708984375], [900.29736328125, 432.25, 1040.2607421875, 624.1833496093749], [194.25, 709.2285766601562, 700.0, 1270.5], [400.75, 1352.75, 644.0, 1583.75], [1142.75, 127.75, 1357.9970703125, 518.0], [776.372314453125, 140, 931.1405639648438, 457.9110107421875], [475.67401123046875, 197.75, 730.187744140625, 518.0], [119, 192.5, 282.5858840942383, 364.0], [1098.220947265625, 985.25, 1349.4888916015625, 1218.0], [864.4425048828125, 717.5988159179688, 914.7552490234375, 787.0929565429688], [566.3399047851562, 792.75, 771.7710571289062, 951.7474975585938], [126, 691.25, 308.522705078125, 829.6424560546875], [1176.1807861328125, 1393, 1326.1983642578125, 1559.17333984375], [719.4531860351562, 1375.5, 1045.3135986328125, 1663.6029052734373], [418.0943603515625, 1352.75, 513.1184692382812, 1434.721923828125], [442.6094665527344, 1753.5, 649.4351196289062, 1944.2159423828125], [157.32469177246094, 1403.5, 376.25, 1514.0679931640625], [752.3951416015625, 2.7066707611083984, 1398.0667724609375, 634.953857421875], [94.38465118408203, 166.18710327148438, 742.8527221679688, 639.302490234375], [808.5841674804688, 667.8504638671875, 1399.882080078125, 1296.94580078125], [94.6400146484375, 669.5695190429688, 804.3084716796875, 1308.6705322265625], [701.27587890625, 1340.81201171875, 1394.917724609375, 2097.333740234375], [391.5471496582031, 1332.48681640625, 679.9716186523438, 1970.3233642578125], [94.7502212524414, 1344.560302734375, 391.36822509765625, 1959.448486328125], [311, 1598, 368, 1659], [1235, 1633, 1276, 1694], [949, 781, 1001, 827], [660, 552, 727, 605], [945, 1094, 1097, 1159], [495, 748, 558, 789], [945, 170, 1013, 220], [753, 1700, 789, 1746], [1156, 510, 1254, 592], [497, 1635, 531, 1697]], "labels": [0, 0, 0, 0, 0, 0, 0, 0, 0, 0, 0, 0, 0, 1, 1, 1, 1, 1, 1, 1, 1, 1, 1, 1, 1, 1, 2, 2, 2, 2, 2, 2, 2, 3, 3, 3, 3, 3, 3, 3, 3, 3, 3], "image_id": 601}, "character_clusters": [0, 1, 1, 2, 0, 0, 0, 1, 1, 1, 1, 0, 0], "text_char_matches": [[0, 10], [1, 4], [2, 4], [3, 2], [4, 1], [6, 11], [7, 8], [8, 0], [9, 9], [11, 12], [12, 6], [5, 5]], "text_tail_matches": [[0, 8], [1, 6], [2, 3], [5, 2], [4, 4], [6, 5], [8, 1], [9, 7], [11, 9], [12, 0]], "text_classification": [1, 1, 1, 1, 1, 1, 1, 1, 1, 1, 0, 1, 1], "character_names": ["Moritaka\u2019s mom", "Moritaka Mashiro", "Moritaka Mashiro", "none", "Moritaka\u2019s mom", "Moritaka\u2019s mom", "Moritaka\u2019s mom", "Moritaka Mashiro", "Moritaka Mashiro", "Moritaka Mashiro", "Moritaka Mashiro", "Moritaka\u2019s mom", "Moritaka\u2019s mom"]}