{"bbox_annotations": {"bboxes_as_x1y1x2y2": [[780.0050048828125, 1656.5191650390625, 1058.75, 2101.132568359375], [1076.07861328125, 511.8139953613281, 1254.5159912109375, 739.7965698242188], [89.2584228515625, 1558.507568359375, 1230.25, 2097.264404296875], [410.402587890625, 791.9639282226562, 642.1922607421875, 1505.1358642578125], [752.5646362304688, 792.75, 992.25, 1514.596923828125], [781.2447509765625, 159.25, 1039.5, 736.8389434814453], [545.1441650390625, 912.6860961914062, 853.109619140625, 1510.2950439453125], [75.25, 0, 514.2420654296875, 741.2743844985962], [1014.5226440429688, 214.0749053955078, 1252.3927001953125, 252.65823364257812], [539.0402221679688, 118.93661499023438, 794.2711181640625, 441.0], [591.5, 626.5, 699.1564331054688, 698.2252197265625], [302.66204833984375, 194.25, 499.1856689453125, 392.39337158203125], [43.502044677734375, 573.8523559570312, 172.75296020507812, 699.5638427734375], [927.8526611328125, 920.5, 1218.0, 1139.25], [100.06307983398438, 875.0460815429688, 386.3127746582031, 1256.5], [1053.5, 1538.25, 1180.837646484375, 1781.6697998046875], [633.4092407226562, 1594.25, 771.75, 1783.2431640625], [50.81270217895508, 1629.8037109375, 222.43112564086914, 1853.25], [528.9357299804688, -0.8884549140930176, 1261.429931640625, 750.1785278320312], [64.52196502685547, -1.0114341974258423, 523.4197998046875, 752.0623779296875], [66.62181091308594, 782.8440551757812, 1262.10693359375, 1520.119140625], [-9.027826309204102, 1553.1949462890625, 1247.707763671875, 2104.489990234375], [174, 1938, 229, 1993], [1141, 405, 1180, 472], [1104, 1836, 1134, 1885], [186, 693, 245, 742], [767, 1717, 805, 1766], [778, 142, 831, 207], [243, 154, 300, 203], [694, 687, 747, 724]], "labels": [0, 0, 0, 0, 0, 0, 0, 0, 1, 1, 1, 1, 1, 1, 1, 1, 1, 1, 2, 2, 2, 2, 3, 3, 3, 3, 3, 3, 3, 3], "image_id": 594}, "character_clusters": [0, 0, 1, 2, 3, 1, 4, 1], "text_char_matches": [[0, 1], [1, 5], [3, 7], [4, 1], [2, 1], [5, 7], [6, 7], [7, 2], [8, 0], [9, 2]], "text_tail_matches": [[0, 1], [1, 5], [2, 7], [3, 6], [4, 3], [7, 2], [8, 4], [9, 0]], "text_classification": [1, 1, 1, 1, 1, 1, 1, 1, 1, 1], "character_names": ["Moritaka Mashiro", "Moritaka Mashiro", "Akito Takagi", "none", "none", "Akito Takagi", "Miho Azuki", "Akito Takagi"]}