{"bbox_annotations": {"bboxes_as_x1y1x2y2": [[752.4891967773438, 775.25, 1095.5, 1268.75], [607.25, 1309, 1048.25, 2098.25], [283.3722839355469, 269.5, 477.75, 605.5], [0.7913127541542053, 1489.25, 292.25, 1958.4672851562498], [305.53704833984375, 803.25, 665.6780395507812, 1265.9517822265625], [533.75, 304.3656005859375, 801.575927734375, 708.5657958984375], [388.5, 1564.316650390625, 588.6260986328125, 1957.063232421875], [827.2175903320312, 242.37432861328125, 967.6582641601562, 444.8255310058594], [486.3555603027344, 161.42779541015625, 582.9890747070312, 230.02374267578125], [31.634674072265625, 190.5148162841797, 233.16448974609375, 510.16099548339844], [925.5914306640625, 810.25, 1190.8717041015625, 1219.428466796875], [665.1911010742188, 847.1904296875, 796.9176635742188, 939.6459350585938], [323.29278564453125, 839.5213012695312, 393.2196044921875, 873.3690795898438], [43.41053771972656, 906.9885864257812, 288.5488586425781, 1092.7689208984375], [1022, 1426.25, 1235.7659912109375, 1594.25], [446.2248840332031, 1401.75, 537.7675170898438, 1459.8897705078125], [56, 1335.25, 177.58473205566406, 1489.25], [996.6397705078125, -3.1470179557800293, 1272.3099365234375, 718.2595825195312], [13.922256469726562, 134.73886108398438, 986.7937622070312, 714.8943481445312], [8.425342559814453, 748.6134033203125, 1264.16796875, 1276.35009765625], [596.4218139648438, 1295.25732421875, 1268.5380859375, 2095.951904296875], [-5.465829372406006, 1304.0853271484375, 593.0565185546875, 1969.7318115234375], [977, 1686, 1044, 1735], [492, 1576, 534, 1642], [357, 901, 393, 964], [768, 985, 801, 1029], [535, 287, 576, 357]], "labels": [0, 0, 0, 0, 0, 0, 0, 1, 1, 1, 1, 1, 1, 1, 1, 1, 1, 2, 2, 2, 2, 2, 3, 3, 3, 3, 3], "image_id": 600}, "character_clusters": [0, 1, 1, 1, 1, 0, 0], "text_char_matches": [[1, 5], [2, 2], [0, 2], [4, 0], [3, 4], [6, 4], [5, 4], [7, 1], [8, 6], [9, 3]], "text_tail_matches": [[1, 4], [4, 3], [5, 2], [7, 0], [8, 1]], "text_classification": [1, 1, 1, 1, 1, 1, 1, 1, 1, 1], "character_names": ["Moritaka\u2019s mom", "Moritaka Mashiro", "Moritaka Mashiro", "Moritaka Mashiro", "Moritaka Mashiro", "Moritaka\u2019s mom", "Moritaka\u2019s mom"]}