{"bbox_annotations": {"bboxes_as_x1y1x2y2": [[142.23092651367188, 177.0294647216797, 728.0, 638.75], [584.5, 972.0989379882812, 726.25, 1144.5], [777, 811.831787109375, 1327.196044921875, 1272.595703125], [234.5, 1512, 556.5, 1951.25], [687.75, 1310.665771484375, 1335.625244140625, 2102.220458984375], [803.394287109375, 215.25709533691406, 1007.1521606445312, 489.91810607910156], [143.33937072753906, 945, 736.6223297119141, 1266.6240234375], [1165.7353515625, 282.9791564941406, 1337.2772216796875, 353.9724426269531], [980.9060668945312, 84.05095672607422, 1127.5716552734375, 280.46703338623047], [432.6465148925781, 128.35042572021484, 608.0038452148438, 275.6823959350586], [1098.47021484375, 733.25, 1285.07177734375, 860.0100708007812], [458.5, 724.5, 723.0315551757812, 864.5], [253.3083953857422, 744.0994262695312, 301.1503601074219, 774.7977294921875], [1060.5, 1422.75, 1306.86083984375, 1629.25], [255.54193115234375, 1345.75, 343.61553955078125, 1545.077880859375], [132.9413299560547, -2.3019657135009766, 1354.178466796875, 642.6328125], [753.365234375, 663.817626953125, 1332.40185546875, 1277.382080078125], [133.64395141601562, 668.0723876953125, 749.728759765625, 1275.18115234375], [131.57789611816406, 1307.4130859375, 1327.0250244140625, 2096.625], [1196, 960, 1244, 1029], [356, 143, 424, 205], [1051, 271, 1120, 316], [260, 851, 298, 910], [967, 1416, 1028, 1464], [374, 1573, 418, 1631], [550, 928, 600, 986]], "labels": [0, 0, 0, 0, 0, 0, 0, 1, 1, 1, 1, 1, 1, 1, 1, 2, 2, 2, 2, 3, 3, 3, 3, 3, 3, 3], "image_id": 587}, "character_clusters": [0, 1, 0, 1, 0, 1, 0], "text_char_matches": [[0, 5], [2, 0], [3, 2], [4, 1], [6, 4], [7, 3], [5, 6]], "text_tail_matches": [[0, 2], [2, 1], [3, 0], [4, 6], [5, 3], [6, 4], [7, 5]], "text_classification": [1, 0, 1, 1, 1, 1, 1, 0], "character_names": ["Moritaka Mashiro", "Akito Takagi", "Moritaka Mashiro", "Akito Takagi", "Moritaka Mashiro", "Akito Takagi", "Moritaka Mashiro"]}