{"bbox_annotations": {"bboxes_as_x1y1x2y2": [[819.0775146484375, 1599.60009765625, 1134.389892578125, 2100.402099609375], [126, 745.9222412109375, 439.25, 1463.4278564453125], [1079.75, 243.25, 1398.25, 695.8805084228516], [897.7741088867188, 379.75, 1169.2142333984375, 696.7625732421875], [737.7708129882812, 745.5, 1398.25, 1468.3265380859375], [269.8270568847656, 1508.8546142578125, 859.1424865722656, 2102.0791015625], [1212.076904296875, 154.6436309814453, 1320.446533203125, 409.5], [911.75, 185.49143981933594, 1036.5806884765625, 290.5], [525.946044921875, 127.75482177734375, 829.5, 420.0], [126, 5.259860038757324, 642.092903137207, 244.657488822937], [133.34744262695312, 369.5221862792969, 467.56854248046875, 680.75], [488.8511047363281, 501.4256286621094, 696.5, 607.2349853515625], [1128.54248046875, 789.875, 1318.4091796875, 1046.5], [474.2320251464844, 787.5, 680.330810546875, 1111.3829345703125], [1111.4140625, 1603.0672607421875, 1296.8448486328125, 1716.75], [142.90167236328125, 1610.60009765625, 378.3198547363281, 1869.0], [854.8698120117188, -2.918520450592041, 1398.0166015625, 713.8208618164062], [122.99551391601562, -1.0758028030395508, 849.4186401367188, 708.5326538085938], [447.4075622558594, 729.1959228515625, 1391.8409423828125, 1472.113525390625], [122.856201171875, 730.5589599609375, 440.55230712890625, 1473.307861328125], [120.10839080810547, 1497.9818115234375, 1320.8599853515625, 2099.548095703125], [1065, 1640, 1119, 1683], [1026, 850, 1090, 905], [377, 1679, 440, 1735], [1305, 467, 1366, 534], [978, 351, 1017, 410], [711, 875, 768, 919]], "labels": [0, 0, 0, 0, 0, 0, 1, 1, 1, 1, 1, 1, 1, 1, 1, 1, 2, 2, 2, 2, 2, 3, 3, 3, 3, 3, 3], "image_id": 581}, "character_clusters": [0, 0, 0, 1, 1, 1], "text_char_matches": [[0, 2], [1, 3], [2, 2], [4, 2], [6, 4], [7, 4], [9, 5], [8, 0]], "text_tail_matches": [[0, 3], [1, 4], [6, 1], [7, 5], [8, 0], [9, 2]], "text_classification": [1, 1, 1, 0, 1, 1, 1, 1, 1, 1], "character_names": ["Akito Takagi", "Akito Takagi", "Akito Takagi", "Moritaka Mashiro", "Moritaka Mashiro", "Moritaka Mashiro"]}