{"bbox_annotations": {"bboxes_as_x1y1x2y2": [[1006.5895385742188, 1725.5, 1213.5355224609375, 1960.023193359375], [679.8764038085938, 1571.5, 993.3194580078125, 1958.652099609375], [329.8028869628906, 1734.80322265625, 432.8716735839844, 1902.25], [598.5, 840, 868.9554443359375, 1354.59375], [566.27978515625, 36.75, 1285.3858642578125, 736.75], [102.44430541992188, 407.75, 351.281982421875, 735.1174926757812], [864.4349975585938, 1041.25, 1075.068359375, 1352.8961181640625], [246.75, 1627.7294921875, 383.25, 1870.75], [383.113525390625, 0, 791.0, 739.3308868408203], [1066.4888916015625, 167.52713012695312, 1246.7686767578125, 381.923095703125], [419.34478759765625, 142.65538024902344, 578.19189453125, 199.0285186767578], [139.0426025390625, 120.67154693603516, 337.06719970703125, 350.0], [987, 822.5, 1264.463623046875, 1022.2145385742188], [517.4736938476562, 826, 682.873779296875, 1170.9105224609375], [238.48008728027344, 850.5, 454.07684326171875, 1042.0689697265625], [86.58990478515625, 1127.5859375, 209.5933380126953, 1221.88916015625], [897.75, 1475.25, 1288.0395507812502, 1680.0], [997.521240234375, 1432.95751953125, 1186.2421875, 1485.75], [693.8256225585938, 1524.25, 817.8946533203125, 1567.4793701171875], [458.5, 1361.5, 715.75, 2023.0], [417.0003967285156, 1433.25, 603.931396484375, 1641.5], [272.50616455078125, 1484, 349.2818603515625, 1577.14599609375], [57.120269775390625, 1491, 206.4486846923828, 1585.1231689453125], [33.43565368652344, 1713.25, 165.1338653564453, 1825.8449707031248], [378.13177490234375, 0.08364468812942505, 1289.3702392578125, 746.5335693359375], [100.60917663574219, -3.3642187118530273, 378.83453369140625, 742.3903198242188], [506.86859130859375, 774.1338500976562, 1294.039794921875, 1368.3109130859375], [6.809964656829834, 783.2598876953125, 490.8226623535156, 1365.9188232421875], [666.7921752929688, 1393.3438720703125, 1296.450927734375, 1966.502197265625], [-8.265313148498535, 1388.7557373046875, 665.1478881835938, 2087.30615234375], [1072, 527, 1141, 581], [1061, 1079, 1111, 1131], [238, 373, 275, 423], [1132, 1712, 1172, 1768], [389, 1628, 444, 1675], [682, 1123, 742, 1195], [803, 1680, 843, 1738], [184, 1605, 234, 1652]], "labels": [0, 0, 0, 0, 0, 0, 0, 0, 0, 1, 1, 1, 1, 1, 1, 1, 1, 1, 1, 1, 1, 1, 1, 1, 2, 2, 2, 2, 2, 2, 3, 3, 3, 3, 3, 3, 3, 3], "image_id": 598}, "character_clusters": [0, 1, 0, 1, 0, 1, 0, 1, 1], "text_char_matches": [[0, 4], [1, 8], [2, 5], [3, 6], [4, 3], [5, 6], [6, 3], [7, 0], [8, 0], [9, 1], [11, 7], [12, 2], [13, 7], [14, 2]], "text_tail_matches": [[0, 0], [2, 2], [3, 1], [4, 5], [7, 3], [8, 3], [9, 6], [11, 4], [13, 7]], "text_classification": [1, 1, 1, 1, 1, 1, 1, 1, 1, 1, 0, 1, 1, 1, 1], "character_names": ["Moritaka Mashiro", "Akito Takagi", "Moritaka Mashiro", "Akito Takagi", "Moritaka Mashiro", "Akito Takagi", "Moritaka Mashiro", "Akito Takagi", "Akito Takagi"]}