{"bbox_annotations": {"bboxes_as_x1y1x2y2": [[658.8038940429688, 1669.5, 931.8296508789062, 1964.5457763671875], [315.8615417480469, 1613.5, 554.4002075195312, 2097.3837890625], [847.11767578125, 1401.3797607421875, 1157.237060546875, 1952.8214111328125], [848.6688842773438, 144.54702758789062, 1300.2154541015625, 688.4596252441406], [873.2056274414062, 794.4585571289062, 1302.5184326171875, 1330.9593505859375], [8.152900695800781, 1713.1116943359375, 275.8932876586914, 2099.1943359375], [64.09577941894531, 750.75, 460.42591857910156, 1336.75244140625], [152.04493713378906, 61.57422637939453, 400.8600158691406, 666.3098831176758], [515.8571166992188, 358.75, 630.0, 539.0], [365.6823425292969, 747.25, 700.9884033203125, 1333.953857421875], [474.0862121582031, 1723.587890625, 591.79052734375, 1940.75], [1027.25, 504.0956726074219, 1218.0, 638.75], [862.75, 303.8986511230469, 966.0, 367.5], [445.0301208496094, 114.48491668701172, 761.9052734375, 304.5], [44.79756164550781, 368.4643249511719, 194.4394073486328, 533.75], [1050.8621826171875, 752.5, 1269.608642578125, 1002.4105834960938], [733.517578125, 889, 881.9016723632812, 982.7586669921875], [509.97955322265625, 770, 690.2347412109375, 842.1441040039062], [36.1851921081543, 796.25, 198.96976852416992, 1210.5621337890625], [1124.7723388671875, 1464.75, 1266.00146484375, 1627.58447265625], [701.2216796875, 1492.75, 787.3677978515625, 1528.6763916015625], [395.2768249511719, 1414, 616.9302368164062, 1558.6971435546875], [308, 1546.1201171875, 390.25, 1762.25], [38.984375, 1414.5765380859375, 208.60096740722656, 1730.75], [780.2379760742188, -1.468116044998169, 1305.71630859375, 694.9241943359375], [1.520019769668579, -0.42150914669036865, 775.9741821289062, 691.4443359375], [715.5159301757812, 725.64599609375, 1301.27197265625, 1342.6070556640625], [0.49170851707458496, 724.4186401367188, 709.7974243164062, 1342.708984375], [653.7243041992188, 1372.3304443359375, 1304.6201171875, 1966.2227783203125], [2.046546459197998, 1381.48876953125, 650.5332641601562, 2093.84912109375], [183, 417, 231, 472], [1054, 1450, 1105, 1485], [812, 303, 866, 348], [1190, 1026, 1232, 1079], [31, 1752, 103, 1812], [458, 1602, 501, 1648], [730, 1669, 760, 1717], [492, 318, 540, 393], [728, 761, 769, 816]], "labels": [0, 0, 0, 0, 0, 0, 0, 0, 0, 0, 0, 1, 1, 1, 1, 1, 1, 1, 1, 1, 1, 1, 1, 1, 2, 2, 2, 2, 2, 2, 3, 3, 3, 3, 3, 3, 3, 3, 3], "image_id": 588}, "character_clusters": [0, 0, 1, 2, 1, 2, 0, 0, 1, 1, 1], "text_char_matches": [[1, 8], [2, 8], [3, 7], [0, 3], [4, 4], [5, 6], [7, 3], [8, 2], [9, 0], [10, 10], [12, 5], [6, 9]], "text_tail_matches": [[1, 2], [2, 7], [3, 0], [4, 3], [5, 8], [8, 1], [9, 6], [10, 5], [12, 4]], "text_classification": [1, 1, 1, 1, 1, 1, 1, 1, 1, 1, 1, 0, 1], "character_names": ["Moritaka Mashiro", "Moritaka Mashiro", "Akito Takagi", "none", "Akito Takagi", "none", "Moritaka Mashiro", "Moritaka Mashiro", "Akito Takagi", "Akito Takagi", "Akito Takagi"]}