{"bbox_annotations": {"bboxes_as_x1y1x2y2": [[300.278076171875, 1421, 686.0, 2096.656494140625], [700, 1296.75, 922.9810791015625, 1958.25], [286.98638916015625, 1043.22998046875, 543.9568481445312, 1330.2965087890625], [68.25, 1474.749267578125, 288.75, 1944.25], [1042.8778076171875, 38.28642272949219, 1294.2735595703125, 797.1269989013672], [184.37203979492188, 854, 369.0431213378906, 1335.0517578125], [675.444091796875, 32.1486930847168, 1025.819091796875, 799.75], [537.25, 296.5809326171875, 751.7879638671875, 700.0], [102.9128646850586, 1520.1240234375, 288.75, 2099.26806640625], [68.38687133789062, 958.0878295898438, 225.39332580566406, 1331.7520751953125], [780.5247192382812, 1036, 1295.109130859375, 1962.67529296875], [1062.0018310546875, 234.073486328125, 1234.810546875, 272.648681640625], [357.9462890625, 200.318603515625, 518.5203857421875, 264.3327331542969], [752.299072265625, 988.9846801757812, 957.1646118164062, 1143.388427734375], [525.8823852539062, 931, 645.2835693359375, 1031.3609619140625], [131.65863037109375, 900.0186157226562, 212.0481414794922, 940.0845336914062], [56, 854, 120.75, 908.25], [558.7767944335938, 1478.8209228515625, 655.77685546875, 1515.3699951171875], [222.25, 1387.75, 286.9234924316406, 1508.517822265625], [100.9704360961914, 0.9355500340461731, 1293.3697509765625, 807.7415771484375], [694.4027709960938, 835.1055908203125, 1294.9525146484375, 1976.609375], [12.997982025146484, 841.8289794921875, 679.5208129882812, 1349.8414306640625], [294.85821533203125, 1376.63671875, 682.324462890625, 2100.1826171875], [16.713802337646484, 1380.5421142578125, 283.7760925292969, 2095.86962890625], [975, 229, 1029, 264], [468, 965, 513, 1015], [479, 324, 529, 370], [838, 1344, 901, 1411], [493, 1423, 542, 1460], [207, 871, 248, 907]], "labels": [0, 0, 0, 0, 0, 0, 0, 0, 0, 0, 0, 1, 1, 1, 1, 1, 1, 1, 1, 2, 2, 2, 2, 2, 3, 3, 3, 3, 3, 3], "image_id": 604}, "character_clusters": [0, 1, 0, 0, 1, 2, 2, 0, 2, 1, 2], "text_char_matches": [[0, 6], [1, 7], [3, 2], [4, 5], [2, 10], [6, 0], [5, 5]], "text_tail_matches": [[0, 0], [1, 2], [2, 3], [3, 1], [4, 5], [6, 4]], "text_classification": [1, 1, 1, 1, 1, 1, 1, 0], "character_names": ["Moritaka\u2019s grandpa", "Moritaka\u2019s mom", "Moritaka\u2019s grandpa", "Moritaka\u2019s grandpa", "Moritaka\u2019s mom", "Moritaka Mashiro", "Moritaka Mashiro", "Moritaka\u2019s grandpa", "Moritaka Mashiro", "Moritaka\u2019s mom", "Moritaka Mashiro"]}