{"bbox_annotations": {"bboxes_as_x1y1x2y2": [[784, 0.675259530544281, 1193.5, 973.0], [628.1953125, 1108.35546875, 1030.556640625, 2097.575439453125], [290.51214599609375, 117.25, 429.2503967285156, 589.75], [339.6560363769531, 301, 576.1243286132812, 591.8953857421875], [190.7243194580078, 162.27578735351562, 334.4451599121094, 593.25], [187.87213134765625, 1095.7615966796875, 448.1501159667969, 1431.5], [224.39891052246094, 641.01806640625, 619.6346893310547, 975.03369140625], [1174.9090576171875, 1377.25, 1398.25, 2098.25], [1045.1356201171875, 1169, 1251.80859375, 2098.715576171875], [1271.25048828125, 155.01124572753906, 1336.1431884765625, 420.0], [1285.6170654296875, 621.1665649414062, 1336.7327880859375, 684.546142578125], [445.59490966796875, 92.03214263916016, 614.2598876953125, 316.75], [622.0287475585938, 326.7129211425781, 741.1558837890625, 421.19244384765625], [155.9984130859375, 436.5850524902344, 229.52752685546875, 476.9683837890625], [597.1644287109375, 679, 762.1004028320312, 899.5], [1246.0072021484375, 1117.2392578125, 1356.0439453125, 1171.1875], [1072.75, 1725.5, 1306.0545654296875, 1895.25], [652.43701171875, 1107.75, 812.3284912109375, 1235.5996093750002], [450.18548583984375, 1039.5, 599.8054809570312, 1171.0426025390623], [387.5788879394531, 1464.75, 570.5263061523438, 1626.841796875], [322, 1723.75, 617.75, 1958.25], [140.92965698242188, 1773.9124755859375, 316.9013977050781, 2037.3880615234375], [775.53271484375, -7.20677375793457, 1396.246337890625, 973.9821166992188], [109.5254135131836, 2.6173620223999023, 770.655517578125, 597.2482299804688], [113.06744384765625, 631.8014526367188, 769.6885375976562, 982.2916870117188], [1042.0426025390625, 1009.2077026367188, 1397.661376953125, 2097.58251953125], [627.1956787109375, 1005.1437377929688, 1025.802734375, 2104.729736328125], [113.07030487060547, 1007.2784423828125, 615.9789428710938, 1479.0186767578125], [305.4873352050781, 1482.7431640625, 610.8233642578125, 1959.5074462890625], [118.98123931884766, 1520.788818359375, 339.85064697265625, 2010.886474609375], [1309, 1249, 1353, 1322], [1102, 266, 1190, 324], [517, 413, 593, 456], [1143, 1562, 1182, 1617], [398, 202, 443, 249], [205, 282, 239, 325], [361, 1039, 433, 1094]], "labels": [0, 0, 0, 0, 0, 0, 0, 0, 0, 1, 1, 1, 1, 1, 1, 1, 1, 1, 1, 1, 1, 1, 2, 2, 2, 2, 2, 2, 2, 2, 3, 3, 3, 3, 3, 3, 3], "image_id": 607}, "character_clusters": [0, 1, 2, 0, 1, 0, 0, 2, 1], "text_char_matches": [[0, 0], [3, 3], [2, 2], [4, 4], [5, 6], [6, 7], [7, 8], [8, 1], [9, 5], [10, 5]], "text_tail_matches": [[0, 1], [3, 2], [2, 4], [4, 5], [6, 0], [7, 3], [9, 6]], "text_classification": [1, 0, 1, 1, 1, 1, 1, 1, 1, 1, 1, 0, 0], "character_names": ["Moritaka Mashiro", "Moritaka\u2019s grandpa", "Moritaka\u2019s mom", "Moritaka Mashiro", "Moritaka\u2019s grandpa", "Moritaka Mashiro", "Moritaka Mashiro", "Moritaka\u2019s mom", "Moritaka\u2019s grandpa"]}