{"bbox_annotations": {"bboxes_as_x1y1x2y2": [[-5.992669105529785, 742.0172119140625, 567.0113592147827, 1232.7623291015625], [578.4578247070312, 913.4226684570312, 820.893310546875, 1212.85400390625], [847.990966796875, 752.9935302734375, 1270.20361328125, 1230.2919921875], [251.50936889648438, 1368.5, 356.78240966796875, 1852.107666015625], [-5.240878582000732, 136.5, 738.5091214179993, 599.794189453125], [-0.09572356939315796, 1673.599853515625, 192.40427643060684, 1953.0], [1076.25, 77, 1272.25, 229.25], [983.5, 171.5, 1270.5, 378.0], [971.2011108398438, 357, 1275.8487548828125, 534.1790313720703], [64.8819808959961, 120.40642547607422, 308.1899948120117, 341.8617477416992], [847, 572.25, 1263.5, 1106.0], [871.952392578125, 744.2238159179688, 975.86181640625, 808.303955078125], [684.1439208984375, 696.5, 824.0533447265625, 892.5], [367.72637939453125, 657.131103515625, 564.7530517578125, 857.3531494140625], [82.25, 675.5, 224.37604522705078, 971.25], [1134, 1371.1297607421875, 1180.3686523437502, 1527.75], [1077.9085693359375, 1480.509521484375, 1125.6376953125, 1622.6409912109375], [725.5454711914062, 1342.25, 903.8947143554688, 1448.251220703125], [691.5355834960938, 1814.75, 821.5006713867188, 1854.3892822265623], [424.1508483886719, 1370.25, 563.1006469726562, 1505.8382568359375], [55.62145233154297, 1527.75, 161.41636657714844, 1567.6483154296875], [939.8078002929688, 0.7504239678382874, 1276.552490234375, 604.38330078125], [-3.772449493408203, 2.9152348041534424, 926.4690551757812, 609.7535400390625], [837.2034301757812, 639.699462890625, 1275.5509033203125, 1238.129150390625], [572.9928588867188, 636.59130859375, 833.8521118164062, 1232.06591796875], [-2.3186655044555664, 635.9730224609375, 570.4734497070312, 1241.1077880859375], [607.3560180664062, 1261.458251953125, 1273.55615234375, 1962.6802978515625], [-3.6141304969787598, 1261.4737548828125, 595.7442626953125, 2092.6640625], [361, 1409, 405, 1446], [641, 1861, 689, 1915], [925, 1376, 986, 1430], [114, 1615, 147, 1667], [884, 906, 944, 987]], "labels": [0, 0, 0, 0, 0, 0, 1, 1, 1, 1, 1, 1, 1, 1, 1, 1, 1, 1, 1, 1, 1, 2, 2, 2, 2, 2, 2, 2, 3, 3, 3, 3, 3], "image_id": 602}, "character_clusters": [0, 0, 0, 1, 0, 0], "text_char_matches": [[3, 4], [5, 2], [6, 1], [8, 0], [12, 5], [11, 3], [13, 3], [14, 5]], "text_tail_matches": [[5, 4], [11, 2], [12, 1], [13, 0], [14, 3]], "text_classification": [0, 0, 0, 1, 0, 1, 1, 0, 1, 0, 0, 1, 1, 1, 1], "character_names": ["Moritaka Mashiro", "Moritaka Mashiro", "Moritaka Mashiro", "Moritaka\u2019s mom", "Moritaka Mashiro", "Moritaka Mashiro"]}