{"bbox_annotations": {"bboxes_as_x1y1x2y2": [[2.878361940383911, 1065.75, 375.44260144233704, 1433.9327392578125], [838.25, 1489.25, 979.3533325195312, 1729.3856201171875], [4.21815824508667, 1485.75, 281.75, 1777.474853515625], [239.0935516357422, 747.8477172851562, 617.9394989013672, 951.9790649414062], [662.5690307617188, 1779.75, 780.5720825195312, 1959.7326660156252], [13.303646087646484, 395.5, 402.39245223999023, 694.8663330078126], [637.3059692382812, 742.0361328125, 1299.160888671875, 1155.365478515625], [908.1869506835938, 0, 1290.89892578125, 697.1712617874146], [388.8717041015625, 107.41680145263672, 874.1155395507812, 692.9172286987305], [1161.3037109375, 485.9440612792969, 1274.4718017578125, 520.0944213867188], [908.5440673828125, 400.85504150390625, 1022.5466918945312, 613.4203491210938], [670.25, 267.092041015625, 862.646240234375, 388.1727600097656], [198.03089904785156, 186.16876220703125, 351.6925048828125, 280.0], [50.43364715576172, 277.29876708984375, 214.50353240966797, 505.7131042480469], [975.1150512695312, 1125.93798828125, 1242.9759521484375, 1370.0865478515625], [677.8795776367188, 1169, 864.8865356445312, 1303.8120117187502], [376.060791015625, 977.0836181640625, 605.1498413085938, 1256.5], [42.00780487060547, 813.75, 228.91826629638672, 1009.8795776367189], [1048.036865234375, 1701.3203125, 1227.4815673828125, 1867.25], [491.2483825683594, 1768.22412109375, 613.225830078125, 1863.0743408203125], [282.0926818847656, 1502.9571533203125, 440.0032653808594, 1783.25], [141.06817626953125, 1825.87841796875, 217.919921875, 1863.4017333984375], [54.24464797973633, 1860.8270263671875, 147.24116897583008, 1979.42431640625], [898.0667114257812, -1.3674795627593994, 1296.135009765625, 701.3994750976562], [0.0873267650604248, 12.264288902282715, 885.8645629882812, 703.3858032226562], [622.1739501953125, 728.1395263671875, 1294.788330078125, 1435.6802978515625], [-55.77680969238281, 730.2283325195312, 617.6075439453125, 1441.4373779296875], [462.6676025390625, 1471.9439697265625, 1299.5157470703125, 1961.8948974609375], [-0.548243522644043, 1467.2655029296875, 451.00726318359375, 1967.641357421875], [1031, 1583, 1079, 1641], [306, 357, 342, 415], [103, 1058, 142, 1110], [595, 489, 670, 535], [608, 1847, 659, 1888], [952, 270, 993, 328], [1192, 356, 1227, 403], [28, 2000, 74, 2054], [528, 864, 564, 912]], "labels": [0, 0, 0, 0, 0, 0, 0, 0, 0, 1, 1, 1, 1, 1, 1, 1, 1, 1, 1, 1, 1, 1, 1, 2, 2, 2, 2, 2, 2, 3, 3, 3, 3, 3, 3, 3, 3, 3], "image_id": 590}, "character_clusters": [0, 1, 1, 1, 0, 0, 1, 0, 1], "text_char_matches": [[0, 7], [1, 7], [2, 8], [3, 5], [4, 5], [5, 6], [6, 6], [8, 0], [7, 3], [9, 1], [10, 4], [11, 2], [12, 4], [13, 4]], "text_tail_matches": [[0, 6], [1, 5], [2, 3], [3, 1], [4, 1], [7, 8], [8, 2], [9, 0], [10, 4], [13, 7], [12, 7]], "text_classification": [1, 1, 1, 1, 1, 1, 1, 1, 1, 1, 1, 1, 1, 1], "character_names": ["Moritaka Mashiro", "Akito Takagi", "Akito Takagi", "Akito Takagi", "Moritaka Mashiro", "Moritaka Mashiro", "Akito Takagi", "Moritaka Mashiro", "Akito Takagi"]}