{"bbox_annotations": {"bboxes_as_x1y1x2y2": [[818.1294555664062, 1206.1419677734375, 1298.5, 1919.2623291015625], [583.70361328125, 1492.435546875, 843.9774169921875, 1832.4871826171875], [750.0272827148438, 1812.898681640625, 875.334716796875, 1921.5455322265625], [337.0594787597656, 1390.3394775390625, 509.5580139160156, 1958.3182373046875], [290.2649841308594, 270.6248474121094, 992.3184509277344, 1163.3133239746094], [892.77880859375, 619.4899291992188, 1297.5419921875, 970.83154296875], [526.75, 1895.25, 716.203369140625, 2016.9614257812502], [195.3399658203125, 3.1600356101989746, 678.33154296875, 544.958863735199], [0.009147822856903076, 1494.0924072265625, 111.0738450884819, 1935.556640625], [712.976318359375, 1897, 934.5, 2021.25], [222.86416625976562, 590.266845703125, 421.3778381347656, 864.42236328125], [43.538150787353516, 1382.5, 409.496280670166, 1816.2879638671875], [932.75, 1919.75, 1221.5, 2028.25], [588, 1821.75, 745.5, 1919.75], [1061.6214599609375, 91.01753234863281, 1287.4493408203125, 576.6670684814453], [255.5, 1.75, 451.5, 161.0], [40.123592376708984, 201.7887725830078, 256.7735252380371, 400.5913391113281], [81.94483184814453, 751.9196166992188, 310.84928131103516, 1106.61767578125], [1074.5, 1225, 1298.5, 1578.5], [822.7034912109375, 1229.41357421875, 1046.49560546875, 1403.5], [527.9937133789062, 1241.818115234375, 811.3094482421875, 1409.9344482421875], [1177.75, 1970.5, 1300.25, 2096.5], [1011.5, 1967, 1149.75, 2096.5], [852.25, 1988, 992.25, 2098.25], [701.75, 1979.25, 840.0, 2094.75], [542.5, 1982.75, 684.25, 2098.25], [371.265869140625, 1252.90771484375, 475.2372131347656, 1290.6778564453125], [76.83673858642578, 1253.3887939453125, 258.76465606689453, 1325.465576171875], [-2.5164127349853516, -5.774393558502197, 1307.006103515625, 1166.3070068359375], [519.7959594726562, 1192.66015625, 1297.033203125, 2095.21630859375], [2.6210546493530273, 1184.9110107421875, 504.8487854003906, 1956.61083984375]], "labels": [0, 0, 0, 0, 0, 0, 0, 0, 0, 0, 0, 0, 0, 0, 1, 1, 1, 1, 1, 1, 1, 1, 1, 1, 1, 1, 1, 1, 2, 2, 2], "image_id": 584}, "character_clusters": [0, 1, 2, 3, 0, 0, 4, 1, 5, 6, 0, 0, 7, 8], "text_char_matches": [[3, 7], [2, 7], [4, 0], [5, 0], [6, 0], [13, 11], [0, 5]], "text_tail_matches": [], "text_classification": [1, 0, 1, 1, 1, 1, 1, 0, 0, 0, 0, 0, 1, 1], "character_names": ["Moritaka Mashiro", "Miho Azuki", "none", "none", "Moritaka Mashiro", "Moritaka Mashiro", "none", "Miho Azuki", "none", "none", "Moritaka Mashiro", "Moritaka Mashiro", "none", "none"]}