{"bbox_annotations": {"bboxes_as_x1y1x2y2": [[376.2100830078125, 1432.7684326171875, 505.5848083496094, 1668.897216796875], [326.2479248046875, 1049.974609375, 644.1040649414062, 1363.77392578125], [723.4692993164062, 1056.4378662109375, 1398.812744140625, 2094.75244140625], [860.742431640625, 84.20548248291016, 1254.66552734375, 1015.5807876586914], [349.1236877441406, 0, 577.5, 1008.4754943847656], [94.41433715820312, 393.75, 349.5513916015625, 1010.1318359374999], [134.33522033691406, 1146.25, 257.25, 1362.1583251953125], [94.89712524414062, 1417.5, 433.15301513671875, 2103.606201171875], [1133.882568359375, 252.78897094726562, 1328.844970703125, 341.28216552734375], [600.9263916015625, 573.910888671875, 867.6495971679688, 803.281982421875], [400.1195068359375, 164.6732940673828, 526.9176635742188, 261.0477294921875], [1194.7254638671875, 1181.55078125, 1339.121826171875, 1433.96533203125], [759.5, 1162, 895.3152465820314, 1485.75], [579.83837890625, 1125.620361328125, 687.1233520507812, 1220.499267578125], [193.03314208984375, 1085.8895263671875, 276.7058410644531, 1121.9859619140625], [557.9412231445312, 1477.0986328125, 706.3679809570312, 1564.8721923828125], [467.25, 1720.25, 624.9052124023438, 1933.75], [245, 1776.25, 378.97198486328125, 1916.25], [151.36636352539062, 1441.4239501953125, 213.93785095214844, 1617.9588623046875], [584.43115234375, 1.5194356441497803, 1388.317626953125, 1014.2613525390625], [85.34549713134766, -9.77747917175293, 582.0902709960938, 1017.568115234375], [716.21533203125, 1039.857421875, 1400.316650390625, 2094.84765625], [93.73282623291016, 1042.0589599609375, 723.2435302734375, 1375.3978271484375], [91.69422912597656, 1401.0040283203125, 721.33544921875, 2098.649658203125], [840, 482, 886, 534], [1056, 169, 1115, 217], [524, 1483, 576, 1524], [517, 1109, 567, 1150], [232, 1147, 265, 1188], [366, 1709, 402, 1764]], "labels": [0, 0, 0, 0, 0, 0, 0, 0, 1, 1, 1, 1, 1, 1, 1, 1, 1, 1, 1, 2, 2, 2, 2, 2, 3, 3, 3, 3, 3, 3], "image_id": 603}, "character_clusters": [0, 0, 1, 0, 0, 1, 1, 1], "text_char_matches": [[0, 3], [1, 3], [2, 4], [3, 2], [4, 2], [5, 1], [6, 6], [7, 0], [8, 0], [9, 7], [10, 7]], "text_tail_matches": [[0, 1], [1, 0], [5, 3], [6, 4], [7, 2], [8, 2], [9, 5]], "text_classification": [1, 1, 1, 1, 1, 1, 1, 1, 1, 1, 1], "character_names": ["Moritaka\u2019s mom", "Moritaka\u2019s mom", "Moritaka Mashiro", "Moritaka\u2019s mom", "Moritaka\u2019s mom", "Moritaka Mashiro", "Moritaka Mashiro", "Moritaka Mashiro"]}