{"bbox_annotations": {"bboxes_as_x1y1x2y2": [[-0.6429672241210938, 170.84278869628906, 242.52164459228516, 522.5750885009766], [126.36492156982422, 202.40565490722656, 276.06432342529297, 516.4350128173828], [42.87363815307617, 1026.0323486328125, 198.75445175170898, 1179.2305908203125], [-0.8090972900390625, 555.9251708984375, 145.34103393554688, 797.3236694335938], [90.71307373046875, 718.4039916992188, 303.7855224609375, 929.0310668945312], [358, 8, 669, 283], [603, 538, 753, 803], [64.23519134521484, 14.339540481567383, 238.94402313232422, 124.15296363830566], [12.145429611206055, 371.8173828125, 107.51313591003418, 478.7881164550781], [118.9813461303711, 579.6239013671875, 281.16231536865234, 694.9664306640625], [12.703141212463379, 819.290283203125, 92.87020969390869, 885.3002319335938], [182.9043426513672, 992.8934326171875, 301.2715759277344, 1059.2481689453125], [5.82188081741333, 1060.6573486328125, 63.08076524734497, 1170.9449462890625], [243.37124633789062, 5.8417439460754395, 799.1350708007812, 1205.3070068359375], [3.675711154937744, -0.4433155059814453, 278.4959716796875, 521.0377197265625], [0.563657283782959, 554.645751953125, 313.2698974609375, 931.1591186523438], [0.3911018371582031, 963.2076416015625, 328.7635192871094, 1189.7830810546875], [221, 1086, 241, 1109], [207, 709, 228, 735], [76, 1111, 99, 1133], [14, 759, 38, 786]], "labels": [0, 0, 0, 0, 0, 0, 0, 1, 1, 1, 1, 1, 1, 2, 2, 2, 2, 3, 3, 3, 3], "image_id": 889}, "character_clusters": [0, 1, 2, 2, 3, 4, 5], "text_char_matches": [[2, 4], [3, 3], [4, 2], [5, 2]], "text_tail_matches": [[2, 1], [3, 3], [4, 0], [5, 2]], "text_classification": [1, 1, 1, 1, 1, 1], "character_names": ["none", "none", "Gabimaru", "Gabimaru", "Yamada Asaemon Sagiri", "none", "none"]}