{"bbox_annotations": {"bboxes_as_x1y1x2y2": [[539.7976684570312, 159, 744.8624267578125, 1192.2037353515625], [1.4054059982299805, 269.7889099121094, 232.88833141326904, 1185.5090026855469], [567.1898193359375, 80.25950622558594, 686.3690185546875, 164.0021514892578], [499.82470703125, 255.85755920410156, 680.9033203125, 344.91583251953125], [233.03570556640625, 109.01201629638672, 440.46002197265625, 240.45610809326172], [195.890625, 412.9893798828125, 325.11920166015625, 521.5112915039062], [193.3972625732422, 755.4967651367188, 364.39727783203125, 962.7316284179688], [58.70094299316406, 1036.340576171875, 150.08602905273438, 1114.484375], [541.0076904296875, -2.90604829788208, 739.0691528320312, 1195.6715087890625], [4.468250274658203, -12.586569786071777, 541.2674560546875, 1187.383056640625]], "labels": [0, 0, 1, 1, 1, 1, 1, 1, 2, 2], "image_id": 895}, "character_clusters": [0, 1], "text_char_matches": [[0, 1], [1, 1], [2, 1], [3, 1], [4, 1], [5, 1]], "text_tail_matches": [], "text_classification": [1, 1, 1, 1, 1, 1], "character_names": ["Gabimaru", "Yamada Asaemon Sagiri"]}