{"bbox_annotations": {"bboxes_as_x1y1x2y2": [[483, 899, 739.7093505859375, 1143.9986572265625], [535.4725952148438, 463.42822265625, 598.0597534179688, 521.9219970703125], [318.63690185546875, 30.867191314697266, 422.0440368652344, 301.034610748291], [165.19955444335938, 810.0867309570312, 357.67706298828125, 1149.535888671875], [508.10430908203125, 42.079139709472656, 617.2290649414062, 194.25434112548828], [224.3485870361328, 342.75250244140625, 445.92779541015625, 563.100341796875], [448.51025390625, 791.94921875, 738.2705688476562, 901.0], [1.6016721725463867, 26.65593719482422, 309.92314434051514, 293.1791000366211], [373.4567565917969, 33.415863037109375, 562.8046264648438, 302.3084411621094], [-1.2336015701293945, 339.1739807128906, 223.8006238937378, 557.8090209960938], [557.3682250976562, 354.6478271484375, 726.6526489257812, 565.9915161132812], [584.7332763671875, 28.965917587280273, 739.7603759765625, 305.86749839782715], [538.5810546875, 355.7632751464844, 618.2030639648438, 435.80804443359375], [462.3772277832031, 352.1914367675781, 601.0, 508.0], [3.2781004905700684, 25.144798278808594, 236.28945302963257, 172.33257293701172], [5.122220516204834, 134.44761657714844, 234.75278997421265, 303.3016662597656], [244.73817443847656, 940.9977416992188, 474.1757507324219, 1161.189208984375], [16.465843200683594, 958.72021484375, 164.00164031982422, 1139.2646484375], [193.09962463378906, 33.87732696533203, 315.74871826171875, 271.65592193603516], [330, 740, 502, 826], [568.6642456054688, 172.0580596923828, 688.3511352539062, 256.5980529785156], [523.9503173828125, 661.4287109375, 694.3875122070312, 777.0792846679688], [26.543373107910156, 788.41357421875, 176.71903228759766, 861.0748291015625], [311.749755859375, 8.931648254394531, 738.5883178710938, 312.4890441894531], [-1.5256166458129883, 14.466261863708496, 317.19189453125, 309.2710876464844], [448.3892822265625, 338.3728942871094, 737.6650390625, 574.9384155273438], [220.39346313476562, 334.85968017578125, 447.72998046875, 568.6904907226562], [-4.923915863037109, 329.58441162109375, 442.7792053222656, 567.7501220703125], [-0.982356071472168, 590.646240234375, 739.9205932617188, 1171.1177978515625]], "labels": [0, 0, 0, 0, 0, 0, 0, 0, 0, 0, 0, 0, 0, 0, 0, 0, 0, 0, 0, 0, 1, 1, 1, 2, 2, 2, 2, 2, 2], "image_id": 855}, "character_clusters": [0, 1, 2, 3, 4, 5, 6, 7, 5, 5, 8, 9, 10, 11, 12, 5, 5, 13, 14, 15], "text_char_matches": [], "text_tail_matches": [], "text_classification": [1, 1, 1], "character_names": ["none", "none", "none", "none", "none", "Gabimaru", "none", "none", "Gabimaru", "Gabimaru", "none", "none", "none", "none", "none", "Gabimaru", "Gabimaru", "none", "none", "none"]}