{"bbox_annotations": {"bboxes_as_x1y1x2y2": [[62.754966735839844, 8.418989181518555, 576.3358383178711, 1092.793378829956], [366.33642578125, 365.10870361328125, 799.5179443359375, 1202.5343017578125], [544.50341796875, 93.57418823242188, 761.1102905273438, 235.3339080810547], [134.99034118652344, 958.471923828125, 319.8240966796875, 1077.312255859375], [54.918861389160156, -0.5838274955749512, 794.1860961914062, 1199.2349853515625], [485, 211, 519, 233], [241, 863, 260, 888]], "labels": [0, 0, 1, 1, 2, 3, 3], "image_id": 896}, "character_clusters": [0, 1], "text_char_matches": [[0, 0], [1, 0]], "text_tail_matches": [[0, 0], [1, 1]], "text_classification": [1, 1], "character_names": ["Yamada Asaemon Sagiri", "Gabimaru"]}