{"bbox_annotations": {"bboxes_as_x1y1x2y2": [[209, 27.476119995117188, 575, 318.0], [9.893840789794922, 654.82080078125, 185.11545944213867, 1176.456787109375], [242.02606201171875, 363.9710388183594, 280.43316650390625, 415.909423828125], [242.87750244140625, 360.2820129394531, 279.7059631347656, 414.234375], [142.65771484375, 371.9483947753906, 194.49624633789062, 461.64532470703125], [207.2194061279297, 373.6774597167969, 272.6395568847656, 542.1329345703125], [267.47198486328125, 363.49835205078125, 338.19158935546875, 504.33758544921875], [144.0927276611328, 361.5527648925781, 188.19448852539062, 422.97283935546875], [239.32208251953125, 652.2269897460938, 717.49658203125, 1174.99267578125], [175, 488, 253, 574], [595.8875122070312, 85.71311950683594, 686.3697509765625, 152.59646606445312], [139.11805725097656, 84.24735260009766, 191.33517456054688, 112.99734497070312], [41.91925811767578, 251.3297119140625, 90.91365051269531, 279.5181579589844], [565.1416015625, 426.16754150390625, 701.1025390625, 541.3026733398438], [356.947509765625, 375.0281677246094, 506.5627136230469, 541.6890869140625], [271.7039489746094, 518.17822265625, 389.359130859375, 600.04345703125], [26.714218139648438, 396.4504089355469, 142.52731323242188, 523.0899658203125], [573.3700561523438, 701.047607421875, 710.734619140625, 839.6039428710938], [156.59976196289062, 1040.01904296875, 258.7460632324219, 1121.0394287109375], [30.971342086791992, 984.643310546875, 65.91176414489746, 1005.3353271484375], [1.4023542404174805, 21.456384658813477, 747.4982299804688, 329.3365478515625], [3.5317182540893555, 353.5526123046875, 743.9131469726562, 623.315185546875], [186.38648986816406, 644.6278076171875, 746.0508422851562, 1179.3175048828125], [6.473273277282715, 648.2764892578125, 186.30447387695312, 1174.085693359375], [578, 851, 606, 874], [571, 144, 593, 162], [186, 110, 212, 133], [271, 1012, 295, 1040], [106, 279, 128, 296], [72, 957, 90, 978]], "labels": [0, 0, 0, 0, 0, 0, 0, 0, 0, 0, 1, 1, 1, 1, 1, 1, 1, 1, 1, 1, 2, 2, 2, 2, 3, 3, 3, 3, 3, 3], "image_id": 845}, "character_clusters": [0, 1, 2, 3, 4, 5, 6, 7, 0, 0], "text_char_matches": [[0, 0], [1, 0], [2, 0], [3, 9], [4, 9], [5, 9], [6, 9], [7, 8], [8, 8], [9, 1]], "text_tail_matches": [[0, 1], [1, 2], [2, 4], [7, 0], [8, 3], [9, 5]], "text_classification": [1, 1, 1, 1, 1, 1, 1, 1, 1, 1], "character_names": ["Gabimaru", "Yamada Asaemon Sagiri", "none", "none", "none", "none", "none", "none", "Gabimaru", "Gabimaru"]}