{"bbox_annotations": {"bboxes_as_x1y1x2y2": [[15, 630, 232, 821], [202, 627, 477, 846], [17, 853, 748, 1191], [378, 606, 701, 839], [517, 523, 792, 762], [638, 345, 800, 522], [723.3671875, 758.6622924804688, 757.614990234375, 780.857421875], [493.1464538574219, 1053.9320068359375, 525.8781127929688, 1079.0943603515625], [240.35887145996094, 662.6581420898438, 289.09600830078125, 686.532470703125], [420.85198974609375, 1076.073974609375, 492.3632507324219, 1106.025390625], [-1.134037971496582, 9.111356735229492, 798.3507080078125, 1208.921875]], "labels": [0, 0, 0, 0, 0, 0, 1, 1, 1, 1, 2], "image_id": 901}, "character_clusters": [0, 1, 2, 3, 4, 5], "text_char_matches": [], "text_tail_matches": [], "text_classification": [1, 1, 1, 1], "character_names": ["none", "none", "none", "none", "none", "Gabimaru"]}