{"bbox_annotations": {"bboxes_as_x1y1x2y2": [[4.084253311157227, 383.9656982421875, 748.4923343658447, 985.3717651367188], [358.9720153808594, 4.936337471008301, 560.9083862304688, 357.99133014678955], [507.7873229980469, 180.72573852539062, 700.3009033203125, 354.862060546875], [164.31825256347656, 953.6485595703125, 565.6673736572266, 1163.274658203125], [576.93603515625, 49.6666374206543, 718.9482421875, 143.74084091186523], [404.24615478515625, 242.64610290527344, 478.6501770019531, 328.08709716796875], [232.54779052734375, 74.7630386352539, 335.8289489746094, 168.18386840820312], [58.661373138427734, 75.35548400878906, 174.69172286987305, 170.00753784179688], [34.768394470214844, 258.7218322753906, 120.87783813476562, 330.5407409667969], [539.9122924804688, 426.8943786621094, 683.538330078125, 609.3599243164062], [45.32124328613281, 461.2557373046875, 215.3526611328125, 732.5707397460938], [354.2055969238281, -1.6454637050628662, 746.3029174804688, 361.6372375488281], [0.2650141716003418, -0.11837482452392578, 353.2266540527344, 380.526611328125], [-4.686951637268066, 382.7568054199219, 743.6741943359375, 1192.45703125], [556, 654, 581, 683], [637, 165, 657, 193]], "labels": [0, 0, 0, 0, 1, 1, 1, 1, 1, 1, 1, 2, 2, 2, 3, 3], "image_id": 903}, "character_clusters": [0, 0, 1, 2], "text_char_matches": [[0, 2], [1, 1], [2, 1], [3, 1], [4, 1], [5, 0], [6, 0]], "text_tail_matches": [[0, 1], [5, 0]], "text_classification": [1, 1, 1, 1, 1, 1, 1], "character_names": ["Gabimaru", "Gabimaru", "Yamada Asaemon Sagiri", "none"]}