{"bbox_annotations": {"bboxes_as_x1y1x2y2": [[297.9913330078125, 55.54391860961914, 419.7242736816406, 222.23726272583008], [143.51205444335938, 52.15186309814453, 287.8531494140625, 207.5613784790039], [598.301513671875, 260.8507385253906, 657.05126953125, 445.2417297363281], [198.9947967529297, 507.4071044921875, 317.4566955566406, 929.9793701171875], [27.151214599609375, 721.3291625976562, 159.1508026123047, 932.090576171875], [-0.763922929763794, 42.0831184387207, 136.67363810539246, 311.2270393371582], [605.3574829101562, 693.8538818359375, 726.0909423828125, 930.4388427734375], [2.150440216064453, 45.149410247802734, 134.8875617980957, 478.21972274780273], [646.2407836914062, 143.90823364257812, 741.5796508789062, 437.49407958984375], [170, 170.21197509765625, 529.0133666992188, 462.9552001953125], [311.41192626953125, 495.7798767089844, 495.0619812011719, 934.8394775390625], [546.652099609375, 254.4698944091797, 595.0, 442.5893859863281], [285.51959228515625, 967.58447265625, 518.0302734375, 1199.9110107421875], [500.5071716308594, 501.38055419921875, 603.4926147460938, 928.203369140625], [574.0505981445312, 80.4405746459961, 707.0868530273438, 133.22891235351562], [407.6929626464844, 59.18767166137695, 517.7886352539062, 155.29574966430664], [35.057952880859375, 327.7676086425781, 134.58380126953125, 429.5209655761719], [640.0411376953125, 528.5299072265625, 681.3944091796875, 549.667724609375], [582.306640625, 605.2611083984375, 718.4195556640625, 683.352783203125], [549.8102416992188, 814.39697265625, 616.8826293945312, 886.82763671875], [266.58782958984375, 771.529296875, 398.61773681640625, 899.0855712890625], [37.386566162109375, 547.4794921875, 163.06161499023438, 664.3383178710938], [530.8161010742188, 1060.5467529296875, 571.5031127929688, 1081.6014404296875], [97.14397430419922, 999.3866577148438, 295.9950485229492, 1053.031982421875], [540.6065673828125, 1.2440800666809082, 740.296142578125, 450.80712890625], [-0.6557226181030273, 3.930938243865967, 544.07421875, 480.4131164550781], [502.4255676269531, 476.3344421386719, 739.1383056640625, 936.1113891601562], [192.76507568359375, 490.6519775390625, 320.967041015625, 936.1630249023438], [-0.250244140625, 506.4765930175781, 190.20091247558594, 936.6133422851562], [-4.387092590332031, 964.7108154296875, 737.011962890625, 1197.0308837890625], [499, 1071, 524, 1090], [377, 736, 398, 762], [150, 398, 192, 430], [652, 176, 681, 226], [657, 690, 675, 714]], "labels": [0, 0, 0, 0, 0, 0, 0, 0, 0, 0, 0, 0, 0, 0, 1, 1, 1, 1, 1, 1, 1, 1, 1, 1, 2, 2, 2, 2, 2, 2, 3, 3, 3, 3, 3], "image_id": 897}, "character_clusters": [0, 1, 2, 3, 2, 4, 3, 5, 6, 6, 6, 3, 2, 6], "text_char_matches": [[0, 8], [1, 9], [2, 9], [3, 6], [4, 6], [5, 13], [6, 10], [7, 10], [8, 12], [9, 12]], "text_tail_matches": [[0, 3], [2, 2], [3, 4], [4, 4], [6, 1], [8, 0]], "text_classification": [1, 1, 1, 1, 1, 1, 1, 1, 1, 1], "character_names": ["none", "none", "Gabimaru", "Yamada Asaemon Sagiri", "Gabimaru", "none", "Yamada Asaemon Sagiri", "none", "none", "none", "none", "Yamada Asaemon Sagiri", "Gabimaru", "none"]}