{"bbox_annotations": {"bboxes_as_x1y1x2y2": [[554.542236328125, 400.7185974121094, 664.4044189453125, 560.628173828125], [645.9061889648438, 452.0514831542969, 744.7966918945312, 576.3453369140625], [332.5292053222656, 785.1049194335938, 520.3695678710938, 1176.2196044921875], [104.12127685546875, 831.0562744140625, 322.0810546875, 1171.6256103515625], [65.80335235595703, 433.33135986328125, 296.80606842041016, 750.14404296875], [561.4264221191406, 234.5946807861328, 675.4198608398438, 345.8392028808594], [302.11895751953125, 397.80291748046875, 553.1614990234375, 748.4303588867188], [714.0103759765625, 403.7261047363281, 795.3322143554688, 564.8986206054688], [580.4710693359375, 811.8489379882812, 795.0473022460938, 1170.2130126953125], [432.92291259765625, 229.0489501953125, 556.6512451171875, 340.31365966796875], [274.48779296875, 165.83676147460938, 434.0690612792969, 337.42254638671875], [55.90236282348633, 786.6848754882812, 189.93373489379883, 1172.00732421875], [220, 150, 295, 316], [161, 156, 240, 263], [438, 130, 555, 213], [596.1422729492188, 103.8305435180664, 757.1322631835938, 182.52220153808594], [539.33447265625, 613.9794311523438, 684.3407592773438, 687.6597900390625], [508.6017150878906, 1030.0986328125, 616.64501953125, 1118.1343994140625], [51.50480270385742, 19.809240341186523, 794.3400268554688, 359.86676025390625], [298.7278747558594, 388.304931640625, 800.332275390625, 753.2127685546875], [52.6346321105957, 389.4686279296875, 297.2290954589844, 753.6665649414062], [330.34954833984375, 777.5744018554688, 794.3994750976562, 1181.6395263671875], [54.75532913208008, 778.1284790039062, 328.6883544921875, 1178.544921875]], "labels": [0, 0, 0, 0, 0, 0, 0, 0, 0, 0, 0, 0, 0, 0, 0, 1, 1, 1, 2, 2, 2, 2, 2], "image_id": 882}, "character_clusters": [0, 1, 2, 3, 4, 5, 2, 6, 3, 7, 8, 4, 9, 10, 11], "text_char_matches": [[1, 6], [2, 2]], "text_tail_matches": [], "text_classification": [1, 1, 1], "character_names": ["none", "none", "Gabimaru", "Yui", "Iwagakure Chief", "none", "Gabimaru", "none", "Yui", "none", "none", "Iwagakure Chief", "none", "none", "none"]}