{"bbox_annotations": {"bboxes_as_x1y1x2y2": [[206.77378845214844, 1024.25634765625, 363.74603271484375, 1144.8646240234375], [569.7369384765625, 415.2223205566406, 715.5988159179688, 624.9325561523438], [453.71722412109375, 970.052978515625, 582.2574462890625, 1171.314697265625], [595.5592041015625, 518.7283935546875, 719.3568115234375, 635.3402709960938], [337.371826171875, 267.8201599121094, 521.4924926757812, 385.8739013671875], [570.4534301757812, 24.764602661132812, 740.5718994140625, 381.08045959472656], [317.6959533691406, 1034.47900390625, 537.2947998046875, 1168.0849609375], [500.00677490234375, 484.2826843261719, 598.6759033203125, 636.2615356445312], [12, 412.9888000488281, 491.70091247558594, 927.0292053222656], [502.3495788574219, 784.9686279296875, 739.3749389648438, 933.2381591796875], [30.941516876220703, 62.76185989379883, 210.09762954711914, 223.00876235961914], [553.8141479492188, 998.32568359375, 686.8302612304688, 1136.113037109375], [36.407535552978516, 1023.7899780273438, 171.11175918579102, 1119.578125], [-0.21274089813232422, 8.288150787353516, 731.647705078125, 384.61297607421875], [496.0278015136719, 412.63623046875, 742.461181640625, 735.877685546875], [499.51275634765625, 778.0538330078125, 739.1803588867188, 939.6349487304688], [-4.457879066467285, 398.8356018066406, 498.5726318359375, 935.461669921875], [2.5914907455444336, 965.208984375, 739.4017333984375, 1178.604248046875]], "labels": [0, 0, 0, 0, 0, 0, 0, 0, 0, 0, 1, 1, 1, 2, 2, 2, 2, 2], "image_id": 891}, "character_clusters": [0, 1, 2, 3, 4, 5, 5, 6, 5, 5], "text_char_matches": [], "text_tail_matches": [], "text_classification": [1, 1, 1], "character_names": ["none", "none", "none", "none", "none", "none", "none", "none", "none", "none"]}