{"bbox_annotations": {"bboxes_as_x1y1x2y2": [[232.3804168701172, 932.88232421875, 641.3661956787109, 1176.7764892578125], [59.79621505737305, 745.659423828125, 789.0503044128418, 884.1163330078125], [223.93089294433594, 132.54598236083984, 596.0, 631.0], [613.3726196289062, 79.22569274902344, 758.0942993164062, 229.8827362060547], [610.6085815429688, 879.171875, 772.3507080078125, 988.3690185546875], [574.6273193359375, 1043.6165771484375, 693.9172973632812, 1109.5355224609375], [188.20245361328125, 932.5842895507812, 315.15447998046875, 1018.20166015625], [110.227294921875, 1040.563720703125, 254.8057098388672, 1147.362060546875], [40.39943313598633, -1.150953769683838, 800.6427612304688, 721.7645874023438], [51.908302307128906, 745.5409545898438, 798.2025146484375, 888.7930908203125], [47.73998260498047, 913.4974365234375, 732.4789428710938, 1179.0074462890625], [528, 1056, 559, 1086], [285, 1019, 327, 1047]], "labels": [0, 0, 0, 1, 1, 1, 1, 1, 2, 2, 2, 3, 3], "image_id": 892}, "character_clusters": [0, 1, 2], "text_char_matches": [[1, 0], [2, 0], [3, 0], [4, 0]], "text_tail_matches": [[1, 0], [2, 0], [3, 1], [4, 1]], "text_classification": [1, 1, 1, 1, 1], "character_names": ["Lord Tokugawa Nariyoshi", "Gabimaru", "none"]}