{"bbox_annotations": {"bboxes_as_x1y1x2y2": [[329.6365966796875, 29.90308952331543, 767.0380859375, 456.6398754119873], [393.1551208496094, 683.73486328125, 571.96142578125, 912.8593139648438], [57.66120147705078, 122.8531494140625, 261.1929397583008, 452.29437255859375], [519.9199829101562, 1016.7886962890625, 762.9558715820312, 1170.95458984375], [411.4466552734375, 491.9114685058594, 574.5714111328125, 637.4453125], [127.28314208984375, 710.3543701171875, 455.600341796875, 915.4208984375], [274.7680969238281, 503.4924011230469, 388.13006591796875, 637.52734375], [200.20494079589844, 953.3483276367188, 578.8629608154297, 1168.1123046875], [651.78759765625, 68.78492736816406, 769.12353515625, 194.73004150390625], [275.6981506347656, 250.6914825439453, 413.9146728515625, 421.80670166015625], [144.0401611328125, 96.0566635131836, 187.16546630859375, 117.09625244140625], [580.8887329101562, 499.3287658691406, 773.6160278320312, 622.4325561523438], [102.01439666748047, 530.289794921875, 218.1478271484375, 602.9235229492188], [668.6869506835938, 716.6298828125, 772.0823974609375, 764.96484375], [541.404052734375, 782.0053100585938, 676.9395751953125, 910.9138793945312], [111.22312927246094, 708.6016845703125, 256.8782653808594, 802.0980834960938], [679.5623779296875, 1005.307373046875, 769.480224609375, 1056.0662841796875], [365.0563659667969, 1038.152587890625, 505.3447265625, 1164.47607421875], [118.06420135498047, 994.2061767578125, 232.7506561279297, 1101.656494140625], [260.16015625, 20.68347930908203, 802.3828735351562, 453.2293701171875], [59.2555046081543, 19.50495147705078, 259.1562194824219, 458.7232971191406], [58.65449905395508, 481.85565185546875, 796.93115234375, 641.91357421875], [57.338905334472656, 665.851318359375, 798.6370849609375, 918.3693237304688], [58.79254150390625, 942.6222534179688, 792.9498901367188, 1175.9813232421875], [635, 215, 659, 237], [538, 554, 565, 572], [159, 156, 179, 185], [215, 576, 257, 602]], "labels": [0, 0, 0, 0, 0, 0, 0, 0, 1, 1, 1, 1, 1, 1, 1, 1, 1, 1, 1, 2, 2, 2, 2, 2, 3, 3, 3, 3], "image_id": 844}, "character_clusters": [0, 1, 2, 3, 2, 4, 0, 2], "text_char_matches": [[0, 0], [1, 0], [2, 2], [3, 4], [4, 6], [5, 4], [6, 4], [7, 4], [8, 7], [9, 7], [10, 7]], "text_tail_matches": [[0, 0], [2, 2], [3, 1], [4, 3]], "text_classification": [1, 1, 1, 1, 1, 1, 1, 1, 1, 1, 1], "character_names": ["Yamada Asaemon Sagiri", "none", "Gabimaru", "none", "Gabimaru", "none", "Yamada Asaemon Sagiri", "Gabimaru"]}