{"bbox_annotations": {"bboxes_as_x1y1x2y2": [[132.97564697265625, 387, 630.0, 745.5659790039062], [54.458011627197266, 32.18486404418945, 261.4785804748535, 323.88518142700195], [515.6890869140625, 833.7893676757812, 589.8875122070312, 954.8346557617188], [127.32884979248047, 805.4235229492188, 293.83812713623047, 1169.94482421875], [590.6598510742188, 780.4937744140625, 791.5570678710938, 1139.41650390625], [455.6225280761719, 28.509790420532227, 755.8599243164062, 324.5993595123291], [444.8816833496094, 875.3558349609375, 539.0245971679688, 998.7360229492188], [402, 804, 481, 912], [645.758056640625, 48.54173278808594, 782.5172119140625, 167.63226318359375], [367.0492248535156, 136.81536865234375, 472.4226989746094, 273.7269287109375], [224.97914123535156, 161.93121337890625, 347.1239929199219, 281.24334716796875], [526.61181640625, 1000.8394165039062, 652.6670532226562, 1126.296875], [244.31619262695312, 790.5413818359375, 399.54339599609375, 1002.5599365234375], [92.02326202392578, 979.92919921875, 203.40235900878906, 1125.2823486328125], [41.426231384277344, 6.4242658615112305, 787.4906005859375, 326.9244384765625], [18.095184326171875, 354.6789855957031, 795.9442138671875, 754.2393188476562], [8.274149894714355, 772.9912719726562, 790.3436889648438, 1188.4530029296875], [630, 157, 653, 178]], "labels": [0, 0, 0, 0, 0, 0, 0, 0, 1, 1, 1, 1, 1, 1, 2, 2, 2, 3], "image_id": 852}, "character_clusters": [0, 0, 1, 2, 0, 2, 3, 4], "text_char_matches": [[0, 5], [1, 5], [2, 5], [3, 4], [4, 4], [5, 4]], "text_tail_matches": [[0, 0]], "text_classification": [1, 1, 1, 1, 1, 1], "character_names": ["Gabimaru", "Gabimaru", "none", "Iwagakure Chief", "Gabimaru", "Iwagakure Chief", "none", "none"]}