{"bbox_annotations": {"bboxes_as_x1y1x2y2": [[677.278076171875, 374.34033203125, 735.519287109375, 416.93994140625], [313.2974548339844, 28.805490493774414, 384.40264892578125, 159.3073673248291], [528.771484375, 263.40899658203125, 733.7483520507812, 390.2200012207031], [339.3268127441406, 139.8240966796875, 487.3136901855469, 253.7020263671875], [270.9906311035156, 478.9718017578125, 368.0294189453125, 673.3385620117188], [212.6721649169922, 712.728759765625, 448.3751220703125, 950.3485717773438], [374.09375, 555.5379028320312, 650.0, 674.402099609375], [6.698065757751465, 718, 202.0, 902.5413818359375], [144.73489379882812, 84.81591796875, 206.70518493652344, 207.19224548339844], [8.311844825744629, 377, 37.0, 412.2587585449219], [52.93162536621094, 86.20285034179688, 156.8916015625, 279.36236572265625], [510.876953125, 340.2559814453125, 572.3370361328125, 415.6292724609375], [502.2460021972656, 46.73134231567383, 566.0584716796875, 183.6661262512207], [488.39202880859375, 455.4842529296875, 591.5115966796875, 614.2780151367188], [626.7839965820312, 198.4389190673828, 696.6891479492188, 291.8157043457031], [482.4220275878906, 730.085205078125, 647.2140502929688, 954.3764038085938], [4.553437232971191, 470.4398498535156, 312.88678073883057, 675.9783935546875], [11, 319, 56, 386], [30, 285, 72, 353], [616.053466796875, 493.0455322265625, 721.8851928710938, 564.071533203125], [398.2412414550781, 494.3428649902344, 432.0570068359375, 513.3161010742188], [637.3765258789062, 816.5870361328125, 694.150146484375, 853.042724609375], [383.4526062011719, 913.5929565429688, 418.24932861328125, 932.7075805664062], [166.78001403808594, 734.4630126953125, 197.7122344970703, 807.9486694335938], [29.383081436157227, 894.2784423828125, 64.5046558380127, 945.405517578125], [300.605712890625, 1050.1107177734375, 351.0181579589844, 1080.4190673828125], [2.9740095138549805, 21.849149703979492, 745.7910766601562, 419.31195068359375], [372.61090087890625, 445.94085693359375, 745.6258544921875, 676.7788696289062], [-0.20958185195922852, 444.9908752441406, 370.066162109375, 681.291259765625], [456.32257080078125, 705.0335693359375, 744.2284545898438, 956.3869018554688], [214.66464233398438, 698.1607055664062, 448.53143310546875, 952.5532836914062], [2.081930637359619, 707.6099243164062, 211.7667236328125, 959.2705078125], [0.3727912902832031, 985.6513061523438, 745.6994018554688, 1191.0863037109375], [402, 531, 426, 557], [383, 860, 400, 884]], "labels": [0, 0, 0, 0, 0, 0, 0, 0, 0, 0, 0, 0, 0, 0, 0, 0, 0, 0, 0, 1, 1, 1, 1, 1, 1, 1, 2, 2, 2, 2, 2, 2, 2, 3, 3], "image_id": 847}, "character_clusters": [0, 1, 2, 3, 4, 3, 3, 3, 5, 6, 7, 8, 9, 10, 11, 7, 7, 12, 13], "text_char_matches": [[1, 6], [0, 13]], "text_tail_matches": [[1, 0], [3, 1]], "text_classification": [1, 1, 0, 1, 0, 0, 0], "character_names": ["none", "none", "none", "Gabimaru", "none", "Gabimaru", "Gabimaru", "Gabimaru", "none", "none", "none", "none", "none", "none", "none", "none", "none", "none", "none"]}