{"bbox_annotations": {"bboxes_as_x1y1x2y2": [[420.0785217285156, 737.5548095703125, 556.2739868164062, 895.2546997070312], [43, 2.8237760066986084, 273.37673568725586, 585.5306241512299], [548.1431274414062, 657.7457885742188, 660.2867431640625, 893.3565063476562], [460, 934.3192138671875, 668.0740356445312, 1174.4163818359375], [223, 6.470990180969238, 747.2651634216309, 621.613507270813], [292.510986328125, 944.1990966796875, 436.20892333984375, 1172.6673583984375], [646.9091796875, 103.5333251953125, 767.0687255859375, 181.136474609375], [124.02204132080078, 386.63623046875, 251.14236450195312, 571.9503784179688], [669.3112182617188, 687.8054809570312, 781.8547973632812, 852.9031372070312], [492.923828125, 672.3916015625, 544.906494140625, 698.5838623046875], [397.7793884277344, 691.510009765625, 434.2252197265625, 711.90185546875], [229.9143829345703, 668.9885864257812, 351.48602294921875, 795.8434448242188], [79.02735137939453, 761.0572509765625, 227.32035064697266, 849.6637573242188], [643.9423828125, 1003.3770141601562, 768.95654296875, 1056.851806640625], [86.29165649414062, 985.5589599609375, 290.0585632324219, 1129.302734375], [46.837806701660156, 1.0434865951538086, 800.688720703125, 626.2780151367188], [358.6062316894531, 643.7579956054688, 797.2774658203125, 899.71728515625], [56.786441802978516, 637.4470825195312, 354.60296630859375, 898.0283203125], [63.82374572753906, 924.5233764648438, 798.643798828125, 1177.3594970703125], [635, 224, 664, 247], [411, 729, 430, 755], [274, 530, 304, 551], [639, 791, 672, 813]], "labels": [0, 0, 0, 0, 0, 0, 1, 1, 1, 1, 1, 1, 1, 1, 1, 2, 2, 2, 2, 3, 3, 3, 3], "image_id": 878}, "character_clusters": [0, 0, 1, 1, 1, 2], "text_char_matches": [[0, 4], [1, 4], [2, 2], [4, 0], [5, 2], [6, 2], [7, 3], [8, 3]], "text_tail_matches": [[0, 0], [1, 2], [2, 3], [4, 1]], "text_classification": [1, 1, 1, 0, 1, 1, 1, 1, 1], "character_names": ["Gabimaru", "Gabimaru", "Yui", "Yui", "Yui", "Iwagakure Chief"]}