{"bbox_annotations": {"bboxes_as_x1y1x2y2": [[332, 162.5305633544922, 414.4174499511719, 317.38018798828125], [39.130435943603516, 724.8716430664062, 134.72870254516602, 837.33203125], [7.802123069763184, 29.115665435791016, 189.29107570648193, 322.012882232666], [211.46559143066406, 158.7318115234375, 319.4312438964844, 321.3995666503906], [172.6543426513672, 136.36721801757812, 266.424072265625, 279.368408203125], [151, 608.6243286132812, 236.66831970214844, 725.0], [152.43324279785156, 1008.2665405273438, 300.5105895996094, 1172.340087890625], [338, 618.6428833007812, 722, 1132.0], [31.84073257446289, 969.6644897460938, 127.00104141235352, 1164.3973388671875], [280, 361, 468, 561], [716.18603515625, 67.95391845703125, 757.7012329101562, 98.62265014648438], [240.13511657714844, 41.373619079589844, 445.60205078125, 152.47067260742188], [332.30126953125, 209.6110382080078, 366.8113098144531, 230.7328643798828], [150.497802734375, 60.05719757080078, 191.27076721191406, 92.04345703125], [32.56448745727539, 243.41983032226562, 96.12721252441406, 302.38970947265625], [86.37384033203125, 488.31475830078125, 171.23492431640625, 531.4319458007812], [643.8888549804688, 657.7060546875, 683.762451171875, 679.9240112304688], [497.13702392578125, 1037.8035888671875, 607.7196655273438, 1135.6986083984375], [186.3198699951172, 764.5686645507812, 285.9217529296875, 828.976318359375], [29.77775001525879, 622.5764770507812, 80.58622932434082, 688.3020629882812], [181.42266845703125, 903.1282348632812, 297.7525634765625, 1030.2978515625], [122.20455169677734, 1019.9872436523438, 165.443359375, 1044.557861328125], [29.787757873535156, 1110.2010498046875, 92.33989715576172, 1141.1097412109375], [412.6202087402344, 24.6925048828125, 746.953369140625, 327.5147399902344], [0.2579927444458008, 12.385993957519531, 414.0078430175781, 326.6902770996094], [2.005648612976074, 353.7497253417969, 748.0234985351562, 568.9942016601562], [302.6602478027344, 594.5889282226562, 742.9462280273438, 1177.9205322265625], [-0.2692103385925293, 593.8479614257812, 305.39251708984375, 865.3892211914062], [0.38101673126220703, 891.3935546875, 304.6563720703125, 1178.90576171875], [111, 88, 137, 108], [45, 707, 64, 732], [535, 993, 551, 1015], [146, 1059, 167, 1079], [643, 699, 663, 725], [215, 701, 237, 734], [226, 1024, 246, 1050], [90, 1129, 121, 1157]], "labels": [0, 0, 0, 0, 0, 0, 0, 0, 0, 0, 1, 1, 1, 1, 1, 1, 1, 1, 1, 1, 1, 1, 1, 2, 2, 2, 2, 2, 2, 3, 3, 3, 3, 3, 3, 3, 3], "image_id": 843}, "character_clusters": [0, 1, 2, 3, 4, 2, 2, 2, 1, 2], "text_char_matches": [[3, 2], [4, 2], [6, 7], [7, 7], [9, 1], [8, 5], [10, 6], [11, 6], [12, 6]], "text_tail_matches": [[3, 0], [6, 4], [7, 2], [8, 5], [9, 1], [10, 6], [11, 3], [12, 7]], "text_classification": [0, 1, 1, 1, 1, 0, 1, 1, 1, 1, 1, 1, 1], "character_names": ["none", "Yamada Asaemon Sagiri", "Gabimaru", "none", "none", "Gabimaru", "Gabimaru", "Gabimaru", "Yamada Asaemon Sagiri", "Gabimaru"]}