{"bbox_annotations": {"bboxes_as_x1y1x2y2": [[0, 412.9976806640625, 447.6373291015625, 510.555908203125], [4.978084564208984, 901.5582275390625, 116.66776657104492, 1198.5606689453125], [188.9609832763672, 874.5515747070312, 300.69342041015625, 1093.2867431640625], [193.23199462890625, 2.196469783782959, 643.7372436523438, 249.70625066757202], [145.5261993408203, 213.555419921875, 633.9754180908203, 381.6717529296875], [254.03958129882812, 1020.0250854492188, 382.6830749511719, 1199.1156005859375], [42.4328727722168, 282.4766845703125, 131.21659469604492, 311.4002380371094], [542.4832153320312, 488.3028259277344, 676.5568237304688, 639.0323486328125], [31.62334632873535, 515.6365356445312, 199.76148414611816, 611.4166870117188], [17.677242279052734, 647.6802368164062, 200.03814315795898, 816.6309204101562], [578.513671875, 894.2714233398438, 733.1715087890625, 1009.2590942382812], [470.25042724609375, 1012.0098266601562, 627.166259765625, 1163.785400390625], [313.8475646972656, 913.3270263671875, 435.5150146484375, 987.745361328125], [40.505252838134766, 1061.71240234375, 171.99312210083008, 1156.8974609375], [-1.7557382583618164, -0.8565455675125122, 745.7551879882812, 271.1476135253906], [-0.15807151794433594, 205.6832275390625, 694.4805908203125, 382.5289001464844], [-0.08406639099121094, 408.66015625, 739.8741455078125, 844.56591796875], [447.90020751953125, 865.9619140625, 745.0978393554688, 1195.0947265625], [192.26766967773438, 865.6864624023438, 446.5369567871094, 1199.25], [-2.060776948928833, 865.331298828125, 189.10971069335938, 1197.9281005859375], [558, 688, 580, 710], [360, 1007, 381, 1033]], "labels": [0, 0, 0, 0, 0, 0, 1, 1, 1, 1, 1, 1, 1, 1, 2, 2, 2, 2, 2, 2, 3, 3], "image_id": 885}, "character_clusters": [0, 0, 0, 1, 1, 1], "text_char_matches": [[0, 4], [1, 0], [2, 0], [3, 0], [4, 0], [5, 0], [6, 5], [7, 1]], "text_tail_matches": [[1, 0], [6, 1]], "text_classification": [1, 1, 1, 1, 1, 1, 1, 1], "character_names": ["Yamada Asaemon Sagiri", "Yamada Asaemon Sagiri", "Yamada Asaemon Sagiri", "Gabimaru", "Gabimaru", "Gabimaru"]}