{"bbox_annotations": {"bboxes_as_x1y1x2y2": [[238.86712646484375, 912.2181396484375, 338.50701904296875, 1114.4842529296875], [54.65545654296875, -4.763460159301758, 756.0136108398438, 897.9018230438232], [300.36322021484375, -5.707883834838867, 790.1459350585938, 905.0162372589111], [282.7380065917969, 915.947509765625, 467.089599609375, 1115.4127197265625], [701.0289306640625, 201.2434844970703, 757.424560546875, 229.4154052734375], [56.776405334472656, -1.685500144958496, 797.6198120117188, 907.6570434570312], [56.76681900024414, 876.1381225585938, 798.647216796875, 1199.074951171875]], "labels": [0, 0, 0, 0, 1, 2, 2], "image_id": 874}, "character_clusters": [0, 0, 1, 1], "text_char_matches": [], "text_tail_matches": [], "text_classification": [0], "character_names": ["Yamada Asaemon Sagiri", "Yamada Asaemon Sagiri", "Gabimaru", "Gabimaru"]}