{"bbox_annotations": {"bboxes_as_x1y1x2y2": [[23.49603843688965, 890.6907958984375, 154.49762535095215, 1069.9639892578125], [188.6854705810547, 30.21782112121582, 301.3147888183594, 463.5741138458252], [216.56236267089844, 506.6551208496094, 537.0738372802734, 726.879638671875], [128.29641723632812, 908.1134033203125, 228.05096435546875, 1080.909912109375], [611.0579223632812, 166.2818145751953, 741.6087036132812, 471.6353302001953], [310.6958923339844, 143.67506408691406, 458.49908447265625, 468.8736114501953], [463.2255554199219, 145.6973114013672, 663.1759643554688, 469.16319274902344], [0.8885025978088379, 215.8540496826172, 184.74449014663696, 469.0253601074219], [110.36862182617188, 169.42735290527344, 200.2200164794922, 452.3618621826172], [298.1295166015625, 760.806640625, 747.8392333984375, 1174.6712646484375], [576.6036376953125, 58.489532470703125, 722.6653442382812, 154.03839111328125], [229.1730194091797, 336.9679870605469, 373.7333068847656, 430.1640319824219], [21.660888671875, 42.5750732421875, 170.08522033691406, 161.0753631591797], [584.290283203125, 541.7570190429688, 696.729248046875, 684.7244262695312], [581.1913452148438, 848.3992309570312, 704.3237915039062, 936.7676391601562], [235.8170928955078, 948.813720703125, 407.3686218261719, 1096.25927734375], [200.06837463378906, 15.165549278259277, 735.0157470703125, 476.20703125], [197.7739715576172, 19.168298721313477, 459.95050048828125, 472.27099609375], [1.5036344528198242, 20.293611526489258, 209.66770935058594, 474.74591064453125], [1.9581317901611328, 503.48974609375, 736.6070556640625, 735.05078125], [-3.2087087631225586, 759.4378051757812, 744.4777221679688, 1184.4857177734375], [529, 620, 559, 641], [346, 281, 369, 308], [640, 181, 662, 208], [121, 160, 149, 197]], "labels": [0, 0, 0, 0, 0, 0, 0, 0, 0, 0, 1, 1, 1, 1, 1, 1, 2, 2, 2, 2, 2, 3, 3, 3, 3], "image_id": 851}, "character_clusters": [2, 1, 0, 1, 0, 0, 1, 1, 0, 1], "text_char_matches": [[0, 4], [1, 5], [2, 8], [3, 2], [4, 9], [5, 9]], "text_tail_matches": [[0, 2], [1, 1], [2, 3], [3, 0]], "text_classification": [1, 1, 1, 1, 1, 1], "character_names": ["Iwagakure Chief", "Gabimaru", "Yui", "Gabimaru", "Yui", "Yui", "Gabimaru", "Gabimaru", "Yui", "Gabimaru"]}