{"bbox_annotations": {"bboxes_as_x1y1x2y2": [[230.9672088623047, 222.8558349609375, 374.05474853515625, 412.1585693359375], [579.8265991210938, 807.8292846679688, 736.9180908203125, 1168.61328125], [315.0138244628906, 794.3101196289062, 542.3106689453125, 1174.22509765625], [45.03258514404297, 96.91466522216797, 324.4373092651367, 412.70821380615234], [639.0984497070312, 920.4633178710938, 742.9375610351562, 1136.1295166015625], [382.239501953125, 66.96699523925781, 537.5169677734375, 391.36354064941406], [542.2901611328125, 166.01083374023438, 742.8131713867188, 355.3984069824219], [238.20516967773438, 509.9637451171875, 303.84002685546875, 684.671875], [8.694517135620117, 753.4337158203125, 288.9083843231201, 1177.4727783203125], [587.5526123046875, 66.2740707397461, 704.5429077148438, 172.4425506591797], [466.3739318847656, 314.36773681640625, 575.8419799804688, 376.9060363769531], [230.03306579589844, 57.20390701293945, 364.7852478027344, 142.0616798400879], [46.48075485229492, 341.3174133300781, 78.65606689453125, 359.6888427734375], [623.6224975585938, 780.4754638671875, 704.71142578125, 804.0756225585938], [449.8710021972656, 772.2264404296875, 567.1774291992188, 884.4501953125], [456.58172607421875, 947.6513671875, 560.4081420898438, 1077.7181396484375], [318.0513610839844, 1072.6134033203125, 428.01165771484375, 1138.067138671875], [176.9752655029297, 771.8217163085938, 290.76556396484375, 886.3145751953125], [25.463680267333984, 1102.5748291015625, 93.88877487182617, 1149.0267333984375], [378.28912353515625, 16.203886032104492, 747.7169189453125, 424.30023193359375], [4.627823829650879, 18.03805160522461, 376.2517395019531, 417.83203125], [1.513504981994629, 446.2904968261719, 744.8323364257812, 694.439208984375], [576.0457153320312, 722.0187377929688, 746.807861328125, 1175.7171630859375], [306.076171875, 719.602783203125, 573.948974609375, 1175.0089111328125], [1.5731215476989746, 726.3964233398438, 301.2291564941406, 1179.2802734375], [667, 837, 688, 865], [424, 949, 445, 971], [75, 1063, 97, 1087], [71, 284, 95, 308], [677, 189, 697, 213]], "labels": [0, 0, 0, 0, 0, 0, 0, 0, 0, 1, 1, 1, 1, 1, 1, 1, 1, 1, 1, 2, 2, 2, 2, 2, 2, 3, 3, 3, 3, 3], "image_id": 853}, "character_clusters": [0, 1, 2, 1, 2, 0, 0, 1, 1], "text_char_matches": [[0, 6], [1, 5], [2, 0], [3, 3], [4, 4], [5, 2], [6, 2], [7, 2], [8, 8], [9, 8]], "text_tail_matches": [[0, 4], [3, 3], [4, 0], [5, 1], [6, 1], [9, 2]], "text_classification": [1, 1, 1, 1, 1, 1, 1, 1, 1, 1], "character_names": ["Gabimaru", "Yamada Asaemon Sagiri", "none", "Yamada Asaemon Sagiri", "none", "Gabimaru", "Gabimaru", "Yamada Asaemon Sagiri", "Yamada Asaemon Sagiri"]}