{"bbox_annotations": {"bboxes_as_x1y1x2y2": [[354.1224365234375, 397.64373779296875, 691.554443359375, 1094.3917236328125], [357.7922058105469, 51.2855339050293, 473.4837646484375, 281.922420501709], [212.51736450195312, 305.39508056640625, 269.7689514160156, 361.8682861328125], [66.93706512451172, 193.22076416015625, 137.93890380859375, 409.86199951171875], [77.94541931152344, 701.4918823242188, 215.34640502929688, 878.8309326171875], [60.13835525512695, 1057.65478515625, 196.16565322875977, 1149.48046875], [33.70549011230469, 278.13360595703125, 71.15122985839844, 404.7484436035156], [31.62241554260254, 460.53662109375, 225.67693519592285, 586.4998168945312], [183.21067810058594, 1073.282958984375, 348.381591796875, 1151.062255859375], [117.64750671386719, 327.07379150390625, 200.84063720703125, 411.1007385253906], [285.380126953125, 309.4727478027344, 349.4470520019531, 406.1910400390625], [518.6548461914062, 155.75863647460938, 666.5975952148438, 274.39532470703125], [208.0819549560547, 58.95016098022461, 322.27349853515625, 299.5846519470215], [59.200077056884766, 78.8365249633789, 147.46277236938477, 142.29013061523438], [264.11199951171875, 495.3662109375, 317.3336486816406, 521.1748657226562], [204.27114868164062, 629.9029541015625, 341.9856872558594, 837.8743286132812], [46.389163970947266, 899.0349731445312, 182.6338996887207, 1012.281982421875], [185.93955993652344, 1029.5050048828125, 230.93356323242188, 1058.89697265625], [348.1028137207031, -11.60581111907959, 747.473876953125, 1185.1656494140625], [21.170520782470703, 36.12095260620117, 345.95379638671875, 428.8117980957031], [28.213918685913086, 455.27923583984375, 353.7015075683594, 595.9686889648438], [27.31844139099121, 608.276123046875, 349.727294921875, 1001.7424926757812], [28.53620147705078, 1015.37060546875, 349.24322509765625, 1156.705810546875], [90, 175, 112, 203], [222, 509, 248, 528]], "labels": [0, 0, 0, 0, 0, 0, 0, 0, 0, 0, 0, 1, 1, 1, 1, 1, 1, 1, 2, 2, 2, 2, 2, 3, 3], "image_id": 838}, "character_clusters": [0, 1, 2, 3, 4, 5, 6, 0, 7, 0, 8], "text_char_matches": [[2, 3], [3, 7]], "text_tail_matches": [[2, 0], [3, 1]], "text_classification": [1, 1, 1, 1, 1, 1, 0], "character_names": ["Gabimaru", "none", "none", "none", "none", "none", "none", "Gabimaru", "none", "Gabimaru", "none"]}