{"bbox_annotations": {"bboxes_as_x1y1x2y2": [[202.6451873779297, 27.007564544677734, 547.5882415771484, 272.094539642334], [611.3364868164062, 440.78558349609375, 635.6459350585938, 512.2052001953125], [713.3206176757812, 497.787841796875, 753.3548583984375, 551.17529296875], [77.34872436523438, 448.84014892578125, 207.78033447265625, 565.7318115234375], [564.24267578125, 404.1988525390625, 594.3782958984375, 464.9901428222656], [522.0377807617188, 517.1708984375, 546.1795654296875, 552.5794677734375], [98.7507553100586, 307.90606689453125, 275.14632415771484, 554.349609375], [255.86593627929688, 404.0370178222656, 333.52862548828125, 559.3754272460938], [433.55340576171875, 481.45703125, 465.234375, 557.968994140625], [498, 437, 539, 492], [534, 422, 562, 475], [488, 384, 531, 442], [286, 621, 624, 923], [535.3192138671875, 54.5814323425293, 746.2396850585938, 222.47343063354492], [311.04180908203125, 354.07525634765625, 436.0444641113281, 523.0875244140625], [251.52525329589844, 357.50836181640625, 284.8304138183594, 376.26800537109375], [627.1856689453125, 662.57861328125, 761.7576904296875, 942.1305541992188], [265.4708251953125, 943.9804077148438, 436.8003234863281, 1117.4403076171875], [98.63177490234375, 722.7952270507812, 182.50318908691406, 915.0532836914062], [59.27841567993164, 20.986621856689453, 798.1892700195312, 272.2849426269531], [61.72072982788086, 299.79486083984375, 802.5014038085938, 568.4097900390625], [61.026145935058594, 595.792724609375, 796.670654296875, 1179.3209228515625], [224, 356, 252, 371]], "labels": [0, 0, 0, 0, 0, 0, 0, 0, 0, 0, 0, 0, 0, 1, 1, 1, 1, 1, 1, 2, 2, 2, 3], "image_id": 842}, "character_clusters": [0, 1, 2, 3, 4, 5, 6, 7, 8, 3, 7, 6, 9], "text_char_matches": [[0, 0], [2, 6]], "text_tail_matches": [[2, 0]], "text_classification": [1, 1, 1, 1, 1, 1], "character_names": ["none", "none", "none", "none", "none", "none", "Gabimaru", "none", "none", "none", "none", "Gabimaru", "none"]}