{"bbox_annotations": {"bboxes_as_x1y1x2y2": [[132.31744384765625, 877.9461059570312, 315.2171630859375, 1172.0341796875], [523.4747314453125, 916.5494384765625, 651.4762573242188, 1159.328369140625], [185.91661071777344, 26.247560501098633, 623.7096405029297, 831.0480365753174], [586.7528686523438, 103.93025970458984, 764.6897583007812, 241.44127655029297], [673.0950317382812, 914.7573852539062, 780.487060546875, 1111.07763671875], [385.2853698730469, 964.6983032226562, 508.2122802734375, 1135.4058837890625], [101.94342041015625, 1050.8009033203125, 220.0970458984375, 1137.4029541015625], [45.12319564819336, 4.959475994110107, 798.63818359375, 844.6082763671875], [361.6784973144531, 871.242919921875, 793.2034301757812, 1178.9852294921875], [57.971763610839844, 870.3676147460938, 358.33087158203125, 1182.868896484375]], "labels": [0, 0, 0, 1, 1, 1, 1, 2, 2, 2], "image_id": 850}, "character_clusters": [0, 1, 1], "text_char_matches": [[0, 0], [1, 0], [2, 0], [3, 0]], "text_tail_matches": [], "text_classification": [1, 1, 1, 1], "character_names": ["Gabimaru", "Yui", "Yui"]}