{"bbox_annotations": {"bboxes_as_x1y1x2y2": [[343.57843017578125, 473.49261474609375, 743.9691772460938, 863.0415649414062], [-0.6583690643310547, 473.35430908203125, 379.40730476379395, 861.9972534179688], [6.737613677978516, 895.54345703125, 382.9786720275879, 1171.5308837890625], [19.102556228637695, 29.706832885742188, 137.71245002746582, 223.07223510742188], [477.4186706542969, 899.5828857421875, 552.4517822265625, 1157.2633056640625], [105.81290435791016, 100.67512512207031, 240.57630157470703, 233.71319580078125], [124.1575927734375, 273.1962585449219, 244.3615264892578, 434.9245300292969], [525.676513671875, 102.58292388916016, 728.3458862304688, 439.2652359008789], [248.77976989746094, 64.59998321533203, 449.8976745605469, 430.40128326416016], [1.0288715362548828, 274.2719421386719, 131.48327827453613, 434.6751708984375], [548.7139892578125, 1016.2803955078125, 713.1876220703125, 1167.9014892578125], [408.00433349609375, 292.1021728515625, 546.8589477539062, 410.1117858886719], [152.0653839111328, 73.00581359863281, 233.62637329101562, 98.3915786743164], [40.70402145385742, 175.89596557617188, 74.34612274169922, 195.8281707763672], [125.27748107910156, 393.8741760253906, 152.84231567382812, 422.5391845703125], [332.5712890625, 815.0306396484375, 366.9299011230469, 840.208740234375], [583.7274780273438, 914.2901000976562, 707.532958984375, 1010.330078125], [495.8540344238281, 1108.452392578125, 552.8373413085938, 1154.9779052734375], [315.468017578125, 949.723876953125, 444.8604736328125, 1036.3243408203125], [240.9676513671875, 12.724971771240234, 741.3961181640625, 437.00323486328125], [6.601285934448242, 18.123077392578125, 242.02096557617188, 239.244384765625], [0.29702186584472656, 261.1061706542969, 247.5027618408203, 445.4121398925781], [0.21076202392578125, 466.4913330078125, 739.4911499023438, 865.169189453125], [474.9884033203125, 889.659912109375, 736.5562744140625, 1177.641357421875], [1.3278484344482422, 893.2520751953125, 472.9955749511719, 1179.3746337890625], [420, 231, 451, 264], [512, 1074, 529, 1099], [188, 123, 207, 149], [46, 117, 72, 154], [152, 387, 180, 411], [617, 1001, 639, 1047], [345, 1073, 369, 1097]], "labels": [0, 0, 0, 0, 0, 0, 0, 0, 0, 0, 0, 1, 1, 1, 1, 1, 1, 1, 1, 2, 2, 2, 2, 2, 2, 3, 3, 3, 3, 3, 3, 3], "image_id": 879}, "character_clusters": [0, 1, 0, 1, 1, 0, 0, 0, 1, 1, 0], "text_char_matches": [[0, 8], [1, 5], [2, 3], [3, 6], [5, 10], [6, 4], [7, 4]], "text_tail_matches": [[0, 0], [1, 2], [2, 3], [3, 4], [5, 5], [6, 1], [7, 6]], "text_classification": [1, 1, 1, 1, 0, 1, 0, 1], "character_names": ["Gabimaru", "Yui", "Gabimaru", "Yui", "Yui", "Gabimaru", "Gabimaru", "Gabimaru", "Yui", "Yui", "Gabimaru"]}