{"bbox_annotations": {"bboxes_as_x1y1x2y2": [[570.2962646484375, 595.1534423828125, 793.5989379882812, 839.1660766601562], [56.6391716003418, 927.5068969726562, 231.40859603881836, 1170.016357421875], [245.2554168701172, -1.0499417781829834, 665.1963348388672, 433.9457857608795], [213.50474548339844, 659.5008544921875, 262.6716613769531, 752.8836059570312], [415.2273254394531, 517.9085083007812, 636.9910888671875, 843.8214111328125], [82.86511993408203, 551.1993408203125, 156.1214141845703, 684.937744140625], [259.9136047363281, 971.4072875976562, 473.4593505859375, 1172.5406494140625], [643.8353271484375, 103.64824676513672, 743.7925415039062, 169.85743713378906], [147.50814819335938, 199.04595947265625, 242.51730346679688, 394.7735900878906], [712.1575927734375, 522.9801635742188, 761.2913818359375, 547.1333618164062], [573.5037231445312, 514.5819702148438, 607.48486328125, 533.9645385742188], [696.38818359375, 779.859375, 755.4015502929688, 803.9412841796875], [577.0234985351562, 766.482421875, 633.6357421875, 790.2083129882812], [326.04925537109375, 758.3505859375, 431.1452331542969, 782.7365112304688], [201.23541259765625, 505.5034484863281, 271.00103759765625, 579.1631469726562], [85.544921875, 717.1932373046875, 185.0350799560547, 818.9846801757812], [664.0535278320312, 930.92724609375, 765.3325805664062, 1028.6226806640625], [566.7874145507812, 991.6934814453125, 647.2210083007812, 1085.74609375], [401.77703857421875, 906.5631713867188, 495.1772155761719, 1015.1102294921875], [243.51840209960938, 923.165283203125, 332.975341796875, 968.9573974609375], [228.36956787109375, 1098.526611328125, 300.9753723144531, 1145.205810546875], [97.13038635253906, 909.7315063476562, 210.47079467773438, 1005.203125], [55.75075149536133, -0.5059182643890381, 796.840087890625, 437.1138916015625], [302.4605407714844, 462.5801696777344, 798.65234375, 842.2039184570312], [54.48664474487305, 465.04132080078125, 301.9737854003906, 845.3097534179688], [519.6758422851562, 868.7228393554688, 797.5724487304688, 1178.5699462890625], [56.25753402709961, 867.68017578125, 514.4512329101562, 1174.269287109375], [106, 667, 124, 690], [571, 554, 592, 574], [283, 312, 313, 343], [239, 621, 257, 660], [118, 1019, 150, 1054], [297, 980, 323, 1009], [726, 563, 744, 583], [626, 212, 648, 239], [716, 720, 742, 756], [308, 1120, 334, 1142], [604, 729, 633, 753], [409, 1019, 431, 1045]], "labels": [0, 0, 0, 0, 0, 0, 0, 1, 1, 1, 1, 1, 1, 1, 1, 1, 1, 1, 1, 1, 1, 1, 2, 2, 2, 2, 2, 3, 3, 3, 3, 3, 3, 3, 3, 3, 3, 3, 3], "image_id": 902}, "character_clusters": [0, 1, 2, 2, 1, 1, 2], "text_char_matches": [[0, 2], [1, 2], [2, 0], [4, 0], [3, 4], [6, 4], [7, 3], [8, 5], [9, 5], [10, 3], [11, 6], [12, 6], [14, 1], [13, 6]], "text_tail_matches": [[0, 7], [1, 2], [2, 6], [3, 1], [4, 8], [5, 10], [7, 3], [8, 0], [11, 11], [12, 5], [14, 4], [13, 9]], "text_classification": [1, 1, 1, 1, 1, 1, 1, 1, 1, 1, 1, 1, 1, 1, 1], "character_names": ["none", "Yamada Asaemon Sagiri", "Gabimaru", "Gabimaru", "Yamada Asaemon Sagiri", "Yamada Asaemon Sagiri", "Gabimaru"]}