{"bbox_annotations": {"bboxes_as_x1y1x2y2": [[6.242108345031738, 15.95005989074707, 490.5304079055786, 647.9984607696533], [8.322284698486328, 708.0310668945312, 243.0, 1045.0], [136, 661, 611, 988], [50, 761, 785, 1192], [27, 540, 321, 754], [294.75048828125, 870.5936279296875, 343.3997497558594, 914.6123046875], [-3.192019462585449, 1.581251621246338, 796.2470703125, 1201.22705078125]], "labels": [0, 0, 0, 0, 0, 1, 2], "image_id": 900}, "character_clusters": [0, 1, 2, 3, 4], "text_char_matches": [], "text_tail_matches": [], "text_classification": [1], "character_names": ["Gabimaru", "none", "none", "none", "none"]}