{"bbox_annotations": {"bboxes_as_x1y1x2y2": [[327.5451354980469, 750.7164306640625, 404.43359375, 861.02685546875], [436.8260498046875, 956.9413452148438, 653.8499145507812, 1033.0], [1.594400405883789, 955.1412353515625, 207.2867374420166, 1172.7470703125], [242.55540466308594, 821.095947265625, 303.3875732421875, 913.4720458984375], [449.4194030761719, 996.4345092773438, 655.6043701171875, 1174.4217529296875], [371.72113037109375, 28.364826202392578, 727.2271728515625, 715.4746284484863], [6.6529035568237305, 74.94449615478516, 363.421763420105, 711.9634780883789], [251.58114624023438, 949.1488037109375, 425.7247314453125, 1174.35791015625], [646.055419921875, 79.53849792480469, 695.0509033203125, 107.2342300415039], [375.1372375488281, 510.1929626464844, 526.4530029296875, 701.4055786132812], [285.2408752441406, 79.0107421875, 323.7592468261719, 100.39739227294922], [38.13913345336914, 617.9591674804688, 133.3299903869629, 665.88427734375], [582.2504272460938, 764.9750366210938, 704.6182861328125, 848.1465454101562], [449.8824462890625, 829.8764038085938, 563.5634155273438, 892.4785766601562], [131.92733764648438, 770.5948486328125, 245.77203369140625, 852.2245483398438], [22.441625595092773, 806.4577026367188, 108.33502006530762, 888.4368896484375], [602.4421997070312, 968.7933959960938, 717.07470703125, 1050.257568359375], [469.0940246582031, 1113.94091796875, 527.3553466796875, 1140.2578125], [214.5965118408203, 1057.5428466796875, 300.70172119140625, 1139.825927734375], [36.772666931152344, 981, 118.01011657714844, 1024.4583740234375], [365.5224304199219, 15.394377708435059, 738.6950073242188, 715.0390625], [2.0882725715637207, 9.57888412475586, 370.2083740234375, 716.3937377929688], [0.8932352066040039, 739.9116821289062, 740.6295776367188, 917.21826171875], [430.92822265625, 943.4077758789062, 747.7999877929688, 1172.8309326171875], [209.19346618652344, 942.4241333007812, 427.6865539550781, 1176.491455078125], [-0.8787751197814941, 942.244384765625, 205.35311889648438, 1179.9049072265625], [100, 555, 127, 584], [629, 131, 652, 151], [301, 1084, 321, 1108], [571, 992, 595, 1011], [289, 122, 309, 146], [241, 845, 263, 866], [422, 816, 446, 839], [466, 463, 491, 499], [86, 885, 107, 913]], "labels": [0, 0, 0, 0, 0, 0, 0, 0, 1, 1, 1, 1, 1, 1, 1, 1, 1, 1, 1, 1, 2, 2, 2, 2, 2, 2, 3, 3, 3, 3, 3, 3, 3, 3, 3], "image_id": 841}, "character_clusters": [0, 1, 0, 1, 0, 1, 0, 1], "text_char_matches": [[0, 5], [1, 5], [2, 6], [3, 6], [4, 0], [5, 0], [6, 3], [7, 0], [8, 1], [9, 4], [11, 2]], "text_tail_matches": [[0, 1], [1, 7], [2, 4], [3, 0], [4, 6], [5, 6], [6, 5], [8, 3], [10, 2], [7, 8]], "text_classification": [1, 1, 1, 1, 1, 1, 1, 1, 1, 1, 1, 1], "character_names": ["Gabimaru", "Yamada Asaemon Sagiri", "Gabimaru", "Yamada Asaemon Sagiri", "Gabimaru", "Yamada Asaemon Sagiri", "Gabimaru", "Yamada Asaemon Sagiri"]}