{"bbox_annotations": {"bboxes_as_x1y1x2y2": [[58.79149627685547, 618.1636352539062, 792.8330612182617, 1196.5343017578125], [191.3403778076172, 1.865708827972412, 621.9300384521484, 587.0641951560974], [597.5882568359375, 120.63678741455078, 777.4183959960938, 285.1930923461914], [122.97245025634766, 734.709716796875, 270.1062698364258, 793.6652221679688], [56.35771942138672, 0.5337953567504883, 799.81201171875, 583.0429077148438], [56.417964935302734, 605.3820190429688, 802.38330078125, 1196.8043212890625], [562, 261, 593, 291], [250, 838, 285, 867]], "labels": [0, 0, 1, 1, 2, 2, 3, 3], "image_id": 886}, "character_clusters": [0, 1], "text_char_matches": [[0, 1], [1, 0]], "text_tail_matches": [[0, 0], [1, 1]], "text_classification": [1, 1], "character_names": ["Gabimaru", "Yamada Asaemon Sagiri"]}