{"bbox_annotations": {"bboxes_as_x1y1x2y2": [[99.74934387207031, 135.46292114257812, 229.88018798828125, 300.2451171875], [353.6202392578125, 578, 490.0, 862.6945190429688], [135.0452117919922, 461.7423400878906, 321.6934509277344, 881.0963745117188], [78.23806762695312, 85.85092163085938, 149.313720703125, 291.2018127441406], [213.7887420654297, 0.3862917423248291, 690.5282440185547, 418.70184350013733], [531.187255859375, 573.0887451171875, 746.6632690429688, 880.6551513671875], [488.0210266113281, 483.34576416015625, 622.851318359375, 739.6632080078125], [165, 962, 406, 1106], [0.2941429615020752, 473.8868103027344, 133.11386036872864, 880.616455078125], [297, 917, 459, 1165], [547.5770874023438, 88.11998748779297, 702.7784423828125, 182.35980224609375], [443.6888122558594, 274.45697021484375, 592.2794799804688, 379.9274597167969], [597.0743408203125, 507.1079406738281, 660.9738159179688, 537.357177734375], [299.5554504394531, 482.90203857421875, 415.15087890625, 583.2940673828125], [267.1383361816406, 615.1513061523438, 368.9844665527344, 722.0441284179688], [460.3291015625, 763.465087890625, 561.1590576171875, 832.1636962890625], [163.14450073242188, 788.9251708984375, 198.11459350585938, 809.0347290039062], [561.5302124023438, 980.4793090820312, 656.4772338867188, 1075.55517578125], [-0.4195213317871094, -0.5548238754272461, 742.9457397460938, 422.947998046875], [476.8807373046875, 448.2332458496094, 741.4915161132812, 883.2071533203125], [142.1977996826172, 444.30841064453125, 732.5963134765625, 879.66455078125], [0.5191624164581299, 460.1036682128906, 134.52716064453125, 884.1900024414062], [-2.2686243057250977, 905.3911743164062, 747.3291625976562, 1177.460205078125], [630, 577, 649, 601], [476, 989, 539, 1015], [171, 731, 190, 762]], "labels": [0, 0, 0, 0, 0, 0, 0, 0, 0, 0, 1, 1, 1, 1, 1, 1, 1, 1, 2, 2, 2, 2, 2, 3, 3, 3], "image_id": 877}, "character_clusters": [0, 0, 1, 1, 0, 0, 1, 0, 0, 1], "text_char_matches": [[0, 4], [2, 5], [5, 5], [3, 1], [4, 1], [6, 2], [7, 9]], "text_tail_matches": [[2, 0], [6, 2], [7, 1]], "text_classification": [1, 1, 1, 1, 1, 1, 1, 1], "character_names": ["Gabimaru", "Gabimaru", "Yui", "Yui", "Gabimaru", "Gabimaru", "Yui", "Gabimaru", "Gabimaru", "Yui"]}