{"bbox_annotations": {"bboxes_as_x1y1x2y2": [[317.99896240234375, 708.5838623046875, 553.9047241210938, 1167.360595703125], [170.80641174316406, 28.699420928955078, 644.5561676025391, 621.0], [567.9027709960938, 770.5582885742188, 800.1537475585938, 1173.1572265625], [164, 354, 427, 673], [555, 573, 778, 763], [553, 399, 727, 545], [59, 526, 281, 1170], [234, 690, 387, 839], [646.7207641601562, 110.18595886230469, 745.6039428710938, 151.36309814453125], [106.22477722167969, 911.0411376953125, 331.9877624511719, 1037.9918212890625], [40.957115173339844, 20.317983627319336, 787.9367065429688, 1184.6912841796875]], "labels": [0, 0, 0, 0, 0, 0, 0, 0, 1, 1, 2], "image_id": 854}, "character_clusters": [0, 1, 2, 3, 4, 5, 6, 7], "text_char_matches": [], "text_tail_matches": [], "text_classification": [1, 1], "character_names": ["none", "Gabimaru", "none", "none", "none", "none", "none", "none"]}