{"bbox_annotations": {"bboxes_as_x1y1x2y2": [[291.83843994140625, 772.4174194335938, 420.7119445800781, 912.3460083007812], [3.4865975379943848, 28.749258041381836, 337.2852120399475, 595.1854152679443], [400.33331298828125, 44.12343978881836, 468.64556884765625, 283.258113861084], [333.8627624511719, 158.3120880126953, 464.7468566894531, 446.95570373535156], [556.0299682617188, 689.421875, 662.972900390625, 912.51025390625], [472.3985290527344, 191.9711151123047, 723.6695556640625, 600.5767669677734], [380.4468078613281, 728.11376953125, 485.601806640625, 910.9544067382812], [492.76495361328125, 635.4102172851562, 606.3823852539062, 910.9949951171875], [178.57179260253906, 951.4338989257812, 512.0330963134766, 1171.9610595703125], [526.8250732421875, 70.95592498779297, 668.349365234375, 144.8284912109375], [233.75282287597656, 437.66656494140625, 414.65692138671875, 531.2164306640625], [615.2501831054688, 822.6765747070312, 732.697509765625, 889.2380981445312], [287.9582824707031, 646.271484375, 412.7100524902344, 732.237060546875], [137.5519561767578, 643.2716674804688, 253.3850860595703, 821.4500732421875], [28.611682891845703, 768.99462890625, 123.04419326782227, 862.0119018554688], [544.1746826171875, 1009.5371704101562, 690.19873046875, 1117.2723388671875], [467.6835021972656, 2.573990821838379, 744.733642578125, 602.9917602539062], [1.611328125, 15.031618118286133, 468.5245056152344, 604.91796875], [493.6170654296875, 622.29931640625, 747.0823364257812, 917.4140014648438], [270.5205383300781, 623.73046875, 485.4071960449219, 916.1907958984375], [2.22170352935791, 624.77392578125, 263.31695556640625, 916.5908813476562], [-0.4979133605957031, 942.8294677734375, 745.6318359375, 1172.746337890625], [584, 182, 606, 213]], "labels": [0, 0, 0, 0, 0, 0, 0, 0, 0, 1, 1, 1, 1, 1, 1, 1, 2, 2, 2, 2, 2, 2, 3], "image_id": 873}, "character_clusters": [0, 0, 1, 0, 1, 2, 1, 0, 1], "text_char_matches": [[0, 5], [1, 5], [2, 4], [3, 6], [4, 6], [5, 6], [6, 8]], "text_tail_matches": [[0, 0]], "text_classification": [1, 1, 1, 1, 1, 1, 1], "character_names": ["Gabimaru", "Gabimaru", "Yui", "Gabimaru", "Yui", "Yamada Asaemon Sagiri", "Yui", "Gabimaru", "Yui"]}