{"bbox_annotations": {"bboxes_as_x1y1x2y2": [[291.45196533203125, 610.4661865234375, 402.7166442871094, 839.8048095703125], [601.6497802734375, 990.1569213867188, 788.4945678710938, 1171.8734130859375], [91.4356918334961, 25.405115127563477, 369.40792083740234, 274.93584632873535], [495.85198974609375, 25.839632034301758, 714.3663330078125, 229.05536079406738], [96.24120330810547, 602.7377319335938, 254.3822250366211, 841.6895141601562], [401.52386474609375, 605.5494995117188, 499.43914794921875, 743.841064453125], [436.2373352050781, 896.858642578125, 648.9304809570312, 1175.0455322265625], [218.48573303222656, 165.0468292236328, 631.6773834228516, 464.5683135986328], [547.6121215820312, 633.8900756835938, 644.996337890625, 730.9434204101562], [607.3590087890625, 704.64013671875, 781.2420654296875, 842.7763061523438], [74, 359.7301025390625, 533.3068237304688, 539.2681884765625], [615.8956298828125, 106.017578125, 665.2994384765625, 134.30613708496094], [169.51870727539062, 334.64215087890625, 213.6592559814453, 362.2570495605469], [680.8394165039062, 610.8176879882812, 747.5510864257812, 713.6109619140625], [526.1741943359375, 740.5462646484375, 608.2194213867188, 828.3953857421875], [382.2419128417969, 769.9176635742188, 495.9586181640625, 812.072265625], [193.61624145507812, 622.7471923828125, 285.8072814941406, 761.5328369140625], [55.84882354736328, 675.1041870117188, 117.90570068359375, 816.3599243164062], [657.89501953125, 883.825927734375, 772.1203002929688, 994.0303955078125], [331.8179626464844, 1034.8336181640625, 463.39178466796875, 1162.5863037109375], [186.43746948242188, 891.7894897460938, 302.3622131347656, 998.61767578125], [66.31053924560547, 1015.9732055664062, 208.61949920654297, 1144.2178955078125], [43.013404846191406, 21.6148681640625, 788.0382690429688, 565.436767578125], [508.3390808105469, 591.62158203125, 787.1309814453125, 848.3965454101562], [289.0260314941406, 591.6507568359375, 504.8698425292969, 846.1873779296875], [45.57560729980469, 589.5880737304688, 291.2073974609375, 845.721435546875], [307.90679931640625, 872.8049926757812, 789.3743286132812, 1178.2689208984375], [44.683563232421875, 871.3615112304688, 307.2508239746094, 1175.4781494140625], [617, 804, 656, 824], [599, 150, 620, 174], [229, 329, 255, 353], [604, 635, 648, 663], [433, 718, 455, 740]], "labels": [0, 0, 0, 0, 0, 0, 0, 0, 0, 0, 0, 1, 1, 1, 1, 1, 1, 1, 1, 1, 1, 1, 2, 2, 2, 2, 2, 2, 3, 3, 3, 3, 3], "image_id": 848}, "character_clusters": [0, 1, 2, 3, 0, 4, 4, 1, 2, 1, 5], "text_char_matches": [[1, 7], [2, 8], [3, 9], [4, 0], [6, 4], [5, 4], [7, 1], [8, 6], [9, 6], [10, 6]], "text_tail_matches": [[0, 1], [1, 2], [2, 3], [3, 0], [4, 4]], "text_classification": [1, 1, 1, 1, 1, 1, 1, 1, 1, 1, 1], "character_names": ["none", "Gabimaru", "none", "none", "none", "Yamada Asaemon Sagiri", "Yamada Asaemon Sagiri", "Gabimaru", "none", "Gabimaru", "none"]}