{"bbox_annotations": {"bboxes_as_x1y1x2y2": [[255.79766845703125, 728.4315185546875, 326.5048522949219, 909.3480224609375], [469.59844970703125, 634.1109008789062, 798.35009765625, 913.7760620117188], [130.75820922851562, 703.6056518554688, 286.5214538574219, 913.4237670898438], [288.3658752441406, 952.1616821289062, 508.2489929199219, 1200.69677734375], [753.6292114257812, 684.279541015625, 799.30322265625, 908.73876953125], [51.7659912109375, -2.6459813117980957, 718.23388671875, 642.3184351921082], [598.3831176757812, 242.8539276123047, 764.875732421875, 379.4884338378906], [627.3255615234375, 1018.4588623046875, 779.197998046875, 1085.0162353515625], [198.28036499023438, 965.9631958007812, 330.375, 1039.0189208984375], [108.9823989868164, 1067.9049072265625, 243.56583404541016, 1142.885986328125], [51.730037689208984, -2.199697494506836, 798.7047119140625, 656.7720947265625], [53.71022033691406, 625.2548828125, 794.8250122070312, 917.5711669921875], [55.093597412109375, 945.5517578125, 795.2008056640625, 1199.835205078125], [318, 1028, 355, 1054]], "labels": [0, 0, 0, 0, 0, 0, 1, 1, 1, 1, 2, 2, 2, 3], "image_id": 876}, "character_clusters": [0, 1, 2, 1, 3, 1], "text_char_matches": [[1, 3], [0, 5], [2, 3], [3, 3]], "text_tail_matches": [[2, 0], [3, 0]], "text_classification": [1, 1, 1, 1], "character_names": ["none", "Gabimaru", "Yamada Asaemon Sagiri", "Gabimaru", "none", "Gabimaru"]}