{"bbox_annotations": {"bboxes_as_x1y1x2y2": [[3.6115646362304688, 767.8438720703125, 510.50081634521484, 1174.3343505859375], [373.2701721191406, 43.16548538208008, 750.4855346679688, 362.9250373840332], [1.3218283653259277, 25.835716247558594, 199.26802587509155, 260.10298919677734], [203.64883422851562, 26.45992088317871, 369.25250244140625, 280.6722469329834], [362.4048767089844, 398.2858581542969, 751.1727905273438, 734.185791015625], [443.7324523925781, 42.784915924072266, 602.1648559570312, 252.50445938110352], [88.0754623413086, 442.0753173828125, 256.97774505615234, 731.9739379882812], [231.6588592529297, 618.7227783203125, 343.0154113769531, 683.089599609375], [25.876665115356445, 430.97833251953125, 126.28027534484863, 506.1982116699219], [22.003475189208984, 624.566650390625, 109.56557846069336, 701.2486572265625], [617.3310546875, 856.2907104492188, 701.2615966796875, 900.4530639648438], [552.1289672851562, 1042.9552001953125, 672.303466796875, 1126.0863037109375], [363.6881408691406, 817.6954345703125, 497.6979675292969, 881.7567749023438], [373.2680969238281, 17.191242218017578, 747.6546020507812, 363.55126953125], [207.8355712890625, 15.193390846252441, 368.4388122558594, 367.81304931640625], [2.359020709991455, 13.38747787475586, 204.1351318359375, 365.1583557128906], [0.15671253204345703, 390.4450988769531, 747.6151733398438, 739.379638671875], [522.6411743164062, 759.6717529296875, 746.3558959960938, 1177.624267578125], [2.821230888366699, 761.5771484375, 515.4722290039062, 1178.124755859375]], "labels": [0, 0, 0, 0, 0, 0, 0, 1, 1, 1, 1, 1, 1, 2, 2, 2, 2, 2, 2], "image_id": 857}, "character_clusters": [0, 0, 0, 0, 0, 1, 0], "text_char_matches": [[1, 6], [0, 6], [2, 6], [3, 0], [4, 0], [5, 0]], "text_tail_matches": [], "text_classification": [1, 1, 1, 1, 1, 1], "character_names": ["Gabimaru", "Gabimaru", "Gabimaru", "Gabimaru", "Gabimaru", "none", "Gabimaru"]}