{"bbox_annotations": {"bboxes_as_x1y1x2y2": [[240.757568359375, 31.16994285583496, 437.9034423828125, 325.64101219177246], [494, 194.395263671875, 622.2234497070312, 319.5164794921875], [711.1473999023438, 179.57188415527344, 797.3273315429688, 323.46368408203125], [82.87263488769531, 97.54082489013672, 217.89456176757812, 325.53075408935547], [166.88180541992188, 655.6480712890625, 288.74530029296875, 732.077392578125], [336.3282775878906, 771.630126953125, 792.6487426757812, 1178.540283203125], [90.40933227539062, 795.9603271484375, 239.41505432128906, 1009.938232421875], [441, 989.3623046875, 658.54736328125, 1113.0], [404.4134216308594, 366.5126953125, 605.83154296875, 571.69189453125], [583.3526000976562, 150.92396545410156, 712.8461303710938, 320.13824462890625], [276.7491455078125, 562.3363037109375, 498.190673828125, 731.2459106445312], [62, 943, 303, 1161], [526.4987182617188, 69.25369262695312, 625.2737426757812, 156.13218688964844], [390.40728759765625, 125.87081909179688, 438.812744140625, 151.4647674560547], [627.4458618164062, 420.9925231933594, 765.6180419921875, 534.5806274414062], [518.1781005859375, 557.4287719726562, 669.2803344726562, 685.5752563476562], [123.55022430419922, 427.44049072265625, 237.77835083007812, 511.6214294433594], [661.9696044921875, 792.3103637695312, 780.7224731445312, 946.1054077148438], [240.3301544189453, 993.7789916992188, 392.889892578125, 1102.112548828125], [442.75396728515625, 22.373449325561523, 799.4554443359375, 329.21405029296875], [237.74961853027344, 22.96501922607422, 440.59686279296875, 329.4165954589844], [52.442073822021484, 18.34278678894043, 234.6864013671875, 329.6231689453125], [51.06697082519531, 356.84967041015625, 795.1251831054688, 734.1924438476562], [319.6777038574219, 764.171142578125, 797.8919677734375, 1175.5582275390625], [52.6886100769043, 767.906005859375, 326.5270690917969, 1180.272705078125], [531, 510, 555, 538], [587, 171, 615, 210], [253, 451, 280, 472]], "labels": [0, 0, 0, 0, 0, 0, 0, 0, 0, 0, 0, 0, 1, 1, 1, 1, 1, 1, 1, 2, 2, 2, 2, 2, 2, 3, 3, 3], "image_id": 870}, "character_clusters": [0, 1, 2, 3, 4, 5, 0, 0, 5, 6, 0, 5], "text_char_matches": [[0, 9], [4, 8], [2, 8], [3, 8], [5, 5], [6, 5]], "text_tail_matches": [[0, 1], [2, 0], [3, 0], [4, 2]], "text_classification": [1, 0, 1, 1, 1, 1, 1], "character_names": ["Gabimaru", "none", "none", "none", "none", "Yamada Asaemon Sagiri", "Gabimaru", "Gabimaru", "Yamada Asaemon Sagiri", "none", "Gabimaru", "Yamada Asaemon Sagiri"]}