{"bbox_annotations": {"bboxes_as_x1y1x2y2": [[-0.7412105798721313, 148.64166259765625, 32.36922872066498, 228.35240173339844], [-1.9362568855285645, 579.7872314453125, 293.5142436027527, 990.0470581054688], [2.5335967540740967, 95.91336822509766, 154.88457942008972, 228.6044692993164], [111.02244567871094, 53.850345611572266, 277.98504638671875, 226.64641189575195], [137.0878448486328, 268.8536071777344, 290.6277770996094, 545.8869018554688], [323.96612548828125, 28, 702.8701782226562, 1191.8623352050781], [195.0329132080078, 72.14508056640625, 264.6517333984375, 99.43769836425781], [32.23389434814453, 390.2952880859375, 131.87876892089844, 496.7984924316406], [180.9275665283203, 610.237548828125, 261.3731384277344, 689.4513549804688], [33.06888961791992, 937.8473510742188, 161.12565231323242, 1025.2288818359375], [291.4152526855469, -1.201486587524414, 739.1390991210938, 1198.5631103515625], [0.44291019439697266, 0.9745180606842041, 289.6309509277344, 233.3353729248047], [-1.6905546188354492, 261.5932312011719, 291.36175537109375, 552.0035400390625], [0.5689501762390137, 574.3445434570312, 289.1626892089844, 994.7476806640625], [-2.534604072570801, 1014.3272094726562, 288.5758361816406, 1199.57861328125], [185, 719, 205, 742], [58, 877, 81, 903]], "labels": [0, 0, 0, 0, 0, 0, 1, 1, 1, 1, 2, 2, 2, 2, 2, 3, 3], "image_id": 899}, "character_clusters": [0, 1, 2, 3, 4, 1], "text_char_matches": [[2, 1], [3, 1], [1, 1]], "text_tail_matches": [[2, 0], [3, 1]], "text_classification": [1, 1, 1, 1], "character_names": ["none", "Gabimaru", "none", "none", "Yamada Asaemon Sagiri", "Gabimaru"]}