{"bbox_annotations": {"bboxes_as_x1y1x2y2": [[49.559844970703125, 589.3092041015625, 429.20556640625, 941.0652465820312], [310.6701354980469, 322.67120361328125, 518.0427856445312, 544.7990112304688], [608.64990234375, 92.6117935180664, 780.624267578125, 284.5357437133789], [57.29837417602539, 585.3787841796875, 799.3611793518066, 1150.8348388671875], [442.9917907714844, 25.83986473083496, 593.2784423828125, 287.3490505218506], [596.1065063476562, 69.86750030517578, 657.0785522460938, 96.08062744140625], [190.8558349609375, 109.67414855957031, 320.6930236816406, 206.24658203125], [552.2445678710938, 343.37469482421875, 748.4607543945312, 511.03118896484375], [635.3739624023438, 609.9200439453125, 759.2344360351562, 815.8558959960938], [437.3054504394531, 709.0518188476562, 621.2500610351562, 859.760498046875], [112.99909210205078, 957.9224243164062, 280.89051055908203, 1143.194580078125], [439.90997314453125, 23.45934295654297, 793.6400756835938, 295.3681335449219], [57.58864974975586, 21.19353675842285, 435.0641174316406, 288.83154296875], [53.82862091064453, 315.22235107421875, 791.966552734375, 545.6468505859375], [53.177547454833984, 572.7904052734375, 795.3875732421875, 1176.4375]], "labels": [0, 0, 0, 0, 0, 1, 1, 1, 1, 1, 1, 2, 2, 2, 2], "image_id": 846}, "character_clusters": [0, 1, 2, 3, 4], "text_char_matches": [[0, 4], [1, 2], [2, 1]], "text_tail_matches": [], "text_classification": [1, 1, 1, 1, 1, 1], "character_names": ["none", "none", "Gabimaru", "none", "Yamada Asaemon Sagiri"]}