{"bbox_annotations": {"bboxes_as_x1y1x2y2": [[263.3351745605469, 822.9832153320312, 740.319580078125, 1175.1378173828125], [192.75830078125, 33.58195495605469, 745.6829833984375, 581.6753387451172], [278.83984375, 617.6483154296875, 480.4927978515625, 786.0401000976562], [8.620804786682129, 205.61317443847656, 189.76338291168213, 415.0], [282.9842834472656, 70.5257568359375, 433.0597839355469, 238.29396057128906], [122.2138671875, 101.32418823242188, 157.39405822753906, 121.10932922363281], [28.497058868408203, 465.36114501953125, 83.93914031982422, 529.9005126953125], [523.4161376953125, 633.3758544921875, 715.760986328125, 754.240478515625], [234.43289184570312, 712.6591186523438, 275.4548034667969, 740.9313354492188], [46.595699310302734, 637.5250854492188, 173.74746322631836, 758.5615234375], [553.16455078125, 898.0430908203125, 703.9711303710938, 978.7535400390625], [58.219146728515625, 920.8306884765625, 210.2080078125, 1028.175537109375], [52.75651168823242, 1101.306640625, 127.54450607299805, 1128.92041015625], [193.79420471191406, 12.150907516479492, 748.8548583984375, 584.3905639648438], [3.84787917137146, 18.485498428344727, 193.17889404296875, 585.7803344726562], [3.6518335342407227, 612.656005859375, 749.8296508789062, 789.3619384765625], [4.641318321228027, 815.7705078125, 747.1806640625, 1176.896240234375], [474, 702, 499, 720], [552, 1012, 577, 1036], [202, 1032, 228, 1051]], "labels": [0, 0, 0, 0, 1, 1, 1, 1, 1, 1, 1, 1, 1, 2, 2, 2, 2, 3, 3, 3], "image_id": 871}, "character_clusters": [0, 1, 0, 1], "text_char_matches": [[0, 2], [3, 2], [5, 2], [6, 0], [7, 0], [8, 0], [2, 3], [1, 3]], "text_tail_matches": [[3, 0], [6, 1], [7, 2], [8, 2]], "text_classification": [1, 1, 1, 1, 0, 1, 1, 1, 1], "character_names": ["Yamada Asaemon Sagiri", "Gabimaru", "Yamada Asaemon Sagiri", "Gabimaru"]}