{"bbox_annotations": {"bboxes_as_x1y1x2y2": [[423.9760437011719, 23.648284912109375, 797.0657348632812, 1172.0791931152344], [60.823585510253906, 194.0869140625, 153.39337158203125, 288.7003479003906], [110.28535461425781, 392.5289611816406, 133.8590545654297, 428.55804443359375], [343.92071533203125, 480.1446228027344, 382.7202453613281, 556.9323120117188], [59.8337287902832, 208.75198364257812, 155.6184425354004, 289.77239990234375], [68.22618103027344, 139.23300170898438, 116.39429473876953, 213.3926544189453], [171.32510375976562, 204.15635681152344, 262.8154296875, 294.26617431640625], [158.24380493164062, 904.9343872070312, 305.3045349121094, 1100.431396484375], [57.3410758972168, 360.97119140625, 78.41353607177734, 407.7783203125], [134.9451904296875, 395.6690368652344, 159.14881896972656, 429.2513732910156], [253.17233276367188, 137.1261444091797, 335.4184875488281, 221.8313751220703], [264.1434631347656, 897.9986572265625, 336.9359130859375, 1123.2965087890625], [340.02532958984375, 205.9169158935547, 376.9415283203125, 242.90719604492188], [89.08592224121094, 386.2718200683594, 114.26254272460938, 420.2948913574219], [168.5809783935547, 387.5101013183594, 207.81097412109375, 447.3800964355469], [299.41461181640625, 495.10821533203125, 333.7650451660156, 571.986572265625], [176.29251098632812, 542.4880981445312, 212.29043579101562, 603.02294921875], [281.4217834472656, 909.7009887695312, 411.3513488769531, 1138.855224609375], [627.2656860351562, 79.47319030761719, 733.1829833984375, 174.83201599121094], [543.9335327148438, 980.771728515625, 687.2863159179688, 1086.0145263671875], [222.6875762939453, 280.1651611328125, 402.407470703125, 404.5375671386719], [117.2318344116211, 666.5795288085938, 212.0108642578125, 723.9797973632812], [418.4637145996094, -1.7175078392028809, 794.0650634765625, 1197.953369140625], [60.423065185546875, -2.8892934322357178, 417.6041564941406, 602.2128295898438], [61.484683990478516, 326.7253112792969, 421.194091796875, 610.2305297851562], [59.749900817871094, 633.9005737304688, 420.23333740234375, 877.6641235351562], [59.94334411621094, 890.9071655273438, 417.319091796875, 1180.8424072265625], [665, 210, 686, 240], [599, 885, 625, 933]], "labels": [0, 0, 0, 0, 0, 0, 0, 0, 0, 0, 0, 0, 0, 0, 0, 0, 0, 0, 1, 1, 1, 1, 2, 2, 2, 2, 2, 3, 3], "image_id": 890}, "character_clusters": [0, 1, 2, 3, 4, 5, 6, 7, 8, 9, 10, 11, 12, 13, 14, 15, 16, 17], "text_char_matches": [[0, 0], [1, 0], [2, 0], [3, 0]], "text_tail_matches": [[0, 0], [1, 1]], "text_classification": [1, 1, 1, 1], "character_names": ["Yamada Asaemon Sagiri", "none", "none", "none", "none", "none", "none", "none", "none", "none", "Lord Tokugawa Nariyoshi", "none", "none", "none", "none", "none", "none", "none"]}