{"bbox_annotations": {"bboxes_as_x1y1x2y2": [[252.370361328125, 226.14930725097656, 378.3392333984375, 413.587158203125], [225.52127075195312, 207.69810485839844, 299.14678955078125, 406.090087890625], [429.1903076171875, 227.93833923339844, 491.7551574707031, 446.1678161621094], [56.4830436706543, 815.9973754882812, 262.33144760131836, 1160.0364990234375], [613.7348022460938, 594.4497680664062, 730.30615234375, 711.8413696289062], [383.1713562011719, 754.0266723632812, 744.1192626953125, 1172.938232421875], [483.4530029296875, 217.74964904785156, 563.3271484375, 417.11932373046875], [436.7684326171875, 478.3651123046875, 593.0599975585938, 711.0452270507812], [343.4267883300781, 209.8054962158203, 419.3053283691406, 414.551025390625], [346.29864501953125, 603.3225708007812, 449.4069519042969, 711.7067260742188], [96.11421966552734, 456.32708740234375, 286.12129974365234, 712.3213500976562], [31.39279556274414, 518.1045532226562, 173.33943557739258, 713.01904296875], [590.3506469726562, 481.92962646484375, 691.4387817382812, 581.9412841796875], [234.86691284179688, 459.5279235839844, 325.38262939453125, 572.929931640625], [236.44459533691406, 588.9912719726562, 323.3828430175781, 708.892333984375], [47.80967330932617, 618.6119995117188, 89.1373519897461, 701.611572265625], [555.6522216796875, 784.7854614257812, 702.4247436523438, 892.5816650390625], [4.996180534362793, 20.508760452270508, 744.6710815429688, 418.4999084472656], [333.18292236328125, 447.1724548339844, 746.2222290039062, 716.6956787109375], [1.7986178398132324, 446.9036560058594, 332.7818298339844, 717.6702270507812], [315.9212951660156, 745.812255859375, 749.1651611328125, 1181.1644287109375], [2.1969079971313477, 743.9771118164062, 315.1460266113281, 1176.9097900390625], [589, 589, 617, 609], [55, 580, 75, 608], [570, 923, 588, 947], [199, 619, 220, 634]], "labels": [0, 0, 0, 0, 0, 0, 0, 0, 0, 0, 0, 0, 1, 1, 1, 1, 1, 2, 2, 2, 2, 2, 3, 3, 3, 3], "image_id": 861}, "character_clusters": [0, 1, 2, 2, 3, 0, 4, 2, 5, 6, 2, 0], "text_char_matches": [[0, 7], [4, 5], [1, 10], [2, 10], [3, 11]], "text_tail_matches": [[0, 0], [3, 1], [1, 3], [2, 3], [4, 2]], "text_classification": [1, 1, 1, 1, 1], "character_names": ["none", "none", "Gabimaru", "Gabimaru", "none", "none", "none", "Gabimaru", "none", "none", "Gabimaru", "none"]}