{"bbox_annotations": {"bboxes_as_x1y1x2y2": [[240.39015197753906, 289.30352783203125, 454.1204833984375, 618.1321411132812], [197.73617553710938, 287.5393371582031, 319.8302307128906, 615.0545654296875], [570.6851196289062, 314.7590637207031, 666.962646484375, 603.0949096679688], [415.7181701660156, 325.8721008300781, 475.25091552734375, 420.4906921386719], [227.5332489013672, 433.2671203613281, 713.3701019287109, 1148.5864562988281], [34.632598876953125, 275.2818908691406, 143.34970092773438, 624.3075561523438], [2.6016950607299805, 5.277121067047119, 795.44140625, 620.9912109375], [78.37386322021484, 615.7649536132812, 796.7207641601562, 1184.486083984375]], "labels": [0, 0, 0, 0, 0, 0, 2, 2], "image_id": 862}, "character_clusters": [0, 1, 2, 3, 4, 5], "text_char_matches": [], "text_tail_matches": [], "text_classification": [], "character_names": ["none", "none", "Gabimaru", "none", "Yamada Asaemon Sagiri", "none"]}