{"bbox_annotations": {"bboxes_as_x1y1x2y2": [[435.1615905761719, 554.1555786132812, 522.483154296875, 762.6988525390625], [624.3740234375, 601.0344848632812, 740.9947509765625, 767.3666381835938], [20.483552932739258, 52.92683410644531, 370.981538772583, 415.44630432128906], [369.1151428222656, 514.0355834960938, 463.12884521484375, 763.0587158203125], [184.78750610351562, 625.0831909179688, 290.6809387207031, 708.6988525390625], [532.4697875976562, 543.6768798828125, 639.1658325195312, 761.8530883789062], [373.4037780761719, 27.5752010345459, 645.3817138671875, 416.5103816986084], [296.125244140625, 522.5482788085938, 370.2490539550781, 669.6970825195312], [50.75733184814453, 510.4972839355469, 219.44647979736328, 706.4058837890625], [587.1528930664062, 251.30413818359375, 704.4635009765625, 361.843994140625], [244.68980407714844, 68.72709655761719, 385.4955139160156, 174.07107543945312], [567.5257568359375, 460.2168273925781, 724.1427612304688, 545.5855102539062], [549.8540649414062, 685.377197265625, 603.988037109375, 752.4015502929688], [417.55322265625, 469.4715270996094, 513.4526977539062, 534.3363647460938], [299.3789978027344, 462.3074645996094, 345.7008972167969, 490.85784912109375], [300, 498, 344, 528], [311.0888366699219, 686.4047241210938, 403.65289306640625, 731.3045043945312], [214.9280242919922, 469.7219543457031, 284.4552307128906, 537.7937622070312], [113.04706573486328, 478.3670349121094, 178.74795532226562, 522.5059204101562], [17.942886352539062, 572.8596801757812, 52.69140625, 593.844970703125], [21.699735641479492, 654.0852661132812, 104.76654624938965, 738.4559936523438], [569.8910522460938, 856.9007568359375, 712.5048828125, 963.23095703125], [203.7049560546875, 933.6649169921875, 342.22918701171875, 1006.500732421875], [49.09945297241211, 998.8423461914062, 182.9396629333496, 1105.7255859375], [369.3569641113281, 19.349796295166016, 747.18603515625, 416.50634765625], [-0.4443645477294922, 24.75010108947754, 369.9886779785156, 422.7161865234375], [528.1818237304688, 447.110595703125, 747.2510986328125, 772.0424194335938], [295.3732604980469, 444.9948425292969, 523.9979858398438, 767.3211059570312], [4.411041736602783, 442.7621154785156, 297.4928283691406, 769.0390625], [0.3414154052734375, 798.2781982421875, 745.0968017578125, 1177.44970703125], [390, 152, 416, 175], [591, 221, 611, 243], [244, 545, 266, 640], [105, 534, 134, 558], [410, 694, 436, 716], [127, 683, 156, 707], [672, 565, 694, 613], [556, 650, 574, 674]], "labels": [0, 0, 0, 0, 0, 0, 0, 0, 0, 1, 1, 1, 1, 1, 1, 1, 1, 1, 1, 1, 1, 1, 1, 1, 2, 2, 2, 2, 2, 2, 3, 3, 3, 3, 3, 3, 3, 3], "image_id": 849}, "character_clusters": [3, 0, 1, 2, 1, 3, 3, 4, 3], "text_char_matches": [[0, 6], [1, 6], [2, 1], [3, 5], [7, 0], [4, 7], [8, 4], [9, 8], [11, 4], [10, 8], [12, 4], [13, 4], [14, 4]], "text_tail_matches": [[0, 1], [1, 0], [2, 6], [3, 7], [7, 4], [8, 2], [9, 3], [11, 5]], "text_classification": [1, 1, 1, 1, 1, 0, 0, 1, 1, 1, 1, 1, 1, 1, 1], "character_names": ["Yamada Asaemon Sagiri", "none", "Gabimaru", "none", "Gabimaru", "Yamada Asaemon Sagiri", "Yamada Asaemon Sagiri", "none", "Yamada Asaemon Sagiri"]}