{"bbox_annotations": {"bboxes_as_x1y1x2y2": [[247.9713134765625, 26.056873321533203, 693.9669799804688, 1182.2469367980957], [54.46624755859375, 20.613420486450195, 783.476806640625, 1196.2298755645752], [567.5474853515625, 141.28170776367188, 732.2445678710938, 283.85211181640625], [53.957130432128906, -2.88240909576416, 791.9853515625, 1197.08349609375], [495, 234, 522, 258]], "labels": [0, 0, 1, 2, 3], "image_id": 884}, "character_clusters": [0, 0], "text_char_matches": [[0, 0]], "text_tail_matches": [[0, 0]], "text_classification": [1], "character_names": ["Yamada Asaemon Sagiri", "Yamada Asaemon Sagiri"]}