{"bbox_annotations": {"bboxes_as_x1y1x2y2": [[1024.32177734375, 578.020751953125, 1196.606689453125, 904.3739013671875], [532.2527465820312, 410.0857238769531, 780.1505126953125, 913.9247436523438], [2.3318915367126465, 953.845458984375, 638.7065863609314, 1495.933837890625], [410.39581298828125, 515.1173095703125, 522.5787353515625, 910.2557983398438], [217.38827514648438, 257.363525390625, 397.88836669921875, 449.6396789550781], [709.110107421875, 626.1907348632812, 857.4960327148438, 913.6509399414062], [1137.857421875, 754.870361328125, 1237.7689208984375, 908.9697265625], [929.25, 694.75, 1044.786376953125, 909.516357421875], [831.436767578125, 708.75, 915.2457275390625, 912.9895629882814], [42.04719924926758, 66.81254577636719, 295.80405044555664, 332.0474090576172], [633.04150390625, 965.4664306640625, 1258.9295654296875, 1498.06640625], [131.3567657470703, 1534.02392578125, 1201.4486846923828, 2089.93310546875], [1149.18701171875, 332.2684326171875, 1209.805908203125, 397.1136779785156], [1071, 381.5, 1135.75, 470.75], [805, 225.75, 929.25, 404.25], [465.5, 168, 530.25, 266], [262.5, 103.25, 388.5, 211.75], [86.93347930908203, 269.5, 196.0, 413.18109130859375], [21, 117.25, 117.25, 194.25], [56, 467.25, 294, 553.0], [119, 581, 371, 691.25], [288.4155578613281, 786.9830932617188, 341.2323303222656, 855.8501586914062], [166.25, 764.75, 281.75, 820.75], [348.5731201171875, 835.453857421875, 393.05865478515625, 893.1668701171875], [109.23106384277344, 829.3609008789062, 156.27658081054688, 871.4010620117188], [1114.75, 1295, 1303.75, 1643.25], [724.5, 1310.75, 906.5, 1599.5], [501.584716796875, 992.5421752929688, 783.7872924804688, 1465.2034912109375], [339.5, 1267, 596.75, 1590.75], [0, 1356.25, 236.25, 1615.25], [64.63565063476562, 1354.2996826171875, 135.45465087890625, 1397.8087158203125], [1020.25, 1617, 1192.1802978515627, 1741.2637939453125], [715.75, 1779.75, 836.5, 1998.5], [91.59693145751953, 1648.5, 285.25, 1831.3741455078125], [407.1327209472656, -4.201135158538818, 1257.200439453125, 914.744384765625], [11.542987823486328, -0.9899362921714783, 401.15240478515625, 450.4704284667969], [66.88969421386719, 715.3907470703125, 406.005859375, 930.2982177734375], [1.7585933208465576, 954.0550537109375, 1272.4757080078125, 1510.2987060546875], [-4.076904296875, 1524.30322265625, 1262.09814453125, 2100.4482421875], [986, 1752, 1029, 1803], [292, 1808, 338, 1844], [159, 263, 181, 309]], "labels": [0, 0, 0, 0, 0, 0, 0, 0, 0, 0, 0, 0, 1, 1, 1, 1, 1, 1, 1, 1, 1, 1, 1, 1, 1, 1, 1, 1, 1, 1, 1, 1, 1, 1, 2, 2, 2, 2, 2, 3, 3, 3], "image_id": 1083}, "character_clusters": [0, 1, 2, 3, 4, 5, 6, 7, 8, 9, 10, 11], "text_char_matches": [[5, 9], [19, 11], [21, 11]], "text_tail_matches": [[5, 2], [19, 0], [21, 1]], "text_classification": [1, 0, 0, 0, 0, 1, 0, 0, 0, 0, 0, 1, 1, 0, 0, 1, 0, 0, 1, 1, 0, 1], "character_names": ["none", "none", "Asta", "none", "Yami Sukehiro", "none", "none", "none", "none", "Finral Roulacase", "Yuno Grinberryall", "William Vangeance"]}