{"bbox_annotations": {"bboxes_as_x1y1x2y2": [[189.24485778808594, 1060.221923828125, 1231.0440521240234, 1370.54296875], [162.37684631347656, 1655.634033203125, 358.2351379394531, 1941.9918212890625], [222.00604248046875, 11.446773529052734, 1205.3428955078125, 1009.3698081970215], [372.75, 1662.5, 771.4016723632812, 2096.0224609375], [802.3991088867188, 1399.4078369140625, 1389.1907958984375, 1682.7711181640625], [362.25, 1480.5, 778.75, 2098.25], [792.75, 1692.25, 1400.0, 1932.0], [1146.25, 210, 1300.25, 539], [1027.4700927734375, 609, 1279.25, 883.75], [223.99598693847656, 806.4364013671875, 652.0176544189453, 1005.3784790039062], [138.12705993652344, 127.75, 221.2571563720703, 972.8139953613281], [1046.5, 1154.5999755859375, 1224.9188232421875, 1312.5], [216.7462158203125, 1154.9486083984375, 391.3476257324219, 1295.1405029296875], [122.49441528320312, 1090.25, 246.75, 1182.4908447265625], [1116.5, 1382.5, 1279.25, 1496.25], [1194.1595458984375, 1503.25, 1333.5, 1660.36767578125], [997.5, 1599.5, 1144.5, 1722.0], [794.0464477539062, 1508.5, 964.25, 1657.1429443359375], [1173.4468994140625, 1762.25, 1351.0, 1907.1546630859375], [939.75, 1732.5, 1167.25, 1977.5], [799.75, 1750, 938.0, 1912.8471679687502], [360.6583251953125, 1414.0693359375, 775.25, 1505.0], [564.7715454101562, 1470, 754.25, 1578.1820068359375], [654.5, 1517.25, 787.5, 1669.5], [378, 1554, 490, 1678.25], [367.2567443847656, 1671.25, 507.5, 1966.8861083984377], [213.54238891601562, 1408.75, 358.3875732421875, 1659.361328125], [126.2040023803711, 1425.0247802734375, 211.38250732421875, 1633.2406005859375], [120.75, 1834, 200.87391662597656, 1892.1807861328127], [121.27902221679688, 1.9832521677017212, 1400.6785888671875, 1015.0770874023438], [117.60044860839844, 1047.94873046875, 1256.086181640625, 1369.742919921875], [779.5857543945312, 1392.1776123046875, 1395.9285888671875, 1665.9019775390625], [778.179931640625, 1671.581298828125, 1404.8759765625, 1948.5386962890625], [352.9465026855469, 1409.153076171875, 746.4602661132812, 2090.508056640625], [120.99794006347656, 1391.167724609375, 364.5986022949219, 1948.180908203125], [930, 738, 994, 789], [186, 1865, 227, 1903]], "labels": [0, 0, 0, 0, 0, 0, 0, 1, 1, 1, 1, 1, 1, 1, 1, 1, 1, 1, 1, 1, 1, 1, 1, 1, 1, 1, 1, 1, 1, 2, 2, 2, 2, 2, 2, 3, 3], "image_id": 1076}, "character_clusters": [0, 0, 1, 0, 1, 1, 1], "text_char_matches": [[1, 2], [4, 0], [5, 0], [6, 0], [8, 0], [10, 0], [15, 3], [18, 3], [19, 1], [20, 1], [11, 0], [13, 0], [0, 2], [3, 0], [21, 1]], "text_tail_matches": [[1, 0], [21, 1]], "text_classification": [1, 1, 0, 1, 1, 1, 1, 0, 1, 0, 1, 1, 0, 1, 0, 1, 0, 0, 1, 1, 1, 1], "character_names": ["Asta", "Asta", "Yami Sukehiro", "Asta", "Yami Sukehiro", "Yami Sukehiro", "Yami Sukehiro"]}