{"bbox_annotations": {"bboxes_as_x1y1x2y2": [[520.5956420898438, 497.3436279296875, 1194.6014404296875, 1484.9384765625], [0, 799.75, 1268.75, 2093.0], [533.75, 8.75, 1330.0, 752.5], [8.75, 10.5, 423.5, 929.25], [-5.643653869628906, 2.734395980834961, 1276.1900634765625, 2102.280029296875]], "labels": [0, 0, 1, 1, 2], "image_id": 1093}, "character_clusters": [0, 1], "text_char_matches": [], "text_tail_matches": [], "text_classification": [0, 0], "character_names": ["Asta", "Sekke Bronzazza"]}