{"bbox_annotations": {"bboxes_as_x1y1x2y2": [[209.4673309326172, 131.1046142578125, 1107.0818939208984, 1069.6761474609375], [186.08154296875, 1147.7763671875, 476.6276550292969, 1620.6138916015625], [0.8536107540130615, 1367.7144775390625, 110.05813956260681, 1628.3209228515625], [739.6549682617188, 1182.0340576171875, 927.0048828125, 1632.1903076171875], [691.25, 1694.4527587890625, 1270.8663330078125, 2100.342041015625], [210.85720825195312, 1147.7435302734375, 466.48651123046875, 1440.624267578125], [380.25982666015625, 1271.723388671875, 563.3450317382812, 1630.3060302734375], [1033.310302734375, 1463.2720947265625, 1263.5213623046875, 1642.06982421875], [929.9255981445312, 1136.706787109375, 1116.8023681640625, 1410.9735107421875], [133.41310119628906, 1485.11767578125, 268.6159973144531, 1629.066162109375], [1038.396240234375, 1462.3614501953125, 1251.6671142578125, 1632.45166015625], [1.75, 1123.5, 56.0, 1247.75], [1004.69580078125, 241.5, 1228.5, 564.0115203857422], [817.25, 138.25, 990.5, 292.25], [904.75, 621.25, 1081.5, 869.75], [1037.75, 763, 1267.0, 1167.25], [246.75, 253.75, 462.0, 477.75], [84.98104095458984, 631.2908325195312, 291.07347869873047, 778.5827026367188], [1093.5291748046875, 1244.429443359375, 1242.9091796875, 1429.32666015625], [1081.5, 1512, 1309.0, 1732.5], [878.5, 1450.75, 1032.4742431640625, 1624.3447265625], [541.3449096679688, 997.1165771484375, 746.46728515625, 1229.073486328125], [479.5, 1461.25, 743.75, 1746.5], [276.5, 1029, 467.25, 1261.75], [217.38723754882812, 1408.0753173828125, 378.3532409667969, 1539.8763427734375], [44.504722595214844, 1175.0521240234375, 221.4469223022461, 1384.917236328125], [49, 1415.75, 175, 1629.25], [950.4594116210938, 1735.7886962890625, 1041.179931640625, 1877.289794921875], [675.5, 1585.5, 871.5, 1820.0], [775.25, 1667.75, 876.75, 1799.0], [69.3007583618164, 1786.5272216796875, 231.54972076416016, 1878.5374755859375], [-9.91978645324707, 4.863283157348633, 1267.7047119140625, 1088.83544921875], [-19.994199752807617, 1090.9381103515625, 1252.73046875, 1639.8778076171875], [564.3804321289062, 1666.4429931640625, 1261.860107421875, 2093.154541015625], [-1.9713401794433594, 1669.2225341796875, 560.3486938476562, 1975.5499267578125]], "labels": [0, 0, 0, 0, 0, 0, 0, 0, 0, 0, 0, 0, 1, 1, 1, 1, 1, 1, 1, 1, 1, 1, 1, 1, 1, 1, 1, 1, 1, 1, 1, 2, 2, 2, 2], "image_id": 1081}, "character_clusters": [0, 1, 2, 3, 0, 4, 5, 6, 7, 8, 9, 10], "text_char_matches": [[18, 4]], "text_tail_matches": [], "text_classification": [1, 0, 0, 0, 0, 1, 1, 0, 1, 1, 0, 0, 1, 1, 0, 0, 0, 0, 1], "character_names": ["William Vangeance", "none", "none", "Yuno Grinberryall", "William Vangeance", "none", "Asta", "none", "none", "none", "none", "none"]}