{"bbox_annotations": {"bboxes_as_x1y1x2y2": [[546.5130004882812, 1256.5, 1000.1934814453125, 2047.97265625], [1253.449462890625, 837.926513671875, 1396.9393310546875, 1120.0267333984375], [928.17333984375, 912.4635009765625, 1068.83056640625, 1095.7017822265625], [128.76116943359375, 1.0298341512680054, 778.75, 556.2731202840805], [838.2688598632812, 667.7098999023438, 877.123046875, 777.2066650390625], [128.1310577392578, 601.8909301757812, 522.3111724853516, 885.2962646484375], [721, -9.624465465545654, 1395.9383010864258, 547.8065037727356], [1107.8065185546875, 226.90011596679688, 1362.3642578125, 480.5799560546875], [175.70425415039062, 270.2779235839844, 406.2070617675781, 443.6918640136719], [1279.1199951171875, 706.55517578125, 1357.2479248046875, 766.7846069335938], [1149.8148193359375, 799.75, 1286.25, 841.1730346679688], [738.5, 812, 896.0, 967.75], [534.694580078125, 693, 661.5, 824.2334594726562], [407.75, 759.5, 495.25, 890.75], [292.25, 904.75, 679.0, 1116.5], [158.7137451171875, 858.2810668945312, 278.584228515625, 1028.5599365234375], [1079.3800048828125, 1217.8104248046875, 1359.4151611328125, 1649.90625], [148.75, 1172.5, 652.75, 1853.25], [128.3808135986328, 1.5530123710632324, 1393.8131103515625, 557.5824584960938], [1209.3250732421875, 586.1748657226562, 1396.4739990234375, 1135.6796875], [685.2562255859375, 593.1049194335938, 1205.27197265625, 1135.45068359375], [119.29978942871094, 588.9346923828125, 679.301513671875, 1136.677001953125], [126.29360961914062, 1168.7364501953125, 1391.5050048828125, 2098.1630859375], [1032, 333, 1083, 375], [1232, 953, 1277, 995]], "labels": [0, 0, 0, 0, 0, 0, 0, 1, 1, 1, 1, 1, 1, 1, 1, 1, 1, 1, 2, 2, 2, 2, 2, 3, 3], "image_id": 1090}, "character_clusters": [0, 1, 0, 2, 2, 0, 0], "text_char_matches": [[2, 1], [3, 1], [5, 5], [8, 5]], "text_tail_matches": [[0, 0], [2, 1], [3, 1]], "text_classification": [1, 1, 1, 1, 0, 1, 0, 0, 1, 1, 0], "character_names": ["Sekke Bronzazza", "William Vangeance", "Sekke Bronzazza", "Asta", "Asta", "Sekke Bronzazza", "Sekke Bronzazza"]}