{"bbox_annotations": {"bboxes_as_x1y1x2y2": [[788.5828857421875, 1402.888671875, 1356.2283935546875, 1963.9307861328125], [884.1683349609375, 754.25, 1340.8544921875, 1344.3551025390625], [399.1438903808594, 597.3363037109375, 863.1849975585938, 977.888916015625], [440.4421691894531, 242.822509765625, 629.6884765625, 516.0399780273438], [475.368408203125, 1599.3038330078125, 632.5971069335938, 1955.40625], [1006.6710815429688, 376.3717956542969, 1229.4173583984375, 523.8314819335938], [672.6871337890625, 248.4225616455078, 854.6712646484375, 451.5], [161.21104431152344, 348.25, 323.2364196777344, 507.4960632324219], [628.8736572265625, 693.662109375, 844.5189208984375, 804.33447265625], [172.04812622070312, 621.25, 376.79119873046875, 856.5089111328126], [662.8758544921875, 1026.93017578125, 841.3136596679688, 1250.3428955078125], [140.04930114746094, 1122.5911865234375, 344.54443359375, 1273.9241943359375], [199.27996826171875, 1629.25, 417.2781677246094, 1734.9105224609375], [879.6497802734375, 171.8221435546875, 1368.2781982421875, 1343.863525390625], [128.24267578125, 177.93011474609375, 864.2501831054688, 587.9073486328125], [128.62881469726562, 587.522705078125, 870.0296020507812, 980.9434204101562], [120.2114486694336, 981.037353515625, 860.4945678710938, 1343.542724609375], [118.848388671875, 1384.3135986328125, 1385.142822265625, 1963.1181640625]], "labels": [0, 0, 0, 0, 0, 1, 1, 1, 1, 1, 1, 1, 1, 2, 2, 2, 2, 2], "image_id": 1010}, "character_clusters": [0, 1, 1, 1, 2], "text_char_matches": [[1, 3], [2, 3], [0, 1], [3, 2], [4, 2], [5, 2], [6, 2], [7, 0]], "text_tail_matches": [], "text_classification": [1, 1, 1, 1, 1, 1, 1, 1], "character_names": ["none", "Tanjiro Kamado", "Tanjiro Kamado", "Tanjiro Kamado", "none"]}