{"bbox_annotations": {"bboxes_as_x1y1x2y2": [[876.4290771484375, 1463.170654296875, 1217.790283203125, 1939.0030517578125], [449.1764221191406, 1353.8011474609375, 831.5974731445312, 1941.8050537109375], [121.74085235595703, 15.327223777770996, 1338.0798416137695, 1296.177321434021], [946.5164794921875, 430.8802490234375, 1359.236328125, 688.028564453125], [1118.2608642578125, 1300.572509765625, 1400.6895751953125, 1802.3802490234375], [663.4911499023438, 1465.6746826171875, 847.505859375, 1618.9471435546875], [179.52130126953125, 1635.4718017578125, 429.41326904296875, 1825.4578857421875], [126.7450180053711, -0.6227195262908936, 1392.6810302734375, 1288.35693359375], [868.55419921875, 1332.4190673828125, 1398.5831298828125, 1941.920166015625], [137.11936950683594, 1340.1004638671875, 858.5565185546875, 1940.2208251953125]], "labels": [0, 0, 0, 1, 1, 1, 1, 2, 2, 2], "image_id": 1036}, "character_clusters": [0, 1, 1], "text_char_matches": [[0, 2], [2, 1], [3, 1]], "text_tail_matches": [], "text_classification": [1, 0, 1, 1], "character_names": ["Tanjiro Kamado", "Giyu Tomioka", "Giyu Tomioka"]}