{"bbox_annotations": {"bboxes_as_x1y1x2y2": [[165.72967529296875, 948.4767456054688, 1057.990478515625, 1481.060791015625], [40.25, 413, 323.75, 731.5], [921.021728515625, 572.357177734375, 1274.702392578125, 885.4602661132812], [810.1171875, 1607.19140625, 1022.708984375, 2103.212646484375], [893.8114013671875, 154.0143280029297, 1047.461669921875, 594.0881805419922], [140, 255.5, 523.25, 763.0], [1086.4144287109375, 311.09844970703125, 1242.47216796875, 385.2818603515625], [660.5657958984375, 482.826171875, 914.6353149414062, 815.9305419921875], [376.25, 127.11186981201172, 632.5702514648438, 568.658073425293], [902.236328125, 1030.9913330078125, 1209.375732421875, 1291.5838623046875], [81.53553771972656, 1074.4400634765625, 294.95172119140625, 1225.138671875], [1035.6910400390625, 1601.1324462890625, 1220.3436279296875, 1903.835693359375], [600.0271606445312, 1613.6373291015625, 738.4078369140625, 1846.76220703125], [260.75, 1512, 558.25, 1940.75], [643.7954711914062, -3.7148191928863525, 1275.50830078125, 895.53662109375], [22.117828369140625, 0.40580034255981445, 636.035888671875, 896.226806640625], [-4.97303581237793, 942.1267700195312, 1278.1138916015625, 1484.8575439453125], [579.5791625976562, 1530.82177734375, 1276.150390625, 2097.046875], [21.784042358398438, 1526.8948974609375, 563.2009887695312, 2095.157958984375], [675, 1892, 752, 1937], [961, 1398, 1061, 1449], [957, 1950, 1082, 2001], [1079, 478, 1166, 527], [310, 1271, 376, 1319]], "labels": [0, 0, 0, 0, 0, 0, 1, 1, 1, 1, 1, 1, 1, 1, 2, 2, 2, 2, 2, 3, 3, 3, 3, 3], "image_id": 1055}, "character_clusters": [0, 1, 2, 0, 0, 2], "text_char_matches": [[0, 4], [3, 0], [4, 0], [5, 3], [6, 3]], "text_tail_matches": [[0, 3], [3, 1], [4, 4], [5, 2], [6, 0]], "text_classification": [1, 0, 0, 1, 1, 1, 1, 0], "character_names": ["Giyu Tomioka", "Nezuko Kamado", "Tanjiro Kamado", "Giyu Tomioka", "Giyu Tomioka", "Tanjiro Kamado"]}