{"bbox_annotations": {"bboxes_as_x1y1x2y2": [[249.78892517089844, 1610.8148193359375, 475.8502502441406, 2076.496826171875], [360.76080322265625, 976.7717895507812, 1077.11279296875, 1583.571533203125], [746.7105102539062, 1649.5538330078125, 1285.534423828125, 2098.769287109375], [1.6707658767700195, 859.6324462890625, 620.0604753494263, 1534.482177734375], [374.5, 1769.25, 690.5516357421875, 2079.0], [89.41053771972656, 229.10433959960938, 342.47186279296875, 522.0101318359375], [443.7855224609375, 55.0190544128418, 1258.9305419921875, 746.0031852722168], [1010.768798828125, 870.8840942382812, 1243.512939453125, 1525.03955078125], [58.17211151123047, 1781.1312255859375, 240.59960174560547, 1824.0103759765625], [440.84625244140625, 1.0113716125488281, 1274.745849609375, 804.3443603515625], [26.082351684570312, -2.953098773956299, 434.6991882324219, 804.2086791992188], [-4.341178894042969, 856.5790405273438, 1272.9864501953125, 1597.6871337890625], [-6.608587265014648, 1582.3802490234375, 1270.847900390625, 2099.90673828125]], "labels": [0, 0, 0, 0, 0, 0, 0, 1, 1, 2, 2, 2, 2], "image_id": 1031}, "character_clusters": [0, 1, 2, 0, 1, 2, 2], "text_char_matches": [[1, 2], [0, 1]], "text_tail_matches": [], "text_classification": [0, 1], "character_names": ["Giyu Tomioka", "Nezuko Kamado", "Tanjiro Kamado", "Giyu Tomioka", "Nezuko Kamado", "Tanjiro Kamado", "Tanjiro Kamado"]}