{"bbox_annotations": {"bboxes_as_x1y1x2y2": [[117.23995971679688, 1573.3660888671875, 1156.7697448730469, 2100.515869140625], [929.25, 1079.75, 1260.0, 1437.9085693359375], [189.93650817871094, 1021.8118896484375, 600.5770111083984, 1506.5693359375], [871.3076782226562, 204.17459106445312, 1395.968994140625, 863.8711242675781], [290.5, 483, 626.5, 705.25], [147, 570.5, 567, 792.75], [801.5, 1135.75, 1258.25, 1422.75], [137.83438110351562, 39.584495544433594, 739.0145568847656, 512.373161315918], [300.1166076660156, 494.69818115234375, 414.744140625, 545.1559448242188], [1212.9385986328125, 1305.6590576171875, 1366.069091796875, 1466.92333984375], [588.0459594726562, 1058.28466796875, 715.3247680664062, 1099.8642578125], [1150.291259765625, 1627.3690185546875, 1342.5389404296875, 1791.7041015625], [116.74432373046875, -0.5638584494590759, 1394.2667236328125, 921.3252563476562], [764.3723754882812, 952.8519897460938, 1371.2911376953125, 1517.6748046875], [117.63119506835938, 927.7982177734375, 752.7171020507812, 1515.874267578125], [119.21121215820312, 1564.1455078125, 1391.4569091796875, 2097.96875]], "labels": [0, 0, 0, 0, 0, 0, 0, 1, 1, 1, 1, 1, 2, 2, 2, 2], "image_id": 1028}, "character_clusters": [0, 1, 0, 0, 1, 2, 2], "text_char_matches": [[3, 1], [4, 1]], "text_tail_matches": [], "text_classification": [0, 0, 0, 1, 1], "character_names": ["Giyu Tomioka", "Tanjiro Kamado", "Giyu Tomioka", "Giyu Tomioka", "Tanjiro Kamado", "Nezuko Kamado", "Nezuko Kamado"]}