{"bbox_annotations": {"bboxes_as_x1y1x2y2": [[430.97039794921875, 604.836669921875, 525.825927734375, 795.628173828125], [863.5081787109375, 1669.5482177734375, 1008.083251953125, 2017.3441162109375], [42.584232330322266, 591.6282348632812, 279.76868057250977, 855.0809326171875], [1.0848045349121094, 1406.177978515625, 405.1356773376465, 2105.701904296875], [484.75, 1741.25, 780.8599243164062, 1837.5], [1088.5, 1723.1221923828125, 1220.2843017578125, 1765.75], [493.5, 1779.75, 724.5, 1872.5], [1100.75, 1744.75, 1174.25, 1776.25], [819.4813842773438, 250.96261596679688, 1121.05859375, 428.1779479980469], [981.745849609375, 990.9999389648438, 1236.110595703125, 1199.451904296875], [637.617919921875, 1093.8690185546875, 780.793212890625, 1318.5634765625], [325.01678466796875, 1830.743408203125, 384.8347473144531, 1870.34716796875], [192.23175048828125, 1908.2266845703125, 258.6465759277344, 1954.264892578125], [692.0460205078125, -5.040179252624512, 1286.7833251953125, 856.52685546875], [-1.9400686025619507, 156.0784912109375, 679.7732543945312, 495.2751770019531], [-5.004975318908691, 508.2746887207031, 681.220458984375, 871.8255004882812], [-3.8364529609680176, 911.8801879882812, 1293.0111083984375, 1351.0672607421875], [848.8331909179688, 1393.7518310546875, 1280.3128662109375, 2097.15185546875], [411.2041015625, 1391.5552978515625, 841.1986694335938, 2091.314208984375], [-1.961451768875122, 1397.1173095703125, 406.7127380371094, 2099.212646484375]], "labels": [0, 0, 0, 0, 0, 0, 0, 0, 1, 1, 1, 1, 1, 2, 2, 2, 2, 2, 2, 2], "image_id": 1015}, "character_clusters": [0, 1, 1, 1, 2, 2, 3, 3], "text_char_matches": [[0, 2], [1, 2], [2, 2]], "text_tail_matches": [], "text_classification": [1, 1, 1, 0, 0], "character_names": ["Saburo", "Tanjiro Kamado", "Tanjiro Kamado", "Tanjiro Kamado", "Nezuko Kamado", "Nezuko Kamado", "Rokuta Kamado", "Rokuta Kamado"]}