{"bbox_annotations": {"bboxes_as_x1y1x2y2": [[363.07135009765625, 1087.05126953125, 776.4959106445312, 1531.5125732421875], [300.4048156738281, 318.2576599121094, 615.7904663085938, 964.1778259277344], [795.963623046875, 62.43238830566406, 1283.1219482421875, 1012.2580718994141], [470.87408447265625, 1329.6279296875, 781.38671875, 1533.0347900390625], [1131.533935546875, 236.7056427001953, 1245.6331787109375, 304.48931884765625], [1059.8897705078125, 425.85986328125, 1206.7996826171875, 492.9072265625], [843.8182983398438, 717.5350952148438, 1003.6226806640625, 901.4588012695312], [531.8829345703125, 195.13133239746094, 759.876953125, 453.7279510498047], [85.84103393554688, 308.8146667480469, 275.0675354003906, 418.9286193847656], [115.18372344970703, 644.9998168945312, 355.23084259033203, 832.1871948242188], [1101.5125732421875, 1094.1505126953125, 1250.505126953125, 1292.4912109375], [798.9566040039062, 1247.5670166015625, 1025.1917724609375, 1398.0006103515625], [84.32405853271484, 1135.39453125, 302.5619430541992, 1321.156982421875], [1081.8408203125, 1629.53271484375, 1258.989990234375, 1765.162109375], [806.4468383789062, 1782.2320556640625, 958.5079345703125, 1885.527587890625], [572.03369140625, 1786.75, 740.0661010742188, 1899.2144775390625], [83.07553100585938, 1670.0748291015625, 332.7418518066406, 1871.91552734375], [797.603759765625, 4.759923934936523, 1276.0888671875, 1013.5624389648438], [-2.2170066833496094, -3.1577513217926025, 784.8076782226562, 1012.449951171875], [-6.954598426818848, 1059.2928466796875, 1270.8363037109375, 1538.2529296875], [28.501235961914062, 1587.33349609375, 1270.746826171875, 2072.129150390625]], "labels": [0, 0, 0, 0, 1, 1, 1, 1, 1, 1, 1, 1, 1, 1, 1, 1, 1, 2, 2, 2, 2], "image_id": 1039}, "character_clusters": [0, 1, 0, 2], "text_char_matches": [[0, 2], [1, 2], [2, 2], [3, 2], [4, 2], [5, 2], [7, 0], [6, 0], [8, 0], [9, 0], [10, 0], [11, 0], [12, 0]], "text_tail_matches": [], "text_classification": [1, 1, 1, 1, 1, 1, 1, 1, 1, 1, 1, 1, 1], "character_names": ["Giyu Tomioka", "Tanjiro Kamado", "Giyu Tomioka", "Nezuko Kamado"]}