{"bbox_annotations": {"bboxes_as_x1y1x2y2": [[460.7029724121094, 706.1434326171875, 780.9424438476562, 1304.8341064453125], [238, 1457.75, 1114.75, 2038.5827636718748], [2.5348961353302, 1393, 539.0, 2036.7254638671877], [742.451904296875, 137.61734008789062, 1205.822509765625, 502.16546630859375], [-4.9010844230651855, 143.20802307128906, 459.59247636795044, 625.9991607666016], [29.75, 931, 270.146240234375, 1240.75], [31.5, 922.9666137695312, 220.6154899597168, 1307.10107421875], [1098.096435546875, 259.6751708984375, 1261.0189208984375, 389.6206359863281], [595.8348388671875, 237.97964477539062, 775.3905029296875, 436.0476989746094], [377.06903076171875, 163.35665893554688, 522.4712524414062, 240.89205932617188], [383.1581726074219, 335.0406799316406, 535.7799682617188, 489.0810852050781], [1060.1947021484375, 722.6624755859375, 1255.65380859375, 881.2402954101562], [620.9014282226562, 1079.0701904296875, 787.4603881835938, 1192.5838623046875], [447.48577880859375, 1126.771728515625, 511.66790771484375, 1236.54638671875], [251.47984313964844, 732.2766723632812, 376.3569641113281, 885.900634765625], [1005.6804809570312, 1424.444091796875, 1213.2550048828125, 1579.5516357421875], [581.892822265625, 126.93785858154297, 1275.560546875, 640.6688842773438], [2.9282422065734863, 130.076904296875, 571.118896484375, 636.5322875976562], [833.5958251953125, 689.0404663085938, 1279.2784423828125, 1325.31298828125], [443.7158508300781, 690.5147094726562, 817.5213012695312, 1326.548828125], [14.877134323120117, 682.3966674804688, 425.1593017578125, 1328.3304443359375], [-5.720549583435059, 1376.506103515625, 1271.430908203125, 2042.1109619140625]], "labels": [0, 0, 0, 0, 0, 0, 0, 1, 1, 1, 1, 1, 1, 1, 1, 1, 2, 2, 2, 2, 2, 2], "image_id": 1019}, "character_clusters": [0, 0, 1, 1, 1, 0, 1], "text_char_matches": [[0, 3], [1, 3], [2, 4], [3, 4], [4, 4], [5, 4], [7, 6], [8, 2]], "text_tail_matches": [], "text_classification": [1, 1, 1, 1, 1, 1, 0, 1, 1], "character_names": ["Nezuko Kamado", "Nezuko Kamado", "Tanjiro Kamado", "Tanjiro Kamado", "Tanjiro Kamado", "Nezuko Kamado", "Tanjiro Kamado"]}