{"bbox_annotations": {"bboxes_as_x1y1x2y2": [[429.4252624511719, 395.2564697265625, 740.0438232421875, 804.4535522460938], [0, 0, 339.5, 798.9738416671753], [16.838253021240234, 1002.75, 1095.0154991149902, 1492.0657958984375], [1027.9578857421875, 241.76071166992188, 1284.219482421875, 806.7251892089844], [71.75, 517.1953735351562, 412.90665435791016, 801.8367309570312], [847.0216674804688, 122.20442199707031, 1093.1856689453125, 804.3048858642578], [629.2864990234375, 200.1666259765625, 839.2562866210938, 808.5288696289062], [166.25, 1606.166259765625, 903.7277221679686, 2098.25], [0, 869.75, 915.25, 1156.75], [999.2218017578125, 1021.43603515625, 1234.7449951171875, 1189.8604736328125], [65.5807113647461, 1302, 289.76497650146484, 1394.0993652343752], [906.5, 1601.25, 1272.25, 1886.5], [3.9668798446655273, 1485.75, 675.5, 1985.0761718750002], [849.648193359375, -2.4938509464263916, 1277.826416015625, 807.952880859375], [422.4788818359375, -1.9790589809417725, 836.9197998046875, 805.1937866210938], [1.1456787586212158, 4.164772987365723, 419.38043212890625, 806.1489868164062], [-3.5465598106384277, 866.465087890625, 1281.3177490234375, 1503.0797119140625], [-10.654741287231445, 1546.4725341796875, 1281.6446533203125, 2094.1796875]], "labels": [0, 0, 0, 0, 0, 0, 0, 0, 0, 1, 1, 1, 1, 2, 2, 2, 2, 2], "image_id": 1053}, "character_clusters": [0, 1, 2, 3, 2, 4, 5, 2, 1], "text_char_matches": [[0, 8], [1, 8]], "text_tail_matches": [], "text_classification": [1, 1, 0, 0], "character_names": ["Rokuta Kamado", "Kie Kamado", "Tanjiro Kamado", "Hanako Kamado", "Tanjiro Kamado", "Takeo Kamado", "Shigeru Kamado", "Tanjiro Kamado", "Kie Kamado"]}