{"bbox_annotations": {"bboxes_as_x1y1x2y2": [[28.548654556274414, 202.44749450683594, 306.0834140777588, 783.5184783935547], [390.49908447265625, 864.4343872070312, 1278.031982421875, 1333.6563720703125], [663.25, 397.25, 874.9306640624999, 805.0], [157.5, 523.64013671875, 513.6357879638672, 804.7877197265625], [535.6235961914062, 199.66200256347656, 787.4005126953125, 803.25], [851.98681640625, 1717.1307373046875, 1251.7750244140625, 2098.027099609375], [422.19366455078125, 1575.6436767578125, 826.7833862304688, 2101.734375], [-1.7115920782089233, 1583.9608154296875, 336.11296236515045, 2098.424560546875], [1055.0616455078125, 292.89202880859375, 1220.6781005859375, 367.85833740234375], [896.435546875, 517.0904541015625, 1094.1549072265625, 741.334716796875], [546.8385620117188, 632.109375, 652.51806640625, 671.8319091796875], [257.10394287109375, 214.1232147216797, 489.0043640136719, 475.49046325683594], [26.25, 607.25, 175.0, 785.75], [52.834144592285156, 984.1063232421875, 351.1940383911133, 1168.4173583984375], [975.4276123046875, 1477.1429443359375, 1170.2777099609375, 1628.5760498046875], [571.9368286132812, 1470.3133544921875, 796.3590698242188, 1622.6722412109375], [109.90878295898438, 1452.5048828125, 305.2983703613281, 1604.4547119140625], [529.457275390625, 172.75881958007812, 1270.29296875, 803.1563720703125], [0.7000327110290527, 169.0370635986328, 521.5078735351562, 806.9246215820312], [-6.202495098114014, 861.0586547851562, 1286.198974609375, 1338.4595947265625], [845.1670532226562, 1375.461181640625, 1272.73486328125, 2102.320068359375], [411.99951171875, 1389.003173828125, 820.8811645507812, 2100.917724609375], [0.2216130495071411, 1386.187255859375, 392.852783203125, 2103.435302734375], [723, 1718, 783, 1788], [264, 515, 325, 555], [289, 1249, 405, 1301], [292, 1639, 347, 1758]], "labels": [0, 0, 0, 0, 0, 0, 0, 0, 1, 1, 1, 1, 1, 1, 1, 1, 1, 2, 2, 2, 2, 2, 2, 3, 3, 3, 3], "image_id": 1033}, "character_clusters": [0, 0, 1, 1, 0, 2, 0, 2], "text_char_matches": [[0, 5], [6, 5], [1, 5], [5, 1], [3, 0], [7, 6], [8, 7], [2, 5], [4, 3]], "text_tail_matches": [[3, 1], [5, 2], [7, 0], [8, 3]], "text_classification": [1, 1, 1, 1, 0, 1, 1, 1, 1], "character_names": ["Giyu Tomioka", "Giyu Tomioka", "Nezuko Kamado", "Nezuko Kamado", "Giyu Tomioka", "Tanjiro Kamado", "Giyu Tomioka", "Tanjiro Kamado"]}