{"bbox_annotations": {"bboxes_as_x1y1x2y2": [[798.1390380859375, 1035.4053955078125, 950.9041748046875, 1469.59326171875], [764.6708984375, 1575.492919921875, 1245.22314453125, 2101.02587890625], [123.53416442871094, 1578.0863037109375, 582.3896942138672, 2101.6953125], [886.7665405273438, 56.10092544555664, 1366.7764892578125, 931.3311500549316], [768.0966796875, 404.4275207519531, 1158.4776611328125, 921.5223693847656], [571.2439575195312, 1132.59228515625, 715.8377075195312, 1450.9710693359375], [548.5025024414062, 527.8302001953125, 595.9144897460938, 661.9470825195312], [488.25, 509.25, 558.25, 609.0], [857.0079345703125, 260.51971435546875, 908.0886840820312, 295.1502380371094], [593.2164916992188, 1662.19384765625, 654.0116577148438, 1896.265869140625], [763.906982421875, -2.5970845222473145, 1365.7794189453125, 930.2179565429688], [117.20405578613281, 154.4677734375, 740.35546875, 930.5186157226562], [116.77516174316406, 979.9730224609375, 1392.2169189453125, 1522.9288330078125], [758.1849365234375, 1564.32421875, 1399.1165771484375, 2103.149169921875], [123.8995132446289, 1564.685302734375, 749.3956298828125, 2094.233154296875], [908, 344, 957, 380]], "labels": [0, 0, 0, 0, 0, 0, 0, 0, 1, 1, 2, 2, 2, 2, 2, 3], "image_id": 1056}, "character_clusters": [0, 1, 0, 1, 0, 1, 0, 1], "text_char_matches": [], "text_tail_matches": [[0, 0]], "text_classification": [1, 0], "character_names": ["Nezuko Kamado", "Tanjiro Kamado", "Nezuko Kamado", "Tanjiro Kamado", "Nezuko Kamado", "Tanjiro Kamado", "Nezuko Kamado", "Tanjiro Kamado"]}