{"bbox_annotations": {"bboxes_as_x1y1x2y2": [[-0.8938789367675781, 260.9033203125, 206.84211349487305, 505.5880432128906], [-6.064391136169434, 1674.108154296875, 930.4733896255493, 2100.48486328125], [134.8498077392578, 166.88223266601562, 279.1455383300781, 338.2834167480469], [-0.4720360040664673, 1044.75, 223.58129346370697, 1486.3126220703125], [571.420166015625, 180.2721710205078, 919.2900390625, 830.1875762939453], [445.0307922363281, 997.5, 835.8607788085938, 1513.9954833984377], [286.3838806152344, 578.9966430664062, 546.5396118164062, 828.6196899414062], [850.5, 1072.7591552734375, 1056.0081787109375, 1403.5], [73.04788208007812, 1147.4014892578125, 425.4631042480469, 1611.138916015625], [959.6914672851562, 1361.0211181640625, 1273.6949462890625, 1541.19677734375], [446.25, 890.75, 834.75, 1142.75], [831.25, 98, 1307.25, 754.25], [394.5989990234375, 291.02447509765625, 554.3023071289062, 406.2591857910156], [1103.9578857421875, 991.0098266601562, 1253.364013671875, 1144.2708740234375], [1003.1116333007812, 1798.32080078125, 1191.8988037109375, 1842.47412109375], [571.6708374023438, -2.6218996047973633, 1276.0919189453125, 837.1173095703125], [0.573277473449707, -4.237340450286865, 564.406005859375, 835.2359619140625], [846.5386352539062, 878.96240234375, 1279.5709228515625, 1619.6939697265625], [443.5564270019531, 885.3488159179688, 832.7440185546875, 1614.165771484375], [-0.38366615772247314, 876.9581298828125, 431.9764404296875, 1613.85546875], [2.331411838531494, 1667.5301513671875, 1240.657958984375, 2095.607177734375]], "labels": [0, 0, 0, 0, 0, 0, 0, 0, 0, 0, 0, 1, 1, 1, 1, 2, 2, 2, 2, 2, 2], "image_id": 1049}, "character_clusters": [0, 1, 2, 1, 1, 2, 1, 0, 0, 2, 0], "text_char_matches": [[1, 4], [3, 9], [2, 6]], "text_tail_matches": [], "text_classification": [0, 1, 1, 1], "character_names": ["Nezuko Kamado", "Giyu Tomioka", "Tanjiro Kamado", "Giyu Tomioka", "Giyu Tomioka", "Tanjiro Kamado", "Giyu Tomioka", "Nezuko Kamado", "Nezuko Kamado", "Tanjiro Kamado", "Nezuko Kamado"]}