{"bbox_annotations": {"bboxes_as_x1y1x2y2": [[213.94544982910156, 199.5, 664.8120269775391, 621.25], [171.2083740234375, 1241.1539306640625, 409.6910705566406, 1600.98828125], [96.25, 1663.6942138671875, 641.3743286132812, 2096.9921875], [385.10626220703125, 1711.5, 750.75, 2095.64794921875], [714, 3.4574389457702637, 1284.5, 574.0], [39.43254089355469, 941.16796875, 301.89207458496094, 1130.5], [716.72119140625, 1757.678955078125, 1089.5504150390625, 2098.651123046875], [33.25, 1009.75, 290.75643157958984, 1174.6015625], [224, 372.75, 563.5, 715.75], [680.75, 1667.75, 1281.0, 2094.75], [532, 1072.75, 1288, 1596.0], [553, 815.5, 1288, 1597.75], [698.25, 330.75, 1179.5, 745.5], [955.5, 31.5, 1293.25, 341.25], [691.25, 493.5, 946.75, 747.25], [213.5, 40.25, 598.5, 399.0], [1072.405517578125, 906.225341796875, 1262.303955078125, 981.28271484375], [313.25, 885.5, 500.196533203125, 1058.306884765625], [380.1629943847656, 1318.0540771484375, 506.9228210449219, 1404.9083251953125], [64.13373565673828, 1414, 201.27396392822266, 1532.677734375], [1056.3179931640625, 1735.3050537109375, 1248.2388916015625, 1848.5045166015625], [311.91241455078125, 1709.75, 470.7282409667969, 1854.1337890624998], [118.69347381591797, 1830.5, 287.83263397216797, 1974.7298583984375], [683.6876220703125, 0.130520761013031, 1292.1142578125, 761.0968017578125], [-10.632857322692871, -4.171907901763916, 677.8631591796875, 758.178466796875], [528.5509643554688, 809.6069946289062, 1289.827880859375, 1610.2039794921875], [-5.460092544555664, 801.5581665039062, 520.0087890625, 1199.951904296875], [-5.638104438781738, 1208.708251953125, 516.6267700195312, 1611.2095947265625], [-9.931844711303711, 1659.75048828125, 1286.8153076171875, 2105.51904296875]], "labels": [0, 0, 0, 0, 0, 0, 0, 0, 0, 0, 0, 0, 0, 1, 1, 1, 1, 1, 1, 1, 1, 1, 1, 2, 2, 2, 2, 2, 2], "image_id": 1023}, "character_clusters": [0, 0, 1, 0, 0, 0, 2, 2, 2, 3, 2, 0, 2], "text_char_matches": [[4, 7], [3, 10], [5, 7], [6, 7], [7, 6], [8, 6], [9, 6]], "text_tail_matches": [], "text_classification": [0, 0, 0, 1, 1, 1, 1, 1, 1, 1], "character_names": ["Nezuko Kamado", "Nezuko Kamado", "Kie Kamado", "Nezuko Kamado", "Nezuko Kamado", "Nezuko Kamado", "Tanjiro Kamado", "Tanjiro Kamado", "Tanjiro Kamado", "none", "Tanjiro Kamado", "Nezuko Kamado", "Tanjiro Kamado"]}