{"bbox_annotations": {"bboxes_as_x1y1x2y2": [[244.6623992919922, 847, 876.6214447021484, 1371.8942871093752], [575.2265625, -3.774493932723999, 1097.25, 669.975506067276], [367.86376953125, 394.3032531738281, 484.14947509765625, 661.2562866210938], [255.52679443359375, 1576.8389892578125, 592.9895629882812, 2043.66064453125], [156.75015258789062, 427, 250.25, 664.8220825195312], [320.8474426269531, 517.3140869140625, 395.0760803222656, 666.301025390625], [612.5, 1555.75, 1158.5267333984375, 1987.0780029296875], [53.737037658691406, 438.6526184082031, 171.6333465576172, 668.2759399414062], [2.8121159076690674, 1799.0682373046875, 333.0631535053253, 2038.8988037109375], [228.08267211914062, 368.9159240722656, 359.0337219238281, 665.3812866210938], [233.76699829101562, 1724.065673828125, 348.27874755859375, 1807.902587890625], [1003.50634765625, 319.3143615722656, 1228.4326171875, 378.6755065917969], [148.16510009765625, 179.1187286376953, 405.84356689453125, 294.2037048339844], [982.8978881835938, 848.5152587890625, 1170.3746337890625, 940.311767578125], [934.651123046875, 1167.52685546875, 1139.9151611328125, 1322.51904296875], [89.88829803466797, 1100.807861328125, 262.5255355834961, 1139.3876953125], [1048.763427734375, 1670.96240234375, 1217.857421875, 1713.1844482421875], [577.2996826171875, -4.852705955505371, 1282.3587646484375, 676.6513671875], [-0.07086694240570068, 72.43517303466797, 564.5360107421875, 672.8001708984375], [2.774721384048462, 728.7818603515625, 1280.3330078125, 1499.377197265625], [608.4555053710938, 1554.28173828125, 1276.7398681640625, 2060.22509765625], [-5.005976676940918, 1548.259765625, 593.5164184570312, 2051.98779296875], [215, 1240, 295, 1295], [823, 1377, 929, 1434], [1070, 1825, 1141, 1886]], "labels": [0, 0, 0, 0, 0, 0, 0, 0, 0, 0, 0, 1, 1, 1, 1, 1, 1, 2, 2, 2, 2, 2, 3, 3, 3], "image_id": 1035}, "character_clusters": [0, 0, 1, 2, 3, 4, 0, 5, 6, 7, 0], "text_char_matches": [[0, 1], [1, 1], [2, 0], [4, 0], [3, 0], [5, 6]], "text_tail_matches": [[3, 1], [2, 1], [4, 0], [5, 2]], "text_classification": [1, 1, 1, 1, 1, 1], "character_names": ["Tanjiro Kamado", "Tanjiro Kamado", "Takeo Kamado", "Giyu Tomioka", "Shigeru Kamado", "Rokuta Kamado", "Tanjiro Kamado", "Hanako Kamado", "Nezuko Kamado", "Kie Kamado", "Tanjiro Kamado"]}