{"bbox_annotations": {"bboxes_as_x1y1x2y2": [[308.0532531738281, 1671.2747802734375, 574.3018798828125, 1961.4290771484375], [304.78955078125, 1583.685546875, 447.0046691894531, 1887.7967529296875], [10.616439819335938, 21.584867477416992, 1289.229721069336, 950.0752849578857], [843.9364013671875, 1303.3250732421875, 1280.6229248046875, 1959.8245849609375], [136.73831176757812, 1075.935302734375, 309.61822509765625, 1249.4954833984375], [102.13265991210938, 1190.8455810546875, 349.24932861328125, 1477.35400390625], [227.5, 1113, 304.5, 1211], [404.25, 1618.75, 470.75, 1687.0], [724.5, 19.25, 1281.0, 479.5], [463.84381103515625, 1037.4951171875, 694.5120849609375, 1296.176025390625], [96.03861236572266, 1515.6092529296875, 289.27027130126953, 1748.3143310546875], [-6.622481346130371, -5.978545665740967, 1284.5279541015625, 951.5949096679688], [751.0113525390625, 984.5869140625, 1279.1180419921875, 1965.0823974609375], [1.2642145156860352, 996.3175048828125, 736.3106689453125, 1493.4078369140625], [1.7010986804962158, 1490.2554931640625, 736.1396484375, 1964.081787109375]], "labels": [0, 0, 0, 0, 0, 0, 0, 0, 1, 1, 1, 2, 2, 2, 2], "image_id": 1047}, "character_clusters": [0, 1, 1, 1, 1, 0, 2, 2], "text_char_matches": [[1, 4], [2, 1]], "text_tail_matches": [], "text_classification": [0, 1, 1], "character_names": ["Tanjiro Kamado", "Giyu Tomioka", "Giyu Tomioka", "Giyu Tomioka", "Giyu Tomioka", "Tanjiro Kamado", "Nezuko Kamado", "Nezuko Kamado"]}