{"bbox_annotations": {"bboxes_as_x1y1x2y2": [[468.1614074707031, 1519, 920.5, 1943.5220947265625], [362.06903076171875, 918.7000732421875, 576.9486083984375, 1397.1239013671875], [161.3791046142578, 996.2028198242188, 235.89036560058594, 1113.0269775390625], [706.5906982421875, 269.5, 841.7725219726562, 542.1956787109374], [76.08964538574219, 1538.25, 228.9628448486328, 1935.51318359375], [179.0371551513672, 940.983642578125, 333.7415466308594, 1386.671875], [63, 120.75, 350, 592.7601318359375], [895.7222900390625, 332.4925537109375, 984.2611694335938, 543.9078369140625], [663.0443725585938, 666.4622192382812, 1188.885009765625, 1417.5], [814.1342163085938, 255.5, 931.0, 552.7077026367188], [606.817626953125, 297.5, 720.2801513671875, 559.087890625], [609.281494140625, 815.5, 844.863525390625, 1146.25], [651.6795043945312, 1515.5, 1025.755126953125, 1947.0977783203123], [847, 1694, 1275.75, 1946], [78.75, 1597.75, 143.5, 1660.75], [1070.1256103515625, 227.1839141845703, 1203.4195556640625, 338.5164794921875], [453.2528076171875, 225.5605926513672, 573.34228515625, 336.815673828125], [1101.5654296875, 815.5, 1251.865234375, 865.36083984375], [470.2262268066406, 750.75, 589.1740112304688, 813.7977905273438], [100.09220123291016, 721, 285.6314163208008, 860.70654296875], [78.1136245727539, 1144.98291015625, 205.93711853027344, 1288.505615234375], [978.1915283203125, 1573.2587890625, 1233.2705078125, 1728.143310546875], [516.3628540039062, 1527.75, 699.8807983398438, 1724.4337158203125], [312.3276062011719, 1559.10888671875, 439.59381103515625, 1673.455322265625], [417.324462890625, 3.101205825805664, 1270.299072265625, 608.5361328125], [15.028715133666992, 0.8721515536308289, 405.72650146484375, 608.3882446289062], [605.9168090820312, 652.7249755859375, 1278.66748046875, 1429.748779296875], [30.7764892578125, 657.1286010742188, 605.3944702148438, 1429.1651611328125], [471.158447265625, 1481.1103515625, 1275.5936279296875, 1952.0794677734375], [30.082548141479492, 1469.286376953125, 461.2869567871094, 1945.8197021484375], [1005, 375, 1055, 412], [336, 1745, 398, 1796], [1127, 1794, 1180, 1852], [552, 382, 607, 420], [1101, 963, 1162, 1001], [197, 1250, 250, 1288], [253, 901, 290, 945], [515, 870, 551, 914]], "labels": [0, 0, 0, 0, 0, 0, 0, 0, 0, 0, 0, 0, 0, 0, 0, 1, 1, 1, 1, 1, 1, 1, 1, 1, 2, 2, 2, 2, 2, 2, 3, 3, 3, 3, 3, 3, 3, 3], "image_id": 1009}, "character_clusters": [0, 0, 1, 2, 3, 3, 0, 4, 3, 5, 6, 1, 1, 3, 1], "text_char_matches": [[1, 10], [0, 7], [2, 8], [3, 1], [4, 5], [5, 5], [6, 13], [7, 13], [8, 4]], "text_tail_matches": [[0, 0], [1, 3], [2, 4], [3, 7], [4, 6], [5, 5], [6, 2], [8, 1]], "text_classification": [1, 1, 1, 1, 1, 1, 1, 1, 1], "character_names": ["Tanjiro Kamado", "Tanjiro Kamado", "Rokuta Kamado", "Takeo Kamado", "Nezuko Kamado", "Nezuko Kamado", "Tanjiro Kamado", "Shigeru Kamado", "Nezuko Kamado", "Kie Kamado", "Hanako Kamado", "Rokuta Kamado", "Rokuta Kamado", "Nezuko Kamado", "Rokuta Kamado"]}