{"bbox_annotations": {"bboxes_as_x1y1x2y2": [[866.960693359375, 1524.342041015625, 1360.1273193359375, 2017.5111083984375], [886.1334228515625, 735.9805297851562, 1396.709228515625, 1430.800537109375], [442.6114807128906, 1642.4476318359375, 899.4418334960938, 2099.885986328125], [876.75, 82.25, 1391.25, 647.5], [152.25, 49, 651.0, 609], [131.25, 719.25, 756.0, 1380.75], [120.18924713134766, 110.9483413696289, 1394.869140625, 1426.6033935546875], [849.9740600585938, 1463.9356689453125, 1373.4921875, 2090.211181640625], [118.57848358154297, 1426.488525390625, 885.6181640625, 2095.993408203125]], "labels": [0, 0, 0, 1, 1, 1, 2, 2, 2], "image_id": 1046}, "character_clusters": [0, 1, 1], "text_char_matches": [], "text_tail_matches": [], "text_classification": [0, 0, 0], "character_names": ["Tanjiro Kamado", "Giyu Tomioka", "Giyu Tomioka"]}