{"bbox_annotations": {"bboxes_as_x1y1x2y2": [[692.18017578125, 1293.498291015625, 971.553955078125, 1839.11767578125], [964.9212036132812, 311.6387634277344, 1165.8223876953125, 626.48583984375], [893.467529296875, 702.107666015625, 1397.471923828125, 1215.4544677734375], [134.75, 1279.9769287109375, 555.43701171875, 2094.984375], [754.9865112304688, 251.44813537597656, 1005.474853515625, 624.6311798095703], [309.75, 182.74606323242188, 1004.5, 633.6512451171875], [127.62078857421875, 694.3441772460938, 546.6405029296875, 1217.634521484375], [327.4692077636719, 1529.33935546875, 677.2706909179688, 2100.392822265625], [1162.0330810546875, 351.154296875, 1334.6368408203125, 498.3521728515625], [409.58514404296875, 229.04225158691406, 589.2592163085938, 377.772216796875], [179.77940368652344, 368.68927001953125, 360.5019226074219, 519.0250854492188], [1220.0611572265625, 741.0501098632812, 1355.19970703125, 875.5592041015625], [839.0079956054688, 717.7267456054688, 1020.0714111328125, 973.48974609375], [500.203125, 721, 753.8212280273438, 932.4190673828125], [1140.949951171875, 1367.298095703125, 1335.8956298828125, 1557.9481201171875], [917.0142822265625, 1654.4765625, 1085.6341552734375, 1770.74267578125], [701.2583618164062, 1793.337890625, 820.3762817382812, 1832.66748046875], [530.0315551757812, 1403.6170654296875, 655.8999633789062, 1440.861328125], [134.62469482421875, 1299.0882568359375, 356.6479797363281, 1626.5128173828125], [125.15464782714844, 159.0878448486328, 1396.5162353515625, 636.6510620117188], [807.2993774414062, 684.191650390625, 1397.007568359375, 1225.951904296875], [128.64187622070312, 685.6425170898438, 793.67529296875, 1224.80224609375], [682.4302978515625, 1264.9420166015625, 1395.8660888671875, 1940.226318359375], [126.89129638671875, 1264.2210693359375, 675.7587280273438, 2094.158447265625], [1264, 944, 1308, 989], [887, 1025, 977, 1073]], "labels": [0, 0, 0, 0, 0, 0, 0, 0, 1, 1, 1, 1, 1, 1, 1, 1, 1, 1, 1, 2, 2, 2, 2, 2, 3, 3], "image_id": 1034}, "character_clusters": [0, 1, 2, 2, 2, 0, 0, 1], "text_char_matches": [[0, 5], [1, 5], [2, 5], [3, 2], [4, 2], [5, 6], [6, 0], [7, 0], [8, 0], [9, 0]], "text_tail_matches": [[3, 0], [4, 1]], "text_classification": [1, 1, 1, 1, 1, 1, 1, 1, 1, 1, 0], "character_names": ["Tanjiro Kamado", "Nezuko Kamado", "Giyu Tomioka", "Giyu Tomioka", "Giyu Tomioka", "Tanjiro Kamado", "Tanjiro Kamado", "Nezuko Kamado"]}