{"bbox_annotations": {"bboxes_as_x1y1x2y2": [[377.38623046875, 1464.907470703125, 640.3239135742188, 1886.67724609375], [546, 1501.8651123046875, 725.64892578125, 1890.0], [677.8114013671875, 1478.62353515625, 1385.2886962890625, 1880.0992431640625], [953.75, 300.9376220703125, 1400.39208984375, 1457.78369140625], [117.90673065185547, 1708, 417.4692916870117, 1875.0970458984377], [490, 0, 1249.5, 1419.25], [115.5, 600.25, 1006.25, 1398.25], [1041.25, 614.25, 1398.25, 1030.75], [122.5, 40.25, 666.75, 778.75], [110.95101165771484, -3.9539246559143066, 1395.847412109375, 1462.691162109375], [657.2753295898438, 1459.4432373046875, 1401.188232421875, 1953.860107421875], [112.30155181884766, 1401.8931884765625, 716.0068969726562, 1957.67626953125]], "labels": [0, 0, 0, 0, 0, 0, 0, 1, 1, 2, 2, 2], "image_id": 1044}, "character_clusters": [0, 1, 1, 1, 2, 0, 2], "text_char_matches": [], "text_tail_matches": [], "text_classification": [0, 0], "character_names": ["Giyu Tomioka", "Nezuko Kamado", "Nezuko Kamado", "Nezuko Kamado", "Tanjiro Kamado", "Giyu Tomioka", "Tanjiro Kamado"]}