{"bbox_annotations": {"bboxes_as_x1y1x2y2": [[372.75, 1567.776123046875, 1408.2138671875, 2103.3359375], [411.4248046875, 354.06072998046875, 556.13232421875, 663.5106201171875], [133.79107666015625, 1608.1180419921875, 765.2543334960938, 2099.94970703125], [969.5, 782.25, 1200.5, 1494.5], [1018.5, 925.9644165039062, 1399.876220703125, 1492.75], [840.093994140625, 159.33506774902344, 1245.2996826171875, 667.2693328857422], [129.5, 729.2139282226562, 946.7672576904297, 1489.25], [660.0147094726562, 452.239501953125, 793.4764404296875, 658.7702026367188], [237.95245361328125, 114.81009674072266, 490.3895568847656, 467.55008697509766], [1170.3533935546875, 321.8011474609375, 1300.460693359375, 358.0688171386719], [1247.09619140625, 498.8655090332031, 1397.3092041015625, 667.5383911132812], [829.4132690429688, 425.4776306152344, 948.1445922851562, 513.6366577148438], [624.8904418945312, 265.413330078125, 786.9502563476562, 352.17718505859375], [577.3621215820312, 485.0335388183594, 651.4884643554688, 549.8798828125], [170.37603759765625, 487.66229248046875, 309.1519470214844, 574.7572631835938], [1184.6214599609375, 862.3115234375, 1308.9993896484375, 926.04248046875], [807.9077758789062, 2.058854579925537, 1403.1094970703125, 672.4905395507812], [120.1554946899414, 3.0583038330078125, 796.5446166992188, 670.4750366210938], [961.8863525390625, 720.969970703125, 1397.046142578125, 1495.988037109375], [115.04823303222656, 721.0911865234375, 950.36572265625, 1502.8984375], [124.43993377685547, 1543.373046875, 1392.3868408203125, 2094.620849609375]], "labels": [0, 0, 0, 0, 0, 0, 0, 0, 0, 1, 1, 1, 1, 1, 1, 1, 2, 2, 2, 2, 2], "image_id": 1022}, "character_clusters": [0, 0, 1, 1, 0, 1, 0, 2, 1], "text_char_matches": [[0, 5], [2, 5], [3, 8], [5, 8], [4, 8], [6, 3]], "text_tail_matches": [], "text_classification": [1, 0, 1, 1, 1, 1, 1], "character_names": ["Nezuko Kamado", "Nezuko Kamado", "Tanjiro Kamado", "Tanjiro Kamado", "Nezuko Kamado", "Tanjiro Kamado", "Nezuko Kamado", "none", "Tanjiro Kamado"]}