{"bbox_annotations": {"bboxes_as_x1y1x2y2": [[19.08256721496582, 1117.2640380859375, 436.9886951446533, 1595.8126220703125], [528.6039428710938, 2.5692968368530273, 1274.5791015625, 1052.9431982040405], [50.76582717895508, 390.85919189453125, 517.5550422668457, 1043.8785400390625], [370.90643310546875, 1726.625244140625, 900.205078125, 2097.063720703125], [824.25, 1921.5, 1128.75, 2098.25], [1053.643310546875, 306.6129150390625, 1212.509033203125, 909.8319091796875], [172.8466033935547, 36.903079986572266, 426.7701416015625, 441.4863929748535], [547.75, 1053.5, 1128.75, 1596.0], [427.5837097167969, 2.982607364654541, 1275.331787109375, 1053.469970703125], [-4.934045791625977, 0.2534061670303345, 530.1382446289062, 1052.700439453125], [-8.66379165649414, 1093.4996337890625, 1277.8765869140625, 1715.998046875], [-3.851640224456787, 1697.380859375, 1276.7843017578125, 2101.85107421875]], "labels": [0, 0, 0, 0, 0, 1, 1, 1, 2, 2, 2, 2], "image_id": 1041}, "character_clusters": [0, 0, 0, 1, 2], "text_char_matches": [[0, 1]], "text_tail_matches": [], "text_classification": [1, 0, 0], "character_names": ["Tanjiro Kamado", "Tanjiro Kamado", "Tanjiro Kamado", "Giyu Tomioka", "Nezuko Kamado"]}