{"bbox_annotations": {"bboxes_as_x1y1x2y2": [[829.766845703125, 1473.9832763671875, 1354.5706787109375, 2097.59619140625], [1120.6646728515625, 1356.6209716796875, 1365.1849365234375, 1705.74267578125], [958.58984375, 768.25, 1398.25, 1211.0], [117.25, 129.41513061523438, 1338.75, 1208.2537536621094], [122.79651641845703, 1268.2825927734375, 574.0, 1669.1829833984375], [374.063720703125, 1685.127197265625, 795.4365234375, 2094.57177734375], [1120.51416015625, 465.45843505859375, 1305.076171875, 542.4671630859375], [208.7039794921875, 276.105712890625, 390.1164855957031, 466.5592956542969], [644.3992919921875, 1327.8466796875, 798.58642578125, 1414.45068359375], [157.6444549560547, 1734.25, 411.6375427246094, 1933.19287109375], [121.5705795288086, 4.336068153381348, 1395.374267578125, 1215.483642578125], [821.1128540039062, 1257.579833984375, 1398.3297119140625, 2098.623046875], [118.3611068725586, 1261.705078125, 806.3333740234375, 1677.970703125], [120.22016906738281, 1677.9754638671875, 811.8602294921875, 2096.510986328125]], "labels": [0, 0, 0, 0, 0, 0, 1, 1, 1, 1, 2, 2, 2, 2], "image_id": 1050}, "character_clusters": [0, 1, 2, 0, 1, 0], "text_char_matches": [[1, 2], [0, 2], [2, 4], [3, 4]], "text_tail_matches": [], "text_classification": [1, 1, 1, 1], "character_names": ["Nezuko Kamado", "Giyu Tomioka", "Tanjiro Kamado", "Nezuko Kamado", "Giyu Tomioka", "Nezuko Kamado"]}