{"bbox_annotations": {"bboxes_as_x1y1x2y2": [[425.8479919433594, 68.94024658203125, 1246.2636413574219, 2096.9124145507812], [-0.7162004709243774, 185.81813049316406, 416.0020002126694, 808.3851470947266], [217.0352020263672, 1266.34765625, 405.213623046875, 1466.494384765625], [-1.5407979488372803, 1570.6942138671875, 407.6876871585846, 2100.690185546875], [29.754873275756836, 132.4649200439453, 316.68825340270996, 183.54278564453125], [199.07962036132812, 199.5, 377.03070068359375, 287.6395263671875], [237.65159606933594, 1505, 389.55731201171875, 1652.9654541015625], [431.27935791015625, -8.108809471130371, 1267.595458984375, 2091.34228515625], [0.4927307367324829, 161.9603729248047, 416.1225891113281, 814.6649780273438], [3.5114288330078125, 819.39892578125, 419.3291931152344, 1461.7198486328125], [1.802799105644226, 1470.1611328125, 419.26361083984375, 2100.73486328125], [303, 1704, 365, 1767]], "labels": [0, 0, 0, 0, 1, 1, 1, 2, 2, 2, 2, 3], "image_id": 1029}, "character_clusters": [0, 1, 0, 0], "text_char_matches": [[1, 1], [2, 3]], "text_tail_matches": [[2, 0]], "text_classification": [0, 1, 1], "character_names": ["Giyu Tomioka", "Tanjiro Kamado", "Giyu Tomioka", "Giyu Tomioka"]}