{"bbox_annotations": {"bboxes_as_x1y1x2y2": [[393.62139892578125, 430.59454345703125, 750.3220825195312, 764.9701538085938], [1068.8336181640625, 1649.585693359375, 1269.11376953125, 2098.886962890625], [642.25, 1410.5, 849.09326171875, 1996.75], [866.93798828125, 1405.983642578125, 1289.787109375, 2098.75732421875], [112, 1673, 308.5097351074219, 1888.25], [160.93429565429688, 846.6412353515625, 1274.4146423339844, 1344.880615234375], [448.2455749511719, 1410.5, 694.75, 1977.5], [724.5, 326.95623779296875, 1050.0, 565.8860473632812], [33.63563537597656, 1471.75, 423.85475158691406, 2025.6461181640627], [1018.5, 376.25, 1078.0, 525.0], [1125.67919921875, 1506.1495361328125, 1249.030517578125, 1570.872314453125], [1117.451904296875, 1715.1708984375, 1224.9371337890625, 1767.8565673828125], [583.3517456054688, 1506.71337890625, 687.5025634765625, 1543.046875], [493.10565185546875, 1709.697021484375, 599.4574584960938, 1758.3653564453125], [296.3569030761719, 1504.66845703125, 415.149658203125, 1568.8487548828125], [61.01806640625, 1798.599853515625, 172.4899139404297, 1854.8135986328125], [-6.027799606323242, -3.139038324356079, 1274.5008544921875, 790.1013793945312], [-2.548706531524658, 844.114013671875, 1275.2294921875, 1353.2880859375], [858.3517456054688, 1402.6962890625, 1272.6832275390625, 2110.52783203125], [439.0184020996094, 1393.43505859375, 849.1231689453125, 2104.69921875], [22.49070930480957, 1401.8712158203125, 427.07952880859375, 2097.709716796875]], "labels": [0, 0, 0, 0, 0, 0, 0, 0, 0, 0, 1, 1, 1, 1, 1, 1, 2, 2, 2, 2, 2], "image_id": 1017}, "character_clusters": [0, 1, 0, 2, 3, 4, 5, 2, 6, 1], "text_char_matches": [[0, 5], [1, 5], [2, 5], [3, 5], [4, 5], [5, 5]], "text_tail_matches": [], "text_classification": [1, 1, 1, 1, 1, 1], "character_names": ["Takeo Kamado", "Hanako Kamado", "Takeo Kamado", "Kie Kamado", "Rokuta Kamado", "Tanjiro Kamado", "Shigeru Kamado", "Kie Kamado", "Nezuko Kamado", "Hanako Kamado"]}