{"bbox_annotations": {"bboxes_as_x1y1x2y2": [[526.8792724609375, 1583.79052734375, 962.9638671875, 2028.830322265625], [143.5, -8.086122512817383, 1413.8563995361328, 725.1638774871826], [913.5, 929.25, 1085.0, 1083.25], [673.75, 777, 1071.0, 1072.75], [302.75, 959, 922.25, 1440.25], [108.5, 38.5, 724.5, 693.0], [918.75, 1398.25, 1398.25, 1982.75], [61.25, 1408.75, 577.5, 1865.5], [113.0806884765625, -2.9057531356811523, 1402.3138427734375, 729.7954711914062], [109.89962768554688, 745.9927368164062, 1392.678955078125, 1547.3292236328125], [107.35200500488281, 1520.70361328125, 1396.32177734375, 2093.443603515625]], "labels": [0, 0, 0, 0, 0, 1, 1, 1, 2, 2, 2], "image_id": 1042}, "character_clusters": [0, 1, 2, 1, 0], "text_char_matches": [], "text_tail_matches": [], "text_classification": [0, 0, 0], "character_names": ["Tanjiro Kamado", "Giyu Tomioka", "Nezuko Kamado", "Giyu Tomioka", "Tanjiro Kamado"]}