{"bbox_annotations": {"bboxes_as_x1y1x2y2": [[0.15608668327331543, 123.1038589477539, 505.2872817516327, 993.8671035766602], [792.8552856445312, 1697.5867919921875, 1297.8184814453125, 2100.3291015625], [408.52569580078125, 127.9393539428711, 946.4210205078125, 1000.2182846069336], [645.091552734375, 1118.25, 1011.5, 1670.4434814453125], [701.5476684570312, 1061.2845458984375, 1184.6785888671875, 1685.8363037109375], [81.24700164794922, 1715, 238.0, 1957.208251953125], [82.25, 1741.25, 232.75, 1933.75], [950.5194091796875, 239.49786376953125, 1243.87158203125, 416.4621276855469], [943.8959350585938, 855.9916381835938, 1259.198486328125, 978.053955078125], [1133.923828125, 1199.1434326171875, 1249.55029296875, 1257.382080078125], [1091.569580078125, 1443.7886962890625, 1209.2672119140625, 1523.2452392578125], [656.6519775390625, 1541.9154052734375, 776.1552124023438, 1617.9908447265625], [1099.7677001953125, 1774.4501953125, 1238.5870361328125, 1921.452392578125], [654.8529052734375, 1805.323486328125, 768.0826416015625, 1919.033935546875], [346.0703125, 1147.2659912109375, 585.7057495117188, 1350.353515625], [-9.370750427246094, -5.86245059967041, 1293.5164794921875, 996.9312133789062], [639.4635009765625, 1046.913330078125, 1296.78857421875, 1687.328369140625], [640.3546142578125, 1693.2396240234375, 1304.8660888671875, 2098.781494140625], [-4.089295864105225, 1049.3394775390625, 631.271484375, 2093.439453125], [751, 1937, 814, 1977], [1070, 1986, 1160, 2031]], "labels": [0, 0, 0, 0, 0, 0, 0, 1, 1, 1, 1, 1, 1, 1, 1, 2, 2, 2, 2, 3, 3], "image_id": 1006}, "character_clusters": [0, 0, 1, 0, 1, 0, 1], "text_char_matches": [[0, 0], [2, 3], [3, 3], [4, 3], [7, 5], [5, 1], [6, 1]], "text_tail_matches": [[5, 1], [6, 0]], "text_classification": [1, 0, 1, 1, 1, 1, 1, 1], "character_names": ["Tanjiro Kamado", "Tanjiro Kamado", "Nezuko Kamado", "Tanjiro Kamado", "Nezuko Kamado", "Tanjiro Kamado", "Nezuko Kamado"]}