{"bbox_annotations": {"bboxes_as_x1y1x2y2": [[776.3753051757812, 1239, 921.8175659179688, 1475.0443115234375], [966.20166015625, 1961.999755859375, 1181.5030517578125, 2098.307373046875], [1112.22119140625, 1742.1256103515625, 1271.5357666015625, 2097.92333984375], [234.5, 1575.2791748046875, 731.7391052246094, 2093.6728515625], [512.562255859375, 231.53822326660156, 746.7802734375, 614.5194244384766], [234.13720703125, 725.7582397460938, 1248.009033203125, 1158.46728515625], [52.5, 1223.25, 731.5, 2098.25], [903.1491088867188, 257.74322509765625, 1218.1583251953125, 591.7899169921875], [300.9150695800781, 205.39634704589844, 459.68511962890625, 351.8288269042969], [92.7292709350586, 448.3165283203125, 273.16060638427734, 560.1053466796875], [1052.5308837890625, 816.535400390625, 1220.5572509765625, 969.3318481445312], [71.8902587890625, 824.3599243164062, 240.1325225830078, 975.009765625], [1054.8671875, 1278.9716796875, 1234.0184326171875, 1468.1884765625], [794.3643798828125, 1641.1937255859375, 953.9651489257812, 1900.5479736328125], [446.5367126464844, 1322.5950927734375, 702.996826171875, 1507.6009521484375], [582.070068359375, 1687, 669.1260986328125, 1793.6285400390625], [64.1378173828125, 1598.990234375, 327.1337890625, 1824.989013671875], [6.557142734527588, 160.80392456054688, 1280.534423828125, 672.4796142578125], [0.07581114768981934, 719.3731079101562, 1282.8603515625, 1168.8157958984375], [747.2455444335938, 1210.120849609375, 1275.7750244140625, 2100.404052734375], [-7.568681240081787, 1208.2445068359375, 729.26611328125, 2102.58154296875]], "labels": [0, 0, 0, 0, 0, 0, 0, 1, 1, 1, 1, 1, 1, 1, 1, 1, 1, 2, 2, 2, 2], "image_id": 1037}, "character_clusters": [0, 1, 2, 1, 0, 2, 2], "text_char_matches": [[0, 5], [3, 5], [1, 5], [2, 5], [4, 5], [5, 2], [6, 2], [7, 6], [9, 6], [8, 6]], "text_tail_matches": [], "text_classification": [1, 1, 1, 1, 1, 1, 1, 1, 1, 1], "character_names": ["Tanjiro Kamado", "Nezuko Kamado", "Giyu Tomioka", "Nezuko Kamado", "Tanjiro Kamado", "Giyu Tomioka", "Giyu Tomioka"]}