{"bbox_annotations": {"bboxes_as_x1y1x2y2": [[353.5, 1414, 666.8856201171875, 1798.7239990234375], [365.1149597167969, 36.396549224853516, 1251.8040466308594, 721.147891998291], [776.111083984375, 795.208251953125, 1391.999267578125, 1279.79248046875], [303.64990234375, 1573.649658203125, 630.6229248046875, 1809.56982421875], [150.5, 790.5098266601562, 752.9334869384766, 1184.246826171875], [962.6845703125, 1440.36376953125, 1135.75, 1657.25], [1004.5, 1756.6568603515625, 1398.3782958984375, 2098.25], [966, 1377.25, 1296.75, 1671.25], [1104.25, 0, 1382.5, 717.5], [117.12971496582031, 4.010282516479492, 412.29542541503906, 718.7160930633545], [1191.22265625, 837.3905029296875, 1335.669677734375, 929.3294067382812], [474.25, 922.25, 745.5, 1277.5], [1193.5, 1345.75, 1398.25, 1667.75], [1232.7144775390625, 1815.945556640625, 1311.830078125, 1890.730224609375], [886.2802734375, 1825.25, 990.2057495117188, 1900.4073486328125], [118.38492584228516, 0.5338802933692932, 1385.3848876953125, 727.7097778320312], [772.8134765625, 773.4752197265625, 1399.3824462890625, 1284.3538818359375], [124.04756164550781, 772.2386474609375, 763.7362060546875, 1283.2586669921875], [868.2778930664062, 1326.602294921875, 1402.751220703125, 1736.2525634765625], [870.0093383789062, 1751.883056640625, 1397.8890380859375, 2099.48974609375], [117.8707275390625, 1324.0213623046875, 860.7122802734375, 2092.01025390625], [948, 1918, 1025, 2024], [1179, 1947, 1285, 2043]], "labels": [0, 0, 0, 0, 0, 0, 0, 0, 1, 1, 1, 1, 1, 1, 1, 2, 2, 2, 2, 2, 2, 3, 3], "image_id": 1020}, "character_clusters": [0, 0, 1, 1, 1, 1, 1, 0], "text_char_matches": [[6, 6], [5, 6], [0, 1], [1, 1], [2, 2]], "text_tail_matches": [[5, 1], [6, 0]], "text_classification": [1, 1, 1, 0, 0, 1, 1], "character_names": ["Nezuko Kamado", "Nezuko Kamado", "Tanjiro Kamado", "Tanjiro Kamado", "Tanjiro Kamado", "Tanjiro Kamado", "Tanjiro Kamado", "Nezuko Kamado"]}