{"bbox_annotations": {"bboxes_as_x1y1x2y2": [[440.68255615234375, 1410.5, 1243.306884765625, 1956.7359619140625], [121.066650390625, 505.46099853515625, 248.5, 631.75], [1073.1319580078125, 1026.9522705078125, 1247.2174072265625, 1178.8580322265625], [272.8470764160156, 262.6940612792969, 496.2524719238281, 556.654052734375], [785.2805786132812, 328.2484130859375, 1363.7939453125, 712.9588012695312], [119.309326171875, 793.5361938476562, 489.03997802734375, 1299.555908203125], [1211.082763671875, 300.1612548828125, 1315.8687744140625, 339.9253234863281], [802.0961303710938, 218.80003356933594, 1042.2122802734375, 372.21624755859375], [651.4136352539062, 254.31483459472656, 730.492919921875, 289.5347900390625], [576.8574829101562, 478.3633728027344, 672.2451782226562, 539.8778686523438], [1225.0791015625, 898.0385131835938, 1312.998046875, 933.677001953125], [1087.0880126953125, 834.75, 1166.629150390625, 927.5], [864.9906005859375, 845.25, 990.4153442382812, 998.7657470703125], [607.4426879882812, 857.5, 799.2249145507812, 1057.0], [451.6346740722656, 1064, 554.5984497070312, 1158.1156005859375], [1012.7825317382812, 1379.81298828125, 1260.5887451171875, 1683.59130859375], [587.9873657226562, 1385.29736328125, 810.981689453125, 1539.1119384765625], [251.78123474121094, 1380.864990234375, 504.01861572265625, 1610.335693359375], [190.11412048339844, 1715.9202880859375, 381.1239929199219, 1868.718994140625], [772.6762084960938, 137.79222106933594, 1367.1551513671875, 727.810791015625], [117.9971923828125, 143.2902374267578, 759.0039672851562, 718.8803100585938], [834.8637084960938, 765.89892578125, 1400.3870849609375, 1306.0654296875], [118.08635711669922, 764.2548217773438, 829.9503784179688, 1305.7999267578125], [115.40768432617188, 1351.48779296875, 1397.9947509765625, 1951.68603515625], [1247, 411, 1286, 462], [632, 1131, 712, 1172], [896, 463, 973, 511], [1250, 999, 1285, 1063], [415, 1110, 454, 1144], [1118, 938, 1157, 999], [509, 504, 559, 545], [903, 1076, 951, 1111]], "labels": [0, 0, 0, 0, 0, 0, 1, 1, 1, 1, 1, 1, 1, 1, 1, 1, 1, 1, 1, 2, 2, 2, 2, 2, 3, 3, 3, 3, 3, 3, 3, 3], "image_id": 1014}, "character_clusters": [0, 0, 0, 1, 0, 1], "text_char_matches": [[0, 4], [1, 4], [2, 3], [3, 3], [4, 2], [5, 2], [6, 2], [7, 5], [8, 5], [9, 0], [10, 0], [11, 0], [12, 0]], "text_tail_matches": [[0, 0], [1, 2], [3, 6], [4, 3], [5, 5], [6, 7], [7, 1], [8, 4]], "text_classification": [1, 1, 1, 1, 1, 1, 1, 1, 1, 1, 1, 1, 1], "character_names": ["Tanjiro Kamado", "Tanjiro Kamado", "Tanjiro Kamado", "Saburo", "Tanjiro Kamado", "Saburo"]}