{"bbox_annotations": {"bboxes_as_x1y1x2y2": [[145.25, 815.5, 1003.7581634521484, 1408.75], [1035.5185546875, 947.1558837890625, 1359.9027099609375, 1417.152587890625], [253.75, 1498.7987060546875, 1402.0711669921875, 2101.65771484375], [314.0244140625, 211.98843383789062, 1263.5, 751.0635070800781], [829.8030395507812, 1000.3321533203125, 1018.3949584960938, 1435.0589599609375], [136.5, 1415.75, 448.0, 1636.25], [1147.343994140625, 439.9462585449219, 1343.865234375, 606.072998046875], [840.1760864257812, 266.22479248046875, 1067.189697265625, 431.7569274902344], [157.84951782226562, 479.9377746582031, 398.9894104003906, 644.02490234375], [1250.2384033203125, 884.6705322265625, 1333.2142333984375, 929.8047485351562], [1006.25, 1513.75, 1326.5, 1779.75], [409.5, 1237.25, 813.75, 1762.25], [215.25, 1736, 523.25, 2070.25], [132.10057067871094, 179.85000610351562, 1399.982666015625, 746.6011352539062], [1029.0225830078125, 800.5214233398438, 1394.190673828125, 1477.516845703125], [125.48397064208984, 803.4675903320312, 1009.9226684570312, 1419.1453857421875], [132.71978759765625, 1401.0257568359375, 1388.83984375, 2093.6171875], [1259, 977, 1333, 1064]], "labels": [0, 0, 0, 0, 0, 0, 1, 1, 1, 1, 1, 1, 1, 2, 2, 2, 2, 3], "image_id": 1040}, "character_clusters": [0, 1, 2, 0, 2, 0], "text_char_matches": [[0, 3], [1, 3], [2, 3], [3, 1]], "text_tail_matches": [[3, 0]], "text_classification": [1, 1, 1, 1, 0, 0, 1], "character_names": ["Giyu Tomioka", "Tanjiro Kamado", "Nezuko Kamado", "Giyu Tomioka", "Nezuko Kamado", "Giyu Tomioka"]}