{"bbox_annotations": {"bboxes_as_x1y1x2y2": [[862.4498291015625, 1524.1649169921875, 1060.5, 1948.6466064453125], [127.75, 206.5, 778.75, 739.0798492431641], [320.25, 1694.5894775390625, 616.2131958007812, 1972.25], [862.75, 1521.463623046875, 1399.3177490234375, 1946.3138427734375], [959, 364, 1189.5120849609375, 612.5], [968.974609375, 808.4788208007812, 1398.25, 1459.5], [124.25, 805, 967.75, 1454.25], [122.5, 178.5, 344.75, 731.5], [878.5, 245, 1197.0, 526.75], [971.25, 1085, 1398.25, 1457.75], [124.25, 974.75, 960.75, 1454.25], [260.75, 1797.25, 605.5, 1960.0], [1193.1082763671875, 411.38677978515625, 1354.8004150390625, 472.0952453613281], [846.1578979492188, 472.2318420410156, 970.7601928710938, 670.7598876953125], [626.6184692382812, 278.0361022949219, 777.201171875, 339.6954650878906], [540.4755249023438, 526.3308715820312, 705.4996948242188, 660.2935180664062], [177.9175262451172, 474.2850341796875, 275.7385559082031, 613.2175903320312], [1183.57373046875, 928.0604248046875, 1359.2701416015625, 966.5679321289062], [733.25, 803.25, 962.5, 1172.5], [745.5, 1244.25, 953.75, 1459.5], [133, 1195.25, 381.5, 1450.75], [793.6353759765625, 177.98204040527344, 1399.600341796875, 744.304443359375], [120.2230453491211, 169.2812042236328, 786.4561767578125, 738.8825073242188], [970.34375, 800.3233642578125, 1399.824462890625, 1464.10986328125], [116.00390625, 793.042236328125, 955.4108276367188, 1462.856201171875], [860.6417846679688, 1506.9764404296875, 1401.954833984375, 1955.035400390625], [117.82487487792969, 1512.223388671875, 842.8544921875, 2095.63037109375]], "labels": [0, 0, 0, 0, 0, 0, 0, 0, 0, 0, 0, 0, 1, 1, 1, 1, 1, 1, 1, 1, 1, 2, 2, 2, 2, 2, 2], "image_id": 1026}, "character_clusters": [0, 1, 0, 1, 1, 0, 0, 0, 0, 1, 1, 1], "text_char_matches": [[0, 4], [1, 4], [2, 1], [3, 1], [4, 1], [5, 9]], "text_tail_matches": [], "text_classification": [1, 1, 1, 1, 1, 1, 0, 0, 0], "character_names": ["Nezuko Kamado", "Tanjiro Kamado", "Nezuko Kamado", "Tanjiro Kamado", "Tanjiro Kamado", "Nezuko Kamado", "Nezuko Kamado", "Nezuko Kamado", "Nezuko Kamado", "Tanjiro Kamado", "Tanjiro Kamado", "Tanjiro Kamado"]}