{"bbox_annotations": {"bboxes_as_x1y1x2y2": [[362.25, 346.5, 794.5, 627.288818359375], [719.007080078125, 1692.3162841796875, 940.158203125, 1957.04052734375], [552.9780883789062, 199.94085693359375, 863.868896484375, 611.4526977539062], [0, 817.25, 761.7998790740967, 1413.5992431640625], [890.75, 1849.735107421875, 1207.7359619140625, 1958.2850341796875], [776.0957641601562, 696.5872192382812, 1275.439697265625, 1485.0341796875], [-10.924169540405273, 1552.6849365234375, 516.4961795806885, 2088.619140625], [943.0491333007812, 308.1319580078125, 1216.15966796875, 527.3179931640625], [335.29827880859375, 234.5797576904297, 531.2850952148438, 386.098876953125], [87.10206604003906, 417.63836669921875, 287.0562438964844, 564.57275390625], [1055.02880859375, 788.36279296875, 1258.7537841796875, 987.2122192382812], [817.7317504882812, 1293.408447265625, 988.3758544921875, 1396.0594482421875], [463.060546875, 726.25, 726.6835327148438, 1064.6109619140625], [74.04170989990234, 813.045654296875, 317.87059783935547, 975.5552978515625], [1065.72705078125, 1589.4178466796875, 1228.9725341796875, 1757.4273681640625], [569.66015625, 1643.25, 712.981201171875, 1820.8818359375], [7.614702224731445, -3.517958641052246, 1272.0302734375, 647.78955078125], [780.9559326171875, 687.2081909179688, 1277.1146240234375, 1492.2760009765625], [-8.007568359375, 692.30126953125, 762.0670166015625, 1494.2191162109375], [532.618408203125, 1544.4405517578125, 1277.544189453125, 2096.8388671875], [-6.393316268920898, 1537.43603515625, 521.5972900390625, 2094.816650390625]], "labels": [0, 0, 0, 0, 0, 0, 0, 1, 1, 1, 1, 1, 1, 1, 1, 1, 2, 2, 2, 2, 2], "image_id": 1051}, "character_clusters": [0, 1, 2, 3, 3, 1, 4], "text_char_matches": [[8, 6], [7, 6], [6, 6], [5, 6], [4, 6], [3, 6], [0, 6], [1, 6], [2, 6]], "text_tail_matches": [], "text_classification": [1, 1, 1, 1, 1, 1, 1, 1, 1], "character_names": ["none", "Nezuko Kamado", "none", "Tanjiro Kamado", "Tanjiro Kamado", "Nezuko Kamado", "Giyu Tomioka"]}