{"bbox_annotations": {"bboxes_as_x1y1x2y2": [[8.293257713317871, 195.44085693359375, 286.0469808578491, 624.1718139648438], [439.3753356933594, 1153.25, 666.4189453125, 1904.3018798828127], [438.8694763183594, 1292.6971435546875, 797.172119140625, 1910.845703125], [887.2319946289062, 431.72772216796875, 1279.4776611328125, 1032.1510009765625], [584.690673828125, 231.62327575683594, 1064.03857421875, 1031.4752044677734], [-1.0101094245910645, 691.003173828125, 200.86020612716675, 1028.056640625], [809.6630859375, 1344.0079345703125, 1123.42919921875, 1887.2269287109375], [113.87532043457031, 1097.7764892578125, 430.21485900878906, 2097.1962890625], [158.2634735107422, 753.73876953125, 362.561279296875, 1023.1924438476562], [346.1955261230469, 738.1936645507812, 616.2490844726562, 1025.7625732421875], [1048.651123046875, 158.02301025390625, 1275.35302734375, 441.2448425292969], [433.993408203125, 255.27586364746094, 524.5181884765625, 598.1984100341797], [1014.1311645507812, 1118.5106201171875, 1208.7747802734375, 1349.2060546875], [208.58729553222656, 1129.361328125, 387.6735534667969, 1284.3575439453125], [557.814208984375, -9.38228702545166, 1278.0245361328125, 1035.2271728515625], [-6.112748146057129, 168.4413299560547, 586.0960083007812, 627.9641723632812], [-4.544225215911865, 631.6238403320312, 625.7000732421875, 1036.2669677734375], [438.6500244140625, 1077.4141845703125, 1280.113525390625, 1941.143310546875], [42.344635009765625, 1074.87744140625, 432.7408447265625, 2090.255126953125]], "labels": [0, 0, 0, 0, 0, 0, 0, 0, 0, 0, 1, 1, 1, 1, 2, 2, 2, 2, 2], "image_id": 1043}, "character_clusters": [0, 1, 2, 2, 1, 1, 0, 1, 2, 0], "text_char_matches": [[1, 0], [3, 7], [2, 1]], "text_tail_matches": [], "text_classification": [0, 1, 1, 1], "character_names": ["Tanjiro Kamado", "Giyu Tomioka", "Nezuko Kamado", "Nezuko Kamado", "Giyu Tomioka", "Giyu Tomioka", "Tanjiro Kamado", "Giyu Tomioka", "Nezuko Kamado", "Tanjiro Kamado"]}