{"bbox_annotations": {"bboxes_as_x1y1x2y2": [[642.8451538085938, 902.038818359375, 1031.9500732421875, 1578.2193603515625], [671.4879150390625, 1642.6793212890625, 1224.7166748046875, 2104.326416015625], [50.307350158691406, 200.14083862304688, 888.8846206665039, 793.5909118652344], [206.1178741455078, 1253, 337.7936096191406, 1570.41015625], [301.4931335449219, 1221.3834228515625, 493.2409973144531, 1575.8018798828125], [-5.399301528930664, 1651.34130859375, 481.10069847106934, 2098.55126953125], [745.5, 1890, 931.0, 2098.25], [881.2949829101562, 459.2852783203125, 1065.50927734375, 501.16796875], [1005.655517578125, 950.6634521484375, 1211.930419921875, 1065.1123046875], [1065.753662109375, 1241.2646484375, 1184.052734375, 1319.8880615234375], [468.1518249511719, 916.9983520507812, 597.99951171875, 1062.317626953125], [240.6973876953125, 917.9181518554688, 426.7250061035156, 1103.60888671875], [941.4379272460938, 1678.952392578125, 1214.0338134765625, 1912.376220703125], [521.2947998046875, 1702.0731201171875, 683.1664428710938, 1803.436279296875], [344.1847229003906, 1737.38916015625, 460.3919982910156, 1807.9429931640625], [-1.3192057609558105, 195.71495056152344, 1263.6737060546875, 800.3145141601562], [637.6087646484375, 844.3807373046875, 1263.7135009765625, 1583.8326416015625], [6.730899333953857, 849.8580932617188, 617.8501586914062, 1586.289306640625], [502.53973388671875, 1636.2034912109375, 1265.6173095703125, 2102.924072265625], [0.06154179573059082, 1634.260009765625, 490.71722412109375, 2098.834716796875], [1040, 1360, 1090, 1394], [961, 1957, 1073, 2008], [302, 1153, 405, 1208], [349, 1886, 410, 1933], [564, 1870, 620, 1921]], "labels": [0, 0, 0, 0, 0, 0, 0, 1, 1, 1, 1, 1, 1, 1, 1, 2, 2, 2, 2, 2, 3, 3, 3, 3, 3], "image_id": 1007}, "character_clusters": [0, 1, 1, 0, 1, 0, 0], "text_char_matches": [[1, 0], [2, 0], [3, 3], [4, 3], [7, 5], [5, 1], [6, 1], [0, 0]], "text_tail_matches": [[1, 0], [2, 0], [3, 2], [4, 2], [5, 1], [6, 4], [7, 3]], "text_classification": [1, 1, 1, 1, 1, 1, 1, 1], "character_names": ["Kie Kamado", "Tanjiro Kamado", "Tanjiro Kamado", "Kie Kamado", "Tanjiro Kamado", "Kie Kamado", "Kie Kamado"]}