{"bbox_annotations": {"bboxes_as_x1y1x2y2": [[453.4447021484375, 878.9894409179688, 1294.822265625, 1404.721923828125], [675.2913818359375, 1536.6748046875, 871.67626953125, 1947.6829833984375], [1.2660503387451172, 213.2723388671875, 220.76627922058105, 819.0932006835938], [489.590576171875, 1673.49560546875, 609.4596557617188, 1862.886474609375], [912.9808349609375, 499.0615234375, 1131.5404052734375, 812.9539794921875], [456.8685302734375, 389.98345947265625, 646.1043090820312, 619.3480834960938], [942.6346435546875, 224.1146240234375, 1114.3470458984375, 417.9860534667969], [668.00634765625, 288.94287109375, 819.3112182617188, 392.12506103515625], [723.4906616210938, 556.4019775390625, 819.05810546875, 589.43701171875], [471.0177917480469, 616.1578369140625, 563.671142578125, 676.9254760742188], [303.4596862792969, 265.5868225097656, 387.83343505859375, 300.75732421875], [254.79563903808594, 432.93701171875, 396.31732177734375, 576.8115234375], [153.6534423828125, 1079.0833740234375, 415.2676696777344, 1232.2220458984375], [1136.7105712890625, 1539.1068115234375, 1245.38037109375, 1602.685546875], [920.4506225585938, 1674.75, 1149.2987060546875, 1828.7845458984375], [353.7369079589844, 1503.25, 524.520263671875, 1662.4681396484375], [81.17071533203125, 1697.5, 314.6408386230469, 1849.424072265625], [854.003662109375, 185.99893188476562, 1286.1083984375, 822.7067260742188], [420.5558166503906, 180.66053771972656, 837.8914794921875, 817.80908203125], [0.027224421501159668, 184.50390625, 408.9125671386719, 819.328857421875], [-6.739640235900879, 872.5847778320312, 1290.285400390625, 1407.62841796875], [0.41677355766296387, 1455.7088623046875, 1285.030029296875, 1958.825927734375], [389, 1259, 467, 1303], [282, 327, 326, 362], [1062, 449, 1100, 497], [681, 520, 729, 575]], "labels": [0, 0, 0, 0, 0, 0, 1, 1, 1, 1, 1, 1, 1, 1, 1, 1, 1, 2, 2, 2, 2, 2, 3, 3, 3, 3], "image_id": 1013}, "character_clusters": [0, 0, 1, 1, 1, 0], "text_char_matches": [[0, 4], [1, 5], [3, 5], [2, 5], [4, 2], [5, 5], [6, 0], [7, 1], [8, 1], [9, 1], [10, 1]], "text_tail_matches": [[0, 2], [1, 3], [2, 3], [4, 1], [6, 0]], "text_classification": [1, 1, 1, 1, 1, 1, 1, 1, 1, 1, 1], "character_names": ["Saburo", "Saburo", "Tanjiro Kamado", "Tanjiro Kamado", "Tanjiro Kamado", "Saburo"]}