{"bbox_annotations": {"bboxes_as_x1y1x2y2": [[263.3927917480469, 816.4282238442822, 443.9800109863281, 1073.201904296875], [136.4107666015625, 158.32603406326032, 382.4622871046229, 472.11678832116786], [152.5460968017578, 855.5328467153284, 249.80181884765625, 1076.67626953125], [451.8410339355469, 832.9651489257812, 602.4946899414062, 1075.8370361328125], [395.3371276855469, 321.4209245742092, 737.9521484375, 471.7754516601562], [433.40118408203125, 68.57439422607422, 661.9995727539062, 290.6008529663086], [545.635986328125, 847.9080200195312, 733.142333984375, 1073.0150146484375], [72.6805419921875, 885.0997566909975, 198.4622039794922, 1076.1466064453125], [670.5027465820312, 175.49391727493915, 706.1802978515625, 196.68800354003906], [621.0889892578125, 291.8540145985401, 709.852294921875, 364.423828125], [280.30743408203125, 95.53213500976562, 380.969970703125, 120.60940551757812], [589.6495971679688, 550.7391967773438, 688.38134765625, 617.0652465820312], [353.8973083496094, 547.4647201946472, 481.9835205078125, 616.6080932617188], [116.42034149169922, 558.9099756690997, 274.94844818115234, 606.1036987304688], [641.412841796875, 753.4793187347932, 735.3576642335765, 803.578369140625], [465.9519348144531, 749.6642335766423, 564.6173706054688, 799.7138671875001], [365.542724609375, 745.8491484184915, 441.7015686035156, 796.1074829101564], [261.5879821777344, 722.9586374695863, 337.32574462890625, 826.4747314453125], [210.78345498783455, 763.0170316301703, 231.772705078125, 773.5085158150852], [95.56924438476562, 804.029197080292, 162.90579223632812, 840.1043090820312], [395.3074951171875, 63.557132720947266, 740.72802734375, 293.624267578125], [393.68072509765625, 312.7486877441406, 741.6146850585938, 476.7867736816406], [67.42971801757812, 65.10529327392578, 389.3334045410156, 476.6197509765625], [67.0177001953125, 495.9114990234375, 739.4871215820312, 691.0443725585938], [450.3203125, 704.8467407226562, 743.1077270507812, 1078.4798583984375], [251.75064086914062, 708.1069946289062, 446.0647888183594, 1079.1436767578125], [69.88202667236328, 708.46240234375, 250.75123596191406, 1080.663818359375], [122, 863, 142, 896], [311, 826, 331, 854], [614, 827, 653, 863], [209, 809, 227, 836], [559, 813, 588, 855], [349, 727, 370, 748]], "labels": [0, 0, 0, 0, 0, 0, 0, 0, 1, 1, 1, 1, 1, 1, 1, 1, 1, 1, 1, 1, 2, 2, 2, 2, 2, 2, 2, 3, 3, 3, 3, 3, 3], "image_id": 807}, "character_clusters": [0, 1, 0, 1, 1, 1, 0, 1], "text_char_matches": [[3, 1], [4, 1], [5, 1], [9, 0], [8, 3], [11, 7], [1, 6], [6, 3], [7, 6], [10, 2]], "text_tail_matches": [[6, 2], [7, 4], [8, 5], [9, 1], [10, 3], [11, 0]], "text_classification": [0, 1, 1, 1, 1, 1, 1, 1, 1, 1, 1, 1], "character_names": ["Yuji Itadori", "Megumi Fushiguro", "Yuji Itadori", "Megumi Fushiguro", "Megumi Fushiguro", "Megumi Fushiguro", "Yuji Itadori", "Megumi Fushiguro"]}