{"bbox_annotations": {"bboxes_as_x1y1x2y2": [[531.0545654296875, 739.1551513671875, 655.2133178710938, 1074.2041015625], [347.0145568847656, 289.9464720194647, 461.7959899902344, 454.7840881347656], [461.82037353515625, 7.630170316301703, 650.2738647460938, 161.85264778137207], [112.54501216545012, 937.5571776155717, 231.1552330815299, 1141.014612499525], [31.337247848510742, 728.6812652068126, 337.71383476257324, 1125.3519287109375], [188.4147491455078, 485.9221496582031, 397.7226277372263, 695.4312744140625], [420.6131386861314, 458.439697265625, 661.0427856445312, 693.199951171875], [73.44038929440389, 68.99626922607422, 318.0921096801758, 252.50090789794922], [404.8526306152344, 187.89294403892944, 664.7785888077858, 417.03729248046875], [70.57907542579075, 281.3625304136253, 336.6812652068126, 454.94890510948903], [680.0547485351562, 197.19564819335938, 734.5183715820312, 218.7308807373047], [238.22344970703125, 302.083251953125, 330.6502380371094, 334.9435729980469], [669.820068359375, 520.7591240875912, 727.844482421875, 554.425537109375], [385.323600973236, 612.7604370117188, 415.1210021972657, 631.3965936739659], [108.77827453613281, 499.7761557177615, 193.1453857421875, 561.0511474609375], [79.85355377197266, 631.3965936739659, 148.36264038085938, 666.70947265625], [656.6395874023438, 743.7950439453125, 728.7135009765625, 831.5465087890625], [651.4257907542578, 983.3381995133819, 711.8261108398438, 1022.8441162109375], [404.9150085449219, 845.0413625304136, 499.9656982421875, 893.0831298828125], [264.3970642089844, 768.1761474609375, 351.1389465332031, 800.5706787109375], [41.92133712768555, 869.8394160583941, 131.90545272827148, 932.9673461914061], [342.427734375, -0.9372745752334595, 740.8489990234375, 450.8458557128906], [70.48887634277344, 67.17901611328125, 338.1026306152344, 257.2309265136719], [67.76786041259766, 279.0132141113281, 337.8217468261719, 460.5184020996094], [70.77454376220703, 473.9552307128906, 738.7694091796875, 700.1489868164062], [535.6549072265625, 718.0955810546875, 739.3839721679688, 1075.75634765625], [373.2830505371094, 716.6458129882812, 528.8427734375, 1076.642333984375], [0.47992920875549316, 721.1215209960938, 367.0943908691406, 1141.829345703125], [680, 848, 704, 874], [662, 575, 684, 595], [171, 570, 192, 592], [289, 837, 313, 863], [631, 1004, 655, 1021], [96, 965, 114, 991], [157, 659, 188, 680]], "labels": [0, 0, 0, 0, 0, 0, 0, 0, 0, 0, 1, 1, 1, 1, 1, 1, 1, 1, 1, 1, 1, 2, 2, 2, 2, 2, 2, 2, 3, 3, 3, 3, 3, 3, 3], "image_id": 827}, "character_clusters": [0, 1, 0, 0, 2, 1, 0, 0, 2, 1], "text_char_matches": [[1, 9], [2, 6], [4, 5], [5, 6], [6, 0], [7, 0], [10, 3], [9, 3]], "text_tail_matches": [[2, 1], [4, 2], [5, 6], [6, 0], [7, 4], [9, 3], [10, 5]], "text_classification": [0, 1, 1, 0, 1, 1, 1, 1, 1, 1, 1], "character_names": ["Yuji Itadori", "Megumi Fushiguro", "Yuji Itadori", "Yuji Itadori", "none", "Megumi Fushiguro", "Yuji Itadori", "Yuji Itadori", "none", "Megumi Fushiguro"]}