{"bbox_annotations": {"bboxes_as_x1y1x2y2": [[584.7914428710938, 928.9732360097323, 645.521240234375, 1072.1583251953125], [535.6765747070312, 946.2498779296875, 606.0131225585938, 1073.131591796875], [451.1097106933594, 840.272506082725, 548.975341796875, 1076.215087890625], [383.8208312988281, 352.3414306640625, 425.88946533203125, 463.87078857421875], [625.7477416992188, 942.6070556640625, 703.9235229492188, 1074.8955078125], [46.65702438354492, 378.0256042480469, 70.63690185546875, 468.89849853515625], [446.78271484375, 383.4361267089844, 529.111328125, 504.5450121654501], [42.3936882019043, 840.2969970703125, 217.91320419311523, 1076.1212158203125], [183.1599578857422, 831.6885644768856, 418.7573547363281, 1074.2896728515625], [56.27250608272506, 369.1094890510949, 96.330900243309, 478.79318734793185], [92.51581508515815, 380.55474452554745, 119.2214111922141, 449.22627737226276], [591.3381995133819, 369.1094890510949, 619.9513381995133, 474.0243309002433], [612.3211678832116, 372.92457420924575, 637.1192214111921, 470.20924574209243], [621.8588807785887, 369.1094890510949, 655.2408759124087, 477.83941605839414], [634.257907542579, 352.8953771289537, 682.9002433090023, 491.1922141119221], [667.639902676399, 368.1557177615572, 709.6058394160583, 475.9318734793187], [695.2992700729926, 372.92457420924575, 735.3576642335765, 516.9440389294404], [702.9294403892943, 362.43309002433085, 764.9245742092456, 533.1581508515815], [753.4793187347932, 364.3406326034063, 782.0924574209246, 495.00729927007296], [339.5755310058594, 183.72607421875, 404.2158508300781, 207.55763244628906], [568.4476885644768, 793.8207397460938, 621.6431884765625, 813.5669099756691], [199.37620544433594, 819.2895377128954, 258.904052734375, 854.9511108398438], [40.8709602355957, 2.4683690071105957, 779.092529296875, 762.6495971679688], [454.30908203125, 774.821533203125, 716.3848266601562, 1081.1927490234375], [40.80084228515625, 785.5678100585938, 449.74822998046875, 1079.147705078125], [199, 866, 219, 890]], "labels": [0, 0, 0, 0, 0, 0, 0, 0, 0, 0, 0, 0, 0, 0, 0, 0, 0, 0, 0, 1, 1, 1, 2, 2, 2, 3], "image_id": 796}, "character_clusters": [0, 1, 2, 3, 4, 5, 6, 3, 6, 2, 1, 7, 8, 9, 10, 11, 12, 13, 14], "text_char_matches": [[2, 8]], "text_tail_matches": [[2, 0]], "text_classification": [0, 0, 1], "character_names": ["none", "Setsuko Sasaki", "Takeshi Iguchi", "Takagi", "none", "none", "Yuji Itadori", "Takagi", "Yuji Itadori", "Takeshi Iguchi", "Setsuko Sasaki", "none", "none", "none", "none", "none", "none", "none", "none"]}