{"bbox_annotations": {"bboxes_as_x1y1x2y2": [[221.36585998535156, 482.8020935058594, 263.49359130859375, 618.6779174804688], [400.8865966796875, 886.3959350585938, 721.1104736328125, 1074.6964111328125], [66.72638702392578, 73.23565673828125, 281.3578872680664, 349.7554931640625], [401.91949462890625, 521.5592651367188, 461.7562561035156, 624.4528198242188], [403.46868896484375, 651.591552734375, 651.7277221679688, 858.5219116210938], [132.77528381347656, 767.8785400390625, 366.6482849121094, 1145.092041015625], [420.9287414550781, 377.4627380371094, 575.7530517578125, 466.7947998046875], [315.594970703125, 66.65278625488281, 669.89404296875, 351.6391143798828], [2.069673538208008, 728.6812652068126, 255.61070559610704, 1099.5051269531248], [624.5857543945312, 86.00849151611328, 705.00927734375, 130.37921142578125], [284.22802734375, 125.87181091308594, 370.6843566894531, 150.29104614257812], [351.1893005371094, 413.19134521484375, 383.0561828613281, 542.8945922851562], [642.75439453125, 667.639902676399, 734.5696411132812, 781.4743041992186], [402.3536376953125, 686.7153284671532, 477.1490173339844, 740.8247680664061], [638.4068603515625, 938.5109489051094, 733.4501216545011, 991.9221411192214], [405.1912841796875, 953.10791015625, 489.7445373535156, 991.4266357421875], [319.1825866699219, 657.8819580078125, 353.2712707519531, 809.131103515625], [225.09002433090023, 725.8199513381994, 255.34848022460938, 743.941605839416], [165.0024330900243, 724.26806640625, 196.8097686767578, 745.8491484184915], [102.05352798053528, 730.588807785888, 135.38249748582678, 746.765958688555], [39.104622871046224, 740.1848754882812, 68.38883209228516, 759.2019464720195], [291.3209533691406, 60.29764938354492, 742.0484008789062, 352.7674560546875], [68.91487121582031, 65.86396789550781, 290.0924377441406, 352.4722900390625], [68.27520751953125, 370.3770751953125, 741.111083984375, 628.1553955078125], [398.6534729003906, 646.3794555664062, 741.4879760742188, 864.4266357421875], [396.014404296875, 878.1368408203125, 739.5643310546875, 1080.3756103515625], [-1.443070411682129, 645.7950439453125, 396.837158203125, 1142.426513671875], [617, 175, 660, 213], [318, 212, 348, 267], [384, 538, 404, 563], [238, 725, 297, 759]], "labels": [0, 0, 0, 0, 0, 0, 0, 0, 0, 1, 1, 1, 1, 1, 1, 1, 1, 1, 1, 1, 1, 2, 2, 2, 2, 2, 2, 3, 3, 3, 3], "image_id": 831}, "character_clusters": [0, 0, 1, 1, 0, 1, 2, 0, 2], "text_char_matches": [[0, 7], [1, 7], [2, 3], [3, 4], [4, 4], [5, 1], [6, 1], [7, 8]], "text_tail_matches": [[0, 0], [1, 1], [2, 2], [7, 3]], "text_classification": [1, 1, 0, 1, 1, 1, 1, 0, 0, 0, 0, 0], "character_names": ["Megumi Fushiguro", "Megumi Fushiguro", "Yuji Itadori", "Yuji Itadori", "Megumi Fushiguro", "Yuji Itadori", "none", "Megumi Fushiguro", "none"]}