{"bbox_annotations": {"bboxes_as_x1y1x2y2": [[478.966064453125, 411.4065856933594, 642.6768188476562, 531.9471435546875], [538.16845703125, 778.2217407226562, 716.3641357421875, 1074.9058837890625], [57.17279052734375, 765.8510131835938, 315.2991943359375, 1073.3436279296875], [322.7347412109375, 767.3077392578125, 447.8519287109375, 1072.0281982421875], [238.63388061523438, 531.250608272506, 298.5304136253041, 665.8146362304688], [59.641456604003906, 474.0243309002433, 101.09975669099757, 615.6508178710938], [405.288330078125, 560.4566040039062, 665.9873046875, 735.8262939453125], [117.47315979003906, 1.3760535717010498, 582.0084991455078, 387.6696631908417], [636.1654501216544, 103.18910217285156, 668.5396728515625, 124.94403892944038], [660.963503649635, 438.0399475097656, 691.7543334960936, 460.6715328467153], [645.7252197265625, 594.290771484375, 693.4674072265625, 614.3267822265625], [300.5977783203125, 454.94890510948903, 371.5519714355469, 535.2921142578125], [134.67515563964844, 642.8418491484184, 193.79098510742188, 677.4955444335938], [617.8858032226562, 787.322265625, 710.3765869140625, 833.4486083984375], [448.0585632324219, 800.3544311523438, 524.7072143554688, 859.7548828125], [430.1971740722656, 943.279805352798, 489.2846715328467, 1001.8542480468751], [49.67710494995117, 880.6112670898438, 139.10334396362305, 926.9652709960938], [39.275733947753906, -1.123674988746643, 712.8204956054688, 386.4101867675781], [398.66790771484375, 406.8559875488281, 715.2559204101562, 535.5833129882812], [398.22186279296875, 549.7363891601562, 714.4905395507812, 740.27783203125], [42.83154296875, 406.6547546386719, 393.5467224121094, 740.3339233398438], [536.298583984375, 760.5726318359375, 716.8659057617188, 1078.838623046875], [323.3460998535156, 758.0015258789062, 533.797607421875, 1078.153564453125], [42.395294189453125, 756.255126953125, 317.73321533203125, 1077.6187744140625], [465, 892, 490, 919], [622, 472, 645, 490], [656, 643, 677, 663], [284, 512, 302, 530], [664, 849, 685, 871], [204, 662, 229, 679]], "labels": [0, 0, 0, 0, 0, 0, 0, 0, 1, 1, 1, 1, 1, 1, 1, 1, 1, 2, 2, 2, 2, 2, 2, 2, 3, 3, 3, 3, 3, 3], "image_id": 836}, "character_clusters": [0, 1, 1, 1, 1, 0, 1, 1], "text_char_matches": [[2, 6], [3, 4], [4, 4], [5, 1], [6, 3], [8, 2], [7, 3]], "text_tail_matches": [[1, 1], [2, 2], [3, 3], [4, 5], [5, 4], [6, 0]], "text_classification": [0, 1, 1, 1, 1, 1, 1, 1, 1], "character_names": ["Megumi Fushiguro", "Ryomen Sukuna", "Ryomen Sukuna", "Ryomen Sukuna", "Ryomen Sukuna", "Megumi Fushiguro", "Ryomen Sukuna", "Ryomen Sukuna"]}