{"bbox_annotations": {"bboxes_as_x1y1x2y2": [[57.65408706665039, 704.40625, 312.476505279541, 1043.7738037109375], [374.3999328613281, 283.2257995605469, 690.3803100585938, 695.1654052734375], [222.2287104622871, 480.7007299270073, 285.4026184082031, 523.6204379562043], [239.260009765625, 748.7104622871046, 309.4736633300781, 782.983154296875], [259.120849609375, 875.5620437956204, 307.56866455078125, 940.4184914841849], [321.7770690917969, -5.351477146148682, 688.68017578125, 1043.5843505859375], [1.9678370952606201, -1.4602196216583252, 315.25726318359375, 679.9766235351562], [59.14115524291992, 695.013916015625, 314.7294921875, 1043.3875732421875], [255, 812, 283, 843]], "labels": [0, 0, 1, 1, 1, 2, 2, 2, 3], "image_id": 818}, "character_clusters": [0, 1], "text_char_matches": [[1, 0], [2, 0]], "text_tail_matches": [[1, 0]], "text_classification": [0, 1, 1], "character_names": ["Megumi Fushiguro", "Yuji Itadori"]}