{"bbox_annotations": {"bboxes_as_x1y1x2y2": [[521.3662109375, 377.0329284667969, 738.3682250976562, 788.7064819335938], [69.81089782714844, 814.4256591796875, 490.60508728027344, 1072.141357421875], [68.03762817382812, 28.11758804321289, 430.1508515815085, 523.2581214904785], [569.6530151367188, 226.1700439453125, 703.7807006835938, 283.5694580078125], [461.7728271484375, 44.571956634521484, 494.5890808105469, 125.89781021897808], [588.1085815429688, 837.067138671875, 688.5219116210938, 940.8030395507812], [509.14520263671875, 1032.648193359375, 597.7105102539062, 1062.3179931640625], [89.16130828857422, 919.4355231143552, 192.88125610351562, 1012.6931762695311], [62.996116638183594, -1.5649110078811646, 737.2728271484375, 787.05126953125], [68.34034729003906, 809.3369140625, 742.7681884765625, 1073.44970703125], [628, 338, 656, 374], [436, 118, 474, 159], [680.0389, 787.8151, 721.0511, 827.8735]], "labels": [0, 0, 0, 1, 1, 1, 1, 1, 2, 2, 3, 3, 3], "image_id": 793}, "character_clusters": [0, 1, 1], "text_char_matches": [[0, 0], [2, 0], [4, 0]], "text_tail_matches": [[1, 1], [0, 0], [2, 2]], "text_classification": [1, 0, 1, 0, 1], "character_names": ["Megumi Fushiguro", "none", "none"]}