{"bbox_annotations": {"bboxes_as_x1y1x2y2": [[185.50425720214844, 481.654501216545, 303.29927007299267, 642.3495483398438], [297.9365539550781, 844.6775512695312, 506.507568359375, 1074.63232421875], [42.6574592590332, 792.5839416058394, 303.87639236450195, 1076.1146240234375], [306.1605839416058, 376.78662109375, 786.4413452148438, 763.9717407226562], [50.56231026753892, -0.9075016379356384, 474.978102189781, 325.28227938396213], [551.0516357421875, 788.0853881835938, 714.1544189453125, 1076.1246337890625], [344.3114355231143, 0, 710.559610705596, 289.9464720194647], [47.688564476885645, 552.2335766423357, 229.8588807785888, 747.7566909975669], [636.5694580078125, 296.6228710462287, 685.7615571776156, 320.5631408691406], [447.8626708984375, 249.80406188964844, 478.1913146972656, 271.95806884765625], [229.94029235839844, 721.0510948905109, 273.7255554199219, 746.3355712890625], [600.7774047851562, 798.325927734375, 711.9349975585938, 863.5612182617188], [41.56700134277344, -0.7145835161209106, 780.7401123046875, 441.99072265625], [42.04351043701172, 444.6298828125, 781.03173828125, 763.6505126953125], [511.2555236816406, 782.690673828125, 715.2737426757812, 1077.306396484375], [42.48447799682617, 784.7326049804688, 508.9736633300781, 1078.0823974609375], [427, 214, 453, 248]], "labels": [0, 0, 0, 0, 0, 0, 0, 0, 1, 1, 1, 1, 2, 2, 2, 2, 3], "image_id": 828}, "character_clusters": [0, 0, 0, 0, 1, 2, 0, 1], "text_char_matches": [[3, 5]], "text_tail_matches": [[1, 0]], "text_classification": [0, 0, 0, 1], "character_names": ["Yuji Itadori", "Yuji Itadori", "Yuji Itadori", "Yuji Itadori", "none", "Megumi Fushiguro", "Yuji Itadori", "none"]}