{"bbox_annotations": {"bboxes_as_x1y1x2y2": [[45.15750503540039, 802.1216545012165, 663.5312232971191, 1143.041015625], [105.4185791015625, 8.86414909362793, 714.6572875976562, 407.30616569519043], [421.5669099756691, 449.57666015625, 782.4594116210938, 777.6848754882812], [42.919708029197075, 648.5644768856447, 412.14093459377614, 779.2311435523113], [104.14806365966797, 104.70829772949219, 191.62843322753906, 328.4183044433594], [44.67815017700195, 442.4416809082031, 305.3619270324707, 625.8733520507812], [418.70559610705595, 460.6715328467153, 618.9975669099756, 775.4160583941605], [17.16788321167883, 758.2481751824818, 301.39172749391724, 1023.396593673966], [620.905109489051, 90.24903869628906, 676.8572387695312, 110.63746958637469], [665.2305297851562, 702.770263671875, 735.2144165039062, 767.5277099609375], [443.5036496350365, 562.7250608272506, 487.09450751905604, 584.661800486618], [342.540771484375, 490.8226013183594, 402.0783996582031, 510.37164306640625], [93.46958637469587, 591.3381995133819, 147.8345498783455, 622.21337890625], [638.9077758789062, 1075.85401459854, 694.6755981445312, 1094.9294403892943], [50.35606002807617, -2.506945848464966, 791.3464965820312, 415.9037170410156], [416.00390625, 441.0198059082031, 784.1309204101562, 783.1358032226562], [38.343868255615234, 437.1268615722656, 410.2122802734375, 628.8742065429688], [40.78364562988281, 798.6702270507812, 783.6375732421875, 1145.738037109375], [350, 541, 374, 565], [731, 685, 757, 712]], "labels": [0, 0, 0, 0, 0, 0, 0, 0, 1, 1, 1, 1, 1, 1, 2, 2, 2, 2, 3, 3], "image_id": 824}, "character_clusters": [0, 0, 0, 1, 1, 1, 1, 1], "text_char_matches": [], "text_tail_matches": [[3, 0], [1, 1]], "text_classification": [0, 0, 1, 1, 0, 0], "character_names": ["none", "none", "none", "Megumi Fushiguro", "Megumi Fushiguro", "Megumi Fushiguro", "Megumi Fushiguro", "Megumi Fushiguro"]}