{"bbox_annotations": {"bboxes_as_x1y1x2y2": [[67.278076171875, 580.343505859375, 234.71621704101562, 829.8472900390625], [348.12652068126516, 582.1861572265625, 493.09975669099754, 705.7907542579076], [199.38075256347656, 132.70411682128906, 389.41925048828125, 349.3526306152344], [105.3218765258789, 324.6114807128906, 273.11576080322266, 552.1406860351562], [508.360595703125, 579.9398193359375, 741.9708251953125, 828.7129516601562], [335.45538330078125, 106.56309509277344, 555.0658569335938, 391.3964080810547], [367.20037841796875, 383.9817199707031, 523.0401000976562, 480.4936828613281], [240.35036496350364, 307.1143552311435, 443.5036496350365, 549.3722627737226], [496.9148418491484, 268.0097323600973, 664.7785888077858, 448.27250608272504], [0, 7.630170316301703, 741.0802919708029, 549.3722627737226], [237.4890510948905, 579.8929440389294, 500.72992700729924, 823.1046228710461], [674.3163017031629, 387.72027587890625, 725.4935302734375, 409.1678832116788], [296.62994384765625, 104.0740966796875, 354.8029197080292, 126.66737365722656], [133.1474609375, 275.5028076171875, 189.0937042236328, 297.52862548828125], [634.3138427734375, 582.7542579075425, 739.9136962890625, 681.9464720194646], [516.4365844726562, 612.2085571289062, 568.209716796875, 633.7276000976562], [254.65693430656933, 587.6055908203125, 296.6228710462287, 605.6447688564476], [288.992700729927, 705.7907542579075, 330.95863746958634, 724.8661800486617], [321.4209245742092, 757.3154907226562, 365.294403892944, 777.3236009732359], [136.09161376953125, 602.1913452148438, 201.90670776367188, 635.0142211914062], [591.111328125, 920.3892944038929, 683.5422973632812, 971.4801025390625], [391.9965515136719, 907.9401245117188, 471.7654724121094, 983.4642333984375], [275.481689453125, 968.887451171875, 355.9979553222656, 1029.7869873046875], [116.1177978515625, 937.5571776155717, 195.10049438476562, 972.1967163085939], [0.6284723281860352, -0.48361754417419434, 741.2085571289062, 555.745361328125], [507.473388671875, 573.8761596679688, 740.9074096679688, 830.750732421875], [237.934326171875, 573.88037109375, 501.3970031738281, 828.0886840820312], [68.10969543457031, 571.5429077148438, 233.1260528564453, 829.9278564453125], [70.44058227539062, 849.7064819335938, 738.1724853515625, 1076.3077392578125], [537, 660, 562, 694]], "labels": [0, 0, 0, 0, 0, 0, 0, 0, 0, 0, 0, 1, 1, 1, 1, 1, 1, 1, 1, 1, 1, 1, 1, 1, 2, 2, 2, 2, 2, 3], "image_id": 817}, "character_clusters": [0, 1, 2, 3, 0, 1, 4, 5, 6, 7, 7], "text_char_matches": [[3, 4], [8, 0], [4, 4]], "text_tail_matches": [[4, 0]], "text_classification": [0, 0, 0, 1, 1, 0, 0, 0, 1, 1, 1, 1, 1], "character_names": ["Megumi Fushiguro", "Setsuko Sasaki", "Takeshi Iguchi", "none", "Megumi Fushiguro", "Setsuko Sasaki", "none", "none", "none", "none", "none"]}