{"bbox_annotations": {"bboxes_as_x1y1x2y2": [[547.7283935546875, 869.7637939453125, 687.1196899414062, 1073.521484375], [474.4728088378906, 909.8978102189781, 557.2242431640625, 1074.7362060546875], [246.16049194335938, 597.0608272506082, 287.0851581508516, 674.3163017031629], [95.37181854248047, 618.9975669099756, 220.32116788321167, 764.8471679687499], [553.5885009765625, 448.95159912109375, 737.4519653320312, 766.36181640625], [649.5182481751824, 912.2828979492188, 738.4210815429686, 1075.17724609375], [192.17599487304688, 989.09912109375, 211.8007354736328, 1033.2918701171875], [127.3270034790039, -4.669822692871094, 382.4622871046229, 362.7599868774414], [278.9886474609375, 9.98123836517334, 640.8114624023438, 359.95343685150146], [188.18946838378906, 391.01324462890625, 417.36944580078125, 533.285888671875], [450.18004866180047, 539.8345498783455, 621.4163836179858, 763.9708029197079], [160.23357664233575, 997.6447688564476, 180.2627737226277, 1046.287104622871], [312.8369829683698, 999.552311435523, 334.7737226277372, 1048.1946472019465], [349.0291442871094, 153.55717761557176, 391.8992614746094, 175.49496459960938], [654.287104622871, 396.3895263671875, 714.6238403320312, 455.8766174316406], [74.91703033447266, 406.3065693430657, 190.58023071289062, 511.5803527832032], [351.6736755371094, 584.7677001953125, 407.3293151855469, 628.4071044921875], [248.93430656934305, 560.7192993164062, 306.1605839416058, 580.8467153284671], [77.87421417236328, 586.6666259765625, 160.6486358642578, 648.6015014648438], [657.1484184914841, 811.6593673965937, 736.8388671875, 859.3479318734793], [608.5060827250608, 824.0618896484375, 641.81396484375, 840.272506082725], [492.1459854014598, 823.3264878915754, 555.0948905109489, 863.1630170316301], [232.72019464720194, 831.6885644768856, 319.5133819951338, 853.625304136253], [65.19258880615234, 1.3797389268875122, 739.0492553710938, 364.7542724609375], [428.4170837402344, 385.11981201171875, 739.5471801757812, 768.702392578125], [67.60564422607422, 387.6832580566406, 424.9339294433594, 537.7501831054688], [67.19744110107422, 548.9483032226562, 423.23870849609375, 770.6461181640625], [469.1798095703125, 787.6068115234375, 738.3153076171875, 1079.7078857421875], [-1.0896978378295898, 789.1647338867188, 465.2684020996094, 1146.58349609375], [342, 648, 368, 672], [139, 657, 161, 685], [516, 877, 533, 899], [689, 878, 705, 901], [613, 854, 630, 873], [593, 447, 640, 481]], "labels": [0, 0, 0, 0, 0, 0, 0, 0, 0, 0, 0, 0, 0, 1, 1, 1, 1, 1, 1, 1, 1, 1, 1, 2, 2, 2, 2, 2, 2, 3, 3, 3, 3, 3, 3], "image_id": 799}, "character_clusters": [0, 1, 2, 0, 2, 3, 4, 0, 2, 0, 0, 5, 6], "text_char_matches": [[1, 10], [2, 9], [5, 3], [3, 3], [7, 0], [6, 5], [8, 1]], "text_tail_matches": [[1, 5], [3, 0], [5, 1], [6, 3], [7, 4], [8, 2]], "text_classification": [0, 1, 1, 1, 0, 1, 1, 1, 1, 0], "character_names": ["Megumi Fushiguro", "none", "Yuji Itadori", "Megumi Fushiguro", "Yuji Itadori", "none", "none", "Megumi Fushiguro", "Yuji Itadori", "Megumi Fushiguro", "Megumi Fushiguro", "none", "none"]}