{"bbox_annotations": {"bboxes_as_x1y1x2y2": [[140.7476348876953, 244.31509399414062, 426.33576642335765, 424.42822384428223], [415.4340800264456, 545.5571776155717, 507.32430829793, 747.1770053687177], [438.74957275390625, 898.1068115234375, 711.7735595703125, 1144.1263427734375], [252.3287353515625, 648.973388671875, 319.38458251953125, 723.3603515625], [72.0974349975586, 679.0851581508515, 127.61354064941406, 779.3818969726562], [407.2603406326034, 266.7413330078125, 627.1812133789062, 424.42822384428223], [153.2670440673828, 454.8411865234375, 410.91603088378906, 577.1469116210938], [507.4063260340632, 546.6906127929688, 601.3584594726562, 708.6520681265206], [141.2643280029297, 645.7337646484375, 261.312744140625, 761.666015625], [612.74755859375, 593.2457420924574, 705.7907542579075, 801.3251953125], [248.93430656934305, 891.7761557177615, 442.54987834549877, 1018.6277372262773], [328.0973236009732, 912.7591240875912, 371.970802919708, 962.3552311435523], [300.43795620437953, 924.2043795620438, 333.8199513381995, 982.3844282238442], [430.5337829589844, 70.36211395263672, 574.6264038085938, 134.85459899902344], [190.10980224609375, 81.4839096069336, 287.48931884765625, 125.39244079589844], [666.6861313868612, 296.6228710462287, 704.8369829683697, 317.60583941605836], [674.3163017031629, 372.34918212890625, 710.559610705596, 391.99999999999994], [84.88564476885644, 272.5348205566406, 130.3966827392578, 296.6228710462287], [575.447998046875, 549.8751831054688, 636.1654501216544, 575.7184448242188], [308.06812652068123, 496.503173828125, 408.72412109375, 539.8345498783455], [80.63616943359375, 495.00729927007296, 166.296630859375, 542.0717773437501], [356.7104622871046, 627.4410400390625, 405.5694274902344, 648.5644768856448], [67.71776155717761, 623.27490234375, 94.42335766423358, 649.5182481751824], [606.3299560546875, 862.3486328125, 690.9318237304688, 903.2214111922141], [41.21463394165039, 2.4282736778259277, 712.826904296875, 210.46942138671875], [40.291507720947266, 231.8130340576172, 720.6380615234375, 428.5773620605469], [417.5869445800781, 451.83013916015625, 716.6513671875, 807.0029907226562], [45.011390686035156, 450.81195068359375, 413.442138671875, 583.4903564453125], [40.254520416259766, 602.048828125, 413.42578125, 808.2188110351562], [39.310245513916016, 827.2092895507812, 713.3090209960938, 1142.6683349609375], [101, 646, 129, 669]], "labels": [0, 0, 0, 0, 0, 0, 0, 0, 0, 0, 0, 0, 0, 1, 1, 1, 1, 1, 1, 1, 1, 1, 1, 1, 2, 2, 2, 2, 2, 2, 3], "image_id": 816}, "character_clusters": [0, 1, 2, 1, 3, 0, 2, 2, 2, 3, 4, 5, 6], "text_char_matches": [[6, 6], [7, 6], [10, 2], [9, 8]], "text_tail_matches": [[9, 0]], "text_classification": [1, 1, 0, 0, 0, 0, 1, 1, 0, 1, 1], "character_names": ["none", "none", "Megumi Fushiguro", "none", "none", "none", "Megumi Fushiguro", "Megumi Fushiguro", "Megumi Fushiguro", "none", "none", "Setsuko Sasaki", "Takeshi Iguchi"]}