{"bbox_annotations": {"bboxes_as_x1y1x2y2": [[184.59713745117188, -0.6805793046951294, 524.5400390625, 259.5987786054611], [206.9683698296837, 533.8764038085938, 568.2244262695312, 900.708984375], [413.9367396593674, 288.4495849609375, 709.6058394160584, 527.4355231143552], [38.0286750793457, 932.2266845703125, 709.149341583252, 1145.1190185546875], [61.04136253041362, 332.4552917480469, 207.92703247070312, 521.6994018554688], [149.1038055419922, 583.279541015625, 416.7980535279805, 894.8876342773438], [399.6301703163017, 615.1824817518248, 710.559610705596, 901.3138686131385], [560.6531372070312, 52.66834259033203, 645.136474609375, 118.4165267944336], [101.7997817993164, 200.0045623779297, 148.83737182617188, 222.30775451660156], [235.98023986816406, 347.3272399902344, 322.26934814453125, 392.6639404296875], [90.60827250608271, 288.9490661621094, 118.22827911376952, 309.97566909975666], [103.47196960449219, 364.3406326034063, 167.89535522460938, 393.5761108398437], [71.53284671532846, 347.17274939172745, 96.330900243309, 367.2019464720194], [60.08759124087591, 331.91240875912405, 81.07055961070559, 350.9878345498783], [58.180048661800484, 771.6009732360097, 131.53981018066406, 805.5206909179688], [594.659423828125, 992.8759124087591, 692.8466186523438, 1044.6917724609375], [41.59838104248047, 0.812953531742096, 713.5454711914062, 258.9339294433594], [215.00209045410156, 283.8727722167969, 718.7387084960938, 533.3157958984375], [42.4691162109375, 280.9366760253906, 209.70960998535156, 531.8123779296875], [35.377235412597656, 550.4257202148438, 714.758056640625, 907.9929809570312], [40.66791534423828, 934.0613403320312, 710.79345703125, 1145.0712890625], [562, 143, 589, 170], [604, 1099, 632, 1126], [300, 416, 322, 440]], "labels": [0, 0, 0, 0, 0, 0, 0, 1, 1, 1, 1, 1, 1, 1, 1, 1, 2, 2, 2, 2, 2, 3, 3, 3], "image_id": 814}, "character_clusters": [0, 0, 0, 0, 0, 1, 2], "text_char_matches": [[0, 0], [2, 2], [8, 3]], "text_tail_matches": [[0, 0], [2, 2], [8, 1]], "text_classification": [1, 0, 1, 0, 0, 0, 0, 0, 1], "character_names": ["Megumi Fushiguro", "Megumi Fushiguro", "Megumi Fushiguro", "Megumi Fushiguro", "Megumi Fushiguro", "none", "none"]}