{"bbox_annotations": {"bboxes_as_x1y1x2y2": [[483.77728271484375, 384.0873107910156, 634.257907542579, 615.3741455078125], [328.8266296386719, 803.57177734375, 460.1271667480469, 1144.16259765625], [475.4131164550781, 731.5425790754257, 691.4841849148418, 1074.1849365234375], [150.87600708007812, 733.4501216545012, 256.7784729003906, 1118.08544921875], [300.2140197753906, 665.6295166015625, 354.2609558105469, 747.112060546875], [253.7031630170316, 145.92700729927006, 519.8053527980535, 354.4071683883667], [93.44384765625, 386.5408935546875, 461.53656005859375, 620.2716674804688], [156.4184914841849, 5.722627737226276, 539.8345498783455, 289.9464720194647], [588.6743774414062, 106.63206481933594, 703.8956909179688, 187.2933349609375], [96.19881439208984, 197.15072631835938, 164.391845703125, 216.8804473876953], [659.8073120117188, 440.591796875, 723.7662353515625, 487.1525573730469], [631.855712890625, 689.2852783203125, 736.6613159179688, 775.1630859375], [561.7712895377128, 655.2408759124087, 579.8929440389294, 678.1313868613138], [475.3907775878906, 655.2408759124087, 544.06787109375, 745.2515869140625], [367.2019464720195, 659.0559610705595, 451.58081054687506, 723.050537109375], [251.7956204379562, 651.0291137695312, 286.79608154296875, 671.4549878345498], [82.79220581054688, 680.0389294403892, 145.92700729927006, 728.6206665039061], [285.17761557177613, 920.8301391601562, 321.9721374511719, 939.4647201946472], [63.4598388671875, 0.3365275263786316, 737.2631225585938, 358.0495910644531], [484.8553161621094, 382.4275817871094, 741.1165771484375, 623.329345703125], [67.61671447753906, 382.9569396972656, 487.7556457519531, 624.915283203125], [469.68341064453125, 642.0587158203125, 740.6096801757812, 1079.19091796875], [66.8338394165039, 640.6943359375, 462.34283447265625, 790.8649291992188], [66.20305633544922, 797.7415161132812, 461.2806091308594, 1142.718505859375], [674, 530, 701, 556], [132, 247, 152, 275], [129, 741, 152, 766], [475, 755, 497, 783], [527, 209, 567, 241], [317, 914, 341, 938]], "labels": [0, 0, 0, 0, 0, 0, 0, 0, 1, 1, 1, 1, 1, 1, 1, 1, 1, 1, 2, 2, 2, 2, 2, 2, 3, 3, 3, 3, 3, 3], "image_id": 813}, "character_clusters": [0, 1, 1, 2, 1, 3, 4, 0], "text_char_matches": [[2, 0], [3, 6], [5, 2], [6, 4], [8, 3], [9, 1], [0, 7], [1, 5]], "text_tail_matches": [[0, 4], [1, 1], [2, 0], [4, 3], [5, 3], [8, 2]], "text_classification": [0, 1, 1, 1, 1, 1, 1, 0, 0, 1], "character_names": ["none", "Megumi Fushiguro", "Megumi Fushiguro", "none", "Megumi Fushiguro", "Takeshi Iguchi", "Setsuko Sasaki", "none"]}