{"bbox_annotations": {"bboxes_as_x1y1x2y2": [[132.41038513183594, 428.2961120605469, 302.34549878345496, 702.8727416992188], [536.5296630859375, 517.7198486328125, 739.42041015625, 723.9024047851562], [594.4389038085938, 343.1396484375, 736.2852783203125, 488.5436706542969], [76.30170316301702, 79.0749282836914, 329.6726379394531, 313.41898345947266], [456.85644768856446, 595.1532846715328, 568.0230712890625, 722.9755249023436], [395.5106506347656, 598.9683698296836, 489.2846715328467, 722.4253540039061], [267.67889404296875, 438.734375, 390.0924574209245, 722.3803100585938], [336.6362609863281, -0.3850172460079193, 729.6350364963503, 339.9157945215702], [659.4033813476562, 161.18734793187346, 704.8369829683697, 183.37063598632812], [438.54876708984375, 401.7316589355469, 495.60345458984375, 425.33282470703125], [473.0705596107056, 547.4647201946472, 530.5106811523438, 568.4476885644768], [308.9093017578125, 379.2298583984375, 371.7522888183594, 404.8340759277344], [180.36524963378906, 669.5474452554744, 223.2149658203125, 689.5766423357663], [124.85000610351562, 847.9281616210938, 171.21121215820312, 869.7068481445312], [66.1243896484375, 8.434771537780762, 765.1744384765625, 328.9605407714844], [389.80706787109375, 337.1193542480469, 740.3896484375, 491.39788818359375], [393.3284912109375, 508.0770568847656, 740.1495361328125, 723.6029052734375], [67.95391845703125, 337.2306213378906, 386.9428405761719, 724.71484375], [66.20997619628906, 745.677734375, 740.4053955078125, 1140.5018310546875], [491, 417, 520, 436], [282, 413, 310, 439]], "labels": [0, 0, 0, 0, 0, 0, 0, 0, 1, 1, 1, 1, 1, 1, 2, 2, 2, 2, 2, 3, 3], "image_id": 825}, "character_clusters": [0, 0, 1, 2, 3, 4, 5, 1], "text_char_matches": [[3, 0], [1, 2]], "text_tail_matches": [[1, 0], [3, 1]], "text_classification": [0, 1, 0, 1, 0, 0], "character_names": ["Yuji Itadori", "Yuji Itadori", "Megumi Fushiguro", "none", "none", "none", "none", "Megumi Fushiguro"]}