{"bbox_annotations": {"bboxes_as_x1y1x2y2": [[590.4293823242188, 356.97222900390625, 712.6541748046875, 632.1605834960938], [168.93350219726562, 350.7537536621094, 456.86175537109375, 634.6521606445312], [246.2444610595703, 662.1629638671875, 543.0733184814453, 1141.180908203125], [488.76708984375, 435.9523010253906, 581.3257446289062, 633.9707641601562], [143.2290496826172, 77.53682708740234, 351.7725524902344, 312.19188690185547], [419.093505859375, 71.09058380126953, 741.4696655273438, 314.75806427001953], [599.670166015625, 63.1687126159668, 686.6265869140625, 107.77536010742188], [503.79705810546875, 374.8321167883212, 587.1571044921875, 420.07409667968756], [398.09234619140625, 389.1413879394531, 445.6911926269531, 408.8755798339844], [160.84136962890625, 401.5377128953771, 252.48431396484375, 463.54025268554693], [83.32273864746094, 474.0243309002433, 157.25645446777344, 507.2678527832032], [572.0350952148438, 760.1557177615572, 668.8373413085938, 807.7378540039064], [124.68663787841797, 918.4817518248175, 249.70672607421875, 987.683349609375], [71.77287292480469, 1099.2412109375, 321.8502502441406, 1128.62451171875], [68.20134735107422, 65.98805236816406, 741.5431518554688, 319.08355712890625], [482.10491943359375, 335.6726379394531, 741.783447265625, 636.0628051757812], [66.37728881835938, 336.1273193359375, 480.9262390136719, 637.1278686523438], [63.68451690673828, 655.1563110351562, 735.4498901367188, 1144.60791015625], [528, 453, 548, 480], [112, 561, 135, 594]], "labels": [0, 0, 0, 0, 0, 0, 1, 1, 1, 1, 1, 1, 1, 1, 2, 2, 2, 2, 3, 3], "image_id": 837}, "character_clusters": [0, 1, 0, 1, 1, 0], "text_char_matches": [[0, 4], [1, 3], [2, 0], [3, 1], [4, 1], [5, 1], [6, 1]], "text_tail_matches": [[1, 0], [3, 1], [4, 1]], "text_classification": [1, 1, 1, 1, 1, 1, 1, 0], "character_names": ["Ryomen Sukuna", "Megumi Fushiguro", "Ryomen Sukuna", "Megumi Fushiguro", "Megumi Fushiguro", "Ryomen Sukuna"]}