{"bbox_annotations": {"bboxes_as_x1y1x2y2": [[514.8215942382812, 383.93170166015625, 632.3574829101562, 525.2777709960938], [70.01425170898438, 569.5202026367188, 219.23431396484375, 762.5350952148438], [313.2080993652344, 553.805908203125, 450.63067626953125, 764.3187255859375], [190.2002716064453, 104.62720489501953, 413.64630126953125, 343.2642593383789], [401.121337890625, 68.08609771728516, 514.0827250608272, 232.98206329345703], [97.68876647949219, 403.6251220703125, 276.46893310546875, 619.4273071289062], [599.9221411192214, 63.08220291137695, 695.2401123046875, 94.63549041748047], [238.88882446289062, 25.802770614624023, 344.4750671386719, 111.40682029724121], [72.88433837890625, 139.0825958251953, 181.52792358398438, 223.67994689941406], [645.9830932617188, 382.8447265625, 734.3577270507812, 441.5583190917969], [504.5450121654501, 413.4417724609375, 525.2906494140625, 459.5708312988281], [375.9296569824219, 382.3316650390625, 463.092529296875, 470.19744873046875], [346.21897810218974, 472.8297119140625, 378.1235046386718, 492.1459854014598], [656.46728515625, 587.5231143552311, 723.0609741210938, 636.5241088867188], [477.83941605839414, 629.4890510948904, 524.8605346679688, 652.3795620437955], [223.95208740234375, 403.6016845703125, 309.4507751464844, 447.523681640625], [155.46472019464719, 374.3770446777344, 201.45816040039062, 396.2064208984375], [73.9737319946289, 570.8762817382812, 145.7841033935547, 616.6668090820312], [583.2542114257812, 871.7469586374696, 684.6752319335938, 941.3670043945312], [64.44659423828125, 0.3565410375595093, 738.1312866210938, 346.5197448730469], [311.8263854980469, 367.6936340332031, 738.0205078125, 531.2139282226562], [457.0583190917969, 543.439453125, 740.1171264648438, 762.1983642578125], [310.0895080566406, 541.15966796875, 447.92266845703125, 765.4030151367188], [67.71044158935547, 364.545654296875, 311.35894775390625, 768.2579956054688], [63.729331970214844, 784.9776611328125, 739.812744140625, 1084.7100830078125], [573, 86, 600, 105], [648, 446, 670, 465], [141, 75, 161, 97], [138, 630, 160, 650], [290, 116, 309, 141], [456, 453, 480, 471], [203, 447, 231, 469], [625, 650, 659, 680], [513, 456, 530, 473]], "labels": [0, 0, 0, 0, 0, 0, 1, 1, 1, 1, 1, 1, 1, 1, 1, 1, 1, 1, 1, 2, 2, 2, 2, 2, 2, 3, 3, 3, 3, 3, 3, 3, 3, 3], "image_id": 809}, "character_clusters": [0, 1, 0, 1, 0, 0], "text_char_matches": [[0, 4], [1, 3], [2, 4], [3, 0], [5, 0], [6, 0], [7, 2], [9, 5], [11, 1]], "text_tail_matches": [[0, 0], [1, 4], [2, 2], [3, 1], [4, 8], [5, 5], [6, 5], [7, 7], [9, 6], [11, 3]], "text_classification": [1, 1, 1, 1, 0, 1, 1, 1, 0, 1, 0, 1, 1], "character_names": ["Setsuko Sasaki", "Takeshi Iguchi", "Setsuko Sasaki", "Takeshi Iguchi", "Setsuko Sasaki", "Setsuko Sasaki"]}