{"bbox_annotations": {"bboxes_as_x1y1x2y2": [[173.60215759277344, 105.56869506835938, 350.7635498046875, 293.02752685546875], [83.63101196289062, 68.05178833007812, 217.90792846679688, 292.40399169921875], [-0.30930614471435547, 330.5225830078125, 267.56596851348877, 559.5347900390625], [390.77099609375, 1007.5430908203125, 545.01123046875, 1144.5389404296875], [228.8032684326172, 324.06536865234375, 360.138427734375, 563.0714721679688], [377.3680419921875, 758.0973510742188, 464.66461181640625, 912.3890991210938], [507.4063260340632, 118.2676399026764, 620.905109489051, 335.72749391727496], [489.2846715328467, 810.705596107056, 709.6058394160584, 978.5693430656934], [664.7785888077858, 843.1338199513382, 783.0462287104622, 959.4939172749391], [293.76155717761554, 30.721216201782227, 356.93637084960943, 69.87124824523926], [265.14841849148416, 61.04136253041362, 290.1155090332031, 73.44038929440389], [186.66226196289062, 44.75392150878906, 239.4116973876953, 82.02478790283203], [3.5497395992279053, 62.21339416503906, 75.32329154014587, 144.54608154296875], [233.14333122606115, 337.6350364963503, 297.5766423357664, 357.6642335766423], [5.45002555847168, 336.2943813945835, 120.07438468933105, 434.3973477031773], [164.0625457763672, 612.7209255840366, 298.03790283203125, 712.4738552715366], [37.2221380544695, 612.1806423809116, 146.04219115505543, 680.4403469707554], [374.46942138671875, 2.5633692741394043, 780.8032836914062, 1147.3865966796875], [-3.4938066005706787, -0.1538294553756714, 358.64739990234375, 296.9392395019531], [-3.8917362689971924, 318.89825439453125, 363.3860168457031, 564.8558349609375], [-0.12882304191589355, 565.316162109375, 359.3277893066406, 758.9158935546875], [2.7765705585479736, 771.5643310546875, 358.5101623535156, 1142.94775390625], [75, 92, 99, 113], [177, 80, 202, 101], [262, 82, 280, 107]], "labels": [0, 0, 0, 0, 0, 0, 0, 0, 0, 1, 1, 1, 1, 1, 1, 1, 1, 2, 2, 2, 2, 2, 3, 3, 3], "image_id": 173}, "character_clusters": [0, 1, 1, 2, 0, 3, 4, 5, 6], "text_char_matches": [[1, 0], [2, 1], [3, 1], [4, 2], [5, 2], [6, 2], [7, 2]], "text_tail_matches": [[2, 1], [3, 0]], "text_classification": [0, 1, 1, 1, 1, 1, 1, 1], "character_names": ["Chihiro Rokuhira", "Togo Shiba", "Togo Shiba", "none", "Chihiro Rokuhira", "none", "none", "none", "none"]}