{"bbox_annotations": {"bboxes_as_x1y1x2y2": [[444.5353698730469, 704.5816040039062, 566.1639404296875, 930.123046875], [182.0308074951172, 386.85687255859375, 552.2335766423357, 626.9380493164062], [328.6201171875, 804.4821166992188, 386.27737226277367, 894.6374695863747], [457.2965393066406, 220.15191650390625, 713.165771484375, 614.2073974609375], [95.47167205810547, 793.7200927734375, 199.24594116210938, 933.0383911132812], [244.1654501216545, 841.2366333007812, 365.29440389294405, 900.3600973236009], [544.8034057617188, 945.286376953125, 780.3224487304688, 1139.214111328125], [196.47688564476886, 952.8175182481751, 501.68369829683695, 1145.29541015625], [626.1874389648438, 698.4527587890625, 781.469482421875, 927.7254028320312], [39.6187858581543, 755.641357421875, 97.78303527832031, 923.6248779296875], [507.4063260340632, 1049.148418491484, 783.0462287104622, 1143.5717761557178], [625.7354736328125, 699.6049194335938, 712.0509033203125, 726.40234375], [538.5562744140625, 747.6336669921875, 600.8483276367188, 799.162841796875], [590.2794189453125, 820.6852416992188, 640.1989135742188, 860.9375610351562], [281.48968505859375, 741.2366943359375, 321.13616943359375, 771.6593017578125], [96.330900243309, 732.4021606445312, 161.08384704589844, 761.1094890510948], [139.02149963378906, 1036.1781005859375, 187.14315795898438, 1070.321044921875], [77.26985168457031, 1051.1380615234375, 135.48724365234375, 1096.622802734375], [42.27524185180664, -2.404660224914551, 781.224609375, 666.553955078125], [613.7451782226562, 685.402587890625, 783.3714599609375, 928.730712890625], [202.04525756835938, 687.0154418945312, 622.3455810546875, 934.7025756835938], [39.0495719909668, 692.1246948242188, 203.82461547851562, 940.5931396484375], [500.6929931640625, 942.5777587890625, 780.6241455078125, 1153.0394287109375], [46.33185577392578, 956.49072265625, 493.6340026855469, 1147.309814453125], [519, 746, 542, 765], [125, 782, 146, 807], [309, 778, 329, 800], [177, 1053, 205, 1074], [635, 847, 665, 875]], "labels": [0, 0, 0, 0, 0, 0, 0, 0, 0, 0, 0, 1, 1, 1, 1, 1, 1, 1, 2, 2, 2, 2, 2, 2, 3, 3, 3, 3, 3], "image_id": 176}, "character_clusters": [0, 1, 2, 2, 0, 1, 2, 2, 0, 2, 1], "text_char_matches": [[0, 8], [2, 8], [1, 0], [3, 2], [4, 4], [5, 7], [6, 7]], "text_tail_matches": [[1, 0], [2, 4], [3, 2], [4, 1], [5, 3], [6, 3]], "text_classification": [1, 1, 1, 1, 1, 1, 1], "character_names": ["Togo Shiba", "Kunishige Rokuhira", "Chihiro Rokuhira", "Chihiro Rokuhira", "Togo Shiba", "Kunishige Rokuhira", "Chihiro Rokuhira", "Chihiro Rokuhira", "Togo Shiba", "Chihiro Rokuhira", "Kunishige Rokuhira"]}