{"bbox_annotations": {"bboxes_as_x1y1x2y2": [[155.46472019464719, 204.10705596107056, 544.8004302978516, 421.5669099756691], [77.60248565673828, 729.0264282226562, 194.83563232421875, 757.321533203125], [-1.8959779739379883, 3.4919424057006836, 781.7513427734375, 1147.7996826171875]], "labels": [1, 1, 2], "image_id": 186}, "character_clusters": [], "text_char_matches": [], "text_tail_matches": [], "text_classification": [1, 1], "character_names": []}