{"bbox_annotations": {"bboxes_as_x1y1x2y2": [[453.8723449707031, 87.74695863746958, 782.654541015625, 853.6403427124023], [52.20814514160156, 284.0654602050781, 331.23390197753906, 427.1066589355469], [481.49871826171875, 580.4674072265625, 743.2544555664062, 832.87109375], [87.54618835449219, 8.465986251831055, 329.6750793457031, 272.50880241394043], [202.863525390625, 495.9610705596107, 454.47296142578125, 1051.9812927246094], [-1.1395587921142578, 488.4181213378906, 370.8312441275938, 1047.2810363769531], [747.7566909975669, 1028.1654501216544, 783.0462287104623, 1089.206812652068], [330.6816711425781, 63.076473236083984, 388.31317138671875, 90.03650665283203], [334.46160888671875, 324.275390625, 412.77001953125, 383.8191833496094], [164.78794860839844, 437.7810218978102, 250.3251190185547, 524.574209245742], [196.63121032714844, 592.90869140625, 244.7835235595703, 631.4254150390625], [432.19195556640625, 8.200870513916016, 782.6417236328125, 875.8010864257812], [489.1339111328125, 889.2366943359375, 777.3104248046875, 1141.40966796875], [16.346145629882812, 0.2366560995578766, 423.2765197753906, 278.8357849121094], [6.402202606201172, 279.4131164550781, 432.7323303222656, 436.3962707519531], [-4.2067551612854, 412.7542724609375, 460.369873046875, 1053.2034912109375], [2.754525661468506, 1060.2218017578125, 398.7033386230469, 1143.2122802734375], [169, 547, 192, 568], [252, 608, 281, 630]], "labels": [0, 0, 0, 0, 0, 0, 0, 1, 1, 1, 1, 2, 2, 2, 2, 2, 2, 3, 3], "image_id": 169}, "character_clusters": [0, 0, 1, 0, 0, 2, 3], "text_char_matches": [[0, 3], [1, 1], [2, 5], [3, 4]], "text_tail_matches": [[2, 0], [3, 1]], "text_classification": [1, 1, 1, 1], "character_names": ["Hostage", "Hostage", "none", "Hostage", "Hostage", "Togo Shiba", "none"]}