{"bbox_annotations": {"bboxes_as_x1y1x2y2": [[18.32090950012207, 127.80535279805352, 569.8369617462158, 621.1268463134766], [388.1932067871094, 663.6005859375, 410.2307434082031, 754.1810302734375], [499.83367919921875, 674.459228515625, 593.5224609375, 789.0489501953125], [6.567229747772217, 1.4552034139633179, 745.5870361328125, 623.7280883789062], [60.05838394165039, 639.9808349609375, 740.175048828125, 813.8284301757812], [-0.6342434883117676, 829.3893432617188, 741.6221923828125, 1142.808837890625]], "labels": [0, 0, 0, 2, 2, 2], "image_id": 185}, "character_clusters": [0, 1, 0], "text_char_matches": [], "text_tail_matches": [], "text_classification": [], "character_names": ["Chihiro Rokuhira", "Togo Shiba", "Chihiro Rokuhira"]}