{"bbox_annotations": {"bboxes_as_x1y1x2y2": [[-0.025064826011657715, 694.5353393554688, 564.6075385803143, 1143.5717761557178], [121.41020965576172, 12.896841049194336, 189.3070831298828, 263.98395347595215], [8.498745918273926, 78.51905822753906, 160.774151802063, 267.27886962890625], [297.5766423357664, 694.3454987834549, 736.3114355231144, 1146.3685302734375], [313.787353515625, 459.6163635253906, 739.1727493917274, 668.9519653320312], [22.990543365478516, 581.784423828125, 147.05769729614258, 669.4269409179688], [373.8775634765625, 32.42401885986328, 642.8800048828125, 267.1298294067383], [194.56934306569343, 159.27980535279804, 276.5936739659367, 239.39659367396592], [95.37712895377129, 396.76885644768856, 230.8126520681265, 547.4647201946472], [313.7907542579075, 293.76155717761554, 542.6958637469586, 435.8734793187348], [481.654501216545, 292.80778588807783, 739.1727493917274, 436.8272506082725], [236.5352798053528, 299.4841849148418, 309.02189781021895, 660.0097323600972], [652.6652221679688, 82.5337142944336, 720.8087158203125, 118.85719299316406], [625.659912109375, 152.46800231933594, 704.783203125, 233.27908325195312], [377.7487487792969, 58.00196075439453, 460.28912353515625, 125.60099792480469], [345.6203111337629, 510.4352308584246, 400.0802415536848, 525.5279805352798], [73.18994903564453, 324.1943359375, 141.75718688964844, 357.43304443359375], [18.212905883789062, 363.3320007324219, 78.8852310180664, 410.0598449707031], [29.55911636352539, 456.7186279296875, 77.6359634399414, 502.01513671875], [126.7964096069336, 864.1087646484375, 202.6408233642578, 978.3941040039062], [361.55322265625, 4.117897987365723, 734.6657104492188, 273.3149108886719], [278.4839782714844, 7.963344573974609, 354.07757568359375, 273.71197509765625], [191.062744140625, 0.7702392339706421, 300.2400817871094, 270.35955810546875], [-0.8519120216369629, 0.13171732425689697, 193.7913055419922, 274.22705078125], [316.89215087890625, 289.2657775878906, 742.43701171875, 442.7985534667969], [305.7584533691406, 449.47198486328125, 742.4091796875, 668.5045776367188], [228.7648162841797, 293.0999755859375, 316.0003967285156, 665.334228515625], [-1.709700345993042, 289.4452819824219, 233.16065979003906, 559.5396728515625], [1.3327524662017822, 568.5139770507812, 230.61817932128906, 673.8363037109375], [-0.3415498733520508, 681.9540405273438, 748.6206665039062, 1138.098388671875], [625, 94, 653, 115], [408, 515, 434, 536]], "labels": [0, 0, 0, 0, 0, 0, 0, 0, 0, 0, 0, 0, 1, 1, 1, 1, 1, 1, 1, 1, 2, 2, 2, 2, 2, 2, 2, 2, 2, 2, 3, 3], "image_id": 183}, "character_clusters": [0, 0, 1, 1, 1, 1, 0, 2, 1, 4, 3, 1], "text_char_matches": [[0, 6], [1, 6], [2, 6], [3, 4], [4, 8], [5, 8], [6, 8], [7, 3]], "text_tail_matches": [[0, 0], [1, 0], [3, 1]], "text_classification": [1, 1, 1, 1, 1, 1, 1, 1], "character_names": ["Togo Shiba", "Togo Shiba", "Chihiro Rokuhira", "Chihiro Rokuhira", "Chihiro Rokuhira", "Chihiro Rokuhira", "Togo Shiba", "Kunishige Rokuhira", "Chihiro Rokuhira", "none", "Hishaku Sorcerer", "Chihiro Rokuhira"]}