{"bbox_annotations": {"bboxes_as_x1y1x2y2": [[489.98419189453125, 896.3013305664062, 737.976318359375, 1144.685302734375], [-2.7800052165985107, 781.4967041015625, 236.17704129219055, 1145.900634765625], [159.40438842773438, 208.7405242919922, 268.186279296875, 353.71197509765625], [320.1141357421875, 466.67156982421875, 594.3280029296875, 719.9774169921875], [124.86746215820312, 1.1893631219863892, 743.0021057128906, 441.6560379266739], [341.35723876953125, 918.6300048828125, 522.05419921875, 1144.1131591796875], [230.1697540283203, 468.89849853515625, 313.30035400390625, 693.291748046875], [234.33445739746094, 88.99227905273438, 303.6578063964844, 123.72710418701172], [157.44369506835938, 90.50618743896484, 221.2500457763672, 157.81405639648438], [624.2813720703125, 512.868677440931, 707.698296836983, 562.6786749995248], [630.0733032226562, 623.5513916015625, 690.4498291015625, 692.4371948242188], [86.98471069335938, 511.08962470655604, 177.474853515625, 576.917749706556], [59.255680084228516, 628.8834838867188, 123.57068252563477, 696.4754638671875], [608.2969360351562, 804.685791015625, 715.9697265625, 903.880126953125], [278.6542663574219, 808.2946166992188, 393.8828125, 922.7355346679688], [270.7466735839844, 957.9369506835938, 359.3035888671875, 1023.0625], [61.05738067626953, 830.5626831054688, 199.0529556274414, 896.84423828125], [-2.799409866333008, -1.376736044883728, 738.1876831054688, 443.1033020019531], [-0.2916421890258789, 463.8279113769531, 741.3384399414062, 746.778564453125], [239.14369201660156, 766.56591796875, 737.284912109375, 1143.341064453125], [-1.5692765712738037, 769.16064453125, 235.8911895751953, 1145.8515625], [657, 918, 677, 942], [603, 611, 626, 636], [234, 162, 262, 189], [364, 930, 388, 950], [189, 509, 209, 527], [154, 668, 180, 686]], "labels": [0, 0, 0, 0, 0, 0, 0, 1, 1, 1, 1, 1, 1, 1, 1, 1, 1, 2, 2, 2, 2, 3, 3, 3, 3, 3, 3], "image_id": 171}, "character_clusters": [0, 0, 1, 0, 0, 1, 1], "text_char_matches": [[0, 2], [1, 2], [2, 3], [3, 3], [4, 6], [5, 6], [6, 0], [7, 5], [8, 5], [9, 5]], "text_tail_matches": [[0, 2], [1, 2], [3, 1], [4, 4], [5, 5], [6, 0], [7, 3], [8, 3]], "text_classification": [1, 1, 1, 1, 1, 1, 1, 1, 1, 1], "character_names": ["Chihiro Rokuhira", "Chihiro Rokuhira", "Togo Shiba", "Chihiro Rokuhira", "Chihiro Rokuhira", "Togo Shiba", "Togo Shiba"]}