{"bbox_annotations": {"bboxes_as_x1y1x2y2": [[410.53369140625, 839.3187347931873, 618.0437956204379, 990.0145985401459], [364.37255859375, 602.3374633789062, 511.8672180175781, 818.45703125], [522.9393310546875, 600.0303344726562, 720.2593994140625, 821.5869750976562], [76.98699951171875, 324.5549621582031, 668.3757934570312, 565.5863746958637], [351.8172607421875, 1014.648193359375, 482.07379150390625, 1119.24169921875], [492.5274963378906, 78.92387390136719, 564.0745239257812, 161.84129333496094], [342.4038929440389, 83.95044708251953, 480.98870849609375, 214.5985401459854], [272.2878723144531, 168.78614807128906, 351.9095458984375, 221.29098510742188], [600.9848022460938, 598.0145985401459, 714.5188598632812, 760.22021484375], [452.0875912408759, 617.0900243309002, 479.74695863746956, 631.3965936739659], [59.098655700683594, 661.9172749391727, 144.3367919921875, 748.7104622871045], [625.5552368164062, 849.3164672851562, 714.0552978515625, 902.7863159179688], [418.3536376953125, 876.8453369140625, 524.9219970703125, 959.5307006835938], [613.3333740234375, 1019.581508515815, 711.6461181640625, 1120.958740234375], [502.63746958637466, 1019.581508515815, 595.1532846715328, 1071.0851581508516], [273.89501953125, 55.1645393371582, 579.3630981445312, 237.4556884765625], [41.41190719604492, 319.0655517578125, 785.0840454101562, 567.9256591796875], [518.6884765625, 582.820068359375, 722.321044921875, 823.9581909179688], [38.61195755004883, 582.035400390625, 513.2914428710938, 819.9717407226562], [408.39398193359375, 836.7031860351562, 722.020751953125, 995.5114135742188], [353.4454345703125, 1006.79052734375, 721.136474609375, 1125.8543701171875], [62.17877197265625, 834.0277099609375, 346.8824768066406, 1144.2955322265625]], "labels": [0, 0, 0, 0, 0, 1, 1, 1, 1, 1, 1, 1, 1, 1, 1, 2, 2, 2, 2, 2, 2, 2], "image_id": 184}, "character_clusters": [0, 0, 0, 0, 0], "text_char_matches": [[3, 2], [4, 1], [5, 1], [6, 0], [7, 0], [8, 4], [9, 4]], "text_tail_matches": [], "text_classification": [1, 1, 1, 1, 1, 1, 1, 1, 1, 1], "character_names": ["Chihiro Rokuhira", "Chihiro Rokuhira", "Chihiro Rokuhira", "Chihiro Rokuhira", "Chihiro Rokuhira"]}