{"bbox_annotations": {"bboxes_as_x1y1x2y2": [[164.0486618004866, 513.039306640625, 542.5024871826172, 784.0538940429688], [78.66409301757812, 1062.501220703125, 301.1157531738281, 1144.1024169921875], [393.587890625, 307.666748046875, 536.5289916992188, 488.9523010253906], [86.69735717773438, 410.6289978027344, 139.0194854736328, 470.8050537109375], [52.536048889160156, 825.0640869140625, 312.0296401977539, 1039.110107421875], [119.86354064941406, 26.966426849365234, 395.96131896972656, 275.6514549255371], [589.9462890625, 343.599853515625, 720.2695922851562, 491.1821594238281], [568.488037109375, 677.1031494140625, 678.7919921875, 781.2347412109375], [126.47381591796875, 302.1747131347656, 350.9659423828125, 488.064453125], [450.24591064453125, 73.41403198242188, 703.6939697265625, 275.5123291015625], [323.9514465332031, 854.7946166992188, 791.189697265625, 1144.109619140625], [360.87066650390625, 40.81473159790039, 477.5362243652344, 154.51594924926758], [84.3822250366211, 97.77198028564453, 163.8071746826172, 163.50535583496094], [548.4184914841849, 379.60097323600974, 568.4476885644768, 393.9075425790754], [307.12359619140625, 327.8805236816406, 375.9316101074219, 400.4776611328125], [75.3544921875, 347.21820068359375, 155.0764617919922, 393.51934814453125], [525.5279805352798, 590.3844282238442, 545.5571776155717, 602.7834549878345], [462.8906555175781, 634.7918701171875, 537.7045288085938, 686.7186279296875], [77.2009506225586, 657.63525390625, 181.26382446289062, 709.137939453125], [406.650146484375, 862.9795532226562, 495.1221618652344, 929.9793090820312], [132.23057556152344, 842.57275390625, 160.2071075439453, 860.7235107421875], [55.98271942138672, 862.3510131835938, 136.969970703125, 900.7245483398438], [41.10865020751953, 1.2276241779327393, 718.732177734375, 280.1165771484375], [392.89617919921875, 297.2711486816406, 722.4878540039062, 495.63409423828125], [43.80900573730469, 294.282958984375, 382.9579772949219, 495.2374572753906], [40.51057815551758, 507.3651428222656, 722.181396484375, 785.8590087890625], [317.50714111328125, 802.0846557617188, 778.5874633789062, 1141.729736328125], [40.780067443847656, 800.5690307617188, 311.54498291015625, 1042.4779052734375], [41.12997055053711, 1055.13916015625, 312.5115051269531, 1151.554443359375], [464, 144, 491, 167], [508, 899, 535, 930], [435, 674, 459, 693], [570, 395, 590, 411], [183, 695, 203, 715], [169, 112, 192, 133], [116, 916, 137, 937], [305, 398, 325, 416]], "labels": [0, 0, 0, 0, 0, 0, 0, 0, 0, 0, 0, 1, 1, 1, 1, 1, 1, 1, 1, 1, 1, 1, 2, 2, 2, 2, 2, 2, 2, 3, 3, 3, 3, 3, 3, 3, 3], "image_id": 166}, "character_clusters": [0, 1, 2, 0, 1, 2, 0, 2, 2, 0, 1], "text_char_matches": [[0, 9], [1, 5], [2, 6], [3, 8], [4, 3], [5, 0], [6, 0], [7, 0], [8, 10], [9, 4], [10, 4]], "text_tail_matches": [[0, 0], [1, 5], [2, 3], [3, 7], [5, 2], [6, 2], [7, 4], [8, 1], [9, 6], [10, 6]], "text_classification": [1, 1, 1, 1, 1, 1, 1, 1, 1, 1, 1], "character_names": ["Chihiro Rokuhira", "Korogumi Yakuza Boss", "Togo Shiba", "Chihiro Rokuhira", "Korogumi Yakuza Boss", "Togo Shiba", "Chihiro Rokuhira", "Togo Shiba", "Togo Shiba", "Chihiro Rokuhira", "Korogumi Yakuza Boss"]}