{"bbox_annotations": {"bboxes_as_x1y1x2y2": [[319.18682861328125, 262.9154968261719, 411.7744140625, 403.2740173339844], [331.50006103515625, 517.8978102189781, 610.4136253041363, 1057.7979736328125], [195.15798950195312, 144.32522583007812, 309.615966796875, 320.9521789550781], [1.0376405715942383, 12.872673034667969, 313.63093280792236, 721.0916061401367], [392.9549865722656, 196.2370147705078, 495.25433349609375, 403.4813232421875], [2.2482523918151855, 754.4330900243309, 306.5375590324402, 1143.651123046875], [401.9787238276498, 1118.7155544902862, 558.4871466792123, 1138.8985378887237], [472.6466979980469, 87.13956451416016, 588.5277709960938, 184.38043212890625], [335.2190246582031, 187.71363830566406, 394.4963684082031, 209.69053649902344], [471.7689208984375, 462.456099461465, 558.7614135742188, 529.3506612290431], [377.7641906738281, 473.5996955073373, 444.3816223144531, 539.8465827143685], [123.03649635036496, 576.0778588807785, 290.9002433090024, 654.287104622871], [183.12408759124088, 785.9075425790754, 233.67396593673965, 822.1508515815085], [34.3079833984375, 1018.2650899399806, 90.4109115600586, 1059.5638570298242], [562.892822265625, 1.4476280212402344, 778.1567993164062, 1145.0638427734375], [315.8664855957031, 88.07102966308594, 576.907958984375, 409.62518310546875], [330.1481018066406, 424.23992919921875, 611.5986938476562, 1054.9173583984375], [-5.1945695877075195, -10.412186622619629, 320.72076416015625, 722.9686889648438], [-3.3334290981292725, 747.4048461914062, 332.15509033203125, 1145.2265625], [496, 197, 518, 218], [372, 138, 391, 160], [511, 559, 530, 583], [68, 1085, 89, 1114]], "labels": [0, 0, 0, 0, 0, 0, 1, 1, 1, 1, 1, 1, 1, 1, 2, 2, 2, 2, 2, 3, 3, 3, 3], "image_id": 187}, "character_clusters": [0, 1, 2, 0, 1, 0], "text_char_matches": [[1, 4], [2, 0], [3, 1], [4, 1], [5, 1], [7, 5]], "text_tail_matches": [[1, 0], [2, 1], [3, 2], [4, 2], [7, 3]], "text_classification": [0, 1, 1, 1, 1, 1, 0, 1], "character_names": ["Chihiro Rokuhira", "Togo Shiba", "none", "Chihiro Rokuhira", "Togo Shiba", "Chihiro Rokuhira"]}