{"bbox_annotations": {"bboxes_as_x1y1x2y2": [[115.14620971679688, 866.9578857421875, 511.3785400390625, 1145.588134765625], [442.3120422363281, 307.1143552311435, 530.3086547851562, 366.2481751824817], [361.22808837890625, 354.80291970802915, 452.4610900878906, 439.32183837890625], [604.9474487304688, 788.9370727539062, 731.52294921875, 871.2969970703125], [542.1908569335938, 878.9246826171875, 594.3284301757812, 931.566162109375], [441.7411804199219, 903.5244750976562, 473.82977294921875, 925.6000366210938], [486.9479675292969, 980.032470703125, 557.66064453125, 1029.1544189453125], [128.75912408759123, 976.661800486618, 169.77128953771287, 1010.9975669099756], [94.42335766423358, 1049.3109130859375, 131.22552490234375, 1071.0851581508516], [293.0316467285156, -0.37006255984306335, 587.134765625, 214.40696716308594], [43.29961395263672, -0.6942458152770996, 310.20587158203125, 269.7945556640625], [28.22812271118164, -4.506234169006348, 777.2734985351562, 1140.108154296875], [45.13231658935547, 859.9559936523438, 505.3071594238281, 1148.75146484375], [167, 992, 191, 1012]], "labels": [0, 1, 1, 1, 1, 1, 1, 1, 1, 2, 2, 2, 2, 3], "image_id": 174}, "character_clusters": [0], "text_char_matches": [[0, 0], [1, 0], [2, 0], [3, 0], [5, 0], [6, 0]], "text_tail_matches": [[6, 0]], "text_classification": [1, 1, 1, 1, 0, 1, 1, 0], "character_names": ["Togo Shiba"]}