{"bbox_annotations": {"bboxes_as_x1y1x2y2": [[120.17950439453125, 2.326004981994629, 735.3536376953125, 599.3243570327759], [588.9256591796875, 835.5036496350365, 741.4959716796875, 1144.462158203125], [3.550168991088867, 982.2862548828125, 134.11738395690918, 1144.93212890625], [142.08953857421875, 624.7201946472019, 690.5304136253042, 791.6301703163016], [143.06569343065692, 817.3819951338199, 575.1240875912408, 1088.2530413625304], [146.88077858880777, 1028.1654501216544, 573.2165450121654, 1134.9878345498782], [231.16468811035156, 241.418701171875, 270.5655822753906, 268.396240234375], [211.73722627737226, 341.4501216545012, 247.02676399026763, 361.47931873479314], [202.92391967773438, 688.68408203125, 253.3250732421875, 709.8092651367188], [133.59544372558594, 708.0194091796875, 188.04171752929688, 743.5445556640625], [534.9847412109375, 884.8629760742188, 603.328369140625, 920.8418579101562], [481.38275146484375, 966.4293823242188, 564.8458862304688, 1017.9480590820312], [188.90802001953125, 884.5230102539062, 288.9400329589844, 918.5531616210938], [37.92198944091797, 860.1343994140625, 83.44059753417969, 883.7171020507812], [-0.9320306777954102, -6.119839191436768, 753.8128662109375, 608.2532958984375], [62.22336196899414, 618.6575317382812, 723.1494750976562, 801.4961547851562], [2.2708873748779297, 628.3407592773438, 65.58509063720703, 801.5737915039062], [574.760986328125, 820.8677978515625, 744.6810913085938, 1143.6212158203125], [140.2573699951172, 816.64404296875, 576.802734375, 1142.39208984375], [-0.5213203430175781, 818.740234375, 139.82827758789062, 1147.7799072265625], [280, 847, 304, 870], [254, 683, 281, 702], [532, 840, 549, 864], [60, 886, 77, 913]], "labels": [0, 0, 0, 0, 0, 0, 1, 1, 1, 1, 1, 1, 1, 1, 2, 2, 2, 2, 2, 2, 3, 3, 3, 3], "image_id": 181}, "character_clusters": [0, 1, 2, 2, 2, 0], "text_char_matches": [[2, 3], [3, 3], [4, 4], [5, 4], [6, 4], [7, 2]], "text_tail_matches": [[4, 2], [5, 2], [2, 1], [3, 1], [6, 0], [7, 3]], "text_classification": [0, 0, 1, 1, 1, 1, 1, 1], "character_names": ["Kunishige Rokuhira", "Togo Shiba", "Chihiro Rokuhira", "Chihiro Rokuhira", "Chihiro Rokuhira", "Kunishige Rokuhira"]}