{"bbox_annotations": {"bboxes_as_x1y1x2y2": [[373.4922790527344, 850.489501953125, 734.2431640625, 1145.6961669921875], [7.587299823760986, 117.3375015258789, 542.4687085151672, 360.0040054321289], [148.10780334472656, 593.6815795898438, 297.2256164550781, 756.887939453125], [552.9000244140625, 126.2827377319336, 718.1743774414062, 369.8658676147461], [0.5506434440612793, 21.744840621948242, 204.4765009880066, 337.68676567077637], [0.684384822845459, 571.2546997070312, 152.1931128501892, 755.674072265625], [74.5068130493164, 400.4907531738281, 222.2582778930664, 522.27197265625], [400.6079406738281, 397.06842041015625, 740.8552856445312, 760.4680786132812], [8.18482494354248, 203.58888244628906, 350.408579826355, 363.6822814941406], [0.6201076507568359, 792.913330078125, 305.59792137145996, 1145.463623046875], [353.84914841849144, 0, 546.5109489051094, 304.2530413625304], [595.177001953125, 77.12814331054688, 621.0386962890625, 95.03581237792969], [316.8451843261719, 53.79142761230469, 372.16259765625, 117.43887329101562], [256.1810607910156, 99.20308685302734, 315.6168212890625, 151.65399169921875], [369.3769226074219, 506.5957336425781, 471.958984375, 542.0771484375], [374.6509704589844, 591.4561157226562, 452.39459228515625, 675.971923828125], [242.25790754257906, 430.5463562011719, 263.6524963378906, 443.5036496350365], [260.22100830078125, 601.6231689453125, 342.8939208984375, 654.1195678710938], [108.54122161865234, 593.8722534179688, 176.36753845214844, 616.037353515625], [617.6194458007812, 846.41845703125, 710.382080078125, 912.4805297851562], [298.87762451171875, 858.5912475585938, 432.40380859375, 925.8955078125], [252.02976989746094, 953.8382568359375, 330.472412109375, 1006.354248046875], [552.7542114257812, -1.6004679203033447, 741.7938232421875, 377.68536376953125], [-2.8872623443603516, 2.9508776664733887, 542.3486938476562, 372.8575744628906], [350.6589660644531, 392.8276672363281, 740.8910522460938, 763.13232421875], [56.35001754760742, 391.3771057128906, 344.575927734375, 529.1185302734375], [-0.0570223331451416, 542.6747436523438, 348.1293640136719, 761.2361450195312], [-0.4454073905944824, 782.3543090820312, 738.4403686523438, 1142.32177734375], [222, 92, 253, 119], [426, 924, 450, 944], [237, 960, 260, 981], [619, 942, 639, 962], [460, 629, 482, 647], [250, 643, 271, 660], [228, 445, 248, 464], [106, 621, 126, 638]], "labels": [0, 0, 0, 0, 0, 0, 0, 0, 0, 0, 0, 1, 1, 1, 1, 1, 1, 1, 1, 1, 1, 1, 2, 2, 2, 2, 2, 2, 3, 3, 3, 3, 3, 3, 3, 3], "image_id": 165}, "character_clusters": [0, 1, 2, 1, 2, 0, 1, 2, 3, 2, 0], "text_char_matches": [[1, 4], [2, 4], [0, 3], [3, 7], [4, 7], [5, 6], [6, 2], [7, 5], [8, 0], [9, 0], [10, 9]], "text_tail_matches": [[1, 0], [2, 0], [3, 4], [4, 4], [5, 6], [6, 5], [7, 7], [8, 3], [9, 1], [10, 2]], "text_classification": [1, 1, 1, 1, 1, 1, 1, 1, 1, 1, 1], "character_names": ["Chihiro Rokuhira", "Korogumi Yakuza Boss", "Togo Shiba", "Korogumi Yakuza Boss", "Togo Shiba", "Chihiro Rokuhira", "Korogumi Yakuza Boss", "Togo Shiba", "none", "Togo Shiba", "Chihiro Rokuhira"]}