{"bbox_annotations": {"bboxes_as_x1y1x2y2": [[142.692138671875, 1015.7664233576642, 290.9002433090024, 1144.1815185546875], [-0.8841382265090942, 916.5930786132812, 157.7498949766159, 1145.4775390625], [40.05839416058394, 558.9099756690997, 369.10948905109484, 812.6131386861314], [451.1338199513382, 653.3333333333333, 783.0462287104622, 892.7299270072992], [398.676399026764, 622.8126520681265, 514.0827250608272, 758.2481751824816], [266.1021897810219, 480.7007299270073, 386.2773722627737, 618.0437956204379], [649.5182481751824, 139.25060827250607, 758.2481751824816, 258.4720194647202], [698.1605839416058, 538.8807785888077, 783.0462287104622, 662.8710462287104], [3.8150851581508514, 642.8418491484184, 130.66666666666666, 863.16301703163], [73.44038929440389, 788.7688564476886, 408.21411192214106, 874.6082725060827], [206.9683698296837, 532.2043795620438, 251.7956204379562, 615.1824817518248], [305.2068126520681, 130.66666666666666, 340.7664794921875, 148.7883211678832], [-4.991796493530273, 2.3768153190612793, 776.9820556640625, 887.4710693359375], [-6.865601062774658, 892.576904296875, 731.116943359375, 1147.1016845703125]], "labels": [0, 0, 0, 0, 0, 0, 0, 0, 0, 0, 0, 1, 2, 2], "image_id": 168}, "character_clusters": [0, 1, 2, 3, 4, 5, 6, 7, 8, 9, 10], "text_char_matches": [], "text_tail_matches": [], "text_classification": [0], "character_names": ["none", "Hostage", "none", "none", "none", "Korogumi Yakuza Boss", "Chihiro Rokuhira", "none", "none", "none", "none"]}