{"bbox_annotations": {"bboxes_as_x1y1x2y2": [[927.9312133789062, 488.1968078613281, 1235.6546630859375, 832.67919921875], [823.30029296875, 1364.1322021484375, 1108.1927710843374, 1898.452880859375], [238.04066467285156, 1661.4457831325303, 482.2591247558594, 2002.1686746987955], [270.83209228515625, 163.22007751464844, 559.8916015625, 430.0367889404297], [237.06646728515625, 486.1095886230469, 671.75, 899.7476806640625], [413.2530120481928, 906.5491943359375, 1375.79736328125, 1886.6875], [588.6746987951808, 28.674698795180724, 667.9518072289158, 91.0843373493976], [713.3634033203125, 92.2686767578125, 1312.2891566265062, 302.826416015625], [184.6754913330078, 309.0683898925781, 274.0051574707031, 364.3373493975904], [1263.228759765625, 480.7782897949219, 1386.62890625, 586.987951807229], [1197.5903614457832, 600.4819277108434, 1364.828857421875, 666.8791503906249], [803.1594848632812, 531.282958984375, 928.709228515625, 735.421686746988], [189.59881591796875, 727.4749145507812, 274.728271484375, 787.710843373494], [1236.2071533203125, 1387.36083984375, 1334.2861328125, 1511.7000732421875], [425.40301513671875, 1003.3408203125, 691.566265060241, 1224.0850830078125], [289.346923828125, 1477.99462890625, 504.87396240234375, 1582.4066162109375], [691.724609375, -1.2751288414001465, 1331.866455078125, 438.1816711425781], [144.388427734375, 136.34877014160156, 674.0653076171875, 437.9060363769531], [707.5384521484375, 441.8041687011719, 1397.31689453125, 952.4471435546875], [147.6332244873047, 477.1493225097656, 715.5101318359375, 903.9029541015625], [149.41192626953125, 950.80419921875, 1400.28076171875, 2022.05615234375], [939, 633, 975, 664], [1098, 1476, 1210, 1526], [681, 1161, 738, 1203], [274, 728, 309, 760], [271, 331, 305, 363], [392, 1658, 428, 1706], [1247, 572, 1293, 606]], "labels": [0, 0, 0, 0, 0, 0, 0, 1, 1, 1, 1, 1, 1, 1, 1, 1, 2, 2, 2, 2, 2, 3, 3, 3, 3, 3, 3, 3], "image_id": 348}, "character_clusters": [0, 1, 0, 0, 0, 2, 0], "text_char_matches": [[1, 3], [2, 0], [0, 1], [4, 0], [5, 4], [7, 5], [6, 1], [8, 2]], "text_tail_matches": [[2, 6], [4, 0], [1, 4], [5, 3], [7, 2], [6, 1], [8, 5]], "text_classification": [0, 1, 1, 0, 1, 1, 1, 1, 1], "character_names": ["Son Goku", "Bulma", "Son Goku", "Son Goku", "Son Goku", "Pterodactyl", "Son Goku"]}