{"bbox_annotations": {"bboxes_as_x1y1x2y2": [[180.96112060546875, 256.6159973144531, 450.9927673339844, 578.2068481445312], [85.97911071777344, 1469.5218505859375, 204.09638554216866, 1565.0467529296875], [264.81927710843377, 1089.2645263671875, 426.4002380371094, 1297.248779296875], [1012.0481927710844, 102.89156626506025, 1087.9518072289156, 187.22891566265062], [556.6265060240964, 15.180722891566266, 642.6506024096386, 70.8433734939759], [761.9639282226562, 130.19436645507812, 906.919677734375, 263.3203125], [699.133544921875, 433.4939759036145, 877.1084337349398, 1435.4216867469881], [133.03880310058594, 145.5353546142578, 240.505126953125, 207.4698795180723], [64.09638554216868, 291.0687255859375, 192.28915662650604, 747.3458251953125], [66.0029067993164, 808.91162109375, 306.9879518072289, 993.4939759036146], [354.21686746987956, 1364.578313253012, 608.9156626506025, 1953.91552734375], [653.931884765625, 9.190113067626953, 1256.9185791015625, 2032.86865234375], [69.03604125976562, -1.496914029121399, 644.6656494140625, 141.05491638183594], [55.54789733886719, 124.96951293945312, 642.1686401367188, 800.644287109375], [57.03572463989258, 844.6934204101562, 645.2607421875, 1362.0955810546875], [54.284515380859375, 1398.0543212890625, 641.5839233398438, 1933.4937744140625], [198, 235, 236, 287], [921, 169, 960, 204]], "labels": [0, 0, 0, 0, 0, 1, 1, 1, 1, 1, 1, 2, 2, 2, 2, 2, 3, 3], "image_id": 329}, "character_clusters": [0, 0, 0, 0, 0], "text_char_matches": [[0, 3], [2, 0]], "text_tail_matches": [[0, 1], [2, 0]], "text_classification": [1, 0, 1, 0, 0, 0], "character_names": ["Son Goku", "Son Goku", "Son Goku", "Son Goku", "Son Goku"]}