{"bbox_annotations": {"bboxes_as_x1y1x2y2": [[686.5060240963855, 1375.4468994140625, 819.7590361445783, 1614.2168674698796], [23.614457831325304, 1590.6024096385543, 86.02409638554218, 1637.831325301205], [77.59036144578313, 1418.74560546875, 409.4374084472656, 1557.580810546875], [696.6265060240964, 91.2265396118164, 961.4457831325302, 578.5542168674699], [320.48192771084337, 1066.0240963855424, 354.2168674698795, 1111.5662650602412], [1073.998046875, 142.96348571777344, 1138.55421686747, 409.26426696777344], [941.2048192771085, 381.4713439941406, 1030.6024096385543, 423.3734939759036], [30.36144578313253, 0, 560.0000000000001, 858.5542168674699], [25.30120481927711, 745.5421686746988, 1109.879518072289, 1118.3132530120483], [576.8674698795181, 1154.727783203125, 900.7513427734375, 1236.869873046875], [992.2882080078125, 1387.4681396484375, 1217.924560546875, 1500.113037109375], [433.47296142578125, 1707.78955078125, 931.0843373493976, 1961.686746987952], [237.79428100585938, 1663.9158935546875, 370.82244873046875, 1799.7590361445784], [47.61470031738281, 1.2938674688339233, 1251.3648681640625, 870.6575317382812], [2.8391003608703613, 741.1758422851562, 1248.2388916015625, 1267.1064453125], [460.810791015625, 1308.58154296875, 1243.446044921875, 2016.7620849609375], [-4.7638773918151855, 1316.90380859375, 459.1439514160156, 2023.1463623046875]], "labels": [0, 0, 0, 0, 0, 1, 1, 1, 1, 1, 1, 1, 1, 2, 2, 2, 2], "image_id": 351}, "character_clusters": [0, 0, 1, 0, 0], "text_char_matches": [[0, 3], [4, 4], [5, 0], [7, 1]], "text_tail_matches": [], "text_classification": [1, 0, 0, 0, 1, 1, 0, 1], "character_names": ["Son Goku", "Son Goku", "Pterodactyl", "Son Goku", "Son Goku"]}