{"bbox_annotations": {"bboxes_as_x1y1x2y2": [[1014.758544921875, 903.0361328125, 1163.855421686747, 1198.7987060546875], [1103.132530120482, 1004.7731323242188, 1248.1927710843374, 1209.9254150390625], [651.0843373493976, 408.61033170769014, 863.6144578313254, 694.0665695006589], [377.83132530120486, 1458.6007080078125, 706.6172485351562, 1840.2409638554218], [553.2530120481928, 1523.132530120482, 637.5903614457832, 1647.9518072289156], [274.9397590361446, 904.0963855421687, 303.61445783132535, 951.3253012048193], [306.9879518072289, 895.6626506024097, 322.1686746987952, 934.4578313253013], [1285.308349609375, 159.28172302246094, 1354.4578313253014, 236.04690551757812], [341.0599060058594, 204.05616760253906, 662.8915662650602, 268.1927710843373], [158.55421686746988, 354.1769714355469, 710.1204819277109, 554.9397590361447], [820.5515747070312, 568.91064453125, 882.1686746987953, 632.5301204819277], [1224.5721435546875, 733.7349397590361, 1395.5919189453125, 1219.247802734375], [1197.5903614457832, 1162.628173828125, 1271.8072289156628, 1209.3975903614457], [840.5325927734375, 1632.3179931640625, 1022.1686746987953, 1831.8072289156628], [466.77862548828125, 793.8634643554688, 735.4473266601562, 908.4436645507812], [132.84681701660156, 1310.5496826171875, 318.7951807228916, 1794.698795180723], [876.0244140625, 1.9458253383636475, 1398.1409912109375, 758.2217407226562], [159.69508361816406, 147.48716735839844, 898.6498413085938, 359.31817626953125], [148.29531860351562, 376.8018493652344, 883.5255737304688, 708.8456420898438], [754.8922119140625, 752.0216064453125, 1393.9923095703125, 1919.6640625], [138.53721618652344, 745.6505126953125, 747.8672485351562, 1304.0264892578125], [139.49403381347656, 1335.327880859375, 749.4288940429688, 2017.9908447265625]], "labels": [0, 0, 0, 0, 0, 0, 0, 1, 1, 1, 1, 1, 1, 1, 1, 1, 2, 2, 2, 2, 2, 2], "image_id": 346}, "character_clusters": [0, 1, 0, 0, 1, 0, 1], "text_char_matches": [[6, 0]], "text_tail_matches": [], "text_classification": [1, 0, 0, 0, 0, 0, 1, 1, 0], "character_names": ["Bulma", "Son Goku", "Bulma", "Bulma", "Son Goku", "Bulma", "Son Goku"]}