{"bbox_annotations": {"bboxes_as_x1y1x2y2": [[905.7831325301205, 396.3855421686747, 1099.7392578125, 605.0056762695312], [1172.2891566265062, 32.66028594970703, 1265.0602409638554, 102.89156626506025], [398.07228915662654, 1501.2048192771085, 937.4292602539064, 2025.0343017578125], [197.34939759036146, 239.69418334960938, 509.39759036144585, 635.9036144578313], [312.6447448730469, 789.3910522460938, 437.95904541015625, 911.1747436523438], [879.6594848632812, 172.5652313232422, 1024.537841796875, 291.50146484375], [770.8141479492188, 1095.4837646484375, 1010.4347534179688, 1340.86181640625], [860.2409638554217, 747.2289156626506, 1012.0481927710844, 931.0843373493976], [377.83132530120486, 1133.4939759036145, 484.0963855421687, 1280.2409638554218], [748.9156626506025, 414.9397590361446, 971.566265060241, 610.6024096385543], [490.84337349397595, 430.12048192771084, 696.6265060240964, 635.9036144578313], [1122.844482421875, 168.33656311035156, 1231.53564453125, 275.0036926269531], [1103.154052734375, 465.9899597167969, 1165.795166015625, 502.16754150390625], [866.987951807229, 374.45783132530124, 974.9397590361447, 401.44578313253015], [703.41259765625, 168.16876220703125, 825.3172607421875, 350.4088134765625], [545.5457763671875, 223.7786865234375, 672.107177734375, 350.5477600097656], [85.04268646240234, 203.1136016845703, 227.46691131591797, 450.3614457831326], [1098.4656982421875, 737.1084337349398, 1235.878173828125, 917.9375], [1169.56787109375, 992.9434204101562, 1250.849609375, 1321.6600341796875], [646.8289794921875, 690.9972534179688, 755.2888793945312, 748.9156626506025], [546.7538452148438, 794.4578313253013, 639.5194702148438, 841.6867469879519], [115.735595703125, 702.9859619140625, 306.3219299316406, 738.7951807228916], [0, 813.0120481927711, 161.92771084337352, 1378.0722891566265], [963.132530120482, 1726, 1135.1807228915663, 1927.974609375], [152.14080810546875, 1753.7625732421875, 337.6390380859375, 1916.144578313253], [700.9437255859375, 144.78628540039062, 1253.489013671875, 635.6387329101562], [56.904380798339844, 145.09912109375, 691.7422485351562, 652.3025512695312], [506.2938537597656, 701.768310546875, 1253.5965576171875, 1445.197021484375], [9.948783874511719, 686.6368408203125, 522.83251953125, 1445.592041015625], [38.719886779785156, 1487.874755859375, 1248.5240478515625, 2020.240234375], [1060, 301, 1150, 363], [1060, 949, 1162, 1061], [735, 746, 774, 782], [645, 794, 688, 844]], "labels": [0, 0, 0, 0, 0, 0, 0, 0, 0, 0, 0, 1, 1, 1, 1, 1, 1, 1, 1, 1, 1, 1, 1, 1, 1, 2, 2, 2, 2, 2, 3, 3, 3, 3], "image_id": 333}, "character_clusters": [0, 0, 0, 0, 0, 1, 0, 1, 1, 2, 2], "text_char_matches": [[0, 5], [3, 5], [4, 3], [5, 3], [6, 6], [8, 7], [9, 7], [10, 4], [12, 2], [13, 2]], "text_tail_matches": [[0, 0], [8, 2], [9, 3], [6, 1]], "text_classification": [1, 0, 0, 1, 1, 1, 1, 0, 1, 1, 1, 0, 1, 1], "character_names": ["Son Goku", "Son Goku", "Son Goku", "Son Goku", "Son Goku", "Bulma", "Son Goku", "Bulma", "Bulma", "Giant Fish", "Giant Fish"]}