{"bbox_annotations": {"bboxes_as_x1y1x2y2": [[189.19729614257812, 1307.6610107421875, 455.5726318359375, 1600.7228915662652], [312.75042724609375, 231.73365783691406, 603.855421686747, 535.8241729736328], [538.0722891566265, 331.83380126953125, 708.7086181640625, 533.0120481927711], [1265.2493896484375, 35.81961441040039, 1341.429443359375, 96.14457831325302], [168.38983154296875, 743.855421686747, 386.26506024096386, 900.7228915662652], [442.0075378417969, 991.123046875, 722.5565795898438, 1706.987951807229], [358.6618347167969, 595.29248046875, 567.8135375976562, 895.8931274414062], [770.843373493976, 161.92771084337352, 1040.7228915662652, 531.212890625], [1118.3132530120483, 281.68674698795184, 1335.9036144578315, 526.2650602409639], [1160.0743408203125, 197.4379425048828, 1295.4216867469881, 277.1234436035156], [900.7228915662652, 422.27105712890625, 973.2530120481929, 462.1686746987952], [747.6533813476562, 328.87896728515625, 807.9518072289158, 432.9520263671875], [488.8089904785156, 119.23741912841797, 696.571533203125, 229.98802185058594], [178.7951807228916, 136.6265060240964, 383.5907287597656, 246.26506024096386], [877.7388916015625, 617.3493975903615, 1258.6700439453125, 848.4337349397591], [1067.574462890625, 915.9404907226562, 1332.5301204819277, 1170.6024096385543], [995.1807228915663, 1187.4698795180723, 1222.8915662650604, 1317.3493975903614], [663.3237915039062, 980.0000000000001, 793.2610473632812, 1060.963855421687], [944.2320556640625, 1443.2803955078125, 1032.129638671875, 1525.916015625], [543.132530120482, 1246.5060240963855, 634.2168674698796, 1283.6144578313254], [277.14825439453125, 1032.2891566265062, 379.5924987792969, 1116.8070068359375], [170.99945068359375, 1666.4541015625, 387.93206787109375, 1756.6112060546875], [193.9208526611328, 1771.819580078125, 368.9598083496094, 1904.3499755859375], [1065.2017822265625, 155.54095458984375, 1343.2781982421875, 542.5665283203125], [717.4214477539062, 151.47018432617188, 1043.3948974609375, 542.5414428710938], [148.30125427246094, 3.0167911052703857, 728.359130859375, 545.9931640625], [144.31980895996094, 575.0574340820312, 1344.195556640625, 914.1578979492188], [150.4904327392578, 949.5726318359375, 1396.45703125, 1932.143798828125], [396, 1105, 448, 1141], [637, 1057, 679, 1091], [810, 381, 850, 416]], "labels": [0, 0, 0, 0, 0, 0, 0, 0, 0, 1, 1, 1, 1, 1, 1, 1, 1, 1, 1, 1, 1, 1, 1, 2, 2, 2, 2, 2, 3, 3, 3], "image_id": 344}, "character_clusters": [0, 1, 0, 0, 0, 1, 1, 1, 1], "text_char_matches": [[3, 1], [8, 5], [11, 5], [12, 0], [13, 0]], "text_tail_matches": [[2, 2], [8, 1], [11, 0]], "text_classification": [0, 0, 0, 1, 0, 0, 0, 0, 1, 0, 1, 1, 1, 1], "character_names": ["Son Goku", "Bulma", "Son Goku", "Son Goku", "Son Goku", "Bulma", "Bulma", "Bulma", "Bulma"]}