{"bbox_annotations": {"bboxes_as_x1y1x2y2": [[873.7349397590363, 1406.7469879518073, 1398.3132530120483, 2010.1170654296875], [320.48192771084337, 166.18429565429688, 662.8915662650602, 658.4840698242188], [951.2334594726562, 312.1742248535156, 1143.5047607421875, 569.9404296875], [325.6997375488281, 884.8554077148438, 529.2131958007812, 1105.7747802734375], [936.1445783132531, 841.6766357421875, 1184.0963855421687, 1173.9759036144578], [151.6744842529297, 1485.564697265625, 681.3908538818359, 1922.322998046875], [674.698795180723, 33.881629943847656, 755.9353637695314, 104.57831325301206], [939.5180722891566, 209.8103790283203, 1032.2891566265062, 368.34814453125], [1194.2168674698796, 932.7710843373494, 1305.5421686746988, 1025.5421686746988], [624.57568359375, 1024.9542236328125, 734.0994873046875, 1096.3855421686749], [534.6987951807229, 951.44873046875, 626.5309448242186, 1029.0306396484375], [799.16748046875, 1773.642578125, 894.9627685546875, 1843.6144578313254], [158.38796997070312, 1346.38818359375, 362.35858154296875, 1491.0843373493976], [741.8828735351562, 1.007900357246399, 1400.9002685546875, 772.5986938476562], [147.62936401367188, 150.55377197265625, 740.36474609375, 788.8156127929688], [860.5122680664062, 813.1929321289062, 1344.3900146484375, 1249.048828125], [146.53622436523438, 824.2255859375, 852.7406616210938, 1260.525390625], [693.0611572265625, 1296.948974609375, 1396.316162109375, 2011.188232421875], [141.66986083984375, 1297.8179931640625, 684.392578125, 1930.4462890625], [899, 1768, 940, 1805], [1216.1446, 1045.7831, 1254.9398, 1094.6988000000001]], "labels": [0, 0, 0, 0, 0, 0, 0, 1, 1, 1, 1, 1, 1, 2, 2, 2, 2, 2, 2, 3, 3], "image_id": 330}, "character_clusters": [0, 1, 1, 1, 1, 0, 1], "text_char_matches": [[5, 5], [4, 0]], "text_tail_matches": [[4, 0], [1, 1]], "text_classification": [0, 0, 0, 0, 1, 1], "character_names": ["Giant Fish", "Son Goku", "Son Goku", "Son Goku", "Son Goku", "Giant Fish", "Son Goku"]}