{"bbox_annotations": {"bboxes_as_x1y1x2y2": [[927.3278198242188, 1786.9056396484375, 1072.833984375, 2019.43798828125], [1025.8048095703125, 110.00682830810547, 1372.279296875, 1204.8332443237305], [840, 29.587902069091797, 934.4578313253012, 146.74698795180723], [276.0895080566406, 1491.52880859375, 538.0552978515625, 1870.6024096385543], [391.3253012048193, 161.92771084337352, 831.566265060241, 545.9378051757812], [326.4682922363281, 683.132530120482, 539.7590361445783, 1054.533203125], [914.3689575195312, 194.68331909179688, 1082.639892578125, 313.8614196777344], [1128.9683837890625, 448.67469879518075, 1243.132530120482, 482.4096385542169], [317.10843373493975, 245.84519958496094, 445.5523376464844, 344.9537658691406], [171.5586700439453, 354.8852844238281, 310.3290710449219, 527.9518072289156], [622.9029541015625, 789.3975903614459, 764.5093994140625, 819.7590361445784], [176.06866455078125, 673.0120481927711, 347.0257873535156, 774.2168674698795], [673.0120481927711, 1094.698795180723, 994.4414672851561, 1226.265060240964], [1116.23046875, 1587.6761474609375, 1272.9337158203125, 1710.3614457831325], [751.6795043945312, 1605.7831325301206, 889.965576171875, 1713.7349397590363], [183.855421686747, 1809.8795180722893, 251.90283203125, 2010.6024096385545], [159.16983032226562, 148.2314453125, 923.1337890625, 557.5879516601562], [156.52069091796875, 601.2303466796875, 934.41943359375, 1097.443115234375], [146.61170959472656, 1122.9019775390625, 1397.0084228515625, 1457.8797607421875], [693.4853515625, 1498.052978515625, 1355.5623779296875, 2021.256103515625], [106.83056640625, 1474.773193359375, 688.7058715820312, 2017.2457275390625], [1064, 300, 1111, 337], [1095, 1711, 1140, 1758], [325, 407, 371, 446], [841, 1738, 892, 1789], [338, 741, 379, 773]], "labels": [0, 0, 0, 0, 0, 0, 1, 1, 1, 1, 1, 1, 1, 1, 1, 1, 2, 2, 2, 2, 2, 3, 3, 3, 3, 3], "image_id": 328}, "character_clusters": [0, 1, 0, 0, 1, 1], "text_char_matches": [[0, 1], [3, 4], [5, 5], [7, 0], [8, 0]], "text_tail_matches": [[0, 0], [3, 2], [5, 4], [7, 1], [8, 3]], "text_classification": [1, 0, 0, 1, 0, 1, 0, 1, 1, 0], "character_names": ["Son Goku", "Bulma", "Son Goku", "Son Goku", "Bulma", "Bulma"]}