{"bbox_annotations": {"bboxes_as_x1y1x2y2": [[159.61021423339844, 1362.2769775390625, 498.5874481201172, 1900.64697265625], [810.4646606445312, 1490.032470703125, 1072.7710843373495, 1773.7813720703125], [705.0602409638554, 906.7786865234375, 1227.9518072289156, 1218.162353515625], [688.810302734375, 241.4676971435547, 1038.2283935546875, 662.9179534912109], [322.1686746987952, 72.53012048192771, 1398.3132530120483, 565.0602409638554], [1265.0602409638554, 1114.9397590361446, 1325.7831325301206, 1226.2650602409637], [620.722891566265, 1012.0481927710844, 750.6024096385543, 1094.698795180723], [403.13253012048193, 983.428955078125, 525.9250488281249, 1061.904052734375], [181.7696990966797, 937.7918090820312, 304.2744140625, 1023.855421686747], [1150.765625, 1328.0960693359375, 1329.1566265060242, 1428.6746987951808], [366.01910400390625, 1330.843373493976, 507.3060302734375, 1417.6540527343752], [172.04819277108436, 1594.0712890625, 224.43641662597656, 1695.1807228915663], [0.5915522575378418, 3.6987125873565674, 1393.0880126953125, 855.5042724609375], [156.92269897460938, 891.118896484375, 1339.669189453125, 1237.2391357421875], [512.1561279296875, 1273.8131103515625, 1341.8504638671875, 1927.6611328125], [146.63563537597656, 1278.2227783203125, 504.4293518066406, 1920.032470703125], [1154, 1465, 1216, 1522], [386, 1448, 430, 1491], [1195, 1154, 1246, 1191]], "labels": [0, 0, 0, 0, 1, 1, 1, 1, 1, 1, 1, 1, 2, 2, 2, 2, 3, 3, 3], "image_id": 326}, "character_clusters": [0, 0, 0, 0], "text_char_matches": [[5, 1], [6, 0]], "text_tail_matches": [[1, 2], [5, 0], [6, 1]], "text_classification": [0, 0, 0, 0, 0, 1, 1, 0], "character_names": ["Son Goku", "Son Goku", "Son Goku", "Son Goku"]}