{"bbox_annotations": {"bboxes_as_x1y1x2y2": [[585.0701293945312, 134.93975903614458, 880.4819277108435, 561.6867469879518], [988.3659057617188, 1340.9638554216867, 1148.6746987951808, 1523.132530120482], [799.5180722891566, 737.7290649414062, 1129.048095703125, 1110.134033203125], [347.46987951807233, 1310.6024096385543, 558.3132530120482, 1889.2508544921875], [229.47303771972656, 842.5331420898438, 365.6197204589844, 1025.422607421875], [1035.6626506024097, 1492.7710843373495, 1113.2530120481929, 1570.3614457831327], [1099.632568359375, 777.5309860045651, 1241.1961669921875, 831.2158614928463], [1115.03564453125, 963.0364990234375, 1244.547607421875, 1090.9010009765625], [434.3302406402956, 755.7478439147213, 549.7457679840456, 859.4985153014401], [920.9638554216868, 1218.296630859375, 983.3734939759037, 1256.6265060240964], [914.2168674698796, 1256.6265060240964, 983.3734939759037, 1298.7951807228917], [931.0843373493976, 1290.3614457831327, 995.1807228915663, 1364.5783132530123], [47.186222076416016, 1185.7831325301206, 469.7630958557129, 1285.64599609375], [59.06043243408203, 1.476847767829895, 1243.825927734375, 676.9462280273438], [574.7300415039062, 726.5074462890625, 1253.1419677734375, 1122.55712890625], [59.53757858276367, 726.0742797851562, 564.0645141601562, 1119.894287109375], [881.963134765625, 1158.40478515625, 1257.4229736328125, 2020.07373046875], [8.620190620422363, 1121.9835205078125, 891.396484375, 2024.3282470703125], [403, 848, 442, 882], [1087, 857, 1126, 890], [1067, 955, 1126, 1026]], "labels": [0, 0, 0, 0, 0, 0, 1, 1, 1, 1, 1, 1, 1, 2, 2, 2, 2, 2, 3, 3, 3], "image_id": 327}, "character_clusters": [0, 1, 0, 2, 0, 3], "text_char_matches": [[0, 2], [1, 2], [2, 4]], "text_tail_matches": [[0, 1], [1, 2], [2, 0]], "text_classification": [1, 1, 1, 0, 0, 0, 0], "character_names": ["Son Goku", "none", "Son Goku", "Bulma", "Son Goku", "none"]}