{"bbox_annotations": {"bboxes_as_x1y1x2y2": [[0, 563.5, 1107.4003715515137, 2090.992431640625], [332.86767578125, 0, 874.7284545898438, 515.5698137283325], [1205.58447265625, 91.99028015136719, 1339.2325439453125, 300.1898193359375], [1025.225341796875, 157.35452270507812, 1190.739013671875, 371.0], [173.99183654785156, 70, 321.32373046875, 247.61039733886716], [73.89131164550781, 345.3017272949219, 226.72488403320312, 454.07806396484375], [1146.6507568359375, 651.5302124023438, 1320.434814453125, 845.50732421875], [976.5543823242188, 852.5179443359375, 1169.91748046875, 983.02001953125], [1111.6693115234375, 1611.75, 1340.0013427734375, 1745.5924072265625], [43.89390182495117, -0.2800986170768738, 1386.6976318359375, 542.9287109375], [-7.381677627563477, 561.5331420898438, 1387.265869140625, 2092.419921875], [976, 233, 1026, 274], [326, 180, 381, 226], [919, 946, 970, 998], [1048, 1620, 1111, 1664]], "labels": [0, 0, 1, 1, 1, 1, 1, 1, 1, 2, 2, 3, 3, 3, 3], "image_id": 318}, "character_clusters": [0, 0], "text_char_matches": [[2, 1], [3, 1], [1, 1], [0, 1], [4, 0], [5, 0], [6, 0]], "text_tail_matches": [[0, 0], [1, 0], [2, 1], [3, 1], [4, 2], [5, 2], [6, 3]], "text_classification": [1, 1, 1, 1, 1, 1, 1], "character_names": ["Senku Ishigami", "Senku Ishigami"]}