{"bbox_annotations": {"bboxes_as_x1y1x2y2": [[562.7055053710938, 178.0525665283203, 709.1732788085938, 323.1139831542969], [629.6406860351562, 515.4287719726562, 742.9671020507812, 830.629638671875], [294.72528076171875, 533.0611572265625, 604.060302734375, 807.249755859375], [605.3469848632812, 1422.75, 1392.36328125, 2086.16845703125], [197.84156799316406, 847.3630981445312, 736.3020172119141, 1396.543701171875], [268.0872802734375, 1433.919189453125, 585.926025390625, 2080.44677734375], [289.5309143066406, 90.64181518554688, 558.5388793945312, 479.77215576171875], [764.86181640625, 0, 1398.334716796875, 1380.499430656433], [111.92523193359375, 1426.25, 354.9397888183594, 2004.7333984375], [1331.75, 817.25, 1401.75, 964.25], [896, 934.5, 990.5, 1065.75], [550.9776000976562, 76.920654296875, 709.0298461914062, 121.33961486816406], [592.96875, 354.52392578125, 693.2183837890625, 489.1412353515625], [119.0989990234375, 43.94248580932617, 310.30047607421875, 278.91787338256836], [123.0279541015625, 308, 299.2063293457031, 479.39166259765625], [113.75, 549.5, 275.5822067260742, 697.955322265625], [187.25, 1769.25, 278.25, 1872.5], [169.75, 1877.75, 269.5, 1988.0], [740.7122192382812, -29.596637725830078, 1395.8397216796875, 1412.05859375], [109.7334213256836, 1.028613805770874, 733.5966186523438, 499.25323486328125], [104.08941650390625, 515.2780151367188, 733.9930419921875, 834.946533203125], [107.4883804321289, 831.5697021484375, 735.964599609375, 1408.236572265625], [597.8883666992188, 1418.9581298828125, 1395.2310791015625, 2091.581298828125], [107.76930236816406, 1416.01318359375, 590.617431640625, 2091.605712890625], [245, 695, 334, 769], [299, 369, 350, 416], [498, 170, 553, 221]], "labels": [0, 0, 0, 0, 0, 0, 0, 0, 0, 1, 1, 1, 1, 1, 1, 1, 1, 1, 2, 2, 2, 2, 2, 2, 3, 3, 3], "image_id": 312}, "character_clusters": [0, 1, 2, 1, 2, 1, 1, 1, 2], "text_char_matches": [[2, 6], [3, 6], [4, 6], [5, 6]], "text_tail_matches": [[2, 2], [3, 2], [4, 1], [5, 1], [6, 0]], "text_classification": [0, 0, 1, 1, 1, 1, 0, 0, 0], "character_names": ["Yuzuriha Ogawa", "Taiju Oki", "Senku Ishigami", "Taiju Oki", "Senku Ishigami", "Taiju Oki", "Taiju Oki", "Taiju Oki", "Senku Ishigami"]}