{"bbox_annotations": {"bboxes_as_x1y1x2y2": [[1.881280541419983, -1.7250583171844482, 470.0553833246231, 772.6163113117218], [481.54046630859375, -1.0038926601409912, 1129.665283203125, 705.3834974765778], [1205.75, 26.25, 1365.0, 187.25], [1022, 0, 1186.5, 166.25], [1195.6072998046875, 406.73919677734375, 1309.04248046875, 457.3933410644531], [586.25, 3.5, 749.0, 168.0], [434, 61.25, 595, 225.75], [421.75, 199.5, 574.0, 357.0], [510.5606689453125, 670.8823852539062, 600.08447265625, 716.5369262695312], [866.0796508789062, 990.5, 1008.503662109375, 1106.386474609375], [1151.0301513671875, 1404.4012451171875, 1317.3575439453125, 1512.348876953125], [358.248779296875, 901.25, 519.7785034179688, 983.0477294921875], [595.755859375, 1218.531005859375, 764.3719482421875, 1328.1307373046875], [495.779541015625, 1386, 708.672607421875, 1641.904541015625], [120.78048706054688, 1435.3529052734375, 288.4235534667969, 1611.853759765625], [1106.47265625, 1751.371826171875, 1168.2069091796875, 1880.6513671875], [505.5090637207031, 1977.492431640625, 561.962158203125, 2070.400146484375], [134.18502807617188, 1899.876220703125, 198.17144775390625, 2026.71826171875], [7.6021013259887695, 2.847517967224121, 1400.2469482421875, 778.380615234375], [992.9724731445312, 807.33251953125, 1326.53271484375, 1683.52685546875], [80.56947326660156, 791.06884765625, 862.811279296875, 1671.91845703125], [81.71186065673828, 1693.0750732421875, 1319.0531005859375, 2105.164306640625], [196, 1921, 225, 1960], [559, 1986, 594, 2021], [1076, 1783, 1115, 1831]], "labels": [0, 0, 1, 1, 1, 1, 1, 1, 1, 1, 1, 1, 1, 1, 1, 1, 1, 1, 2, 2, 2, 2, 3, 3, 3], "image_id": 297}, "character_clusters": [0, 1], "text_char_matches": [[7, 1], [10, 1], [11, 1], [9, 1], [12, 1], [8, 1]], "text_tail_matches": [[13, 2], [14, 1], [15, 0]], "text_classification": [0, 0, 0, 0, 0, 0, 0, 1, 1, 1, 1, 1, 1, 0, 0, 0], "character_names": ["Taiju Oki", "Senku Ishigami"]}