{"bbox_annotations": {"bboxes_as_x1y1x2y2": [[620.2482299804688, 1643.142333984375, 952.8703002929688, 2098.6083984375], [-2.6985347270965576, 428.28167724609375, 351.9635136127472, 1188.5419921875], [502.62060546875, 1837.277587890625, 612.1137084960938, 2098.489013671875], [1011.56396484375, 19.20789337158203, 1326.68896484375, 696.3065872192383], [200.89065551757812, 94.6097183227539, 909.6950988769531, 843.6464004516602], [1226.75, 374.5, 1293.25, 500.5], [1034.25, 395.5, 1107.75, 525.0], [1024.370849609375, 939.6055908203125, 1187.6385498046875, 1067.1568603515625], [736.2313232421875, 287.18292236328125, 989.5426635742188, 484.89447021484375], [1.75, 24.5, 448.0, 526.75], [819, 689.5, 999.25, 911.75], [509.5283508300781, 939.75, 714.332763671875, 1184.5989990234375], [907.6337280273438, 985.7867431640625, 970.2318115234375, 1034.940185546875], [805.6097412109375, 1076.73974609375, 921.2999877929688, 1152.72705078125], [54.347267150878906, 1068.13232421875, 179.95657348632812, 1134.427001953125], [1041.25, 1226.75, 1356.25, 1533.0], [43.75, 1253, 313.25, 1501.5], [1006.998291015625, 0.8894562721252441, 1331.897216796875, 1222.452880859375], [-1.2096822261810303, 0.6214052438735962, 1007.448486328125, 1221.34814453125], [14.436620712280273, 1236.8958740234375, 1379.954345703125, 1621.878173828125], [981.1546630859375, 1629.2340087890625, 1328.753662109375, 2101.8125], [495.20318603515625, 1631.78955078125, 978.163818359375, 2097.58984375], [94.99768829345703, 1636.380126953125, 492.05181884765625, 2099.99853515625], [432, 1090, 495, 1142], [144, 959, 185, 1006], [759, 1108, 806, 1148], [1080, 504, 1115, 549], [1231, 492, 1263, 543]], "labels": [0, 0, 0, 0, 0, 1, 1, 1, 1, 1, 1, 1, 1, 1, 1, 1, 1, 2, 2, 2, 2, 2, 2, 3, 3, 3, 3, 3], "image_id": 307}, "character_clusters": [0, 1, 1, 1, 0], "text_char_matches": [[3, 4], [9, 1], [6, 1], [7, 1], [8, 1]], "text_tail_matches": [[0, 4], [1, 3], [7, 2], [8, 2], [6, 0], [9, 1]], "text_classification": [0, 0, 0, 1, 0, 0, 1, 1, 1, 1, 0, 0], "character_names": ["Taiju Oki", "Senku Ishigami", "Senku Ishigami", "Senku Ishigami", "Taiju Oki"]}