{"bbox_annotations": {"bboxes_as_x1y1x2y2": [[1164.2822265625, 1388.8026123046875, 1401.408203125, 1771.730224609375], [570.5, 1874.56201171875, 724.7573852539062, 2082.25390625], [133.78948974609375, 1487.883544921875, 247.6663360595703, 1677.4940185546875], [99.75, 478.6532897949219, 456.75, 1135.4064636230469], [516.4295043945312, -2.9357314109802246, 1357.375732421875, 1144.4325547218323], [588.8427734375, 1168.1722412109375, 1211.73046875, 1771.9207763671875], [246.75, 1450.75, 430.5, 1769.25], [1298.4635009765625, 271.1268615722656, 1360.1749267578125, 657.012939453125], [559.77099609375, 207.13241577148438, 691.2755126953125, 405.0669860839844], [337.283447265625, 75.17130279541016, 498.2987365722656, 217.04029083251953], [110.02127075195312, 91.27226257324219, 305.8686828613281, 265.66845703125], [338.72430419921875, 300.22296142578125, 499.7251281738281, 503.4610900878906], [126.11843872070312, 307.1622619628906, 280.4121398925781, 478.98126220703125], [1230.9588623046875, 1195.9735107421875, 1347.5084228515625, 1431.8270263671875], [1013.18701171875, 1325.138671875, 1094.260986328125, 1368.9815673828125], [759.4818115234375, 1321.216064453125, 839.6934814453125, 1370.593017578125], [454.6777648925781, 1223.25, 630.8594360351562, 1402.7421875], [459.8114318847656, 1499.75, 615.5999755859375, 1707.3533935546875], [247.98666381835938, 1215.234130859375, 420.6879577636719, 1388.25927734375], [91, 1167.25, 227.5, 1398.25], [96.25, 1298.5, 213.5, 1487.5], [515.1142578125, -5.207061767578125, 1399.6468505859375, 1140.1837158203125], [89.89950561523438, -1.8817394971847534, 510.63519287109375, 1142.257568359375], [437.4646911621094, 1157.0899658203125, 1393.954345703125, 1772.881103515625], [77.15837097167969, 1161.918701171875, 432.2877502441406, 1779.5986328125], [79.1565170288086, 1793.96044921875, 1320.01513671875, 2098.572998046875], [635, 1288, 678, 1324], [192, 510, 237, 561], [1147, 1309, 1198, 1355], [1204, 345, 1272, 395], [349, 513, 391, 566]], "labels": [0, 0, 0, 0, 0, 0, 0, 1, 1, 1, 1, 1, 1, 1, 1, 1, 1, 1, 1, 1, 1, 2, 2, 2, 2, 2, 3, 3, 3, 3, 3], "image_id": 298}, "character_clusters": [0, 1, 1, 0, 1, 1, 0], "text_char_matches": [[1, 4], [2, 3], [4, 3], [5, 3], [3, 3], [6, 5], [9, 5], [10, 5], [11, 2]], "text_tail_matches": [[0, 3], [4, 4], [2, 4], [3, 1], [5, 1], [6, 2], [9, 0], [10, 0]], "text_classification": [1, 1, 1, 1, 1, 1, 1, 0, 0, 1, 1, 0, 0, 0], "character_names": ["Senku Ishigami", "Taiju Oki", "Taiju Oki", "Senku Ishigami", "Taiju Oki", "Taiju Oki", "Senku Ishigami"]}