{"bbox_annotations": {"bboxes_as_x1y1x2y2": [[448, 59.81327438354492, 1398.25, 1814.75], [0.2659022808074951, 0.11421740055084229, 1398.7633056640625, 2099.64794921875]], "labels": [0, 2], "image_id": 316}, "character_clusters": [0], "text_char_matches": [], "text_tail_matches": [], "text_classification": [], "character_names": ["Taiju Oki"]}