{"bbox_annotations": {"bboxes_as_x1y1x2y2": [[43.72162628173828, 1342.9195556640625, 1355.6774368286133, 2102.54345703125], [797.4102783203125, 180.61669921875, 1403.2733154296875, 1287.28125], [46.47582244873047, 1.946014165878296, 405.0875473022461, 1317.9059751033783], [546.5657958984375, 579.5213012695312, 827.7188720703125, 1311.763916015625], [1217.6942138671875, 145.0922393798828, 1343.92431640625, 286.373291015625], [446.122314453125, 208.55149841308594, 665.137451171875, 290.5420227050781], [1121.129638671875, 1435.61328125, 1274.9385986328125, 1645.074951171875], [897.841796875, 1595.1185302734375, 1092.6820068359375, 1838.2730712890625], [53.384483337402344, 1815.4764404296875, 261.84908294677734, 1960.0382080078125], [407.1295471191406, -4.589662075042725, 1403.7197265625, 1325.9434814453125], [42.4054069519043, 14.480325698852539, 402.81964111328125, 1316.8111572265625], [-0.8920431137084961, 1333.5367431640625, 1396.8114013671875, 2097.624267578125], [833, 1629, 893, 1674], [257, 1800, 314, 1849]], "labels": [0, 0, 0, 0, 1, 1, 1, 1, 1, 2, 2, 2, 3, 3], "image_id": 304}, "character_clusters": [0, 1, 1, 0], "text_char_matches": [[1, 3], [0, 3], [2, 0], [3, 0], [4, 0]], "text_tail_matches": [[2, 0], [3, 0], [4, 1]], "text_classification": [1, 1, 1, 1, 1], "character_names": ["Senku Ishigami", "Taiju Oki", "Taiju Oki", "Senku Ishigami"]}