{"bbox_annotations": {"bboxes_as_x1y1x2y2": [[571.73193359375, 1141.6546630859375, 715.5070190429688, 1325.0513916015625], [749.7136840820312, 1137.5474853515625, 927.2664794921875, 1324.6343994140625], [-1.6632556915283203, 1366.75, 660.9351940155029, 1737.3248291015625], [174.53700256347656, 9.015789985656738, 1089.523452758789, 1101.8856630325317], [785.843994140625, 1357.857666015625, 1402.429931640625, 1741.304931640625], [1169.688232421875, 104.4622802734375, 1326.6671142578125, 281.0128479003906], [125.91842651367188, 283.69342041015625, 254.48158264160156, 470.9205322265625], [1025.7376708984375, 1878.6055908203125, 1225.6552734375, 1969.97705078125], [218.83450317382812, 1894.134765625, 400.75, 1994.9227294921875], [-4.672545433044434, -9.558775901794434, 1393.5216064453125, 1109.10693359375], [64.60269927978516, 1123.6246337890625, 1300.7822265625, 1335.5943603515625], [13.627690315246582, 1360.973388671875, 1377.0567626953125, 1743.1168212890625], [68.02012634277344, 1757.2109375, 1302.9215087890625, 2098.98681640625], [1083, 187, 1140, 249], [300, 348, 360, 396]], "labels": [0, 0, 0, 0, 0, 1, 1, 1, 1, 2, 2, 2, 2, 3, 3], "image_id": 306}, "character_clusters": [0, 1, 0, 1, 1], "text_char_matches": [[1, 3], [0, 3], [2, 2], [3, 2]], "text_tail_matches": [[0, 0], [1, 1]], "text_classification": [1, 1, 1, 1], "character_names": ["Senku Ishigami", "Taiju Oki", "Senku Ishigami", "Taiju Oki", "Taiju Oki"]}