{"bbox_annotations": {"bboxes_as_x1y1x2y2": [[1141.022216796875, 1006.9373779296875, 1263.3497314453125, 1322.52880859375], [626.5252075195312, 1615.9735107421875, 733.821044921875, 2042.23291015625], [868, 1611.5255126953125, 1274.0333251953125, 2097.945068359375], [451.5, 1593.9444580078125, 681.8916625976562, 2079.307861328125], [980.4595336914062, 985.7354125976562, 1141.31689453125, 1293.5921630859375], [525.3421020507812, 864.3778686523438, 901.4490356445312, 1497.5966796875], [93.86454772949219, -10.407896041870117, 1049.2676849365234, 611.4257221221924], [1104.8695068359375, 109.0987319946289, 1271.7039794921875, 214.7791290283203], [967.75, 100.31697082519531, 1085.0, 218.08209228515625], [1073.7901611328125, 322.719482421875, 1254.0919189453125, 493.1691589355469], [926.3495483398438, 208.73045349121094, 1056.7510986328125, 322.9899597167969], [39.61426544189453, 161.0615234375, 233.14734649658203, 362.89178466796875], [1094.8890380859375, 705.25, 1268.8658447265625, 784.2611083984375], [943.8081665039062, 724.868408203125, 1066.1497802734375, 801.392822265625], [933.3042602539062, 1298.5, 1111.86328125, 1527.7330322265625], [1132.3140869140625, 1397.3201904296875, 1251.870361328125, 1463.2696533203125], [716.0145263671875, 661.5, 898.8223266601562, 903.255126953125], [539.6221313476562, 700, 686.1271362304688, 809.7944946289062], [30.825977325439453, 691.25, 159.89633560180664, 866.1547241210938], [35.707122802734375, 1382.5, 148.5938262939453, 1457.5977783203125], [2.5508344173431396, 3.050574779510498, 1352.4676513671875, 608.9144897460938], [918.3047485351562, 637.9515380859375, 1281.98095703125, 1557.4686279296875], [-4.7780632972717285, 624.1707153320312, 913.3741455078125, 1554.0919189453125], [742.2869873046875, 1566.2760009765625, 1281.037109375, 2100.886962890625], [306.8387756347656, 1573.57080078125, 728.0757446289062, 2095.121826171875], [70.41348266601562, 1566.9427490234375, 307.1532287597656, 2101.092529296875], [245, 218, 296, 260], [167, 790, 217, 839], [171, 1419, 229, 1462], [982, 1226, 1028, 1281], [800, 927, 841, 975], [1057, 183, 1105, 218]], "labels": [0, 0, 0, 0, 0, 0, 0, 1, 1, 1, 1, 1, 1, 1, 1, 1, 1, 1, 1, 1, 2, 2, 2, 2, 2, 2, 3, 3, 3, 3, 3, 3], "image_id": 309}, "character_clusters": [0, 0, 1, 1, 1, 1, 1], "text_char_matches": [[0, 6], [2, 6], [4, 6], [5, 0], [6, 0], [7, 4], [8, 4], [9, 5], [10, 5], [11, 5], [12, 5]], "text_tail_matches": [[0, 5], [2, 5], [4, 0], [8, 3], [7, 3], [9, 4], [10, 4], [11, 1], [12, 2]], "text_classification": [1, 0, 1, 0, 1, 1, 1, 1, 1, 1, 1, 1, 1], "character_names": ["Taiju Oki", "Taiju Oki", "Senku Ishigami", "Senku Ishigami", "Senku Ishigami", "Senku Ishigami", "Senku Ishigami"]}