{"bbox_annotations": {"bboxes_as_x1y1x2y2": [[947.995849609375, 114.49226379394531, 1129.248779296875, 285.70068359375], [3.941512107849121, 0, 610.75, 2098.25], [323.75, 696.1456298828125, 1253.0, 2010.75], [1006.25, 955.5, 1102.5, 1018.5], [63.67205047607422, 153.73202514648438, 161.18661499023438, 259.32086181640625], [124.70166015625, 922.8880004882812, 236.23220825195312, 1443.2957763671875], [-0.6700754165649414, -5.471545219421387, 1398.6219482421875, 2094.34228515625], [-3.998109817504883, 9.685635566711426, 618.8287353515625, 2109.001220703125]], "labels": [0, 0, 0, 1, 1, 1, 2, 2], "image_id": 317}, "character_clusters": [0, 1, 2], "text_char_matches": [[2, 1], [1, 1]], "text_tail_matches": [], "text_classification": [0, 1, 1], "character_names": ["none", "Taiju Oki", "Senku Ishigami"]}