{"bbox_annotations": {"bboxes_as_x1y1x2y2": [[338.92169189453125, 1679.960205078125, 529.78955078125, 2091.3701171875], [579.0877075195312, 265.0454406738281, 1396.6341552734375, 2047.7456359863281], [83.90652465820312, 1596.9945068359375, 270.1266174316406, 2093.17919921875], [1183, 71.75, 1340.5, 257.25], [1156.75, 225.75, 1307.25, 414.75], [3.5, 0, 572.25, 379.75], [729.75, 1393, 1001.0, 1659], [623, 1585.5, 973, 2072.0], [356.87799072265625, 1162, 517.31884765625, 1275.762939453125], [176.97283935546875, 1183, 345.089599609375, 1427.461181640625], [124.25, 1500.5380859375, 192.5, 1538.25], [114.01979064941406, 1552.9412841796875, 169.8531494140625, 1585.5], [227.5, 1632.75, 279.4620056152344, 1676.728271484375], [577.4847412109375, -2.4987010955810547, 1397.7518310546875, 2097.03466796875], [74.00167083740234, 995.6181640625, 561.9931640625, 2098.27587890625], [443, 1346, 491, 1436]], "labels": [0, 0, 0, 1, 1, 1, 1, 1, 1, 1, 1, 1, 1, 2, 2, 3], "image_id": 296}, "character_clusters": [0, 1, 1], "text_char_matches": [[5, 0], [6, 0]], "text_tail_matches": [[5, 0], [6, 0]], "text_classification": [0, 0, 0, 0, 0, 1, 1, 0, 0, 0], "character_names": ["Senku Ishigami", "Taiju Oki", "Taiju Oki"]}