{"bbox_annotations": {"bboxes_as_x1y1x2y2": [[801.213623046875, 855.75, 1284.90478515625, 2098.8283081054688], [948.8890380859375, 110.25, 1183.792236328125, 815.0079498291016], [0, 287, 767.2992668151854, 1720.25], [797.02001953125, 5.854126930236816, 944.535400390625, 822.5984506607056], [1085.7073974609375, 139.18434143066406, 1253.443359375, 341.6094055175781], [1091.7186279296875, 576.8504028320312, 1253.47900390625, 745.5519409179688], [995.4244995117188, 967.75, 1162.5611572265625, 1079.7220458984375], [495.66680908203125, 143.38906860351562, 653.827880859375, 227.2803192138672], [44.53812026977539, 1832.25, 218.92335891723633, 1923.6582031250002], [952.83056640625, -1.908150315284729, 1277.0531005859375, 826.6356811523438], [793.33935546875, -5.8532819747924805, 941.5172729492188, 826.4370727539062], [799.3057861328125, 852.6951904296875, 1274.3516845703125, 2095.093017578125], [-12.451595306396484, 5.798989295959473, 749.9021606445312, 2105.569580078125], [1072, 380, 1123, 440], [1027, 598, 1078, 650], [1066, 1162, 1103, 1218]], "labels": [0, 0, 0, 0, 1, 1, 1, 1, 1, 2, 2, 2, 2, 3, 3, 3], "image_id": 319}, "character_clusters": [0, 1, 2, 1], "text_char_matches": [[0, 1], [1, 1], [2, 0]], "text_tail_matches": [[0, 0], [1, 1], [2, 2]], "text_classification": [1, 1, 1, 1, 1], "character_names": ["Taiju Oki", "Senku Ishigami", "Yuzuriha Ogawa", "Senku Ishigami"]}