{"bbox_annotations": {"bboxes_as_x1y1x2y2": [[1092.79248046875, 1602.673828125, 1311.0224609375, 2099.55078125], [1078.1544189453125, 1053.9752197265625, 1266.3763427734375, 1268.857666015625], [54.25, 36.75, 979.4525184631348, 2098.25], [983.4891357421875, -3.8236231803894043, 1325.5538330078125, 2092.198974609375], [5.538135528564453, -2.8291492462158203, 955.2765502929688, 2096.778076171875]], "labels": [0, 0, 0, 2, 2], "image_id": 311}, "character_clusters": [0, 1, 1], "text_char_matches": [], "text_tail_matches": [], "text_classification": [], "character_names": ["Senku Ishigami", "Taiju Oki", "Taiju Oki"]}