{"bbox_annotations": {"bboxes_as_x1y1x2y2": [[108.96829986572266, 1206.6507568359375, 297.5, 1572.592529296875], [734.6171264648438, 1254.75, 1118.25, 2089.17578125], [-19.04970932006836, 693.2232666015625, 1377.2753639221191, 1163.6541748046875], [153.6365509033203, 1670.89306640625, 652.1997833251953, 1957.0142822265625], [735, 1202.25, 978.25, 1608.25], [239.75, 1214.5, 558.25, 1475.25], [470.75, 1181.25, 710.5, 1438.5], [712.25, 14, 876.75, 234.5], [881.983642578125, 1704.34033203125, 995.18017578125, 1778.573974609375], [55.65760803222656, 0.47239065170288086, 1391.947265625, 656.789306640625], [1.2350916862487793, 704.0297241210938, 1396.136474609375, 1174.0079345703125], [727.248291015625, 1185.7838134765625, 1328.69482421875, 2096.75146484375], [57.89885711669922, 1188.4713134765625, 702.2752685546875, 1582.0128173828125], [64.56155395507812, 1571.8975830078125, 700.28369140625, 1980.0738525390625]], "labels": [0, 0, 0, 0, 0, 0, 0, 1, 1, 2, 2, 2, 2, 2], "image_id": 314}, "character_clusters": [0, 0, 0, 1, 2, 1, 0], "text_char_matches": [], "text_tail_matches": [], "text_classification": [0, 0], "character_names": ["Senku Ishigami", "Senku Ishigami", "Senku Ishigami", "none", "Taiju Oki", "none", "Senku Ishigami"]}