{"bbox_annotations": {"bboxes_as_x1y1x2y2": [[0.7809340953826904, 5.197642803192139, 567.4147841930389, 658.2896227836609], [1046.7401123046875, 696.1669921875, 1314.678955078125, 1218.704345703125], [1172.91064453125, 214.99183654785156, 1308.183837890625, 496.29957580566406], [658.1266479492188, 3.8240299224853516, 1000.763671875, 658.5145816802979], [101.95490264892578, 1245.928955078125, 372.31363677978516, 2100.7744140625], [864.5396728515625, 1389.0313720703125, 942.0025634765625, 1589.7799072265625], [1159.13037109375, 85.97982788085938, 1287.225341796875, 159.41494750976562], [1182.013427734375, 509.36920166015625, 1267.7183837890625, 618.2947387695312], [586.1922607421875, 72.6907958984375, 776.7139282226562, 241.90106201171875], [645.75, 337.75, 763.0, 488.25], [340.3819885253906, 766.5, 440.4482116699219, 845.8563842773438], [36.02948760986328, 728, 197.81476593017578, 904.3471069335938], [241.5, 962.5, 306.25, 1085.0], [133, 1043, 197.75, 1155], [1040.53662109375, 1753.3426513671875, 1183.0880126953125, 2002.10546875], [584.5, 1800.75, 726.25, 2038.75], [138.25, 1897, 187.45477294921875, 2028.25], [1010.6212768554688, -2.354130268096924, 1316.96484375, 662.2606811523438], [576.5726318359375, -0.4814654588699341, 1004.3133544921875, 667.4515991210938], [-1.3482868671417236, -0.11988133192062378, 569.2786865234375, 671.197265625], [476.6275329589844, 682.0186767578125, 1317.5166015625, 1221.9114990234375], [-2.8372435569763184, 680.65576171875, 465.47711181640625, 1217.1146240234375], [379.1263427734375, 1248.994384765625, 1311.1885986328125, 2098.9033203125], [100.7531509399414, 1236.81640625, 377.6591796875, 2098.752197265625], [666, 263, 707, 311], [1193, 424, 1228, 465], [1224, 220, 1256, 260]], "labels": [0, 0, 0, 0, 0, 0, 1, 1, 1, 1, 1, 1, 1, 1, 1, 1, 1, 2, 2, 2, 2, 2, 2, 2, 3, 3, 3], "image_id": 299}, "character_clusters": [0, 0, 0, 0, 0, 0], "text_char_matches": [[0, 2], [1, 2], [2, 3], [4, 1], [5, 1]], "text_tail_matches": [[0, 2], [1, 1], [2, 0]], "text_classification": [1, 1, 1, 0, 1, 1, 0, 0, 0, 0, 1], "character_names": ["Taiju Oki", "Taiju Oki", "Taiju Oki", "Taiju Oki", "Taiju Oki", "Taiju Oki"]}