{"bbox_annotations": {"bboxes_as_x1y1x2y2": [[148.75, 103.83819580078125, 878.5, 1192.5364379882812], [225.9586944580078, 1214.5556640625, 1126.0482330322266, 1600.6788330078125], [220.07997131347656, 1695.75, 481.25, 2055.012451171875], [666.75, 1634.5, 1258.3009033203125, 2101.4013671875], [1089.528564453125, 177.0984344482422, 1266.9393310546875, 233.43846130371094], [743.75, 68.25, 890.75, 367.5], [537.25, 54.25, 698.25, 348.25], [55.87884521484375, 172.75357055664062, 206.50057983398438, 251.62258911132812], [1115.278076171875, 1305.1058349609375, 1308.923583984375, 1483.223388671875], [48.81648635864258, 1317.250244140625, 203.09564590454102, 1460.7742919921875], [1195.1260986328125, 1698.076904296875, 1305.76513671875, 1810.583740234375], [528.230224609375, 1864.6763916015625, 685.9961547851562, 1933.81689453125], [-5.895453453063965, 1.4408916234970093, 1393.442138671875, 1190.8232421875], [3.17080020904541, 1209.7708740234375, 1401.5635986328125, 1604.0391845703125], [4.079532623291016, 1625.258544921875, 1402.0382080078125, 2098.038330078125], [1115, 1706, 1173, 1761]], "labels": [0, 0, 0, 0, 1, 1, 1, 1, 1, 1, 1, 1, 2, 2, 2, 3], "image_id": 300}, "character_clusters": [0, 0, 0, 1], "text_char_matches": [[0, 0], [3, 0], [4, 1], [5, 1], [6, 3], [7, 2]], "text_tail_matches": [[6, 0]], "text_classification": [1, 0, 0, 1, 1, 1, 1, 1], "character_names": ["Taiju Oki", "Taiju Oki", "Taiju Oki", "Senku Ishigami"]}