{"bbox_annotations": {"bboxes_as_x1y1x2y2": [[-1.714158058166504, 715.75, 912.8329000473022, 2104.347900390625], [714, 210.26437377929688, 1313.6986083984375, 931.9747009277344], [498.1903076171875, 1307.25, 904.5110473632812, 2099.812255859375], [470.3626403808594, 112, 749.720703125, 882], [1013.25, 1192.009765625, 1288.85107421875, 1582.0], [916.7694702148438, 1629.25, 1322.66796875, 2097.176025390625], [0, 232.75, 458.5, 708.75], [1127.8131103515625, 104.26731872558594, 1254.9261474609375, 235.29119873046875], [905.5873413085938, 142.97842407226562, 1119.2110595703125, 430.5], [721.6533813476562, 568.75, 918.431396484375, 862.75], [201.8028564453125, 84.97899627685547, 434.60015869140625, 315.0], [29.62571907043457, 451.12030029296875, 228.5960865020752, 740.25], [1135.75, 992.25, 1260.712158203125, 1167.876220703125], [930.5098876953125, 981.75, 1109.71337890625, 1160.0750732421875], [1015, 1433.25, 1060.5, 1459.5], [926.9387817382812, 1418.973876953125, 1004.5, 1461.25], [1185.7091064453125, 1678.25, 1289.342041015625, 1864.1629638671873], [935.8026123046875, 1622.25, 1120.1357421875, 1920.8131103515625], [705.0244750976562, 1190, 862.1651000976562, 1281.185302734375], [134.4753875732422, 1795.8907470703125, 389.5657043457031, 1842.712646484375], [462.20867919921875, 4.362823009490967, 1312.5941162109375, 936.48779296875], [-1.6528666019439697, -7.03300666809082, 465.75958251953125, 883.9935913085938], [919.7568359375, 963.526611328125, 1312.607666015625, 1598.0518798828125], [917.3419189453125, 1599.6485595703125, 1315.631103515625, 2101.391357421875], [3.640103340148926, 847.3689575195312, 911.954345703125, 2111.023681640625], [631, 1269, 680, 1311], [1009, 467, 1056, 528], [1181, 1176, 1217, 1219], [901, 780, 946, 825], [1033, 1160, 1073, 1214], [1011, 1364, 1059, 1409]], "labels": [0, 0, 0, 0, 0, 0, 0, 1, 1, 1, 1, 1, 1, 1, 1, 1, 1, 1, 1, 1, 2, 2, 2, 2, 2, 3, 3, 3, 3, 3, 3], "image_id": 627}, "character_clusters": [0, 1, 1, 2, 1, 1, 1], "text_char_matches": [[0, 1], [1, 1], [2, 1], [3, 6], [4, 6], [11, 0], [5, 4], [6, 4], [8, 0], [12, 0], [10, 0], [9, 0]], "text_tail_matches": [[0, 1], [1, 1], [2, 3], [5, 2], [6, 4], [5, 4], [6, 2], [7, 5], [8, 5], [11, 0]], "text_classification": [1, 1, 1, 1, 1, 1, 1, 1, 1, 1, 1, 1, 1], "character_names": ["Chitoge Kirisaki", "Raku Ichij\u014d", "Raku Ichij\u014d", "The Promise Girl", "Raku Ichij\u014d", "Raku Ichij\u014d", "Raku Ichij\u014d"]}