{"bbox_annotations": {"bboxes_as_x1y1x2y2": [[850.5, 1889.56787109375, 1019.439697265625, 2099.818603515625], [719.613525390625, 1961.75, 801.86572265625, 2103.131103515625], [592.4666748046875, 687.75, 811.8428344726562, 888.4616088867188], [581.2423706054688, 1436.75, 747.7881469726562, 1649.121337890625], [714, 1450.387451171875, 815.5, 1645.5218505859375], [1009.05322265625, 0, 1399.472412109375, 621.25], [703.3977661132812, 346.5, 986.0000610351562, 619.9479370117188], [781.7337646484375, 1895.25, 872.3987426757812, 2099.295654296875], [80.5, 131.25, 467.25, 622.1414031982422], [486.5478515625, 351.75, 729.9342041015625, 623.8667602539061], [871.5, 1394.966552734375, 989.6648559570314, 1639.35107421875], [669.7188720703125, 1946.3321533203125, 746.9624633789062, 2103.035400390625], [924, 700, 1044.75, 890.75], [752.5, 1426.25, 974.75, 1643.25], [1130.0916748046875, 182.8787841796875, 1315.6229248046875, 418.8148193359375], [648.8319091796875, 124.86909484863281, 862.0880126953125, 292.286865234375], [329.390869140625, 166.46676635742188, 466.1327209472656, 393.75], [251.020263671875, 557.9926147460938, 375.5045471191406, 597.863037109375], [1051.8797607421875, 689.5, 1273.1937255859375, 871.2168579101562], [416.0219421386719, 798.4177856445312, 525.7410278320312, 841.25341796875], [280.8429870605469, 698.25, 438.82659912109375, 766.5], [1133.7918701171875, 1023.983642578125, 1272.71484375, 1615.1524658203125], [702.3646850585938, 1172.5, 887.6184692382812, 1242.28662109375], [1144.6748046875, 1790.416748046875, 1291.3109130859375, 1915.798583984375], [542.4041137695312, 1894.589111328125, 664.3991088867188, 1955.5946044921875], [423.3006591796875, 1826.2335205078125, 545.4403076171875, 1880.2069091796875], [163.7588653564453, 1757.4239501953125, 315.69500732421875, 1957.17529296875], [470.335693359375, 2.435021162033081, 1402.83984375, 627.8543701171875], [79.65185546875, -5.502744197845459, 469.3326721191406, 630.724609375], [72.6853256225586, 671.1229248046875, 1386.2568359375, 911.474365234375], [72.55902862548828, 918.7078857421875, 1393.17724609375, 1663.369873046875], [41.67218017578125, 1708.8524169921875, 1391.619140625, 2094.932861328125], [1128, 481, 1172, 528], [294, 455, 334, 503], [296, 377, 339, 418], [520, 841, 558, 873]], "labels": [0, 0, 0, 0, 0, 0, 0, 0, 0, 0, 0, 0, 0, 0, 1, 1, 1, 1, 1, 1, 1, 1, 1, 1, 1, 1, 1, 2, 2, 2, 2, 2, 3, 3, 3, 3], "image_id": 610}, "character_clusters": [0, 1, 0, 0, 1, 1, 2, 2, 1, 0, 3, 3, 2, 2], "text_char_matches": [[1, 6], [2, 8], [3, 8], [0, 5], [4, 8], [5, 2], [9, 0]], "text_tail_matches": [[0, 0], [2, 2], [3, 1], [5, 3]], "text_classification": [1, 1, 1, 1, 1, 1, 0, 1, 0, 1, 0, 0, 1], "character_names": ["Raku Ichij\u014d", "Issei Ichij\u014d", "Raku Ichij\u014d", "Raku Ichij\u014d", "Issei Ichij\u014d", "Issei Ichij\u014d", "Chitoge Kirisaki", "Chitoge Kirisaki", "Issei Ichij\u014d", "Raku Ichij\u014d", "Adelt Wogner Kirisaki", "Adelt Wogner Kirisaki", "Chitoge Kirisaki", "Chitoge Kirisaki"]}