{"bbox_annotations": {"bboxes_as_x1y1x2y2": [[1065.6876220703125, 1786.75, 1163.169921875, 2098.795166015625], [1187.9853515625, 1792.9522705078125, 1328.844482421875, 2098.074462890625], [577.5, 922.25, 1319.5, 1401.75], [1074.8349609375, 395.5, 1291.5, 864.0073852539062], [364, 332.5, 797.546142578125, 889.5574645996095], [0, 1415.75, 787.5, 2098.25], [827.9319458007812, 420, 1039.67529296875, 870.148193359375], [269.5, 488.25, 642.0341186523438, 894.9892578125], [1115.5771484375, 110.4953384399414, 1276.41357421875, 238.70978546142578], [921.3543701171875, 106.6544418334961, 1113.9443359375, 364.0], [982.8173828125, 593.25, 1166.8096923828125, 848.75], [1191.5302734375, 627.2391967773438, 1279.5130615234375, 771.7021484375], [810.857177734375, 687.7578735351562, 894.8504028320312, 757.4652709960938], [540.4217529296875, 139.12750244140625, 790.2022705078125, 337.75], [244.3379669189453, 106.08123016357422, 417.7176818847656, 341.56114959716797], [145.33566284179688, 499.17724609375, 270.61138916015625, 546.4860229492188], [101.5, 612.8838500976562, 254.3970413208008, 897.75], [1134, 1249.5, 1363.25, 1454.25], [351.8807067871094, 995.75, 532.0, 1055.25], [1074.5, 1694, 1176.0, 1750.0103759765625], [949.9517211914062, 1805.34130859375, 1053.779052734375, 1910.690673828125], [764.75, 1457.75, 916.7246704101562, 1627.3447265625], [735.3146362304688, 1713.25, 899.0635375976562, 1943.144287109375], [341.25, 1406.489013671875, 490.6549377441406, 1457.75], [106.75, 1662.5, 282.69921112060547, 1922.3438720703125], [811.1004028320312, -4.4150190353393555, 1322.419677734375, 882.537109375], [-3.4539341926574707, 1.53733491897583, 796.1361083984375, 905.5745849609375], [0.951915979385376, 924.5328979492188, 1319.37109375, 1400.0107421875], [937.2677612304688, 1438.652587890625, 1325.246337890625, 2102.30859375], [7.799327373504639, 1411.1455078125, 920.047119140625, 2098.469482421875], [720, 1576, 774, 1630], [954, 1693, 987, 1743], [680, 1728, 726, 1775], [243, 612, 308, 670], [882, 612, 913, 658], [896, 708, 923, 756], [735, 381, 762, 436], [414, 373, 484, 409]], "labels": [0, 0, 0, 0, 0, 0, 0, 0, 1, 1, 1, 1, 1, 1, 1, 1, 1, 1, 1, 1, 1, 1, 1, 1, 1, 2, 2, 2, 2, 2, 3, 3, 3, 3, 3, 3, 3, 3], "image_id": 615}, "character_clusters": [0, 1, 1, 1, 1, 2, 0, 0], "text_char_matches": [[5, 4], [6, 4], [7, 7], [8, 7], [4, 6], [13, 5], [14, 5], [16, 5], [12, 5]], "text_tail_matches": [[4, 4], [4, 5], [5, 6], [6, 7], [7, 3], [8, 3], [12, 1], [13, 0], [14, 2], [14, 0], [13, 2]], "text_classification": [1, 1, 1, 1, 1, 1, 1, 1, 1, 1, 0, 0, 1, 1, 1, 0, 1], "character_names": ["Chitoge Kirisaki", "Raku Ichij\u014d", "Raku Ichij\u014d", "Raku Ichij\u014d", "Raku Ichij\u014d", "Claude Ringheart", "Chitoge Kirisaki", "Chitoge Kirisaki"]}