{"bbox_annotations": {"bboxes_as_x1y1x2y2": [[1020.25, 1692.25, 1197.09912109375, 1966.2244873046875], [709.7723999023438, 0, 1402.0531005859375, 1573.25], [1153.730224609375, 1696.9195556640625, 1323.7806396484375, 1950.8780517578125], [413, 1753.5, 590.1360473632812, 2098.51806640625], [74.81260681152344, 1533, 500.5, 2098.25], [83.3607406616211, 22.75, 695.4335556030273, 1501.3081359863281], [1034.3626708984375, 132.21315002441406, 1284.896728515625, 355.25], [1113.3828125, 1078.161376953125, 1309.474853515625, 1394.9599609375], [832.5116577148438, 1247.583251953125, 1107.41748046875, 1450.9444580078125], [487.146484375, 165.78160095214844, 667.8396606445312, 324.567626953125], [210.69662475585938, 189.66378784179688, 462.65570068359375, 348.1882019042969], [157.52056884765625, 1158.256103515625, 540.75, 1446.21337890625], [1120, 1573.25, 1279.25, 1620.5], [960.7565307617188, 1541.75, 1120.0, 1596.09130859375], [908.6220092773438, 1815.3309326171875, 1015.1958618164062, 1858.5648193359375], [588.7874145507812, 1620.5, 869.75, 1866.250244140625], [393.75, 1566.25, 530.79345703125, 1643.25], [127.58113098144531, 1861.8817138671875, 201.27670288085938, 1898.920166015625], [699.578857421875, 14.362353324890137, 1394.7613525390625, 1568.6800537109375], [69.528564453125, -0.13687312602996826, 699.4766845703125, 1502.895751953125], [882.8626708984375, 1564.9261474609375, 1395.6142578125, 2099.492919921875], [75.9637680053711, 1527.291259765625, 873.4776611328125, 2101.20947265625], [204, 1914, 246, 1950], [544, 1819, 589, 1863], [1130, 453, 1197, 564], [976, 1101, 1034, 1217], [547, 528, 614, 627], [318, 1065, 381, 1161]], "labels": [0, 0, 0, 0, 0, 0, 1, 1, 1, 1, 1, 1, 1, 1, 1, 1, 1, 1, 2, 2, 2, 2, 3, 3, 3, 3, 3, 3], "image_id": 618}, "character_clusters": [0, 1, 1, 2, 3, 0], "text_char_matches": [[0, 1], [3, 5], [4, 5], [1, 1], [2, 1], [5, 5], [9, 3], [11, 4]], "text_tail_matches": [[0, 2], [1, 3], [2, 3], [3, 4], [4, 4], [5, 5], [9, 1], [11, 0]], "text_classification": [1, 1, 1, 1, 1, 1, 0, 0, 1, 1, 0, 1], "character_names": ["Chitoge Kirisaki", "Raku Ichij\u014d", "Raku Ichij\u014d", "Ryuu", "Claude Ringheart", "Chitoge Kirisaki"]}