{"bbox_annotations": {"bboxes_as_x1y1x2y2": [[89.25, 1302, 1267.0, 2098.25], [192.5, 526.75, 1398.25, 1375.5], [1121.840087890625, 154.27468872070312, 1290.551513671875, 390.6737365722656], [766.5, 120.75, 1006.2379150390626, 411.25], [222.25, 184.7940216064453, 359.22509765625, 342.2064514160156], [1133.5394287109375, 761.25, 1317.3592529296875, 1003.4493408203125], [179.63140869140625, 836.5, 348.2417907714844, 886.5706176757812], [149.2002410888672, 982.413818359375, 296.911865234375, 1180.825439453125], [1182.9478759765625, 1604.811279296875, 1304.3681640625, 1688.5540771484375], [120.83203125, 1671.9091796875, 293.52691650390625, 1889.9078369140625], [81.16920471191406, 1.9307746887207031, 1372.0440673828125, 526.8665161132812], [82.83834838867188, 528.786376953125, 1397.7874755859375, 1362.5357666015625], [81.53691101074219, 1306.8839111328125, 1399.468994140625, 2098.462890625], [293, 1804, 331, 1844], [1146, 1718, 1184, 1752], [346, 864, 390, 906]], "labels": [0, 0, 1, 1, 1, 1, 1, 1, 1, 1, 2, 2, 2, 3, 3, 3], "image_id": 608}, "character_clusters": [0, 1], "text_char_matches": [[4, 1], [5, 1], [6, 0], [7, 0], [0, 1], [1, 1], [2, 1], [3, 1]], "text_tail_matches": [[4, 2], [5, 2], [6, 1], [7, 0]], "text_classification": [1, 1, 1, 1, 1, 1, 1, 1], "character_names": ["Chitoge Kirisaki", "Raku Ichij\u014d"]}