{"bbox_annotations": {"bboxes_as_x1y1x2y2": [[976.4757690429688, 908.9844970703125, 1321.25, 1293.9931640625], [94.5, 1895.0291748046875, 423.27819442749023, 2038.639892578125], [279.3875427246094, 194.73118591308594, 723.2670288085938, 855.9146575927734], [740.4852294921875, 901.25, 1211.0, 1349.8531494140625], [1154.1717529296875, 151.23318481445312, 1286.785400390625, 220.45956420898438], [1027.61376953125, 314.7815246582031, 1225.8785400390625, 474.0368957519531], [1057.820556640625, 740.25, 1165.5, 789.25], [1072.75, 780.5, 1176.0, 827.75], [735, 125.06290435791016, 844.7534790039062, 171.5], [710.5, 182, 824.25, 229.25], [664.4099731445312, 444.5, 869.3754272460938, 759.4794311523438], [843.0067138671875, 483.1861572265625, 941.7499389648438, 544.7516479492188], [135.8450469970703, 528.097900390625, 331.37884521484375, 691.1022338867188], [1176.31201171875, 908.25, 1297.210205078125, 1072.75], [1067.9434814453125, 1299.4017333984375, 1191.0572509765625, 1349.346435546875], [744.629638671875, 1188.25, 852.2250366210938, 1239.8173828125], [560.1448974609375, 953.75, 714.5913696289062, 1121.562255859375], [331.5164489746094, 1102.5, 472.5, 1149.75], [112.33712005615234, 978.25, 300.5284652709961, 1146.7025146484377], [1180.4146728515625, 1416.91748046875, 1265.63134765625, 1723.527099609375], [596.8177490234375, 1522.5, 713.8329467773438, 1621.4346923828125], [490.89215087890625, 1569.75, 612.1884765625, 1693.6593017578125], [187.25, 1545.1156005859375, 367.5, 1584.461181640625], [217.1548309326172, 1741.25, 336.0, 1804.25], [1022.9091186523438, -2.843794345855713, 1321.34716796875, 846.0596313476562], [2.852076292037964, 5.466601371765137, 1034.94873046875, 873.76025390625], [733.63818359375, 884.5897827148438, 1316.7904052734375, 1356.940185546875], [-3.680199384689331, 910.2913818359375, 734.2542724609375, 1356.706298828125], [886.6902465820312, 1396.3857421875, 1322.0709228515625, 2078.80810546875], [460.7101745605469, 1398.5263671875, 878.2831420898438, 2092.895263671875], [3.1882615089416504, 1405.8675537109375, 449.058349609375, 2084.34033203125], [267, 1679, 304, 1730], [474, 1745, 519, 1787], [335, 520, 393, 612], [600, 422, 689, 518], [198, 1166, 275, 1231], [516, 1116, 605, 1227]], "labels": [0, 0, 0, 0, 1, 1, 1, 1, 1, 1, 1, 1, 1, 1, 1, 1, 1, 1, 1, 1, 1, 1, 1, 1, 2, 2, 2, 2, 2, 2, 2, 3, 3, 3, 3, 3, 3], "image_id": 629}, "character_clusters": [0, 1, 1, 1], "text_char_matches": [[0, 2], [1, 2], [6, 2], [8, 2], [7, 2], [12, 3], [14, 3], [18, 1], [9, 0]], "text_tail_matches": [[7, 3], [6, 3], [8, 2], [12, 5], [14, 4], [16, 1], [17, 1], [18, 0]], "text_classification": [1, 1, 0, 0, 0, 0, 1, 1, 1, 1, 0, 0, 1, 0, 1, 0, 1, 1, 1, 0], "character_names": ["Chitoge Kirisaki", "Raku Ichij\u014d", "Raku Ichij\u014d", "Raku Ichij\u014d"]}