{"bbox_annotations": {"bboxes_as_x1y1x2y2": [[1082.818359375, 1794.8021240234375, 1131.273681640625, 1931.943603515625], [921.3759155273438, 1866.2469482421875, 1073.50439453125, 2064.563232421875], [338.195068359375, 1601.8277587890625, 568.75, 2100.29443359375], [94.48004150390625, 1777.2237548828125, 232.26962280273438, 2102.8017578125], [209.40374755859375, 235.38096618652344, 302.4931640625, 476.0489196777344], [0, 234.5, 180.25, 476.3502197265625], [934.5, 952, 1298.134521484375, 1483.005615234375], [10.976344108581543, 542.3414916992188, 864.0326795578003, 1490.32177734375], [1131.290283203125, 1772.5579833984375, 1192.86669921875, 1935.6346435546875], [689.95263671875, -0.12426227331161499, 1076.92822265625, 475.30881267786026], [1073.866455078125, 188.95391845703125, 1267.922607421875, 321.9380187988281], [626.5, 259.810302734375, 737.1685180664064, 455.0401306152344], [393.54486083984375, 216.5137939453125, 575.8046264648438, 329.2264709472656], [983.6177978515625, 653.6500854492188, 1144.6781005859375, 775.9505615234375], [1123.3804931640625, 1574.78173828125, 1227.672119140625, 1664.25], [983.5, 1550.5501708984375, 1104.058349609375, 1697.5], [770.8770141601562, 1571.5, 911.0704956054688, 1739.5], [1137.5, 1956.5, 1211.8721923828125, 2005.5], [778.1082763671875, 1819.593017578125, 893.0992431640625, 1912.7500000000002], [624.3196411132812, 1594.25, 726.0562744140625, 1639.75], [612.0140380859375, 1805.28125, 735.3247680664062, 1932.8675537109375], [248.33157348632812, 1909.25, 428.75, 1971.9256591796875], [119.89104461669922, 1583.75, 244.01513671875, 1722.0], [356.760498046875, 3.788591146469116, 1301.1162109375, 483.6030578613281], [-1.8507391214370728, -4.34181022644043, 352.5616455078125, 485.58648681640625], [861.4347534179688, 521.6484375, 1312.62255859375, 1490.5419921875], [-3.692924976348877, 514.7423706054688, 852.3878173828125, 1488.7314453125], [751.8056640625, 1527.883056640625, 1306.8255615234375, 2095.29833984375], [-6.672507286071777, 1533.1409912109375, 749.6431884765625, 2095.890380859375], [255, 1671, 290, 1702], [606, 1610, 643, 1638], [1042, 820, 1076, 861], [1021, 188, 1068, 238], [883, 1907, 923, 1946], [571, 303, 612, 345], [1140, 1690, 1181, 1738]], "labels": [0, 0, 0, 0, 0, 0, 0, 0, 0, 0, 1, 1, 1, 1, 1, 1, 1, 1, 1, 1, 1, 1, 1, 2, 2, 2, 2, 2, 2, 3, 3, 3, 3, 3, 3, 3], "image_id": 260}, "character_clusters": [0, 2, 1, 0, 1, 0, 2, 0, 1, 0], "text_char_matches": [[0, 9], [2, 9], [3, 6], [4, 8], [5, 8], [6, 1], [8, 1], [9, 2], [10, 2], [12, 2]], "text_tail_matches": [[0, 3], [2, 5], [3, 2], [4, 6], [5, 6], [6, 4], [8, 4], [9, 1], [10, 1], [12, 0]], "text_classification": [1, 0, 1, 1, 1, 1, 1, 0, 1, 1, 1, 0, 1], "character_names": ["Izuku Midoriya", "Kyudai Garaki", "Inko Midoriya", "Izuku Midoriya", "Inko Midoriya", "Izuku Midoriya", "Kyudai Garaki", "Izuku Midoriya", "Inko Midoriya", "Izuku Midoriya"]}