{"bbox_annotations": {"bboxes_as_x1y1x2y2": [[490.97015380859375, 1445.9156494140625, 1125.611572265625, 2098.25], [687.75, 292.92376708984375, 1190.0, 889.0], [64.75, 1323, 100.01722717285155, 1431.508056640625], [117.90331268310547, 1348.0928955078125, 223.0631866455078, 1500.5694580078125], [303.2799987792969, 1336.2188720703125, 366.4930419921875, 1497.9012451171875], [1089.6680908203125, 1342.7520751953125, 1151.92578125, 1420.541015625], [1097.25, 1568.329833984375, 1232.6181640625, 2101.3935546875], [351.8843994140625, 1333.342529296875, 450.9867858886719, 1502.129150390625], [537.25, 1047.2301025390625, 702.1144409179688, 1155.0], [63.29692459106445, 371, 962.4999999999999, 1018.4253540039061], [1150.4921875, 1332.2493896484375, 1216.9180908203125, 1411.0343017578125], [407.75, 1867.25, 735.0, 2098.742431640625], [73.06721496582031, 1384.0675048828125, 147.0, 1499.75], [1050, 1277.5, 1375.5, 1499.75], [274.75, 1333.5, 336.0, 1491.0], [215.25, 1338.75, 276.5, 1498.0], [246.75, 1359.75, 278.25, 1492.75], [159.25, 1356.25, 197.75, 1393.0], [441, 1344, 491.75, 1492.75], [460.25, 1387.75, 539.0, 1494.5], [516.25, 1342.25, 579.25, 1494.5], [568.75, 1340.5, 642.25, 1498.0], [621.25, 1344, 679.0, 1468.25], [675.5, 1340.5, 728.0, 1450.75], [717.5, 1345.75, 764.75, 1442.0], [757.75, 1375.5, 801.5, 1456.0], [798, 1349.25, 838.25, 1400.0], [747.25, 1029, 771.75, 1067.5], [85.75, 28, 1319.5, 318.5], [812, 359.8296813964844, 892.5, 413.3794860839844], [1034.25, 1034.25, 1157.140869140625, 1178.263427734375], [964.25, 1099, 1039.897216796875, 1172.5], [1030.865234375, 1218, 1166.470458984375, 1272.25], [782.25, 1036, 915.5728759765624, 1181.25], [356.8716125488281, 1029, 521.0463256835938, 1218], [486.9990539550781, 1279.25, 548.4798583984375, 1333.5], [164.5, 1063.1348876953125, 295.75, 1205.75], [1002.6763305664062, 1581.5977783203125, 1103.2315673828125, 1638.194091796875], [318.5, 1659.5191650390625, 461.7510070800781, 1760.5], [75.85942077636719, 1699.25, 308.7811279296875, 1842.75], [0.7426738739013672, -0.7236063480377197, 1389.862060546875, 1039.5640869140625], [66.92776489257812, 1013.3483276367188, 1380.21337890625, 1513.699951171875], [56.22304153442383, 1546.8834228515625, 1221.61376953125, 2095.440185546875], [453, 1673, 496, 1712], [392, 1224, 434, 1267]], "labels": [0, 0, 0, 0, 0, 0, 0, 0, 0, 0, 0, 0, 0, 0, 0, 0, 0, 0, 0, 0, 0, 0, 0, 0, 0, 0, 0, 0, 1, 1, 1, 1, 1, 1, 1, 1, 1, 1, 1, 1, 2, 2, 2, 3, 3], "image_id": 247}, "character_clusters": [0, 1, 2, 3, 4, 5, 6, 7, 8, 8, 9, 10, 11, 12, 13, 14, 15, 16, 17, 0, 18, 19, 20, 21, 22, 23, 24, 1], "text_char_matches": [[0, 9], [6, 7], [10, 0]], "text_tail_matches": [[6, 1], [10, 0]], "text_classification": [1, 0, 1, 1, 1, 1, 1, 0, 1, 0, 1, 1], "character_names": ["Izuku Midoriya", "Shinji Nishiya", "none", "none", "none", "none", "none", "none", "Giant Villain", "Giant Villain", "none", "none", "none", "none", "none", "none", "none", "none", "none", "Izuku Midoriya", "none", "none", "none", "none", "none", "none", "none", "Shinji Nishiya"]}