{"bbox_annotations": {"bboxes_as_x1y1x2y2": [[838.25, 1622.1636962890625, 1398.2545166015625, 2052.75], [0, 0, 1177.75, 1482.25], [1015, 1188.25, 1396.5, 1543.5], [292.25, 341.25, 1076.25, 1492.75], [3.5, 1554, 666.75, 2075.5], [1174.25, 175, 1326.5, 1055.25], [1188.25, 1627.206298828125, 1346.8006591796875, 1722.0], [906.9216918945312, 1626.9656982421875, 1067.320556640625, 1720.25], [674.5484619140625, 1596.7060546875, 824.25, 2099.08154296875], [127.33067321777344, 1808.0382080078125, 393.22666931152344, 1958.2499999999998], [153.66160583496094, 1600.57763671875, 344.35919189453125, 1722.0], [-1.5460968017578125, -1.2005656957626343, 1397.3951416015625, 1534.51708984375], [3.4582316875457764, 1555.8370361328125, 1402.68310546875, 2093.146728515625]], "labels": [0, 0, 0, 0, 0, 1, 1, 1, 1, 1, 1, 2, 2], "image_id": 277}, "character_clusters": [0, 1, 2, 0, 1], "text_char_matches": [[0, 3], [1, 0], [2, 0], [3, 0], [5, 4], [4, 4]], "text_tail_matches": [], "text_classification": [1, 1, 1, 1, 1, 1], "character_names": ["Katsuki Bakugo", "Sludge Villain", "none", "Katsuki Bakugo", "Sludge Villain"]}