{"bbox_annotations": {"bboxes_as_x1y1x2y2": [[87.5, 119.64581298828125, 269.5, 546.0], [-1.320371389389038, 103.58308410644531, 65.88794159889221, 452.1208038330078], [140, 26.25, 199.5, 114.50152587890625], [183.75, 111.22648620605469, 294.7959289550781, 481.25], [318.32659912109375, 1266.0802001953125, 1410.0553588867188, 2102.590576171875], [314.990966796875, 30.76803970336914, 1401.42626953125, 1222.3849830627441], [0, 23.968387603759766, 70.97632598876953, 117.25], [73.5, 31.197818756103516, 128.17909240722656, 125.74695205688477], [227.5, 4.920680999755859, 290.2194519042969, 107.06048202514648], [162.75, 274.75, 292.25, 612.5], [52.5, 133, 176.75, 460.25], [78.75, 75.25, 166.25, 189.0], [215.25, 82.25, 285.25, 159.25], [176.75, 57.75, 241.5, 119.0], [1.75, 575.75, 253.75, 763.0], [301.7969970703125, 2.795916795730591, 1396.5869140625, 1215.9765625], [316.6725158691406, 1258.4521484375, 1399.9273681640625, 2089.333251953125], [0.24430006742477417, -13.46607494354248, 308.0939636230469, 2086.5166015625]], "labels": [0, 0, 0, 0, 0, 0, 0, 0, 0, 0, 0, 0, 0, 0, 0, 2, 2, 2], "image_id": 283}, "character_clusters": [0, 1, 2, 3, 4, 5, 6, 7, 8, 9, 10, 11, 12, 13, 14], "text_char_matches": [], "text_tail_matches": [], "text_classification": [], "character_names": ["none", "none", "none", "none", "Izuku Midoriya", "Katsuki Bakugo", "none", "none", "none", "none", "none", "none", "none", "none", "none"]}