{"bbox_annotations": {"bboxes_as_x1y1x2y2": [[4.3942718505859375, 115.9902572631836, 360.5262908935547, 497.6999740600586], [1029.011474609375, 341.5977783203125, 1116.9444580078125, 495.50567626953125], [173.4052276611328, 574.2460327148438, 341.25, 792.75], [369.4331359863281, 116.02239227294922, 464.3736572265625, 271.95726776123047], [764.8705444335938, 555.0678100585938, 1052.604248046875, 794.6553955078125], [451.5, 216.79150390625, 635.25, 493.5], [45.5, 855.75, 497.0, 1142.75], [590.5347290039062, 855.75, 1291.828857421875, 1961.75], [0, 1212.75, 577.5, 2094.75], [855.75, 222.25, 973.0, 493.5], [1154.7965087890625, 245.96595764160156, 1235.919189453125, 348.2104187011719], [622.8975219726562, 133.35540771484375, 821.7396850585938, 282.8508605957031], [700.5035400390625, 387.21539306640625, 782.2692260742188, 480.3623962402344], [64.70097351074219, 223.6106719970703, 178.7915802001953, 367.7848815917969], [1115.8592529296875, 647.5, 1243.882568359375, 764.8471679687499], [1078, 562.1832275390625, 1144.5, 600.25], [726.25, 642.4769287109375, 774.855712890625, 700.0], [526.67529296875, 614.25, 649.25, 720.9974365234375], [374.2276916503906, 600.25, 504.0, 767.236572265625], [115.5, 614.3348999023438, 157.68875122070312, 677.25], [1120, 889, 1193.5, 967.75], [611.2091064453125, 1667.75, 808.7786865234375, 1816.5], [437.658935546875, 948.5, 545.3720703125, 999.2996826171874], [28, 987, 131.25, 1086.75], [436.3347473144531, 1232, 570.5, 1419.0753173828125], [57.63540267944336, 1263.5, 244.44425582885742, 1426.25], [46.94020080566406, 1638, 262.4779968261719, 1842.75], [820.9439697265625, 0.991454005241394, 1293.265380859375, 506.38494873046875], [-2.316725254058838, -0.8994542360305786, 744.7879638671875, 503.6178283691406], [679.3258666992188, 543.0729370117188, 1294.7803955078125, 801.5054321289062], [6.034684181213379, 542.6035766601562, 675.5614624023438, 803.8423461914062], [580.1181030273438, 846.6299438476562, 1296.095458984375, 1957.8712158203125], [1.878798007965088, 846.6461791992188, 581.4724731445312, 1159.9468994140625], [-3.705963611602783, 1201.9686279296875, 579.96435546875, 2097.0234375], [718, 1550, 747, 1587], [625, 301, 665, 336], [1086, 708, 1121, 741], [155, 649, 190, 685], [1131, 360, 1163, 396], [337, 655, 383, 696]], "labels": [0, 0, 0, 0, 0, 0, 0, 0, 0, 0, 1, 1, 1, 1, 1, 1, 1, 1, 1, 1, 1, 1, 1, 1, 1, 1, 1, 2, 2, 2, 2, 2, 2, 2, 3, 3, 3, 3, 3, 3], "image_id": 274}, "character_clusters": [0, 0, 0, 1, 2, 2, 0, 2, 2, 2], "text_char_matches": [[0, 1], [1, 5], [2, 5], [3, 0], [4, 4], [7, 4], [8, 4], [9, 2], [11, 7], [12, 6], [14, 8], [15, 8], [16, 8]], "text_tail_matches": [[0, 4], [1, 1], [2, 1], [4, 2], [7, 5], [8, 5], [9, 3], [11, 0]], "text_classification": [1, 1, 1, 1, 1, 0, 0, 1, 1, 1, 0, 1, 1, 0, 1, 1, 1], "character_names": ["Izuku Midoriya", "Izuku Midoriya", "Izuku Midoriya", "none", "Toshinori Yagi", "Toshinori Yagi", "Izuku Midoriya", "Toshinori Yagi", "Toshinori Yagi", "Toshinori Yagi"]}