{"bbox_annotations": {"bboxes_as_x1y1x2y2": [[130.41778564453125, 5.210331916809082, 578.5050048828125, 494.9560594558716], [582.3261108398438, 29.192777633666992, 945.2578125, 1936.266263961792], [29.75, 563.5, 566.5928802490234, 1309.0], [295.75, 1770.4588623046875, 566.98828125, 2097.19091796875], [52.98606872558594, 1617.232177734375, 454.96800231933594, 2035.25], [23.14244842529297, 875.450927734375, 299.25, 1440.9710693359375], [71.75, 1807.75, 418.25, 2091.25], [955.5, 0, 1300.25, 1708], [966, 56, 1162, 383.25], [744.1442260742188, 1424.272705078125, 829.5, 1484.0], [656.9921875, 1648.5, 745.3692626953125, 1683.5], [469, 311.1581115722656, 571.1664428710938, 357.31689453125], [141.16578674316406, 333.2796325683594, 255.5851287841797, 385.0], [439.25, 637, 552.6060180664062, 712.25], [421.155029296875, 864.5, 569.0223388671875, 992.1385498046875], [423.5, 1146.25, 564.9442749023438, 1352.75], [433.0042419433594, 1582, 565.3084716796875, 1780.8505859375], [143.5, 1493.777099609375, 360.5, 1624.0], [935.9178466796875, -0.6127059459686279, 1301.92236328125, 2099.133056640625], [570.8807983398438, 9.525167465209961, 930.7994384765625, 2108.551513671875], [128.3970947265625, 1.3996325731277466, 577.51611328125, 506.9950256347656], [9.881025314331055, 553.0974731445312, 569.8892211914062, 1449.21142578125], [3.3829212188720703, 1447.5030517578125, 565.0858764648438, 2104.201171875], [251, 347, 328, 480], [429, 289, 480, 376]], "labels": [0, 0, 0, 0, 0, 0, 0, 0, 1, 1, 1, 1, 1, 1, 1, 1, 1, 1, 2, 2, 2, 2, 2, 3, 3], "image_id": 288}, "character_clusters": [0, 1, 1, 2, 3, 4, 5, 0], "text_char_matches": [[1, 1], [2, 1], [5, 2], [6, 2]], "text_tail_matches": [[3, 1], [4, 0]], "text_classification": [0, 1, 1, 1, 1, 1, 1, 0, 1, 0], "character_names": ["Toshinori Yagi", "Sludge Villain", "Sludge Villain", "Death Arms", "Shinji Nishiya", "Izuku Midoriya", "Backdraft", "Toshinori Yagi"]}