{"bbox_annotations": {"bboxes_as_x1y1x2y2": [[395.7412109375, 1249.9598388671875, 845.25, 2073.75], [870.017333984375, 309.75, 1396.6873779296875, 2059.519500732422], [206.98049926757812, 1461.25, 476.0, 2072.0], [0, 1506.75, 147, 2070.25], [203, 548.04638671875, 670.4520263671875, 892.5], [59.5, 1412.7000732421875, 358.75, 2070.25], [561.75, 1230.25, 858.4410400390625, 2070.25], [400.75, 1561, 579.25, 2066.75], [1168.7349853515625, 309.838623046875, 1260.3460693359375, 407.75], [1029, 614.2386474609375, 1105.82080078125, 644.0], [587.5150146484375, 302.14471435546875, 761.5623779296875, 435.8977355957031], [602.1787719726562, 987, 737.1736450195312, 1055.25], [861.4921875, 18.072383880615234, 1393.01220703125, 2115.276123046875], [-4.125344753265381, 9.567037582397461, 852.5217895507812, 2092.2119140625], [625, 1127, 667, 1175], [1052, 689, 1089, 731]], "labels": [0, 0, 0, 0, 0, 0, 0, 0, 1, 1, 1, 1, 2, 2, 3, 3], "image_id": 244}, "character_clusters": [0, 0, 1, 2, 3, 4, 5, 6], "text_char_matches": [[3, 0], [1, 1], [0, 1], [2, 0]], "text_tail_matches": [[1, 1], [3, 0]], "text_classification": [1, 1, 1, 1], "character_names": ["Izuku Midoriya", "Izuku Midoriya", "none", "none", "Slugger", "none", "none", "none"]}