{"bbox_annotations": {"bboxes_as_x1y1x2y2": [[393.2422790527344, 1108.342529296875, 565.6875, 1368.6221923828125], [152.25, 1514.3897705078125, 611.3184204101562, 2104.041015625], [643.54931640625, 990.928466796875, 1032.14306640625, 1373.9176025390625], [592.9641723632812, 370.8303527832031, 947.4681396484375, 878.5673217773438], [966.939697265625, 1877.0787353515625, 1200.5, 2101.88037109375], [124.21554565429688, 15.400793075561523, 1148.3265075683594, 877.4051265716553], [963.5219116210938, 1486.6627197265625, 1170.2274169921875, 1769.6690673828125], [575.75, 1819.443115234375, 810.365234375, 2098.25], [1186.7879638671875, 232.5625, 1259.80615234375, 299.3804931640625], [251.1496124267578, 671.6118774414062, 342.8408203125, 750.46630859375], [1055.25, 1197, 1179.5, 1356.25], [923.71142578125, 1052.03076171875, 1027.7542724609375, 1087.1959228515625], [700.5220947265625, 1286.25, 768.25, 1338.0462646484375], [640.5, 1184.75, 684.25, 1319.5], [610.75, 1190, 651.0, 1323], [369.25, 1118.25, 451.5, 1163.75], [362.25, 988.75, 418.61767578125, 1085.0], [209.68460083007812, 999.07080078125, 354.5960388183594, 1145.1904296875], [129.45469665527344, 1210.185546875, 261.3123474121094, 1335.3194580078125], [1200.5, 1554, 1299.3538818359375, 1631], [1113, 1428, 1165.5, 1491], [973, 1429.75, 1067.5, 1515.5], [1230.328369140625, 1898.75, 1325.8255615234375, 2028.25], [731.5, 1522.5, 875.4247436523438, 1613.5], [151.93814086914062, 1518.2542724609375, 264.0714111328125, 1640.42578125], [96.86040496826172, -8.67007064819336, 1402.7315673828125, 889.3682250976562], [1025.7066650390625, 936.644287109375, 1403.5496826171875, 1383.547119140625], [102.90105438232422, 937.8046264648438, 1060.9908447265625, 1373.6422119140625], [954.6295776367188, 1410.272216796875, 1395.196044921875, 1776.0419921875], [954.1900634765625, 1807.291748046875, 1397.946044921875, 2098.957763671875], [62.62530517578125, 1416.0428466796875, 945.50830078125, 2100.486328125], [687, 1637, 722, 1668], [1200, 351, 1242, 393], [247, 1669, 285, 1716], [280, 569, 317, 612], [1164, 1945, 1227, 2010], [1169, 1581, 1205, 1617], [951, 1150, 987, 1186]], "labels": [0, 0, 0, 0, 0, 0, 0, 0, 1, 1, 1, 1, 1, 1, 1, 1, 1, 1, 1, 1, 1, 1, 1, 1, 1, 2, 2, 2, 2, 2, 2, 3, 3, 3, 3, 3, 3, 3], "image_id": 271}, "character_clusters": [0, 1, 1, 2, 0, 3, 1, 0], "text_char_matches": [[0, 5], [1, 5], [3, 2], [8, 0], [9, 0], [10, 0], [11, 6], [14, 4], [15, 1], [16, 1]], "text_tail_matches": [[0, 1], [1, 3], [3, 6], [11, 5], [14, 4], [15, 0], [16, 2]], "text_classification": [1, 1, 0, 1, 0, 0, 0, 1, 1, 1, 1, 1, 0, 0, 1, 1, 1], "character_names": ["Toshinori Yagi", "Izuku Midoriya", "Izuku Midoriya", "Katsuki Bakugo", "Toshinori Yagi", "Sludge Villain", "Izuku Midoriya", "Toshinori Yagi"]}