{"bbox_annotations": {"bboxes_as_x1y1x2y2": [[383.25, 17.5, 1081.5, 486.5], [90.76055145263672, 1056.9049072265625, 1397.1260299682617, 2098.25], [902.487548828125, 549.5484008789062, 1400.96728515625, 1053.526611328125], [339.5, 96.25, 542.5, 411.25], [89.25, 1.75, 829.5, 481.25], [1112.65869140625, 192.15028381347656, 1320.71044921875, 433.94671630859375], [288.75, 141.75, 357.0, 320.25], [173.54559326171875, 274.003173828125, 275.235595703125, 396.8373107910156], [1204.5194091796875, 651.6497802734375, 1348.268798828125, 883.5004272460938], [747.25, 642.25, 894.3240966796875, 750.2747192382814], [579.25, 572.25, 703.3582763671875, 636.5332641601564], [541.4072875976562, 662.2813110351562, 728.0575561523438, 788.9097900390625], [709.1924438476562, 850.7156372070312, 847.3619995117188, 920.5], [553.1005859375, 824.25, 701.4063110351562, 859.25], [707.0479125976562, 938.9564208984375, 854.5799560546875, 1008.0], [351.7477722167969, 556.62646484375, 500.89715576171875, 621.25], [348.6144714355469, 665, 508.33941650390625, 823.622802734375], [337.75, 859.25, 500.32666015625, 948.5], [102.4135513305664, 563.5, 294.57767486572266, 657.2446899414062], [120.73648834228516, 801.5849609375, 228.14566040039062, 896.7063598632812], [1035.228271484375, 1200.0849609375, 1164.6644287109375, 1237.25], [612.5, 1503.25, 1377.25, 2096.5], [141.3338165283203, 1667.156494140625, 368.68988037109375, 1905.75], [73.67504119873047, 6.7343363761901855, 1397.9197998046875, 497.0541687011719], [882.7182006835938, 534.3684692382812, 1396.7396240234375, 1057.7926025390625], [77.08161926269531, 522.3477172851562, 895.5752563476562, 1080.6373291015625], [75.3143081665039, 1047.0728759765625, 1391.5079345703125, 2086.244384765625]], "labels": [0, 0, 0, 0, 0, 1, 1, 1, 1, 1, 1, 1, 1, 1, 1, 1, 1, 1, 1, 1, 1, 1, 1, 2, 2, 2, 2], "image_id": 287}, "character_clusters": [0, 0, 0, 1, 2], "text_char_matches": [[0, 0], [2, 3], [3, 2], [4, 2], [14, 2], [15, 1], [17, 1]], "text_tail_matches": [], "text_classification": [1, 0, 1, 1, 1, 1, 1, 1, 1, 1, 1, 1, 1, 1, 1, 1, 0, 1], "character_names": ["Izuku Midoriya", "Izuku Midoriya", "Izuku Midoriya", "Katsuki Bakugo", "Sludge Villain"]}