{"bbox_annotations": {"bboxes_as_x1y1x2y2": [[1022.4275512695312, 1675.68896484375, 1130.06884765625, 1801.1826171875], [644.4636840820312, 1236.9993896484375, 896.6738891601562, 2098.4287109375], [333.49212646484375, 1426.47265625, 545.0703735351562, 2098.2109375], [985.25, 432.8321228027344, 1186.5, 523.25], [285.4151916503906, 348.25, 577.5, 526.75], [427.7034912109375, 605.922119140625, 977.3970336914062, 1164.7374267578125], [891.9832153320312, 1404.739013671875, 1010.374755859375, 1614.590087890625], [1151.5771484375, 108.94368743896484, 1292.748291015625, 271.5601119995117], [945.0313110351562, 110.59017944335938, 1123.5911865234375, 272.6442565917969], [735.0097045898438, 138.97943115234375, 894.1815795898438, 328.849365234375], [367.63983154296875, 124.73696899414062, 527.9639892578125, 294.0], [395.5, 297.5, 449.75, 364.0], [142.90457153320312, 191.1988983154297, 302.4030456542969, 313.9300231933594], [129.39324951171875, 370.36346435546875, 273.1136474609375, 536.148681640625], [1144.547607421875, 769.9717407226562, 1327.229248046875, 929.3228149414062], [335.7413635253906, 651, 464.52545166015625, 776.2764892578125], [138.43821716308594, 784.6585693359375, 341.9057312011719, 932.5033569335938], [1184.75, 1410.5, 1254.75, 1557.5], [1050, 1534.391845703125, 1085.783203125, 1559.25], [586.25, 1370.25, 687.3475341796875, 1422.75], [574, 1538.25, 621.25, 1678.25], [575.75, 1611.75, 644.0, 1776.25], [647.5, 1783.1932373046875, 701.75, 1831.932861328125], [287.4194641113281, 1305.5, 444.5, 1406.95556640625], [158.21392822265625, 1387.800048828125, 286.76324462890625, 1499.2879638671875], [912.539306640625, 3.9063289165496826, 1335.6197509765625, 530.2630004882812], [92.32725524902344, 15.737530708312988, 927.6785888671875, 537.328369140625], [83.0493392944336, 576.0396728515625, 1401.6959228515625, 1173.62890625], [1148.0362548828125, 1218.94580078125, 1403.2288818359375, 1919.1153564453125], [858.5032348632812, 1216.690185546875, 1148.99267578125, 2098.51220703125], [570.5599975585938, 1221.735107421875, 900.9237670898438, 2098.57861328125], [92.94444274902344, 1222.01513671875, 553.0689086914062, 2099.206298828125], [223, 1580, 255, 1624], [705, 1739, 736, 1771]], "labels": [0, 0, 0, 0, 0, 0, 0, 1, 1, 1, 1, 1, 1, 1, 1, 1, 1, 1, 1, 1, 1, 1, 1, 1, 1, 2, 2, 2, 2, 2, 2, 2, 3, 3], "image_id": 261}, "character_clusters": [0, 1, 2, 3, 3, 1, 4], "text_char_matches": [[0, 3], [1, 3], [2, 4], [3, 4], [4, 4], [5, 4], [6, 4], [7, 4], [8, 4], [9, 4], [12, 1], [15, 1], [16, 1], [17, 1]], "text_tail_matches": [[15, 1], [16, 0], [17, 0]], "text_classification": [1, 1, 1, 1, 1, 1, 1, 1, 1, 1, 0, 1, 1, 0, 0, 1, 1, 1], "character_names": ["none", "Izuku Midoriya", "Inko Midoriya", "Kyudai Garaki", "Kyudai Garaki", "Izuku Midoriya", "none"]}