{"bbox_annotations": {"bboxes_as_x1y1x2y2": [[122.4652328491211, 1203.062744140625, 714.9586410522461, 2103.54931640625], [1198.292724609375, 511.32965087890625, 1295.3179931640625, 706.580810546875], [959.9117431640625, 778.1218872070312, 1389.7275390625, 1132.5877685546875], [956.6238403320312, 485.7754821777344, 1166.8951416015625, 707.4384765625], [915.183837890625, 1534.75, 1214.5, 2096.21728515625], [259.8282165527344, 4.7920613288879395, 949.5151062011719, 1135.6986775398254], [1265.8973388671875, 291.8770446777344, 1323.573974609375, 364.0], [1172.5, 285.25, 1267.0, 376.25], [1104.25, 439.25, 1197.4393310546875, 514.5], [999.774658203125, 279.4072570800781, 1116.577392578125, 425.258544921875], [1125.25, 570.5, 1183.1708984375, 612.5], [1225.4144287109375, 847.88623046875, 1365.3211669921875, 970.3406372070312], [964.3076782226562, 828.4088134765625, 1059.14599609375, 995.6129150390625], [760.5767211914062, 214.9739532470703, 911.513916015625, 379.6853332519531], [85.84858703613281, 291.52227783203125, 336.3331604003906, 479.29052734375], [1185.8623046875, 1276.14013671875, 1310.3387451171875, 1363.5379638671875], [981.3367309570312, 1288.5538330078125, 1176.981201171875, 1428.1292724609375], [1207.5, 1708, 1233.75, 1755.25], [699.4937133789062, 1324.75, 884.927734375, 1550.7657470703125], [169.85955810546875, 1266.8111572265625, 391.55517578125, 1486.3946533203125], [953.8321533203125, 226.87115478515625, 1390.0704345703125, 718.82275390625], [951.0406494140625, 763.8834228515625, 1396.6688232421875, 1142.4178466796875], [67.42881774902344, -5.496704578399658, 946.7843627929688, 1129.3515625], [907.78271484375, 1186.6026611328125, 1290.1856689453125, 2100.584228515625], [117.9308090209961, 1178.25146484375, 905.4586181640625, 2090.547607421875], [1023, 1016, 1059, 1054], [215, 610, 274, 663], [724, 394, 772, 444], [1031, 457, 1062, 503], [1214, 417, 1254, 461], [1222, 998, 1249, 1032], [1188, 1735, 1212, 1762]], "labels": [0, 0, 0, 0, 0, 0, 1, 1, 1, 1, 1, 1, 1, 1, 1, 1, 1, 1, 1, 1, 2, 2, 2, 2, 2, 3, 3, 3, 3, 3, 3, 3], "image_id": 275}, "character_clusters": [0, 0, 1, 1, 0, 1], "text_char_matches": [[0, 1], [1, 1], [3, 3], [2, 3], [5, 2], [6, 2], [7, 5], [8, 5], [9, 5], [10, 5], [12, 5], [13, 5], [11, 4]], "text_tail_matches": [[0, 4], [1, 4], [3, 3], [5, 5], [6, 0], [7, 2], [8, 1]], "text_classification": [1, 1, 1, 1, 0, 1, 1, 1, 1, 1, 1, 1, 1, 1], "character_names": ["Izuku Midoriya", "Izuku Midoriya", "Toshinori Yagi", "Toshinori Yagi", "Izuku Midoriya", "Toshinori Yagi"]}