{"bbox_annotations": {"bboxes_as_x1y1x2y2": [[143.5, 813.75, 196.0, 948.5], [311.5, 400.24072265625, 421.75, 640.5], [143.00875854492188, 404.11981201171875, 261.5537109375, 569.6097412109375], [896.1199951171875, 1638.5279541015625, 1046.934326171875, 1885.0205078125], [257.22125244140625, 477.75, 396.75677490234375, 766.0399780273438], [404.3885498046875, 351.75, 521.2219848632812, 591.5], [164.884033203125, 518, 318.5, 726.25], [722.25537109375, 410.9569396972656, 1266.0941162109375, 828.6038818359375], [669.898193359375, 1262.95361328125, 747.7418212890625, 1362.959228515625], [900.6287841796875, 1667.75, 1286.166748046875, 2101.074462890625], [4.3973388671875, 1010.3480224609375, 750.75, 2098.25], [888.7147827148438, 1080.6168212890625, 1302.979248046875, 1424.4200439453125], [171.5, 714, 325.5, 960.75], [899.5, 1638, 973.0, 1785], [1044.75, 1617, 1116.5, 1716.75], [1077.6617431640625, 179.80670166015625, 1273.09130859375, 389.9505615234375], [808.5, 202.0151824951172, 961.937255859375, 311.04962158203125], [581.0699462890625, 236.94276428222656, 685.0927124023438, 331.9889221191406], [380.9529724121094, 203.4191436767578, 495.4181213378906, 337.48858642578125], [234.5, 179.51513671875, 377.9706115722656, 348.3705749511719], [411.25, 652.75, 510.2135314941406, 773.7365112304688], [149.76895141601562, 646.4085083007812, 196.12245178222656, 750.75], [327.8378601074219, 809.9199829101562, 416.3310546875, 927.5], [997.5, 1081.58984375, 1102.5, 1132.8253173828125], [888.3157958984375, 1101.7142333984375, 975.3157958984375, 1170.75], [1135.3216552734375, 1526.5546875, 1282.8824462890625, 1664.2496337890625], [1153.13134765625, 1756.0506591796875, 1281.7047119140625, 1916.25], [621.25, 1053.5, 724.5, 1251.25], [769.5078735351562, 1221.5, 872.1290283203125, 1377.2854003906248], [526.580322265625, -6.703716278076172, 1300.1512451171875, 1037.4185791015625], [135.22238159179688, -4.361508846282959, 523.6209716796875, 981.8369140625], [879.9928588867188, 1071.0509033203125, 1301.8045654296875, 1434.5718994140625], [891.7980346679688, 1457.0992431640625, 1304.295654296875, 2097.317138671875], [-5.091780662536621, 1000.53173828125, 875.1517333984375, 2097.589599609375], [1051, 378, 1092, 417], [1130, 1883, 1164, 1917], [1055, 1545, 1130, 1615], [682, 357, 721, 400], [301, 381, 347, 461], [193, 658, 220, 699], [752, 1294, 786, 1321], [971, 1123, 1002, 1154]], "labels": [0, 0, 0, 0, 0, 0, 0, 0, 0, 0, 0, 0, 0, 0, 0, 1, 1, 1, 1, 1, 1, 1, 1, 1, 1, 1, 1, 1, 1, 2, 2, 2, 2, 2, 3, 3, 3, 3, 3, 3, 3, 3], "image_id": 248}, "character_clusters": [0, 1, 2, 3, 4, 5, 4, 6, 6, 4, 7, 6, 3, 8, 9], "text_char_matches": [[0, 7], [2, 7], [3, 4], [4, 4], [5, 12], [7, 12], [6, 6], [9, 11], [10, 14], [11, 9]], "text_tail_matches": [[0, 0], [2, 3], [3, 4], [4, 4], [6, 5], [9, 7], [10, 2], [11, 1], [13, 6]], "text_classification": [1, 0, 1, 1, 1, 1, 1, 1, 0, 1, 1, 1, 0, 1], "character_names": ["none", "none", "none", "none", "Izuku Midoriya", "none", "Izuku Midoriya", "Shinji Nishiya", "Shinji Nishiya", "Izuku Midoriya", "Giant Villain", "Shinji Nishiya", "none", "none", "none"]}