{"bbox_annotations": {"bboxes_as_x1y1x2y2": [[271.93280029296875, 1508.88623046875, 656.6170654296875, 1963.3580322265625], [983.4493408203125, 1701.5499267578125, 1053.7413330078125, 1857.30029296875], [192.02029418945312, 146.54815673828125, 440.0130310058594, 591.1688842773438], [138.78749084472656, 768.2429809570312, 304.23199462890625, 925.9674072265625], [652.75, 159.1873321533203, 1353.6964111328125, 1015.3358306884766], [703.5, 1015.4025268554688, 1259.7498779296875, 1422.75], [525.3633422851562, 1002.287353515625, 866.0169677734375, 1422.75], [1298.5, 133, 1354.5, 274.75], [1108.794677734375, 243.7941436767578, 1287.484619140625, 346.53717041015625], [887.25, 127.75, 1095.5, 276.5], [475.38909912109375, 148.75, 752.5, 301.0], [479.5, 545.8012084960938, 558.5647583007811, 595.954833984375], [463.5347595214844, 736.4725952148438, 563.9552001953125, 810.7382202148438], [99.75, 424.7978210449219, 178.5, 467.25], [138.35012817382812, 708.75, 246.75, 780.5], [1124.913330078125, 1085.4676513671875, 1293.749267578125, 1319.80712890625], [491.36187744140625, 1110.712890625, 588.0, 1151.5374755859375], [297.2138977050781, 1154.9613037109375, 391.32330322265625, 1215.72900390625], [144.90248107910156, 1181.7080078125, 269.7648010253906, 1392.8291015625], [808.5, 1748.4678955078125, 913.2075805664062, 1842.75], [597.7302856445312, 1566.25, 750.5609741210938, 1706.25], [632.6580810546875, 1765.75, 737.0686645507812, 1899.0235595703125], [127.56599426269531, 1583.75, 308.85186767578125, 1697.2301025390625], [112, 1783.25, 309.75, 1953.0], [-1.3116955757141113, -20.141691207885742, 1356.18603515625, 1022.7767333984375], [0.6077826023101807, 994.4502563476562, 1361.228271484375, 1430.97412109375], [761.4589233398438, 1479.585693359375, 1350.334716796875, 2092.33642578125], [-1.2136876583099365, 1478.1783447265625, 764.7180786132812, 1966.1168212890625], [559, 822, 607, 858], [918, 1771, 964, 1819], [564, 1708, 607, 1751], [1122, 406, 1155, 447], [284, 1684, 349, 1749]], "labels": [0, 0, 0, 0, 0, 0, 0, 1, 1, 1, 1, 1, 1, 1, 1, 1, 1, 1, 1, 1, 1, 1, 1, 1, 2, 2, 2, 2, 3, 3, 3, 3, 3], "image_id": 262}, "character_clusters": [0, 0, 1, 0, 0, 1, 0], "text_char_matches": [[1, 4], [4, 4], [5, 4], [6, 3], [8, 5], [9, 6], [10, 6], [11, 6], [12, 1], [13, 0], [15, 0]], "text_tail_matches": [[1, 3], [4, 0], [5, 0], [13, 2], [12, 1], [15, 4]], "text_classification": [0, 1, 0, 0, 1, 1, 1, 0, 1, 1, 1, 1, 1, 1, 0, 1, 0], "character_names": ["Izuku Midoriya", "Izuku Midoriya", "Inko Midoriya", "Izuku Midoriya", "Izuku Midoriya", "Inko Midoriya", "Izuku Midoriya"]}