{"bbox_annotations": {"bboxes_as_x1y1x2y2": [[451.5, 15.494794845581055, 1030.009521484375, 654.5], [0.8186310529708862, 981.75, 507.5, 1488.5172119140625], [915.2083740234375, 1329.865478515625, 1122.751220703125, 1977.97509765625], [1193.5, 534.2675170898438, 1258.388427734375, 602.5277099609375], [43.27246856689453, 1693.7578125, 233.20380401611328, 2101.396484375], [379.5426025390625, 1809.1444091796875, 601.1121826171875, 2098.949462890625], [255.1591033935547, 249.57278442382812, 644.0, 654.0148315429688], [696.053955078125, 1351.2110595703125, 776.6599731445312, 1571.1610107421875], [1092.8853759765625, 204.76577758789062, 1246.0714111328125, 422.3978576660156], [940.4141235351562, 88.0267333984375, 1065.75, 330.75], [959.111083984375, 493.42926025390625, 1106.3834228515625, 614.25], [489.95660400390625, 142.58433532714844, 651.7704467773438, 223.54739379882812], [293.943359375, 190.21189880371094, 454.7967529296875, 313.3250732421875], [124.15390014648438, 275.0798645019531, 290.05584716796875, 422.47332763671875], [164.5, 588, 256.0159606933594, 616], [1085, 842.8973999023438, 1154.00048828125, 882.0], [727.0458374023438, 825.6175537109375, 920.9491577148438, 989.2738647460938], [675.5, 1683.6448974609375, 744.5008544921875, 1716.75], [419.45574951171875, 807.6580200195312, 592.4052734375, 959.9642333984375], [133.05575561523438, 773.2984619140625, 339.3179626464844, 984.676513671875], [81.19406127929688, 1407.5604248046875, 161.62261962890625, 1455.550537109375], [429.06292724609375, 1589.3760986328125, 585.826171875, 1729.354248046875], [256.4931945800781, 1580.25, 417.39776611328125, 1770.554931640625], [58.895660400390625, 1668.7918701171875, 171.104736328125, 1724.9715576171875], [116.21832275390625, 1.7107576131820679, 1282.771728515625, 661.2700805664062], [611.420166015625, 703.429931640625, 1306.85546875, 2091.389404296875], [4.49586820602417, 703.4864501953125, 607.8211669921875, 1494.3187255859375], [237.5543975830078, 1538.6617431640625, 610.44580078125, 2097.383056640625], [10.225743293762207, 1544.5775146484375, 233.87808227539062, 2099.396240234375], [339, 1797, 394, 1862], [1093, 951, 1125, 990], [473, 996, 519, 1041], [836, 1029, 872, 1071], [448, 238, 491, 279], [703, 1624, 731, 1661], [222, 976, 270, 1039]], "labels": [0, 0, 0, 0, 0, 0, 0, 0, 1, 1, 1, 1, 1, 1, 1, 1, 1, 1, 1, 1, 1, 1, 1, 1, 2, 2, 2, 2, 2, 3, 3, 3, 3, 3, 3, 3], "image_id": 294}, "character_clusters": [0, 0, 0, 1, 1, 1, 0, 1], "text_char_matches": [[0, 3], [2, 3], [4, 0], [5, 6], [6, 6], [7, 2], [8, 2], [10, 1], [11, 1], [12, 7], [13, 5], [14, 5], [15, 1]], "text_tail_matches": [[4, 4], [5, 4], [7, 1], [8, 3], [9, 5], [10, 2], [11, 6], [13, 0], [14, 0]], "text_classification": [1, 0, 1, 0, 1, 1, 1, 1, 1, 1, 1, 1, 1, 1, 1, 1], "character_names": ["Toshinori Yagi", "Toshinori Yagi", "Toshinori Yagi", "Izuku Midoriya", "Izuku Midoriya", "Izuku Midoriya", "Toshinori Yagi", "Izuku Midoriya"]}