{"bbox_annotations": {"bboxes_as_x1y1x2y2": [[303.4385681152344, 595.1463623046875, 981.75, 1343.9638671875], [836.5, 1669.5, 1290.1102294921875, 2099.46044921875], [159.15098571777344, 1508.6343994140625, 529.4687347412109, 2100.888916015625], [1005.762939453125, 283.828125, 1128.75, 592.6514282226562], [808.950439453125, 262.5, 990.56640625, 595.7132110595703], [984.4374389648438, 1164.258056640625, 1195.1246337890625, 1440.66015625], [990.9632568359375, 1092.1749267578125, 1146.9508056640625, 1284.1676025390625], [306.9686279296875, -1.2162119150161743, 970.5056762695312, 608.8270620107651], [1043, 360.5, 1207.5, 591.5], [1221.5, 173.25, 1275.75, 203.0], [1233.75, 334.25, 1282.75, 369.25], [1039.5, 215.25, 1092.4798583984375, 239.75], [1218, 376.25, 1270.5, 416.5], [1181.25, 425.25, 1254.75, 488.25], [1148, 495.25, 1239, 570.8584594726562], [884.698486328125, 194.25, 946.932373046875, 220.5], [885.5, 259, 931.0, 295.75], [343, 374.5, 423.5, 446.25], [156.46376037597656, 264.6306457519531, 301.8254699707031, 398.06048583984375], [1002.1499633789062, 736.6524658203125, 1140.400390625, 845.0344848632812], [1181.25, 973.9653930664062, 1279.25, 1182.638427734375], [849.796142578125, 715.8192138671875, 946.2435913085938, 773.7080078125], [708.8278198242188, 700, 839.034912109375, 845.9909057617188], [847, 838.25, 976.5, 966.0], [196.5117645263672, 665.2236938476562, 315.2322998046875, 786.6517333984375], [154, 1356.25, 969.5, 1426.25], [188.55093383789062, 900.3153076171875, 325.08013916015625, 1087.437744140625], [171.5, 1153.25, 385.0, 1291.5], [1115.5067138671875, 1568.452392578125, 1266.743896484375, 1706.8465576171875], [638.101318359375, 1648.02880859375, 810.2510986328125, 1769.25], [632.9537963867188, 1888.25, 917.0, 2056.25], [462.751953125, 1517.25, 582.6112670898438, 1885.375], [137.3176727294922, 1537.447021484375, 262.02886962890625, 1750.0], [990.5106811523438, 5.471827030181885, 1291.59228515625, 606.0146484375], [129.82009887695312, -3.510730028152466, 988.68017578125, 605.8184814453125], [979.8047485351562, 655.2030639648438, 1297.810791015625, 1448.99658203125], [115.26248168945312, 602.9840698242188, 984.2022705078125, 1434.3778076171875], [599.4437255859375, 1487.2467041015625, 1293.4749755859375, 2087.533935546875], [135.72994995117188, 1484.09228515625, 589.6296997070312, 2095.631103515625], [1046, 872, 1080, 912], [302, 338, 350, 382], [837, 249, 875, 288], [318, 701, 364, 740], [680, 757, 707, 784]], "labels": [0, 0, 0, 0, 0, 0, 0, 0, 0, 1, 1, 1, 1, 1, 1, 1, 1, 1, 1, 1, 1, 1, 1, 1, 1, 1, 1, 1, 1, 1, 1, 1, 1, 2, 2, 2, 2, 2, 2, 3, 3, 3, 3, 3], "image_id": 267}, "character_clusters": [0, 0, 1, 1, 1, 1, 0, 0, 0], "text_char_matches": [[0, 8], [2, 8], [6, 7], [7, 7], [9, 7], [10, 6], [11, 5], [12, 0], [13, 0], [15, 0], [17, 0], [19, 1], [20, 1], [22, 2], [23, 2]], "text_tail_matches": [[6, 2], [7, 2], [9, 1], [10, 0], [12, 4], [13, 4], [15, 3], [17, 3]], "text_classification": [1, 0, 1, 0, 0, 0, 1, 1, 0, 1, 1, 1, 1, 1, 0, 1, 1, 1, 0, 1, 1, 0, 1, 1], "character_names": ["Toshinori Yagi", "Toshinori Yagi", "Izuku Midoriya", "Izuku Midoriya", "Izuku Midoriya", "Izuku Midoriya", "Toshinori Yagi", "Toshinori Yagi", "Toshinori Yagi"]}