{"bbox_annotations": {"bboxes_as_x1y1x2y2": [[117.25, 0, 1323.0, 1043], [1060.5, 1328.25, 1244.25, 1512.114990234375], [1069.25, 229.25, 1386.0, 635.25], [563.63037109375, 1082.4410400390625, 939.8084106445312, 1545.9560546875], [222.82398986816406, 1060.906982421875, 400.75, 1471.1448974609375], [175.47247314453125, 1607.1451416015625, 1274.9946899414062, 1943.331298828125], [1198.75, 1345.75, 1307.25, 1442.0], [736.004150390625, 225.46148681640625, 916.78515625, 346.216552734375], [1097.25, 789.25, 1398.25, 978.25], [182, 756, 457.34082031249994, 1030.490234375], [1183, 1091.2864990234375, 1341.5457763671875, 1231.2403564453125], [968.2572021484375, 1098.869873046875, 1124.384765625, 1218.0], [1309, 1328.25, 1345.75, 1424.5], [1114.75, 1280.538818359375, 1169.9138183593748, 1328.25], [971.2113037109375, 1392.87451171875, 1051.383544921875, 1456.0], [1057, 1470, 1149.75, 1538.25], [710.9461059570312, 1043.185546875, 928.851806640625, 1107.75], [434.0339660644531, 1078, 623.6852416992188, 1249.9217529296875], [430.5, 1366.75, 611.53076171875, 1534.7307128906248], [178.5, 1144.5, 219.8756866455078, 1172.5], [173.25, 1440.25, 235.47488403320312, 1471.75], [1111.25, 1708, 1337.0, 1827], [833, 1652, 892.5, 1722], [110.84378051757812, -1.3987720012664795, 1390.8192138671875, 999.1270141601562], [949.0888061523438, 1026.3033447265625, 1393.923583984375, 1552.7703857421875], [414.070068359375, 1034.7537841796875, 938.5267333984375, 1552.14501953125], [117.10694122314453, 1028.30224609375, 408.1070556640625, 1547.332275390625], [134.60780334472656, 1597.2950439453125, 1313.974365234375, 1953.3651123046875], [619, 340, 720, 403], [578, 1269, 624, 1319], [231, 1426, 265, 1462], [1202, 1277, 1238, 1304], [1043, 1427, 1072, 1456], [1108, 1251, 1149, 1292], [210, 1145, 237, 1179], [1029, 1761, 1118, 1845], [609, 1456, 633.5, 1503.25]], "labels": [0, 0, 0, 0, 0, 0, 0, 1, 1, 1, 1, 1, 1, 1, 1, 1, 1, 1, 1, 1, 1, 1, 1, 2, 2, 2, 2, 2, 3, 3, 3, 3, 3, 3, 3, 3, 3], "image_id": 269}, "character_clusters": [0, 0, 1, 1, 0, 0, 1], "text_char_matches": [[0, 0], [3, 1], [4, 6], [7, 1], [10, 3], [11, 4], [12, 4], [13, 4], [14, 5]], "text_tail_matches": [[0, 0], [3, 3], [4, 5], [7, 4], [10, 1], [11, 8], [12, 6], [13, 2], [14, 7]], "text_classification": [1, 0, 0, 1, 1, 0, 0, 1, 0, 0, 1, 1, 1, 1, 1, 0], "character_names": ["Toshinori Yagi", "Toshinori Yagi", "Izuku Midoriya", "Izuku Midoriya", "Toshinori Yagi", "Toshinori Yagi", "Izuku Midoriya"]}