{"bbox_annotations": {"bboxes_as_x1y1x2y2": [[685.5969848632812, 326.68817138671875, 1319.3245849609375, 1489.6320190429688], [937.6929931640625, 1409.913330078125, 1245.8740234375, 2098.25], [251.41650390625, 1020.9848022460938, 640.9921264648438, 1546.5946044921875], [85.75930786132812, 356.7268371582031, 653.1726379394531, 743.4025268554688], [55.109134674072266, 1732.0240478515625, 511.8473243713379, 2098.00537109375], [55.72432327270508, 5.517951965332031, 441.1955146789551, 429.2110366821289], [143.5, 1233.5260009765625, 521.5, 1552.25], [659.75, 113.75, 850.2426147460938, 880.25], [472.5, 161.91432189941406, 631.3004760742188, 276.0755310058594], [362.25, 149.91429138183594, 437.5, 193.7830352783203], [337.75, 82.25, 414.75, 123.34657287597655], [143.5, 432.25, 213.5, 502.25], [336, 848.75, 502.25, 1015.83203125], [346.5, 808.1204223632812, 425.25, 848.75], [71.34220886230469, 1408.75, 645.75, 1660.75], [488.4628601074219, 1776.25, 679.3717651367188, 1858.5], [674.91455078125, -9.241596221923828, 1390.0447998046875, 2089.82568359375], [50.539791107177734, -10.811443328857422, 663.2418823242188, 747.7785034179688], [56.29770278930664, 733.0538330078125, 684.20166015625, 1672.5238037109375], [58.0983772277832, 1717.038330078125, 697.8724365234375, 2097.34033203125], [431, 240, 474, 287]], "labels": [0, 0, 0, 0, 0, 0, 0, 1, 1, 1, 1, 1, 1, 1, 1, 1, 2, 2, 2, 2, 3], "image_id": 263}, "character_clusters": [0, 1, 0, 1, 1, 0, 1], "text_char_matches": [[1, 5], [4, 3], [8, 4]], "text_tail_matches": [[1, 0]], "text_classification": [0, 1, 0, 0, 1, 0, 0, 0, 1], "character_names": ["Sludge Villain", "Izuku Midoriya", "Sludge Villain", "Izuku Midoriya", "Izuku Midoriya", "Sludge Villain", "Izuku Midoriya"]}