{"bbox_annotations": {"bboxes_as_x1y1x2y2": [[746.2484741210938, 3.353548049926758, 1299.3045654296875, 446.25], [539.83544921875, 745.5, 573.202880859375, 855.75], [913.5, 514.5, 1187.20361328125, 1006.1721801757812], [276.5, 29.333234786987305, 484.9151306152344, 445.71961784362793], [754.25, 1653.75, 1181.25, 2097.40478515625], [180.76878356933594, 1085.5546875, 741.7918548583984, 2100.682373046875], [58.4615364074707, 428.9617004394531, 427.5459175109863, 1020.0371398925781], [437.5, 32.509071350097656, 712.25, 444.54959869384766], [148.75, 19.25, 297.2287292480469, 442.75], [867.1882934570312, 1426.25, 1249.5, 1589.0], [1097.6187744140625, 130.17164611816406, 1257.5953369140625, 231.53236389160156], [920.5, 274.75, 994.0, 411.25], [593.210205078125, 60.20492935180664, 704.6337280273438, 265.1919288635254], [197.48114013671875, 268.6120910644531, 308.50982666015625, 365.75], [1190, 582.75, 1237.25, 869.75], [570.1499633789062, 722.75, 605.5, 750.3656005859376], [500.5, 778.75, 536.970458984375, 814.6173095703125], [59.5, 710.5, 112.0, 999.25], [1115.2633056640625, 1162.1458740234375, 1256.7548828125, 1247.06201171875], [770.734619140625, 1156.944580078125, 964.6961669921875, 1324.8797607421875], [1096.986083984375, 1736, 1278.156982421875, 1921.5], [549.0130004882812, 1132.25, 696.723876953125, 1239.0], [253.900634765625, 1123.2698974609375, 356.41064453125, 1286.187255859375], [169.75, 1187.19970703125, 259.8677978515625, 1289.316162109375], [301, 1638.144775390625, 385.12847900390625, 1683.349365234375], [176.4016876220703, 1750.8133544921875, 364.5804443359375, 1933.232421875], [136.15728759765625, -0.9833179712295532, 1301.9298095703125, 449.8176574707031], [904.3279418945312, 498.2247314453125, 1302.52783203125, 1020.2591552734375], [24.469100952148438, 491.9609069824219, 887.810546875, 1023.9356689453125], [744.1431884765625, 1067.378662109375, 1303.098876953125, 1592.9742431640625], [747.5326538085938, 1643.0848388671875, 1301.64599609375, 2098.10009765625], [126.0251235961914, 1060.62890625, 739.2816162109375, 2096.142333984375], [606, 1276, 652, 1323], [330, 1275, 397, 1338], [299, 308, 381, 371], [1125, 552, 1188, 627], [354, 1706, 405, 1790]], "labels": [0, 0, 0, 0, 0, 0, 0, 0, 0, 0, 1, 1, 1, 1, 1, 1, 1, 1, 1, 1, 1, 1, 1, 1, 1, 1, 2, 2, 2, 2, 2, 2, 3, 3, 3, 3, 3], "image_id": 280}, "character_clusters": [0, 1, 0, 2, 1, 1, 1, 3, 4, 1], "text_char_matches": [[0, 0], [2, 0], [3, 0], [4, 2], [11, 5], [12, 5], [13, 5], [15, 5]], "text_tail_matches": [[3, 2], [4, 3], [11, 0], [12, 1], [13, 1], [15, 4]], "text_classification": [1, 0, 1, 1, 1, 0, 0, 0, 1, 1, 1, 1, 1, 1, 0, 1], "character_names": ["Toshinori Yagi", "Izuku Midoriya", "Toshinori Yagi", "none", "Izuku Midoriya", "Izuku Midoriya", "Izuku Midoriya", "none", "none", "Izuku Midoriya"]}