{"bbox_annotations": {"bboxes_as_x1y1x2y2": [[47.25, 4.257211208343506, 686.0, 871.5], [392.0559997558594, 1488.20703125, 680.75, 1708.0], [3.178393840789795, 1268.6163330078125, 354.8200259208679, 2096.37890625], [83.62309265136719, 876.75, 973.0, 1260.3712158203125], [1039.811767578125, 239.04981994628906, 1333.408935546875, 866.3233184814453], [1112.3497314453125, 1487.9959716796875, 1203.2991943359375, 1806.1405029296875], [700.0704345703125, 458.5003662109375, 1081.5, 876.3978881835938], [1252.84130859375, 179.83055114746094, 1312.8983154296875, 223.6459197998047], [1016.6033935546875, 168.3568878173828, 1231.44873046875, 367.62744140625], [736.4929809570312, 201.8712158203125, 967.12060546875, 433.50897216796875], [56, 596.75, 260.75, 859.1026000976562], [1071.5230712890625, 1029.761474609375, 1223.269775390625, 1116.5], [963.51611328125, 909.0335083007812, 1052.2064208984375, 1006.25], [649.25, 1128.75, 705.25, 1193.5], [617.75, 1163.75, 659.75, 1253.0], [1053.5, 1744.75, 1074.5, 1762.25], [776.322998046875, 1303.75, 948.1902465820312, 1518.418212890625], [623, 1293.25, 681.3084716796875, 1363.25], [482.3955078125, 1286.25, 541.0748291015625, 1379.0], [752.5, 1671.25, 796.25, 1739.5], [766.5, 1772.75, 810.25, 1844.5], [395.5, 1377.25, 446.69793701171875, 1417.803955078125], [288.75, 1372, 352.3558654785156, 1426.25], [240.1242218017578, 1818.302978515625, 319.1110534667969, 1858.71630859375], [87.94718933105469, 1878.6361083984375, 189.76084899902344, 1910.533447265625], [976.5811767578125, 2.1909401416778564, 1331.4716796875, 881.1795654296875], [696.8900146484375, 4.367141246795654, 1091.2420654296875, 883.251953125], [-9.621172904968262, 3.147831439971924, 683.2860107421875, 878.7479858398438], [-2.2016942501068115, 864.749755859375, 1328.1427001953125, 1274.5577392578125], [1004.1665649414062, 1254.437255859375, 1322.281494140625, 1909.1038818359375], [363.4338073730469, 1257.6478271484375, 1014.7817993164062, 1902.592529296875], [1.5839189291000366, 1258.6407470703125, 361.87060546875, 2111.385498046875], [1131, 427, 1168, 471], [1030, 1093, 1071, 1131], [306, 1462, 339, 1510], [506, 1376, 538, 1416], [647, 1368, 679, 1406], [431, 1407, 458, 1438]], "labels": [0, 0, 0, 0, 0, 0, 0, 1, 1, 1, 1, 1, 1, 1, 1, 1, 1, 1, 1, 1, 1, 1, 1, 1, 1, 2, 2, 2, 2, 2, 2, 2, 3, 3, 3, 3, 3, 3], "image_id": 258}, "character_clusters": [0, 0, 0, 1, 1, 0, 0], "text_char_matches": [[0, 4], [1, 4], [2, 4], [4, 3], [9, 1], [10, 1], [11, 1], [14, 1], [15, 2], [16, 2], [17, 2]], "text_tail_matches": [[1, 0], [4, 1], [10, 4], [11, 3], [14, 5], [15, 2]], "text_classification": [1, 1, 1, 0, 1, 0, 0, 0, 1, 1, 1, 1, 0, 0, 1, 1, 1, 1], "character_names": ["Izuku Midoriya", "Izuku Midoriya", "Izuku Midoriya", "Katsuki Bakugo", "Katsuki Bakugo", "Izuku Midoriya", "Izuku Midoriya"]}