{"bbox_annotations": {"bboxes_as_x1y1x2y2": [[899.5, 757.09716796875, 1090.25, 1051.75], [611.8668212890625, 981.75, 934.2850952148438, 1419.535400390625], [885.6726684570312, 1002.75, 1111.25, 1179.5], [836.5, 159.25, 1258.25, 337.9326477050781], [28, 1347.5, 1291.5, 2096.5], [-2.1162450313568115, -18.480188369750977, 1327.5101318359375, 2079.9443359375]], "labels": [0, 0, 0, 1, 1, 2], "image_id": 290}, "character_clusters": [0, 1, 2], "text_char_matches": [[0, 1], [1, 1]], "text_tail_matches": [], "text_classification": [1, 1], "character_names": ["Izuku Midoriya", "Toshinori Yagi", "Katsuki Bakugo"]}