{"bbox_annotations": {"bboxes_as_x1y1x2y2": [[41.152915954589844, 4.4421491622924805, 336.47863006591797, 564.3952131271362], [925.75, 838.25, 1293.6522216796875, 1291.5], [500.5, 1009.75, 1301.95751953125, 2097.04931640625], [0.12464821338653564, 1475.093017578125, 441.41383278369904, 2096.3291015625], [25.155635833740234, 784.2054443359375, 329.25963973999023, 1182.1424560546875], [679, 56, 1361.5, 416.5], [374.5, 281.75, 677.25, 778.75], [416.5, 1130.5, 654.5, 1592.5], [210, 211.75, 314.5567626953125, 236.25], [173.25, 463.75, 271.1537780761719, 498.75], [141.75, 701.75, 266.0, 787.25146484375], [211.75, 1495.8616943359375, 322.2845153808594, 1533.0], [98, 1736.543701171875, 185.13307189941406, 1779.75], [144.008056640625, 1854.8470458984375, 314.8688049316406, 1902.25], [323.5957336425781, -2.4856209754943848, 1317.3043212890625, 2096.940185546875], [24.500728607177734, -4.163584232330322, 346.20013427734375, 568.9763793945312], [-1.0955899953842163, 605.194091796875, 399.3458251953125, 1435.5909423828125], [1.7814159393310547, 1472.251220703125, 435.2273254394531, 2101.0986328125]], "labels": [0, 0, 0, 0, 0, 1, 1, 1, 1, 1, 1, 1, 1, 1, 2, 2, 2, 2], "image_id": 266}, "character_clusters": [0, 1, 2, 2, 1], "text_char_matches": [[0, 2], [3, 0], [4, 0], [5, 4], [6, 4], [7, 4], [8, 4]], "text_tail_matches": [], "text_classification": [0, 0, 0, 1, 1, 1, 1, 1, 1], "character_names": ["Sludge Villain", "Izuku Midoriya", "Toshinori Yagi", "Toshinori Yagi", "Izuku Midoriya"]}