{"bbox_annotations": {"bboxes_as_x1y1x2y2": [[772.205078125, 1618.571044921875, 861.0510864257812, 1889.7425537109375], [243.25, 347.98773193359375, 482.6617431640626, 636.7661743164062], [225.75, 743.75, 623.0, 1289.561279296875], [633.7752075195312, 368.8697204589844, 1342.4664306640625, 1336.0091247558594], [1.777222752571106, 1314.578857421875, 449.55301010608673, 2094.0576171875], [462.56591796875, 1592.3043212890625, 729.9610595703125, 1963.2286376953125], [1015.0053100585938, 1397.77734375, 1260.0906982421875, 1992.35400390625], [920.5, 812, 1237.25, 1009.75], [343, 843.5, 565.25, 1025.5], [1008, 96.41575622558594, 1165.5, 322.0], [1199.9124755859375, 240.68145751953125, 1295.0, 290.5], [753.751953125, 202.95098876953125, 955.433837890625, 325.3830261230469], [617.75, 131.25, 726.25, 423.5], [622.4471435546875, 537.25, 775.641357421875, 718.730224609375], [1204, 1151.5, 1287.4039306640623, 1188.25], [1109.5, 1170.75, 1198.75, 1204.0], [486.7756042480469, 234.44973754882812, 593.25, 362.2729797363281], [342.54168701171875, 276.044189453125, 472.09844970703125, 398.4543151855469], [85.09493255615234, 448, 192.5, 537.25], [542.5, 917, 593.25, 1029], [335.6050720214844, 1085.8536376953125, 423.5, 1178.510986328125], [91.36603546142578, 883.7572021484375, 252.6473159790039, 1171.464599609375], [1137.5, 1512.093505859375, 1276.1477050781248, 1652.8697509765625], [869.6702880859375, 1468.25, 959.3704223632812, 1520.75], [799.75, 1629.25, 882.3959350585938, 1705.990966796875], [671.7821044921875, 1457.75, 797.6181640625, 1573.7115478515625], [351.4884033203125, 1512, 446.25, 1552.25], [610.3477783203125, -20.101760864257812, 1332.976806640625, 1352.22900390625], [3.2953858375549316, 1.5786097049713135, 597.5953369140625, 679.2457885742188], [3.0360965728759766, 723.653564453125, 623.5254516601562, 1290.1578369140625], [1006.223876953125, 1378.4566650390625, 1334.3101806640625, 2081.889404296875], [760.3167114257812, 1358.3701171875, 1004.035888671875, 1963.5755615234375], [456.2223205566406, 1325.98291015625, 766.726806640625, 1965.609619140625], [-2.6954054832458496, 1299.13427734375, 450.8578796386719, 2099.173583984375], [829, 388, 880, 455], [1223, 352, 1264, 410], [742, 753, 789, 792]], "labels": [0, 0, 0, 0, 0, 0, 0, 0, 0, 1, 1, 1, 1, 1, 1, 1, 1, 1, 1, 1, 1, 1, 1, 1, 1, 1, 1, 2, 2, 2, 2, 2, 2, 2, 3, 3, 3], "image_id": 264}, "character_clusters": [1, 0, 0, 0, 1, 2, 1, 1, 1], "text_char_matches": [[1, 3], [2, 3], [4, 3], [5, 7], [7, 1], [8, 1], [12, 2], [13, 6], [14, 0], [16, 0], [15, 0], [17, 4]], "text_tail_matches": [[1, 1], [2, 0], [4, 2]], "text_classification": [0, 1, 1, 0, 1, 1, 1, 1, 1, 1, 0, 0, 1, 1, 1, 1, 1, 1], "character_names": ["Izuku Midoriya", "Sludge Villain", "Sludge Villain", "Sludge Villain", "Izuku Midoriya", "none", "Izuku Midoriya", "Izuku Midoriya", "Izuku Midoriya"]}