{"bbox_annotations": {"bboxes_as_x1y1x2y2": [[182.91928100585938, 795.9364013671875, 702.7281188964844, 1178.4075927734375], [586.3793334960938, 182.6077117919922, 659.5166625976562, 285.13519287109375], [161.81307983398438, 225.66729736328125, 222.5031280517578, 402.3266906738281], [327.50347900390625, 0, 549.2327880859375, 404.40308022499084], [585.5936279296875, 190.07810974121094, 667.0887451171875, 396.02410888671875], [115.70909881591797, 431.2909851074219, 500.74678802490234, 772.07958984375], [631.971923828125, 28.419999999999998, 783.107666015625, 394.0481300354004], [63.99923324584961, 300.3265686035156, 128.1879539489746, 404.8931884765625], [702.4986572265625, 249.16281127929688, 783.7391967773438, 403.7588195800781], [681.9164428710938, 153.8125, 739.9094848632812, 193.65419006347656], [568.5861206054688, 89.34215545654297, 644.2410888671875, 147.62648010253906], [577.7443237304688, 312.30645751953125, 636.4069213867188, 375.0179138183594], [454.3770751953125, 38.53825759887695, 547.8130493164062, 202.65106582641602], [240.7774658203125, 213.05801391601562, 377.5483093261719, 358.0220642089844], [124.94395446777344, 47.85768127441406, 223.57449340820312, 193.88795471191406], [71.53999999999999, 149.94, 98.0, 216.57999999999998], [555.2899780273438, 480.1283874511719, 759.0438232421875, 697.0643310546875], [84.53794860839844, 644.262939453125, 148.9938201904297, 706.4368286132812], [664.475830078125, 880.14697265625, 717.5829467773438, 980.7105102539062], [240.1, 804.58, 557.62, 929.0400000000001], [73.75248718261719, 945.7123413085938, 217.12832641601562, 1023.3157348632812], [555.5853271484375, -1.4229297637939453, 781.8473510742188, 408.0853271484375], [231.3577423095703, 0.11208200454711914, 551.745361328125, 405.9132385253906], [66.17739868164062, -0.4567919969558716, 229.77198791503906, 411.06219482421875], [64.03497314453125, 423.642578125, 778.36572265625, 802.2383422851562], [66.9474868774414, 773.3525390625, 787.9285278320312, 1173.013671875], [706, 222, 728, 248], [644, 117, 666, 132], [592, 243, 632, 288]], "labels": [0, 0, 0, 0, 0, 0, 0, 0, 0, 1, 1, 1, 1, 1, 1, 1, 1, 1, 1, 1, 1, 2, 2, 2, 2, 2, 3, 3, 3], "image_id": 480}, "character_clusters": [0, 1, 1, 1, 2, 1, 3, 0, 0], "text_char_matches": [[0, 8], [1, 6], [2, 1], [3, 3], [4, 3], [5, 2], [7, 5], [8, 5], [9, 0], [11, 0]], "text_tail_matches": [[0, 0], [1, 1], [2, 2]], "text_classification": [1, 1, 1, 1, 1, 1, 0, 1, 1, 1, 1, 1], "character_names": ["Anya Forger", "Yor Forger", "Yor Forger", "Yor Forger", "none", "Yor Forger", "Loid Forger", "Anya Forger", "Anya Forger"]}