{"bbox_annotations": {"bboxes_as_x1y1x2y2": [[89.17999999999999, 665.1380004882812, 265.58, 756.3856811523438], [67.80795288085938, 29.424522399902344, 316.185791015625, 352.75569915771484], [324.5711669921875, 525.8106689453125, 767.3399999999999, 693.2167358398438], [373.111328125, 392.2452087402344, 483.2861022949219, 477.5970764160156], [348.7010498046875, 1.4382104873657227, 743.0360717773438, 350.7158899307251], [265.5263671875, 392.3448486328125, 334.91363525390625, 474.47088623046875], [623.66796875, 88.56546783447266, 726.103271484375, 244.35526275634766], [335.181396484375, 142.8603057861328, 405.10479736328125, 180.86953735351562], [585.7843627929688, 392.939697265625, 709.1322021484375, 492.4148254394531], [118.49381256103516, 434.01275634765625, 149.75071716308594, 450.87579345703125], [668.631591796875, 581.0753173828125, 735.7092895507812, 626.9811401367188], [513.0526733398438, 592.657958984375, 614.55810546875, 657.1417846679688], [382.2, 694.8199999999999, 748.72, 1034.8799999999999], [64.63199615478516, -1.4379125833511353, 776.2271728515625, 355.4983825683594], [68.0792236328125, 373.2589111328125, 734.989990234375, 506.1559143066406], [65.70547485351562, 518.7191772460938, 780.1824951171875, 716.6373291015625], [66.3200912475586, 706.3626708984375, 779.9428100585938, 1172.6612548828125], [543, 440, 571, 461], [581, 142, 613, 172], [144, 429, 164, 444]], "labels": [0, 0, 0, 0, 0, 0, 1, 1, 1, 1, 1, 1, 1, 2, 2, 2, 2, 3, 3, 3], "image_id": 500}, "character_clusters": [0, 1, 1, 0, 0, 1], "text_char_matches": [[0, 4], [1, 4], [2, 3], [3, 5], [4, 2], [5, 2]], "text_tail_matches": [[0, 1], [2, 0], [3, 2]], "text_classification": [1, 1, 1, 1, 1, 1, 0], "character_names": ["Loid Forger", "Yor Forger", "Yor Forger", "Loid Forger", "Loid Forger", "Yor Forger"]}