{"bbox_annotations": {"bboxes_as_x1y1x2y2": [[2.581098794937134, 299.4679260253906, 286.47343277931213, 1174.8733215332031], [292.02056884765625, 123.39429473876953, 675.46337890625, 1126.449348449707], [614.6295166015625, 134.44908142089844, 694.3110961914062, 280.429443359375], [602.9208374023438, 385.60791015625, 660.3654174804688, 440.03558349609375], [374.6974792480469, 883.1497802734375, 471.14166259765625, 991.2479858398438], [63.8723030090332, 122.98693084716797, 231.4490089416504, 302.93294525146484], [37.14652633666992, 847.1165161132812, 143.26871871948242, 1003.358642578125], [289.85797119140625, -1.8615496158599854, 715.2098999023438, 1174.0513916015625], [-2.5638437271118164, 12.539971351623535, 288.7621765136719, 1188.3231201171875], [-1.906036615371704, 720.7036743164062, 274.7459716796875, 1175.9649658203125], [578, 221, 615, 257], [151, 382, 180, 436], [417, 813, 441, 848]], "labels": [0, 0, 1, 1, 1, 1, 1, 2, 2, 2, 3, 3, 3], "image_id": 471}, "character_clusters": [0, 0], "text_char_matches": [[0, 1], [1, 1], [2, 1], [3, 0]], "text_tail_matches": [[0, 0], [1, 0], [3, 1], [2, 2]], "text_classification": [1, 1, 1, 1, 1], "character_names": ["Yor Forger", "Yor Forger"]}