{"bbox_annotations": {"bboxes_as_x1y1x2y2": [[587.068359375, 952.70361328125, 711.4510498046875, 1175.07080078125], [68.70231628417969, 444.0484313964844, 298.7872619628906, 879.40087890625], [546.3784790039062, 457.17596435546875, 780.4541015625, 869.2485961914062], [332.0812072753906, 451.8357849121094, 529.7029418945312, 725.3408203125], [125.07301330566406, 903.3602905273438, 356.5865783691406, 1176.7657470703125], [469.37420654296875, 1037.0947265625, 561.6123657226562, 1176.3441162109375], [582.3336181640625, 136.86203002929688, 705.63037109375, 239.66659545898438], [78.53028106689453, 100.3448486328125, 338.82007598876953, 137.92599487304688], [633.2420654296875, 717.9405517578125, 759.3473510742188, 864.0975952148438], [548.31103515625, 718.1094970703125, 626.8499755859375, 866.2608642578125], [432.5169982910156, 736.1588134765625, 519.597900390625, 846.5142211914062], [323.0625, 754.9837036132812, 409.87713623046875, 830.509033203125], [225.5282745361328, 727.259033203125, 286.8485107421875, 844.5609130859375], [98.10398864746094, 737.4994506835938, 185.16448974609375, 847.3649291992188], [638.1397094726562, 944.00537109375, 756.8139038085938, 1063.9189453125], [478.15667724609375, 922.6996459960938, 570.1034545898438, 1022.402587890625], [375.8113708496094, 1002.8924560546875, 441.1360168457031, 1083.8262939453125], [101.57103729248047, 969.4234619140625, 213.8033447265625, 1049.143310546875], [64.1128921508789, 2.5511274337768555, 783.8930053710938, 418.55645751953125], [545.8082885742188, 440.4510498046875, 779.2164306640625, 876.957763671875], [310.75103759765625, 439.1816711425781, 536.7811889648438, 876.9170532226562], [64.32978057861328, 437.4522399902344, 300.3258056640625, 882.0136108398438], [66.62911987304688, 894.0511474609375, 744.2809448242188, 1173.735107421875], [447, 681, 465, 706], [654, 674, 674, 705], [225, 963, 247, 987], [72, 771, 95, 792], [346, 993, 367, 1014], [221, 684, 239, 712], [625, 1030, 643, 1057], [517, 1025, 533, 1048]], "labels": [0, 0, 0, 0, 0, 0, 1, 1, 1, 1, 1, 1, 1, 1, 1, 1, 1, 1, 2, 2, 2, 2, 2, 3, 3, 3, 3, 3, 3, 3, 3], "image_id": 460}, "character_clusters": [0, 1, 2, 0, 2, 1], "text_char_matches": [[2, 2], [3, 2], [4, 3], [5, 3], [6, 1], [7, 3], [8, 0], [9, 5], [10, 4], [11, 4]], "text_tail_matches": [[2, 1], [3, 1], [4, 0], [5, 0], [6, 5], [7, 3], [8, 6], [9, 7], [10, 4], [11, 2]], "text_classification": [1, 1, 1, 1, 1, 1, 1, 1, 1, 1, 1, 1], "character_names": ["Millie Myers", "Sharon", "Camilla", "Millie Myers", "Camilla", "Sharon"]}