{"bbox_annotations": {"bboxes_as_x1y1x2y2": [[131.10374450683594, 638.3250122070312, 458.5030975341797, 1108.059814453125], [382.51641845703125, 532.576171875, 784.6321411132812, 1113.9288330078125], [523.3199999999999, 122.5, 783.02, 528.22], [369.0469055175781, 197.0105438232422, 495.1824035644531, 349.5032653808594], [74.48, 22.54, 344.96000000000004, 577.2199999999999], [62.11221694946289, -1.3497154712677002, 780.1272583007812, 1174.4693603515625], [419, 486, 444, 530]], "labels": [0, 0, 1, 1, 1, 2, 3], "image_id": 510}, "character_clusters": [0, 1], "text_char_matches": [[1, 1]], "text_tail_matches": [[1, 0]], "text_classification": [0, 1, 0], "character_names": ["Yor Forger", "Loid Forger"]}