{"bbox_annotations": {"bboxes_as_x1y1x2y2": [[483.6229248046875, 414.54, 625.6627197265625, 700.546875], [222.20199584960938, 1023.7042236328125, 248.1374969482422, 1087.955078125], [581.9529418945312, 773.4244995117188, 782.41259765625, 1177.0208740234375], [183.82395935058594, 919.1803588867188, 236.8639678955078, 1086.876708984375], [70.0608139038086, 224.42, 98.0, 335.8440856933594], [374.4540710449219, 178.00831604003906, 430.39703369140625, 367.68603515625], [265.10333251953125, 906.103515625, 384.227783203125, 1174.1033935546875], [319.39508056640625, 206.63204956054688, 356.1004333496094, 356.9006652832031], [277.0443115234375, 497.84, 417.47999999999996, 700.7499389648438], [103.80442810058594, 888.4189453125, 161.92422485351562, 995.1992797851562], [438.9254150390625, 986.1068725585938, 572.0892333984375, 1175.320556640625], [406.7, 281.26, 441.98, 373.38], [126.71224975585938, 175.22703552246094, 241.93222045898438, 280.1550598144531], [608.0778198242188, 535.036376953125, 737.5422973632812, 639.558349609375], [100.19705963134766, 524.3, 224.90634155273438, 650.7136840820312], [592.4188842773438, 767.2659912109375, 694.7992553710938, 874.8434448242188], [586.9398803710938, 946.9290771484375, 670.632080078125, 1074.09423828125], [485.51763916015625, 803.9566650390625, 548.8309936523438, 871.1813354492188], [316.202880859375, 776.4320068359375, 414.8122863769531, 879.0218505859375], [281.26, 1041.74, 306.74, 1054.48], [177.2009735107422, 750.68, 243.52969360351562, 894.2544555664062], [89.66364288330078, 789.0811157226562, 155.31219482421875, 834.73095703125], [84.77532958984375, 1013.8831176757812, 166.6947479248047, 1098.175537109375], [68.8088150024414, -0.8165023326873779, 782.308349609375, 455.51312255859375], [66.04127502441406, 470.42645263671875, 779.2108764648438, 706.3616943359375], [581.8427734375, 725.2674560546875, 784.0458984375, 1175.698974609375], [262.8476257324219, 722.5720825195312, 575.11962890625, 1172.62060546875], [68.33341217041016, 720.6950073242188, 253.84030151367188, 1104.908935546875], [661, 900, 691, 931], [551, 624, 599, 658], [232, 585, 263, 612], [113, 855, 132, 880], [216, 892, 232, 916], [166, 1006, 185, 1030], [293, 986, 311, 1006]], "labels": [0, 0, 0, 0, 0, 0, 0, 0, 0, 0, 0, 0, 1, 1, 1, 1, 1, 1, 1, 1, 1, 1, 1, 2, 2, 2, 2, 2, 3, 3, 3, 3, 3, 3, 3], "image_id": 482}, "character_clusters": [0, 1, 2, 0, 3, 0, 0, 2, 2, 2, 2, 1], "text_char_matches": [[0, 5], [1, 8], [2, 8], [3, 2], [4, 2], [5, 10], [6, 10], [7, 6], [8, 3], [9, 9], [10, 3]], "text_tail_matches": [[1, 1], [2, 2], [3, 0], [4, 0], [7, 6], [8, 4], [9, 3], [10, 5]], "text_classification": [1, 1, 1, 1, 1, 1, 1, 1, 1, 1, 1], "character_names": ["Loid Forger", "Anya Forger", "Yor Forger", "Loid Forger", "none", "Loid Forger", "Loid Forger", "Yor Forger", "Yor Forger", "Yor Forger", "Yor Forger", "Anya Forger"]}