{"bbox_annotations": {"bboxes_as_x1y1x2y2": [[160.0213623046875, 894.0325927734375, 312.4928894042969, 1130.533447265625], [343.7222595214844, 816.6424560546875, 551.8969116210938, 1132.4163818359375], [282.888427734375, 386.4700622558594, 705.1678466796875, 569.9495239257812], [552.0502319335938, 92.11521911621094, 681.5541381835938, 298.00091552734375], [199.22108459472656, 45.75337600708008, 474.6680450439453, 342.51726150512695], [56.21871566772461, 207.16970825195312, 173.73415756225586, 375.51971435546875], [217.8487548828125, 440.499755859375, 291.1391296386719, 513.14501953125], [591.3048095703125, 659.1508178710938, 653.9056396484375, 743.4766235351562], [564.4219360351562, 809.6946411132812, 687.6439819335938, 937.8905029296875], [563.1049194335938, 1028.731201171875, 605.9430541992188, 1088.35986328125], [274.2333679199219, 836.7216796875, 331.90057373046875, 874.7992553710938], [36.79090118408203, 821.102294921875, 163.7375946044922, 951.5315551757812], [15.35866928100586, -1.1212756633758545, 712.2103881835938, 408.2711181640625], [24.08833122253418, 371.5970153808594, 715.3518676757812, 577.881103515625], [47.8746223449707, 604.6644287109375, 713.4090576171875, 733.0609130859375], [-1.1023383140563965, 744.1731567382812, 719.7689208984375, 1173.8785400390625], [526, 864, 549, 886], [154, 912, 182, 943], [288, 474, 314, 497], [545, 1042, 564, 1061], [265, 903, 291, 926]], "labels": [0, 0, 0, 1, 1, 1, 1, 1, 1, 1, 1, 1, 2, 2, 2, 2, 3, 3, 3, 3, 3], "image_id": 485}, "character_clusters": [0, 1, 1], "text_char_matches": [[0, 2], [2, 2], [3, 2], [4, 1], [5, 1], [6, 1], [7, 0], [8, 0]], "text_tail_matches": [[3, 2], [4, 0], [5, 0], [7, 4], [8, 1], [6, 3]], "text_classification": [1, 0, 1, 1, 1, 1, 1, 1, 1], "character_names": ["Franky Franklin", "Loid Forger", "Loid Forger"]}