{"bbox_annotations": {"bboxes_as_x1y1x2y2": [[378.4723815917969, 52.12474822998047, 464.52, 282.68688201904297], [13.06814956665039, 546.84, 487.96191787719727, 1175.91064453125], [434.4741516113281, 311.5617980957031, 686.0, 521.3492431640625], [455.7, 51.181888580322266, 536.267578125, 280.4597511291504], [582.4931030273438, 41.29042434692383, 708.025390625, 249.21001052856445], [508.4885559082031, 220.3690643310547, 552.8804321289062, 250.228759765625], [357.5423889160156, 218.1229705810547, 398.9198913574219, 246.5975799560547], [256.3011169433594, 45.7668342590332, 343.4903259277344, 191.48523330688477], [117.6, 65.66, 200.89999999999998, 103.88], [70.56, 164.64, 96.04, 224.42], [623.76318359375, 314.5216979980469, 715.395263671875, 363.5375061035156], [597.1614990234375, 393.1729736328125, 707.4322509765625, 497.847412109375], [355.5817565917969, 363.16015625, 439.55633544921875, 459.22467041015625], [267.2812194824219, 381.1073303222656, 319.208740234375, 405.3590393066406], [166.98056030273438, 366.8783874511719, 261.2923889160156, 494.5409240722656], [38.7943115234375, 394.1771240234375, 89.59417724609375, 444.2768859863281], [473.28485107421875, 675.2561645507812, 637.8618774414062, 846.5966796875], [575.7913818359375, 2.2842228412628174, 711.920166015625, 282.0901184082031], [337.21044921875, 0.10265421867370605, 566.5127563476562, 283.1158447265625], [4.650106430053711, -2.4116382598876953, 348.71905517578125, 287.4371032714844], [292.8142395019531, 304.14825439453125, 719.082275390625, 522.1856689453125], [37.5038948059082, 304.2629089355469, 294.6983337402344, 525.1488647460938], [10.061561584472656, 541.9740600585938, 714.700439453125, 1172.8017578125], [163, 103, 185, 138]], "labels": [0, 0, 0, 0, 1, 1, 1, 1, 1, 1, 1, 1, 1, 1, 1, 1, 1, 2, 2, 2, 2, 2, 2, 3], "image_id": 467}, "character_clusters": [0, 0, 0, 0], "text_char_matches": [[0, 3], [3, 0], [5, 0], [7, 2], [9, 2], [10, 2]], "text_tail_matches": [[4, 0]], "text_classification": [1, 0, 0, 1, 0, 1, 0, 1, 1, 1, 1, 1, 1], "character_names": ["Yor Forger", "Yor Forger", "Yor Forger", "Yor Forger"]}