{"bbox_annotations": {"bboxes_as_x1y1x2y2": [[447.86, 815.36, 521.1448974609375, 1001.56], [1.9515399932861328, 0, 592.8968524932861, 633.1271839141846], [522.3057250976562, 880.1112670898438, 550.76, 971.669189453125], [-4.389025688171387, 631.6015625, 484.784649848938, 788.2448120117188], [605.64, 816.34, 714.8773193359375, 999.0836791992189], [555.9689331054688, 866.3199999999999, 594.3143310546875, 989.627685546875], [239.12, 866.3199999999999, 257.74, 913.3599999999999], [260.68, 877.1, 279.3, 920.22], [286.15999999999997, 865.34, 304.78, 900.62], [71.53999999999999, 818.3, 210.7, 955.5], [538.711181640625, 247.74549865722656, 675.1618041992188, 393.1447448730469], [612.9179077148438, 871.0994262695312, 705.7835083007812, 930.0182495117188], [459.834716796875, 970.6930541992188, 556.1083984375, 1064.0892333984375], [312.50634765625, 871.1494750976562, 431.2, 948.64], [88.2, 1015.9945068359375, 135.20243835449222, 1034.8799999999999], [-1.9258151054382324, -2.7183566093444824, 723.0252685546875, 629.4005737304688], [-18.459604263305664, 626.8441772460938, 718.3805541992188, 791.3788452148438], [449.53179931640625, 810.7319946289062, 715.17626953125, 1002.7196655273438], [440.8210754394531, 1004.2698974609375, 721.9911499023438, 1174.7298583984375], [212.21922302246094, 808.5472412109375, 441.4101867675781, 1166.463134765625], [69.73521423339844, 805.190673828125, 208.37628173828125, 1098.4449462890625]], "labels": [0, 0, 0, 0, 0, 0, 0, 0, 0, 0, 1, 1, 1, 1, 1, 2, 2, 2, 2, 2, 2], "image_id": 499}, "character_clusters": [0, 1, 1, 1, 2, 3, 4, 5, 6, 3], "text_char_matches": [[0, 5], [1, 5], [2, 5], [4, 9]], "text_tail_matches": [], "text_classification": [1, 1, 1, 0, 1], "character_names": ["Camilla", "Yor Forger", "Yor Forger", "Yor Forger", "none", "Loid Forger", "none", "none", "none", "Loid Forger"]}