{"bbox_annotations": {"bboxes_as_x1y1x2y2": [[75.58312225341797, 809.5344848632812, 323.82991790771484, 1175.5843505859375], [477.8244323730469, 803.3876953125, 753.6199999999999, 1175.0166015625], [401.802978515625, 576.3140869140625, 500.0058898925781, 612.8646240234375], [512.1461791992188, 466.4818420410156, 609.1130981445312, 632.072998046875], [527.0985717773438, 113.8150863647461, 574.0615844726562, 437.24654388427734], [360.2847595214844, 173.34249877929688, 519.7642211914062, 439.00213623046875], [63.521827697753906, 465.879150390625, 265.6413040161133, 634.1630859375], [402.91278076171875, 988.6470336914062, 498.47412109375, 1176.097412109375], [269.5615539550781, 1002.4285888671875, 389.8084411621094, 1175.1016845703125], [90.22823333740234, 206.5531005859375, 172.3296661376953, 276.8663024902344], [559.35205078125, 69.0406723022461, 700.4432983398438, 437.8507614135742], [233.78175354003906, -1.6186702251434326, 350.8079833984375, 424.7745792865753], [187.18, 184.24, 233.24, 202.86], [540.96, 17.973949432373047, 716.38, 69.58], [687.5877685546875, 117.20157623291016, 752.7655639648438, 180.367919921875], [681.10400390625, 304.9261779785156, 725.4347534179688, 370.44], [557.5540161132812, 379.42901611328125, 585.169677734375, 413.02978515625], [366.1441650390625, 178.14830017089844, 510.6675720214844, 241.6438751220703], [621.0450439453125, 499.646728515625, 752.087890625, 595.096923828125], [304.85247802734375, 499.56298828125, 395.32745361328125, 545.2930908203125], [618.790771484375, 777.82763671875, 735.754638671875, 968.3191528320312], [327.3284606933594, 676.7423706054688, 438.169921875, 965.3831787109375], [129.4793243408203, 758.443603515625, 210.7437744140625, 891.0178833007812], [531.1751708984375, 0.7248880863189697, 729.7324829101562, 442.94964599609375], [357.0743713378906, 1.4692976474761963, 521.2586059570312, 442.5066223144531], [67.47044372558594, -0.8939398527145386, 350.5310974121094, 440.7242431640625], [65.1036376953125, 460.7673645019531, 777.3482666015625, 632.6861572265625], [65.21235656738281, 654.6876831054688, 778.76611328125, 1172.8240966796875], [662, 113, 691, 135], [544, 349, 564, 379], [405, 236, 470, 326]], "labels": [0, 0, 0, 0, 0, 0, 0, 0, 0, 0, 0, 0, 0, 1, 1, 1, 1, 1, 1, 1, 1, 1, 1, 2, 2, 2, 2, 2, 3, 3, 3], "image_id": 508}, "character_clusters": [0, 1, 2, 0, 3, 4, 1, 5, 6, 2, 4, 4, 7], "text_char_matches": [[1, 10], [3, 4], [5, 3], [7, 1]], "text_tail_matches": [[1, 0], [3, 1], [4, 2]], "text_classification": [0, 1, 0, 1, 1, 1, 0, 1, 0, 1], "character_names": ["none", "none", "none", "none", "none", "Loid Forger", "none", "none", "none", "none", "Loid Forger", "Loid Forger", "none"]}