{"bbox_annotations": {"bboxes_as_x1y1x2y2": [[627.1441040039062, 403.8485412597656, 643.9236450195312, 438.49176025390625], [386.2751770019531, 399.0249938964844, 407.7297058105469, 451.5191955566406], [0.24679303169250488, 293.724609375, 318.5382664203644, 713.2266235351562], [357.35711669921875, 811.2257080078125, 467.3839111328125, 1115.8544921875], [599.0977172851562, 415.5473937988281, 624.9790649414062, 466.5664367675781], [240.73092651367188, 1.6074024438858032, 718.6632080078125, 214.56344187259674], [561.54, 713.4399999999999, 710.1434326171875, 1131.633056640625], [480.98968505859375, 378.9921569824219, 522.1494140625, 504.68731689453125], [581.14, 414.54, 596.8199999999999, 436.1], [423.36, 397.88, 436.1, 441.98], [435.12, 397.88, 445.9, 443.94], [240.7171630859375, 86.10930633544922, 300.0631408691406, 120.89094543457031], [175.1846466064453, 126.51988983154297, 232.29945373535156, 159.88026428222656], [90.32450866699219, 80.41289520263672, 149.99444580078125, 113.90579223632812], [356.71999999999997, 257.875732421875, 614.446533203125, 353.7880859375], [546.0982666015625, 484.98602294921875, 583.631103515625, 562.6038208007812], [352.4564208984375, 600.5436401367188, 385.4620361328125, 675.2791748046875], [647.59521484375, 767.1004638671875, 706.0734252929688, 855.8636474609375], [589.4442138671875, 893.4273681640625, 668.8771362304688, 1005.2567749023438], [446.1787109375, 739.552001953125, 548.6929321289062, 910.3597412109375], [225.46925354003906, 738.68798828125, 302.17340087890625, 826.1720581054688], [329.28, 1029.98, 386.11999999999995, 1074.08], [118.4478530883789, 742.1268310546875, 197.7318878173828, 828.20947265625], [26.62635040283203, 790.0242919921875, 54.73668670654297, 880.2099609375], [43.12, 999.6, 198.94, 1061.34], [-4.548608779907227, -6.333202838897705, 719.2352294921875, 224.80072021484375], [0.9287128448486328, 202.86605834960938, 715.6585083007812, 600.3819580078125], [558.3040161132812, 702.6605224609375, 717.3191528320312, 1165.449462890625], [217.7995147705078, 705.6412963867188, 556.1181640625, 1175.0859375], [2.529064893722534, 712.6442260742188, 211.41012573242188, 1091.8096923828125], [606, 722, 657, 804], [532, 502, 552, 528], [344, 632, 366, 654]], "labels": [0, 0, 0, 0, 0, 0, 0, 0, 0, 0, 0, 1, 1, 1, 1, 1, 1, 1, 1, 1, 1, 1, 1, 1, 1, 2, 2, 2, 2, 2, 3, 3, 3], "image_id": 489}, "character_clusters": [0, 1, 2, 2, 3, 2, 2, 2, 4, 5, 6], "text_char_matches": [[6, 6], [7, 6], [8, 3], [9, 3], [11, 3]], "text_tail_matches": [[4, 1], [5, 2], [6, 0], [7, 0]], "text_classification": [0, 0, 0, 0, 0, 0, 1, 1, 1, 1, 0, 1, 0, 0], "character_names": ["none", "none", "Yor Forger", "Yor Forger", "none", "Yor Forger", "Yor Forger", "Yor Forger", "none", "none", "none"]}