{"bbox_annotations": {"bboxes_as_x1y1x2y2": [[539.8727416992188, 376.9836730957031, 785.9791259765625, 661.3804321289062], [65.66, 663.46, 389.03343200683594, 807.8999633789062], [435.4259338378906, -2.7782177925109863, 743.9548950195312, 232.0270800590515], [315.5276794433594, 835.8846435546875, 776.938232421875, 1176.8355712890625], [410.4925842285156, 632.5914916992188, 784.2880249023438, 808.2596435546875], [482.3059387207031, 483.7358703613281, 590.67138671875, 615.8171997070312], [387.8367614746094, 376.72564697265625, 446.2376403808594, 569.7471923828125], [69.58, 548.8, 456.67999999999995, 663.4599999999999], [656.3687744140625, 66.3421401977539, 718.0571899414062, 220.95047760009766], [386.1069030761719, 69.2244873046875, 421.6160583496094, 173.56820678710938], [356.9449157714844, 97.05229187011719, 390.31512451171875, 202.65390014648438], [334.5252990722656, 369.4195251464844, 378.1689453125, 399.9073791503906], [108.51958465576172, 318.46820068359375, 225.62310791015625, 460.3481750488281], [631.7900390625, 884.3336791992188, 734.1275024414062, 1072.4708251953125], [313.7635192871094, 1006.6162109375, 358.793701171875, 1118.9212646484375], [265.8074951171875, 929.869873046875, 317.1497497558594, 994.8212280273438], [260.1568298339844, 1051.30224609375, 306.96453857421875, 1169.1300048828125], [94.88697814941406, 895.2640991210938, 219.80123901367188, 1064.7454833984375], [335.8526916503906, -0.8738225698471069, 781.870849609375, 241.90255737304688], [63.67155075073242, -13.367898941040039, 782.0352783203125, 810.8713989257812], [66.2217025756836, 830.337890625, 781.64453125, 1172.884033203125], [312, 968, 336, 990], [359, 400, 383, 426]], "labels": [0, 0, 0, 0, 0, 0, 0, 0, 1, 1, 1, 1, 1, 1, 1, 1, 1, 1, 2, 2, 2, 3, 3], "image_id": 472}, "character_clusters": [0, 1, 2, 2, 3, 4, 2, 5], "text_char_matches": [[7, 3]], "text_tail_matches": [[3, 1], [7, 0]], "text_classification": [0, 0, 0, 0, 1, 1, 0, 1, 0, 1], "character_names": ["none", "none", "Yor Forger", "Yor Forger", "none", "Vice Minister Brennan", "Yor Forger", "none"]}