{"bbox_annotations": {"bboxes_as_x1y1x2y2": [[387.810546875, 108.11734771728516, 456.7231750488281, 290.2826919555664], [176.18658447265625, 174.69699096679688, 212.78477478027344, 293.45904541015625], [1.0488382577896118, 321.44, 190.48038733005524, 469.75994873046875], [405.6556396484375, 319.48, 665.0547485351562, 466.04241943359375], [466.53375244140625, 65.68803405761719, 554.4608154296875, 293.6203308105469], [285.46429443359375, 78.44159698486328, 375.0186767578125, 292.27759552001953], [0, 468.44, 331.24, 867.3], [574.0828247070312, 110.47993469238281, 682.3284912109375, 193.1697998046875], [200.92001342773438, 79.13091278076172, 278.3841857910156, 182.90997314453125], [73.35859680175781, 216.5519256591797, 122.59202575683594, 239.4552764892578], [546.5445556640625, 412.69732666015625, 658.9928588867188, 499.6590270996094], [571.5624389648438, 556.7506713867188, 617.3412475585938, 654.2372436523438], [473.3795166015625, 762.3973388671875, 652.91064453125, 979.680419921875], [39.364559173583984, 950.6, 288.2846336364746, 1099.6688232421875], [55.73253631591797, 0.6926093101501465, 715.2561645507812, 295.71270751953125], [0.07315587997436523, 312.2755126953125, 712.106201171875, 476.6548767089844], [-4.247386932373047, 463.66265869140625, 715.6376953125, 1170.192138671875], [547, 123, 571, 144], [117, 219, 140, 238], [287, 106, 308, 130]], "labels": [0, 0, 0, 0, 0, 0, 0, 1, 1, 1, 1, 1, 1, 1, 2, 2, 2, 3, 3, 3], "image_id": 469}, "character_clusters": [0, 1, 2, 3, 3, 2, 0], "text_char_matches": [[0, 4], [1, 5], [2, 1], [3, 6], [5, 6]], "text_tail_matches": [[0, 0], [1, 2], [2, 1]], "text_classification": [1, 1, 1, 1, 0, 1, 0], "character_names": ["Yor Forger", "none", "none", "none", "none", "none", "Yor Forger"]}