{"bbox_annotations": {"bboxes_as_x1y1x2y2": [[574.1624145507812, 325.3739318847656, 783.502197265625, 736.5892944335938], [62.56182861328125, 765.116455078125, 733.376708984375, 1173.761474609375], [63.47502899169922, 37.367889404296875, 642.5663986206055, 743.8003845214844], [474.9629211425781, 36.35334014892578, 759.1541137695312, 323.93946075439453], [631.8735961914062, 921.8145751953125, 737.6873779296875, 1039.1080322265625], [585.4943237304688, 1094.8682861328125, 651.89013671875, 1155.17236328125], [127.4945297241211, 906.3540649414062, 263.2604293823242, 1043.653076171875], [64.66874694824219, 0.017418622970581055, 783.1649169921875, 739.488037109375], [69.28422546386719, 753.4818115234375, 779.8115844726562, 1173.512939453125], [580, 1005, 615, 1034], [297, 968, 332, 1000]], "labels": [0, 0, 0, 1, 1, 1, 1, 2, 2, 3, 3], "image_id": 494}, "character_clusters": [0, 1, 1], "text_char_matches": [[1, 1], [3, 1]], "text_tail_matches": [[1, 0], [3, 1]], "text_classification": [0, 1, 0, 1], "character_names": ["Yor Forger", "Loid Forger", "Loid Forger"]}