{"bbox_annotations": {"bboxes_as_x1y1x2y2": [[227.35999999999999, 945.5197143554688, 716.9166870117188, 1176.7745361328125], [423.4201965332031, 44.09454345703125, 528.0755004882812, 146.01999999999998], [-1.0632719993591309, 741.306884765625, 137.3665223121643, 878.277099609375], [452.1951599121094, 36.1607551574707, 618.9328002929688, 260.49084854125977], [209.0956573486328, 3.5651400089263916, 314.45343017578125, 488.067734003067], [-0.3642314672470093, 287.3017578125, 112.43958628177643, 349.9571533203125], [92.01734924316406, 392.68609619140625, 206.5048828125, 484.5499572753906], [101.23896789550781, 115.51534271240234, 152.38108825683594, 263.53331756591797], [-0.22931891679763794, 386.573486328125, 77.47084587812424, 484.5733337402344], [153.85999999999999, 311.64, 205.79999999999998, 412.58], [168.56, 199.92, 208.74, 290.08], [152.88, 709.52, 489.02, 942.76], [657.4373779296875, 115.52536010742188, 699.337158203125, 157.0059356689453], [602.5427856445312, 141.18795776367188, 652.6521606445312, 204.035400390625], [449.82, 147.98, 478.24, 217.56], [330.9859924316406, 113.1281967163086, 389.1491394042969, 193.52952575683594], [595.4347534179688, 307.7099304199219, 702.4799194335938, 436.3756408691406], [489.4166564941406, 353.9350280761719, 572.6409912109375, 438.6733093261719], [239.963623046875, 369.5312194824219, 288.0565490722656, 414.1094970703125], [595.7454833984375, 561.0838012695312, 675.0438232421875, 635.3512573242188], [426.76678466796875, 553.0072021484375, 523.8826293945312, 662.7269287109375], [275.6383056640625, 556.5809326171875, 361.8408508300781, 629.703125], [59.26302719116211, 570.3004150390625, 149.38067245483398, 634.8464965820312], [566.8609619140625, 774.9133911132812, 661.7997436523438, 895.5899047851562], [424.6676025390625, 871.6669311523438, 547.6512451171875, 1001.779052734375], [320.9573059082031, 0.553304135799408, 716.0700073242188, 260.2207946777344], [318.6220397949219, 281.2198486328125, 720.262939453125, 489.2276611328125], [210.74465942382812, -2.55503511428833, 314.1060485839844, 492.85772705078125], [-2.8024239540100098, 2.4052770137786865, 245.29164123535156, 496.5384521484375], [-3.0159335136413574, 507.9141540527344, 719.8523559570312, 686.9739379882812], [-2.724478244781494, 706.1275634765625, 720.241455078125, 1175.9981689453125], [577, 176, 602, 201], [282, 318, 302, 351], [385, 165, 405, 185]], "labels": [0, 0, 0, 0, 0, 0, 0, 0, 0, 0, 0, 0, 1, 1, 1, 1, 1, 1, 1, 1, 1, 1, 1, 1, 1, 2, 2, 2, 2, 2, 2, 3, 3, 3], "image_id": 473}, "character_clusters": [0, 1, 2, 1, 1, 3, 4, 1, 5, 6, 7, 8], "text_char_matches": [[0, 3], [1, 3], [3, 3], [4, 3], [5, 3], [6, 4], [11, 7], [12, 7]], "text_tail_matches": [[0, 0], [1, 0], [3, 2], [6, 1]], "text_classification": [1, 1, 0, 1, 1, 1, 0, 1, 1, 1, 1, 1, 1], "character_names": ["none", "Yor Forger", "none", "Yor Forger", "Yor Forger", "none", "none", "Yor Forger", "none", "none", "Vice Minister Brennan", "none"]}