{"bbox_annotations": {"bboxes_as_x1y1x2y2": [[261.9161682128906, 698.1207275390625, 715.4, 1175.02], [508.5235595703125, 393.68048095703125, 617.4000000000001, 547.8199999999999], [1.2488603591918945, 20.77425765991211, 228.34, 214.08079147338867], [124.71907043457031, 408.75189208984375, 226.30438232421875, 550.78857421875], [236.9015655517578, 478.24, 308.65399169921875, 552.6690673828126], [313.7154846191406, 58.244659423828125, 706.716064453125, 305.6389465332031], [406.67327880859375, 471.38, 465.6781005859375, 550.67578125], [0, 794.78, 461.58, 1141.7], [595.8287353515625, 120.11599731445312, 674.5100708007812, 239.1143341064453], [228.26707458496094, 228.06704711914062, 322.2489013671875, 277.4336242675781], [495.6789245605469, 346.0883483886719, 563.015625, 391.8638610839844], [162.76821899414062, 352.6187744140625, 218.1265411376953, 401.3609313964844], [54.52462387084961, 291.06, 145.07444381713867, 412.22265625], [489.89886474609375, 517.4399999999999, 658.60009765625, 651.4507446289061], [117.6441421508789, 631.580810546875, 236.17295837402344, 756.6804809570312], [-6.257900238037109, -0.014246821403503418, 717.75830078125, 314.3362731933594], [-4.333930969238281, 331.052734375, 716.1361083984375, 556.325927734375], [-3.0058164596557617, 572.88818359375, 718.1553955078125, 1170.489990234375], [286, 195, 327, 232]], "labels": [0, 0, 0, 0, 0, 0, 0, 0, 1, 1, 1, 1, 1, 1, 1, 2, 2, 2, 3], "image_id": 509}, "character_clusters": [0, 1, 0, 2, 3, 0, 4, 5], "text_char_matches": [[0, 5], [4, 2], [5, 0]], "text_tail_matches": [[1, 0]], "text_classification": [1, 0, 0, 0, 1, 1, 0], "character_names": ["Loid Forger", "none", "Loid Forger", "none", "none", "Loid Forger", "none", "Yor Forger"]}