{"bbox_annotations": {"bboxes_as_x1y1x2y2": [[311.90875244140625, 644.9166259765625, 407.7113952636719, 758.5642700195312], [232.98898315429688, 701.5654296875, 293.44989013671875, 758.9071044921875], [2.5053844451904297, 781.3843383789062, 329.0551280975342, 1173.75], [154.17117309570312, 89.27101135253906, 178.0440673828125, 167.05844116210938], [323.6072998046875, 215.8121795654297, 400.1402893066406, 338.739013671875], [171.6218719482422, 74.62664031982422, 336.1681213378906, 337.23079681396484], [143.43365478515625, 657.2330322265625, 219.81288146972656, 759.8513793945312], [79.23660278320312, 368.841552734375, 426.4458312988281, 610.5084838867188], [56.38475036621094, 124.87178039550781, 204.25804138183594, 340.6017150878906], [483.84295654296875, 802.5695190429688, 716.8526000976562, 1177.2928466796875], [78.25859832763672, 713.2021484375, 153.0860137939453, 759.9981689453125], [402.4005126953125, 31.041160583496094, 554.57763671875, 339.5678939819336], [587.2273559570312, 57.645389556884766, 674.63134765625, 160.68184280395508], [253.86288452148438, 27.013248443603516, 331.5810241699219, 60.536651611328125], [305.89794921875, 91.08297729492188, 381.2267761230469, 190.6128387451172], [199.55789184570312, 231.37123107910156, 290.0890808105469, 312.0469665527344], [38.35359191894531, 194.503662109375, 134.01930236816406, 313.39996337890625], [629.059814453125, 431.2929992675781, 691.8324584960938, 515.2572021484375], [512.6195068359375, 420.16326904296875, 587.7015380859375, 524.7274169921875], [85.21109771728516, 380.880859375, 123.0950698852539, 504.52392578125], [558.1036376953125, 670.7109985351562, 661.6490478515625, 735.9591064453125], [306.6189880371094, 802.1010131835938, 418.14166259765625, 1135.3062744140625], [387.4259338378906, 902.6898193359375, 464.16455078125, 1028.7786865234375], [401.9567565917969, -0.7770212888717651, 717.39697265625, 344.163818359375], [49.88929748535156, -2.2984695434570312, 398.2482604980469, 341.3563537597656], [53.801021575927734, 363.0674743652344, 720.399658203125, 612.46142578125], [53.68791198730469, 627.9713134765625, 717.775146484375, 765.0550537109375], [-3.9763293266296387, 781.8213500976562, 718.9119873046875, 1175.37548828125], [475, 925, 501, 949], [104, 301, 129, 325], [276, 303, 299, 325], [280, 158, 305, 180]], "labels": [0, 0, 0, 0, 0, 0, 0, 0, 0, 0, 0, 0, 1, 1, 1, 1, 1, 1, 1, 1, 1, 1, 1, 2, 2, 2, 2, 2, 3, 3, 3, 3], "image_id": 493}, "character_clusters": [0, 1, 2, 3, 4, 5, 6, 3, 7, 3, 8, 3], "text_char_matches": [[0, 11], [2, 5], [3, 4], [4, 8], [5, 7], [6, 7], [8, 7], [10, 9]], "text_tail_matches": [[2, 3], [3, 2], [4, 1], [10, 0]], "text_classification": [1, 0, 1, 1, 1, 1, 1, 0, 1, 0, 1], "character_names": ["Dominic", "none", "Loid Forger", "Yor Forger", "Millie Myers", "Camilla", "none", "Yor Forger", "Sharon", "Yor Forger", "none", "Yor Forger"]}