{"bbox_annotations": {"bboxes_as_x1y1x2y2": [[516.3724365234375, 326.34, 769.6449584960938, 582.103759765625], [364.4580993652344, 117.54080963134766, 411.1683349609375, 284.8700637817383], [187.3959197998047, 465.4542541503906, 225.85675048828125, 551.8953247070312], [305.34979248046875, 608.5518798828125, 472.8720397949219, 871.7343139648438], [221.8338165283203, 458.9632873535156, 277.303955078125, 553.2582397460938], [717.853515625, 37.24, 753.421142578125, 122.6859359741211], [610.381103515625, 120.36898803710938, 703.4697265625, 162.8832550048828], [548.5140991210938, 212.35797119140625, 600.7598876953125, 253.83917236328125], [131.2559051513672, 107.8, 212.99874877929688, 183.90525817871094], [688.9399999999999, 430.4102478027344, 743.398681640625, 451.78], [645.1849365234375, 484.0072937011719, 713.5695190429688, 546.84], [428.1573181152344, 432.18, 508.7272033691406, 539.9740600585938], [293.5177307128906, 427.28, 384.3126525878906, 520.38], [81.9115219116211, 427.15621093749996, 173.53555297851562, 512.7139501953125], [640.3773193359375, 667.38, 730.334228515625, 760.519775390625], [536.8665771484375, 714.7365112304688, 611.0391235351562, 812.5188598632812], [259.7, 641.5714111328125, 281.26324462890625, 670.3199999999999], [102.84635162353516, 679.0665502929687, 240.94892120361328, 741.4815283203125], [637.022216796875, 952.0358911132812, 743.4310302734375, 1047.353212890625], [489.64691162109375, 966.2434912109375, 606.5514526367188, 1098.5271826171875], [107.81674194335938, 940.5462255859375, 237.94610595703125, 1090.4361181640625], [59.94955062866211, -0.47873175144195557, 779.9473266601562, 361.5757141113281], [405.0572204589844, 366.7272644042969, 777.378662109375, 587.7750854492188], [64.82875061035156, 380.26177978515625, 402.432861328125, 587.9764404296875], [62.4367561340332, 602.9689331054688, 771.8944091796875, 875.7034912109375], [65.60035705566406, 897.1864624023438, 737.2359619140625, 1170.4993896484375], [513, 487, 537, 507], [289, 660, 311, 680], [627, 449, 650, 475]], "labels": [0, 0, 0, 0, 0, 1, 1, 1, 1, 1, 1, 1, 1, 1, 1, 1, 1, 1, 1, 1, 1, 2, 2, 2, 2, 2, 3, 3, 3], "image_id": 464}, "character_clusters": [0, 0, 0, 0, 1], "text_char_matches": [[1, 1], [2, 1], [4, 0], [5, 0], [6, 0], [8, 0], [11, 3], [12, 3]], "text_tail_matches": [[4, 2], [5, 2], [6, 0], [11, 1]], "text_classification": [0, 1, 1, 1, 1, 1, 1, 1, 1, 1, 1, 1, 1, 1, 1, 1], "character_names": ["Yor Forger", "Yor Forger", "Yor Forger", "Yor Forger", "none"]}