{"bbox_annotations": {"bboxes_as_x1y1x2y2": [[520.545654296875, 815.6998901367188, 716.6267700195312, 1178.4534912109375], [416.5, 551.4481811523438, 547.7591552734375, 792.600341796875], [147.7664031982422, 0.7038595676422119, 523.0307464599609, 324.69522309303284], [512.072998046875, 0.37930190563201904, 640.3010864257812, 217.9255360364914], [558.7246704101562, 554.04833984375, 670.996826171875, 787.6643676757812], [649.140869140625, 759.6631469726562, 706.8248901367188, 788.3429565429688], [612.4542236328125, 56.857627868652344, 709.5316162109375, 219.39189910888672], [0.18048310279846191, 359.65999999999997, 218.64711213111877, 788.7550048828125], [0.6282620429992676, 884.5179443359375, 174.9736294746399, 1176.4105224609375], [274.4, 352.8, 443.93999999999994, 661.5], [505.4431457519531, 169.56651306152344, 581.7791748046875, 233.28396606445312], [69.98334503173828, 108.9969253540039, 169.43692016601562, 276.70203399658203], [593.835205078125, 364.7098083496094, 699.1326293945312, 546.854248046875], [479.1100769042969, 383.18, 572.625, 548.0973510742188], [497.1584777832031, 689.317626953125, 572.7344360351562, 756.105224609375], [317.9874572753906, 384.70538330078125, 429.0295715332031, 487.4269714355469], [276.51226806640625, 610.4573364257812, 398.13616943359375, 768.0160522460938], [164.68661499023438, 400.54876708984375, 258.46124267578125, 494.1025390625], [27.69312286376953, 602.0755004882812, 139.21795654296875, 749.552734375], [446.55023193359375, 869.8314819335938, 519.4285278320312, 951.0072021484375], [332.0130310058594, 855.8153686523438, 424.3029479980469, 1003.7313842773438], [170.15130615234375, 843.653564453125, 278.36798095703125, 967.536376953125], [246.9824981689453, 1024.73486328125, 311.3008728027344, 1047.6226806640625], [-6.216544151306152, -0.4684102535247803, 712.771240234375, 326.5819091796875], [455.4035949707031, 346.2485656738281, 711.7478637695312, 797.364501953125], [269.247314453125, 343.9053649902344, 442.36077880859375, 799.3486938476562], [-0.7629497051239014, 343.75738525390625, 264.5347900390625, 794.1669921875], [-0.7713494300842285, 811.0650634765625, 716.7351684570312, 1176.311767578125], [463, 195, 489, 217], [198, 201, 223, 222], [669, 562, 694, 592], [430, 958, 456, 982], [74, 554, 93, 579], [222, 1049, 247, 1070], [575, 742, 620, 781], [390, 514, 414, 543]], "labels": [0, 0, 0, 0, 0, 0, 0, 0, 0, 0, 1, 1, 1, 1, 1, 1, 1, 1, 1, 1, 1, 1, 1, 2, 2, 2, 2, 2, 3, 3, 3, 3, 3, 3, 3, 3], "image_id": 483}, "character_clusters": [0, 1, 0, 0, 0, 2, 2, 1, 1, 0], "text_char_matches": [[0, 2], [1, 2], [2, 4], [3, 4], [4, 5], [5, 9], [6, 9], [7, 7], [8, 7], [10, 0], [12, 8]], "text_tail_matches": [[0, 0], [1, 1], [2, 2], [3, 2], [4, 6], [5, 7], [8, 4], [10, 3], [12, 5]], "text_classification": [1, 1, 1, 1, 1, 1, 1, 1, 1, 1, 1, 1, 1], "character_names": ["Loid Forger", "Yor Forger", "Loid Forger", "Loid Forger", "Loid Forger", "Anya Forger", "Anya Forger", "Yor Forger", "Yor Forger", "Loid Forger"]}