{"bbox_annotations": {"bboxes_as_x1y1x2y2": [[659.4281005859375, 1001.4425659179688, 706.0018920898438, 1177.6881103515625], [298.75152587890625, 444.91357421875, 554.6193237304688, 822.636474609375], [82.69572448730469, 987.4617309570312, 189.709716796875, 1176.85791015625], [283.8638916015625, 822.22, 433.7118835449219, 1165.7498779296875], [549.8914184570312, 145.74827575683594, 682.5918579101562, 311.64], [244.80218505859375, 273.4811706542969, 345.8349304199219, 348.3498229980469], [64.42110443115234, 202.64939880371094, 171.9660186767578, 313.715087890625], [607.7015380859375, 555.8876342773438, 673.9879760742188, 659.5400000000001], [94.08, 597.5226440429688, 180.20521545410156, 658.1292114257812], [619.247314453125, 841.694091796875, 706.2430419921875, 923.1467895507812], [576.4778442382812, 970.2354736328125, 639.4231567382812, 1096.22998046875], [427.4668884277344, 854.5157470703125, 524.5143432617188, 959.4650268554688], [311.21636962890625, 861.3148193359375, 381.1731262207031, 928.4725952148438], [428.35748291015625, 999.2380981445312, 518.2806396484375, 1105.0489501953125], [217.4374542236328, 850.6497802734375, 282.06109619140625, 951.8082885742188], [215.5060272216797, 969.2900390625, 280.09600830078125, 1085.0413818359375], [122.56771087646484, 857.5089111328125, 183.82296752929688, 924.5634155273438], [33.6374397277832, 882.9193725585938, 118.23929214477539, 981.7442626953125], [31.565536499023438, 1070.7037353515625, 65.04141235351562, 1104.4454345703125], [-1.1473393440246582, -1.07564377784729, 720.80810546875, 446.638671875], [549.4502563476562, 437.81134033203125, 712.3936157226562, 812.4581298828125], [15.58932876586914, 441.707763671875, 564.451171875, 815.7702026367188], [550.6943359375, 813.4989013671875, 716.93310546875, 1176.2808837890625], [196.59527587890625, 812.0298461914062, 544.6912231445312, 1179.439453125], [2.375556707382202, 803.9163208007812, 190.4087677001953, 1164.61083984375], [572, 588, 602, 612], [646, 1021, 667, 1047], [224, 645, 256, 666], [60, 1085, 82, 1105]], "labels": [0, 0, 0, 0, 1, 1, 1, 1, 1, 1, 1, 1, 1, 1, 1, 1, 1, 1, 1, 2, 2, 2, 2, 2, 2, 3, 3, 3, 3], "image_id": 465}, "character_clusters": [0, 0, 0, 0], "text_char_matches": [[3, 1], [4, 1], [6, 0], [7, 3], [9, 3], [10, 3], [11, 3], [14, 2]], "text_tail_matches": [[3, 0], [4, 2], [6, 1], [14, 3]], "text_classification": [1, 1, 1, 1, 1, 1, 1, 1, 1, 1, 1, 1, 1, 1, 1], "character_names": ["Yor Forger", "Yor Forger", "Yor Forger", "Yor Forger"]}