{"bbox_annotations": {"bboxes_as_x1y1x2y2": [[469.20684814453125, 0, 717.2545776367188, 589.9735925197601], [53.9, 92.84027862548828, 271.78015518188477, 633.7329788208008], [400.4219665527344, 245.3373565673828, 545.8919067382812, 356.5839538574219], [319.11431884765625, 65.18242645263672, 446.3677978515625, 104.8006591796875], [242.8211669921875, 245.70533752441406, 365.91455078125, 358.3793640136719], [295.96, 682.8552856445312, 489.2755432128906, 783.02], [388.45294189453125, 0.18042469024658203, 716.3822631835938, 631.777587890625], [54.378055572509766, -3.1319875717163086, 385.7682189941406, 633.68359375], [49.49311828613281, 649.5662231445312, 718.1802978515625, 1172.1142578125]], "labels": [0, 0, 1, 1, 1, 1, 2, 2, 2], "image_id": 511}, "character_clusters": [0, 1], "text_char_matches": [[1, 1], [0, 0], [2, 1], [3, 1]], "text_tail_matches": [], "text_classification": [1, 1, 1, 1], "character_names": ["Loid Forger", "Yor Forger"]}