{"bbox_annotations": {"bboxes_as_x1y1x2y2": [[388.3505859375, 756.2319946289062, 565.6217041015625, 992.7979125976562], [394.94, 16.446632385253906, 743.1860961914062, 561.3171768188477], [76.80951690673828, 409.864990234375, 134.32464599609375, 529.677734375], [182.06370544433594, 585.60107421875, 786.7125701904297, 661.928955078125], [283.3627014160156, 1021.553466796875, 397.68023681640625, 1175.2320556640625], [278.32, 768.3199999999999, 329.28, 864.3599999999999], [125.9882583618164, 366.58892822265625, 215.7785186767578, 557.7385864257812], [242.76791381835938, 800.5042114257812, 286.3254699707031, 864.697509765625], [197.93881225585938, 306.74, 255.85830688476562, 562.072021484375], [450.3113708496094, 1024.508544921875, 613.6631469726562, 1174.050537109375], [561.54, 737.9399999999999, 730.0999999999999, 995.68], [163.66, 778.12, 195.01999999999998, 839.86], [68.6, 313.6, 124.46, 557.62], [258.71999999999997, 105.84, 410.62, 562.52], [619.47705078125, 348.06439208984375, 733.1155395507812, 426.0218811035156], [284.0533142089844, 349.1684875488281, 364.51690673828125, 375.2464599609375], [151.2943878173828, 91.75871276855469, 242.95413208007812, 280.3464660644531], [82.46726989746094, 181.5108642578125, 151.6798553466797, 278.5431823730469], [674.253173828125, 664.3147583007812, 741.3834838867188, 766.1027221679688], [590.3258666992188, 795.3649291992188, 711.058349609375, 933.9119262695312], [98.39097595214844, 883.603759765625, 211.3119354248047, 1002.7848510742188], [263.05804443359375, -2.062775135040283, 777.4970703125, 560.9176025390625], [70.58988952636719, 79.5275650024414, 256.0450439453125, 566.9573364257812], [68.18695831298828, 579.6979370117188, 789.7578125, 667.624755859375], [63.98289108276367, 679.232666015625, 732.963623046875, 998.2466430664062], [69.78456115722656, 1015.9183959960938, 724.0690307617188, 1175.055908203125], [579, 346, 607, 376], [176, 294, 201, 331], [291, 285, 312, 309]], "labels": [0, 0, 0, 0, 0, 0, 0, 0, 0, 0, 0, 0, 0, 0, 1, 1, 1, 1, 1, 1, 1, 2, 2, 2, 2, 2, 3, 3, 3], "image_id": 498}, "character_clusters": [0, 0, 1, 0, 1, 2, 0, 3, 4, 0, 5, 6, 7, 1], "text_char_matches": [[0, 1], [1, 13], [2, 6], [3, 6], [4, 3], [5, 3], [6, 3]], "text_tail_matches": [[0, 0], [1, 2], [2, 1], [3, 1]], "text_classification": [1, 1, 1, 1, 1, 1, 1], "character_names": ["Loid Forger", "Loid Forger", "Yor Forger", "Loid Forger", "Yor Forger", "none", "Loid Forger", "none", "Camilla", "Loid Forger", "none", "none", "Sharon", "Yor Forger"]}