{"bbox_annotations": {"bboxes_as_x1y1x2y2": [[336.2232666015625, 84.54820251464844, 432.18, 294.98], [595.3701782226562, 622.6495971679688, 779.3417358398438, 773.99169921875], [280.3462219238281, 180.53948974609375, 330.5486755371094, 287.5444030761719], [445.46136474609375, 82.21343994140625, 630.4563598632812, 300.9324645996094], [634.2623901367188, 124.39502716064453, 744.0975952148438, 228.79183959960938], [425.9541015625, 78.58061218261719, 488.22235107421875, 149.68841552734375], [278.682861328125, 112.21257781982422, 329.0538024902344, 155.73013305664062], [85.21624755859375, 78.033447265625, 259.821533203125, 279.45062255859375], [604.3760986328125, 381.7434997558594, 750.8084716796875, 538.5466918945312], [93.2786865234375, 372.10504150390625, 233.2937469482422, 568.2669677734375], [464.5893859863281, 669.7738647460938, 560.4154052734375, 754.6552124023438], [187.45587158203125, 772.7012329101562, 319.954833984375, 864.8727416992188], [76.4662857055664, 28.537338256835938, 775.7838134765625, 313.0792236328125], [64.47376251220703, 335.08270263671875, 784.0427856445312, 602.8839721679688], [64.91337585449219, 628.4918823242188, 773.8992309570312, 1183.2550048828125], [565, 715, 589, 734], [297, 155, 317, 182]], "labels": [0, 0, 0, 0, 1, 1, 1, 1, 1, 1, 1, 1, 2, 2, 2, 3, 3], "image_id": 459}, "character_clusters": [0, 1, 2, 1], "text_char_matches": [[0, 3], [3, 3], [4, 3], [1, 0], [2, 2], [5, 3], [6, 1], [7, 1]], "text_tail_matches": [[2, 1], [6, 0]], "text_classification": [1, 1, 1, 1, 1, 1, 1, 1], "character_names": ["Franky Franklin", "Loid Forger", "Anya Forger", "Loid Forger"]}