{"bbox_annotations": {"bboxes_as_x1y1x2y2": [[57.81391525268555, 0.045561790466308594, 655.62, 610.0468435287476], [505.6125183105469, 873.289794921875, 623.6884765625, 1112.2877197265625], [297.2038269042969, 1035.5762939453125, 388.0131530761719, 1174.251953125], [13.037704467773438, 897.7310180664062, 268.3518981933594, 1176.974365234375], [200.5247802734375, 623.9271240234375, 350.8680725097656, 781.1806640625], [441.3424377441406, 1056.5687255859375, 511.8417053222656, 1173.6651611328125], [410.87921142578125, 688.9399999999999, 586.2581787109375, 783.5233764648438], [580.1355590820312, 986.3082275390625, 692.822509765625, 1176.0084228515625], [68.6, 459.62, 100.94, 475.3], [58.05769729614258, 596.52294921875, 199.84369277954102, 627.8005981445312], [617.734130859375, 709.03173828125, 647.6436157226562, 727.4202270507812], [126.24069213867188, 701.103515625, 155.04714965820312, 718.7615966796875], [640.079345703125, 857.9945678710938, 697.4408569335938, 943.4244384765625], [432.4789123535156, 862.7083740234375, 492.2349548339844, 969.5224609375], [292.4567565917969, 836.7449340820312, 383.0295715332031, 983.8392944335938], [115.86461639404297, 840.309326171875, 247.2052230834961, 980.9288940429688], [242.72702026367188, 1028.93310546875, 318.7655334472656, 1121.3521728515625], [42.04757308959961, 960.1503295898438, 127.7566032409668, 1102.168212890625], [-2.4261069297790527, -0.5819993019104004, 716.4547119140625, 610.5286865234375], [50.412086486816406, 629.0369873046875, 718.2173461914062, 787.2861328125], [396.20037841796875, 806.28662109375, 713.4995727539062, 1173.6470947265625], [2.1312520503997803, 803.0689086914062, 392.61846923828125, 1177.23046875], [662, 971, 679, 997], [112, 469, 140, 489], [599, 731, 619, 750], [155, 711, 178, 730], [442, 1007, 460, 1037], [346, 1008, 365, 1036]], "labels": [0, 0, 0, 0, 0, 0, 0, 0, 1, 1, 1, 1, 1, 1, 1, 1, 1, 1, 2, 2, 2, 2, 3, 3, 3, 3, 3, 3], "image_id": 458}, "character_clusters": [0, 0, 1, 0, 1, 2, 2, 1], "text_char_matches": [[0, 0], [2, 6], [3, 4], [4, 7], [5, 5], [6, 2], [8, 2], [7, 3], [9, 2]], "text_tail_matches": [[0, 1], [2, 2], [3, 3], [4, 0], [5, 4], [6, 5]], "text_classification": [1, 0, 1, 1, 1, 1, 1, 1, 1, 1], "character_names": ["Franky Franklin", "Franky Franklin", "Loid Forger", "Franky Franklin", "Loid Forger", "Anya Forger", "Anya Forger", "Loid Forger"]}